0.6213667354808501 0.23680360817857002 -0.09293854544952002 -0.04433152120104 -0.00754144727427 -0.022186641887080003 -0.00072634552208 0.0 0.0 -0.00031747072365000004 0.0 0.0 -0.0033285034183400002 0.0 0.0 0.00200507275 0.0 0.0 -0.06430746294908 0.0 0.0 -0.02972513125042 0.0 0.0 0.00424466882693 0.0 0.0 -0.020743532477380002 0.0 0.0 0.00487487945462 0.0 0.0 0.00034543162887 0.0 0.0 0.0 0.0 -0.03167931103727 0.0 0.0 0.0 0.0 -0.012036982437320003 0.0 0.0 0.0 0.0 -0.006312283048610001 0.0 0.0 0.0 0.0 0.0 -0.00806485637733 0.0 0.0 0.0 0.0 0.0 0.0 -0.008061285882090001 0.0 0.0 0.0 0.0 0.0 0.0 -0.0035612090595900005 0.0 0.0 0.0 0.0 0.0 0.0 0.0 -0.00343782005144 0.0 0.0 0.0 0.0 0.0 0.0 0.0 0.0 -0.00071030478532 0.0 0.0 0.0 0.0 -0.009820374141990001 -0.02102826763061 0.05906119262447 0.007190134105369997 0.005647380729059995 0.01707041105594 0.0 0.0 -1.9996944460000004e-05 0.0 0.0 0.00021098068960000003 0.0 0.0 -0.00171738046493 0.0 0.0 0.00975405230344 0.0 0.0 -0.03915231291696001 0.0 0.0 -0.03604335771784 0.0 0.0 0.0018366413350600008 0.0 0.0 -0.00065850373199 0.0 0.0 0.0 0.0 0.0060261357011399995 0.0 0.0 0.0 0.0 0.01417697822283 0.0 0.0 0.0 0.0 0.01087714557065 0.0 0.0 0.0 0.0 0.0 0.00034673527248 0.0 0.0 0.0 0.0 0.0 0.0 -0.00251613422675 0.0 0.0 0.0 0.0 0.0 0.0 -0.00558832186358 0.0 0.0 0.0 0.0 0.0 0.0 0.0 5.8829281470000006e-05 0.0 0.0 0.0 0.0 0.0 0.0 0.0 0.0 0.0016254990053400002 0.0 0.0 0.0 0.0 
0.23680360817857002 0.09779002329962001 -0.037412129051390006 -0.022232515107430004 0.0037893318482499997 -0.0067642947929999996 -0.00026882843356 0.0 0.0 -0.00026414916545000004 0.0 0.0 -0.0019028272182900002 0.0 0.0 -0.0011924170906400001 0.0 0.0 -0.028602404440350004 0.0 0.0 -0.014587515010799999 0.0 0.0 0.00457289942575 0.0 0.0 -0.006967176867000001 0.0 0.0 0.0019540545741500003 0.0 0.0 2.5190867449999988e-05 0.0 0.0 0.0 0.0 -0.012455051607830002 0.0 0.0 0.0 0.0 -0.00419622798925 0.0 0.0 0.0 0.0 -0.0017343126966000001 0.0 0.0 0.0 0.0 0.0 -0.0030641727876300003 0.0 0.0 0.0 0.0 0.0 0.0 -0.00302056329794 0.0 0.0 0.0 0.0 0.0 0.0 -0.00136985685694 0.0 0.0 0.0 0.0 0.0 0.0 0.0 -0.00130702251384 0.0 0.0 0.0 0.0 0.0 0.0 0.0 0.0 -0.00029478177417 0.0 0.0 0.0 0.0 -0.01397871204943 -0.02092204280867 -0.0012365646314400002 -0.023953859053770003 -0.024621483328030005 0.0047746333302500004 0.0 0.0 -5.745615570000001e-06 0.0 0.0 8.788357627e-05 0.0 0.0 -0.00052493077143 0.0 0.0 0.0035993559644200003 0.0 0.0 -0.01323078633453 0.0 0.0 -0.01006190653374 0.0 0.0 0.006490111168170001 0.0 0.0 -0.00023786962355 0.0 0.0 0.0 0.0 0.002068595856 0.0 0.0 0.0 0.0 0.00486336661474 0.0 0.0 0.0 0.0 0.00367071378196 0.0 0.0 0.0 0.0 0.0 0.00011269011985999998 0.0 0.0 0.0 0.0 0.0 0.0 -0.00083170661953 0.0 0.0 0.0 0.0 0.0 0.0 -0.0023234316477000003 0.0 0.0 0.0 0.0 0.0 0.0 0.0 1.8720489280000003e-05 0.0 0.0 0.0 0.0 0.0 0.0 0.0 0.0 0.00069741628532 0.0 0.0 0.0 0.0 
-0.09293854544952002 -0.037412129051390006 0.01442752493821 0.00804097353257 -0.00063252226088 0.00287169371248 0.00010653126484 0.0 0.0 8.530834960000001e-05 0.0 0.0 0.00066544194053 0.0 0.0 0.00021703149983999997 0.0 0.0 0.01070039955233 0.0 0.0 0.00530713039282 0.0 0.0 -0.0014156745005800002 0.0 0.0 0.00285475423078 0.0 0.0 -0.00075456648687 0.0 0.0 -2.3540968419999996e-05 0.0 0.0 0.0 0.0 0.0048392454606 0.0 0.0 0.0 0.0 0.0016970597436700003 0.0 0.0 0.0 0.0 0.00076677259901 0.0 0.0 0.0 0.0 0.0 0.00120379866126 0.0 0.0 0.0 0.0 0.0 0.0 0.00119210224843 0.0 0.0 0.0 0.0 0.0 0.0 0.00053600320493 0.0 0.0 0.0 0.0 0.0 0.0 0.0 0.00051337050368 0.0 0.0 0.0 0.0 0.0 0.0 0.0 0.0 0.00011260418419000001 0.0 0.0 0.0 0.0 0.00417329641652 0.0065556290851800005 -0.002560322776429999 0.005977280062900001 0.006229083163070003 -0.00209592193689 0.0 0.0 2.49551593e-06 0.0 0.0 -3.353251197e-05 0.0 0.0 0.00022263877465999998 0.0 0.0 -0.00142776846366 0.0 0.0 0.0054094944861900005 0.0 0.0 0.0044202860789799995 0.0 0.0 -0.0018045037051300004 0.0 0.0 9.503552424e-05 0.0 0.0 0.0 0.0 -0.0008411046863399999 0.0 0.0 0.0 0.0 -0.0019779289471700003 0.0 0.0 0.0 0.0 -0.0015015206784100002 0.0 0.0 0.0 0.0 0.0 -4.672250254e-05 0.0 0.0 0.0 0.0 0.0 0.0 0.00034273542718 0.0 0.0 0.0 0.0 0.0 0.0 0.00088703255468 0.0 0.0 0.0 0.0 0.0 0.0 0.0 -7.821755750000001e-06 0.0 0.0 0.0 0.0 0.0 0.0 0.0 0.0 -0.00026371909546 0.0 0.0 0.0 0.0 
-0.04433152120104 -0.022232515107430004 0.00804097353257 0.006939574648690001 -0.00417667198936 0.00038638985455999986 4.617303428e-05 0.0 0.0 0.0001239441872 0.0 0.0 0.00068629696561 0.0 0.0 0.00124131799968 0.0 0.0 0.0074852939430100005 0.0 0.0 0.00442683329354 0.0 0.0 -0.0023938417502600002 0.0 0.0 0.0008161163396600001 0.0 0.0 -0.00041588877939 0.0 0.0 5.067694126000001e-05 0.0 0.0 0.0 0.0 0.0025304723886 0.0 0.0 0.0 0.0 0.0005820694169900001 0.0 0.0 0.0 0.0 -2.463546503000003e-05 0.0 0.0 0.0 0.0 0.0 0.00056877039462 0.0 0.0 0.0 0.0 0.0 0.0 0.00053862229391 0.0 0.0 0.0 0.0 0.0 0.0 0.00026304394441 0.0 0.0 0.0 0.0 0.0 0.0 0.0 0.00024305382016 0.0 0.0 0.0 0.0 0.0 0.0 0.0 0.0 6.771743303e-05 0.0 0.0 0.0 0.0 0.00794328793684 0.01063349856606 0.012587079784490002 0.018374533448900002 0.018540978885190004 6.83155466999998e-06 0.0 0.0 9.984581000000002e-08 0.0 0.0 -2.034396969e-05 0.0 0.0 3.085235841999999e-05 0.0 0.0 -0.00061246604262 0.0 0.0 0.0015974129238300002 0.0 0.0 -2.822447373999985e-05 0.0 0.0 -0.004227900446210001 0.0 0.0 3.772132728e-05 0.0 0.0 0.0 0.0 -0.00026863303697999996 0.0 0.0 0.0 0.0 -0.0006297349576900001 0.0 0.0 0.0 0.0 -0.0004402404535700001 0.0 0.0 0.0 0.0 0.0 -1.0975145179999998e-05 0.0 0.0 0.0 0.0 0.0 0.0 8.951637686e-05 0.0 0.0 0.0 0.0 0.0 0.0 0.00053576434396 0.0 0.0 0.0 0.0 0.0 0.0 0.0 -1.5796391500000002e-06 0.0 0.0 0.0 0.0 0.0 0.0 0.0 0.0 -0.00017111605922000002 0.0 0.0 0.0 0.0 
-0.00754144727427 0.0037893318482499997 -0.00063252226088 -0.00417667198936 0.005977187118129999 0.00176296225852 1.5866560479999997e-05 0.0 0.0 -0.00012259833845 0.0 0.0 -0.0005198959489 0.0 0.0 -0.00175252552776 0.0 0.0 -0.0028363355258799994 0.0 0.0 -0.0025180547952199997 0.0 0.0 0.00255880671533 0.0 0.0 0.0010804651682199999 0.0 0.0 2.5834481820000002e-05 0.0 0.0 -9.822108672999999e-05 0.0 0.0 0.0 0.0 4.70485964100001e-05 0.0 0.0 0.0 0.0 0.00049152610108 0.0 0.0 0.0 0.0 0.00066956464619 0.0 0.0 0.0 0.0 0.0 0.00010614403635 0.0 0.0 0.0 0.0 0.0 0.0 0.00014341833174999998 0.0 0.0 0.0 0.0 0.0 0.0 3.202559825e-05 0.0 0.0 0.0 0.0 0.0 0.0 0.0 4.44933188e-05 0.0 0.0 0.0 0.0 0.0 0.0 0.0 0.0 -1.26519122e-05 0.0 0.0 0.0 0.0 -0.00892223612431 -0.01114633056669 -0.02169025126889 -0.02366565299471 -0.02371730802166 -0.0017360746848599999 0.0 0.0 1.89907186e-06 0.0 0.0 4.04506128e-06 0.0 0.0 0.00013528620154999998 0.0 0.0 -0.00022254490007999998 0.0 0.0 0.00196811811072 0.0 0.0 0.0036828660987999993 0.0 0.0 0.00509206456514 0.0 0.0 1.955164761e-05 0.0 0.0 0.0 0.0 -0.00027450199565999994 0.0 0.0 0.0 0.0 -0.00064859261261 0.0 0.0 0.0 0.0 -0.00055120256671 0.0 0.0 0.0 0.0 0.0 -2.138911888e-05 0.0 0.0 0.0 0.0 0.0 0.0 0.00014288733973 0.0 0.0 0.0 0.0 0.0 0.0 -0.00010328090278 0.0 0.0 0.0 0.0 0.0 0.0 0.0 -3.98163941e-06 0.0 0.0 0.0 0.0 0.0 0.0 0.0 0.0 4.911167942e-05 0.0 0.0 0.0 0.0 
-0.022186641887080003 -0.0067642947929999996 0.00287169371248 0.00038638985455999986 0.00176296225852 0.00117127417808 2.7724465919999997e-05 0.0 0.0 -2.0755683800000005e-05 0.0 0.0 -2.3345363600000024e-05 0.0 0.0 -0.0005101805910400001 0.0 0.0 0.0013782819404799997 0.0 0.0 0.0003307715751199998 0.0 0.0 0.0005108974873200001 0.0 0.0 0.0009509843568799999 0.0 0.0 -0.00015249168872 0.0 0.0 -3.6197012919999996e-05 0.0 0.0 0.0 0.0 0.00104551101164 0.0 0.0 0.0 0.0 0.00051746068032 0.0 0.0 0.0 0.0 0.00037586968276 0.0 0.0 0.0 0.0 0.0 0.0002900620794 0.0 0.0 0.0 0.0 0.0 0.0 0.00029940520899999996 0.0 0.0 0.0 0.0 0.0 0.0 0.000124315775 0.0 0.0 0.0 0.0 0.0 0.0 0.0 0.00012345418719999997 0.0 0.0 0.0 0.0 0.0 0.0 0.0 0.0 1.9963587199999997e-05 0.0 0.0 0.0 0.0 -0.00194392097524 -0.00214269130876 -0.007431572801560001 -0.00624055038484 -0.006203325654640001 -0.00099752813144 0.0 0.0 1.13437544e-06 0.0 0.0 -5.85689488e-06 0.0 0.0 9.03648202e-05 0.0 0.0 -0.00037471455231999996 0.0 0.0 0.00177686231088 0.0 0.0 0.0021106050272 0.0 0.0 0.0012323622925600002 0.0 0.0 2.6446272439999997e-05 0.0 0.0 0.0 0.0 -0.00026627323463999995 0.0 0.0 0.0 0.0 -0.0006271412644400001 0.0 0.0 0.0 0.0 -0.00049476471684 0.0 0.0 0.0 0.0 0.0 -1.674081952e-05 0.0 0.0 0.0 0.0 0.0 0.0 0.00011835404892 0.0 0.0 0.0 0.0 0.0 0.0 0.00015611383287999998 0.0 0.0 0.0 0.0 0.0 0.0 0.0 -2.92984364e-06 0.0 0.0 0.0 0.0 0.0 0.0 0.0 0.0 -4.0569854319999995e-05 0.0 0.0 0.0 0.0 
-0.00072634552208 -0.00026882843356 0.00010653126484 4.617303428e-05 1.5866560479999997e-05 2.7724465919999997e-05 8.5750736e-07 0.0 0.0 2.196184e-07 0.0 0.0 3.2196181199999997e-06 0.0 0.0 -4.4141926400000004e-06 0.0 0.0 7.083914532e-05 0.0 0.0 3.1298315279999994e-05 0.0 0.0 -1.8346383199999999e-06 0.0 0.0 2.524089912e-05 0.0 0.0 -5.5966514799999995e-06 0.0 0.0 -5.164376799999999e-07 0.0 0.0 0.0 0.0 3.66272224e-05 0.0 0.0 0.0 0.0 1.448443868e-05 0.0 0.0 0.0 0.0 8.08908804e-06 0.0 0.0 0.0 0.0 0.0 9.43729704e-06 0.0 0.0 0.0 0.0 0.0 0.0 9.47782972e-06 0.0 0.0 0.0 0.0 0.0 0.0 4.14945572e-06 0.0 0.0 0.0 0.0 0.0 0.0 0.0 4.02195072e-06 0.0 0.0 0.0 0.0 0.0 0.0 0.0 0.0 8.048247599999999e-07 0.0 0.0 0.0 0.0 6.4791008e-07 1.092193672e-05 -9.416558172e-05 -3.6651728399999996e-05 -3.493264372e-05 -2.178603556e-05 0.0 0.0 2.535972e-08 0.0 0.0 -2.3871188e-07 0.0 0.0 2.14463064e-06 0.0 0.0 -1.1526766639999999e-05 0.0 0.0 4.755555276e-05 0.0 0.0 4.602081192e-05 0.0 0.0 3.980043479999999e-06 0.0 0.0 7.836049599999999e-07 0.0 0.0 0.0 0.0 -7.285473359999999e-06 0.0 0.0 0.0 0.0 -1.714303268e-05 0.0 0.0 0.0 0.0 -1.321700564e-05 0.0 0.0 0.0 0.0 0.0 -4.2589815999999996e-07 0.0 0.0 0.0 0.0 0.0 0.0 3.0758247199999997e-06 0.0 0.0 0.0 0.0 0.0 0.0 6.32747472e-06 0.0 0.0 0.0 0.0 0.0 0.0 0.0 -7.268299999999999e-08 0.0 0.0 0.0 0.0 0.0 0.0 0.0 0.0 -1.8176538399999998e-06 0.0 0.0 0.0 0.0 
0.0 0.0 0.0 0.0 0.0 0.0 0.0 0.0 0.0 0.0 0.0 0.0 0.0 0.0 0.0 0.0 0.0 0.0 0.0 0.0 0.0 0.0 0.0 0.0 0.0 0.0 0.0 0.0 0.0 0.0 0.0 0.0 0.0 0.0 0.0 0.0 0.0 0.0 0.0 0.0 0.0 0.0 0.0 0.0 0.0 0.0 0.0 0.0 0.0 0.0 0.0 0.0 0.0 0.0 0.0 0.0 0.0 0.0 0.0 0.0 0.0 0.0 0.0 0.0 0.0 0.0 0.0 0.0 0.0 0.0 0.0 0.0 0.0 0.0 0.0 0.0 0.0 0.0 0.0 0.0 0.0 0.0 0.0 0.0 0.0 0.0 0.0 0.0 0.0 0.0 0.0 0.0 0.0 0.0 0.0 0.0 0.0 0.0 0.0 0.0 0.0 0.0 0.0 0.0 0.0 0.0 0.0 0.0 0.0 0.0 0.0 0.0 0.0 0.0 0.0 0.0 0.0 0.0 0.0 0.0 0.0 0.0 0.0 0.0 0.0 0.0 0.0 0.0 0.0 0.0 0.0 0.0 0.0 0.0 0.0 0.0 0.0 0.0 0.0 0.0 0.0 0.0 0.0 0.0 0.0 0.0 0.0 0.0 0.0 0.0 0.0 0.0 0.0 0.0 0.0 0.0 0.0 0.0 0.0 0.0 0.0 0.0 0.0 0.0 0.0 0.0 0.0 0.0 0.0 0.0 0.0 0.0 0.0 0.0 0.0 0.0 
0.0 0.0 0.0 0.0 0.0 0.0 0.0 0.0 0.0 0.0 0.0 0.0 0.0 0.0 0.0 0.0 0.0 0.0 0.0 0.0 0.0 0.0 0.0 0.0 0.0 0.0 0.0 0.0 0.0 0.0 0.0 0.0 0.0 0.0 0.0 0.0 0.0 0.0 0.0 0.0 0.0 0.0 0.0 0.0 0.0 0.0 0.0 0.0 0.0 0.0 0.0 0.0 0.0 0.0 0.0 0.0 0.0 0.0 0.0 0.0 0.0 0.0 0.0 0.0 0.0 0.0 0.0 0.0 0.0 0.0 0.0 0.0 0.0 0.0 0.0 0.0 0.0 0.0 0.0 0.0 0.0 0.0 0.0 0.0 0.0 0.0 0.0 0.0 0.0 0.0 0.0 0.0 0.0 0.0 0.0 0.0 0.0 0.0 0.0 0.0 0.0 0.0 0.0 0.0 0.0 0.0 0.0 0.0 0.0 0.0 0.0 0.0 0.0 0.0 0.0 0.0 0.0 0.0 0.0 0.0 0.0 0.0 0.0 0.0 0.0 0.0 0.0 0.0 0.0 0.0 0.0 0.0 0.0 0.0 0.0 0.0 0.0 0.0 0.0 0.0 0.0 0.0 0.0 0.0 0.0 0.0 0.0 0.0 0.0 0.0 0.0 0.0 0.0 0.0 0.0 0.0 0.0 0.0 0.0 0.0 0.0 0.0 0.0 0.0 0.0 0.0 0.0 0.0 0.0 0.0 0.0 0.0 0.0 0.0 0.0 0.0 
-0.00031747072365000004 -0.00026414916545000004 8.530834960000001e-05 0.0001239441872 -0.00012259833845 -2.0755683800000005e-05 2.196184e-07 0.0 0.0 2.87897125e-06 0.0 0.0 1.3738334900000001e-05 0.0 0.0 3.61051668e-05 0.0 0.0 0.0001105625282 0.0 0.0 7.70378773e-05 0.0 0.0 -5.825065645e-05 0.0 0.0 -7.2060743e-06 0.0 0.0 -4.3168923000000006e-06 0.0 0.0 1.8436854500000002e-06 0.0 0.0 0.0 0.0 2.3435466149999997e-05 0.0 0.0 0.0 0.0 -1.2715802e-06 0.0 0.0 0.0 0.0 -9.51431635e-06 0.0 0.0 0.0 0.0 0.0 3.94301805e-06 0.0 0.0 0.0 0.0 0.0 0.0 3.1394366499999997e-06 0.0 0.0 0.0 0.0 0.0 0.0 2.06005415e-06 0.0 0.0 0.0 0.0 0.0 0.0 0.0 1.6969724e-06 0.0 0.0 0.0 0.0 0.0 0.0 0.0 0.0 8.199502e-07 0.0 0.0 0.0 0.0 0.00019926952895 0.00025570238205 0.00042043165825000005 0.00050290037935 0.0005052006827000001 2.41261059e-05 0.0 0.0 -2.53697e-08 0.0 0.0 -2.497164e-07 0.0 0.0 -1.58131195e-06 0.0 0.0 -2.745702e-06 0.0 0.0 -1.2071322e-05 0.0 0.0 -5.13112436e-05 0.0 0.0 -0.00011081865130000001 0.0 0.0 8.809334999999997e-08 0.0 0.0 0.0 0.0 1.2473379000000002e-06 0.0 0.0 0.0 0.0 2.9947112499999994e-06 0.0 0.0 0.0 0.0 3.4487325499999994e-06 0.0 0.0 0.0 0.0 0.0 1.9196960000000002e-07 0.0 0.0 0.0 0.0 0.0 0.0 -1.1282376500000003e-06 0.0 0.0 0.0 0.0 0.0 0.0 6.531352700000001e-06 0.0 0.0 0.0 0.0 0.0 0.0 0.0 4.014685e-08 0.0 0.0 0.0 0.0 0.0 0.0 0.0 0.0 -2.3095135e-06 0.0 0.0 0.0 0.0 
0.0 0.0 0.0 0.0 0.0 0.0 0.0 0.0 0.0 0.0 0.0 0.0 0.0 0.0 0.0 0.0 0.0 0.0 0.0 0.0 0.0 0.0 0.0 0.0 0.0 0.0 0.0 0.0 0.0 0.0 0.0 0.0 0.0 0.0 0.0 0.0 0.0 0.0 0.0 0.0 0.0 0.0 0.0 0.0 0.0 0.0 0.0 0.0 0.0 0.0 0.0 0.0 0.0 0.0 0.0 0.0 0.0 0.0 0.0 0.0 0.0 0.0 0.0 0.0 0.0 0.0 0.0 0.0 0.0 0.0 0.0 0.0 0.0 0.0 0.0 0.0 0.0 0.0 0.0 0.0 0.0 0.0 0.0 0.0 0.0 0.0 0.0 0.0 0.0 0.0 0.0 0.0 0.0 0.0 0.0 0.0 0.0 0.0 0.0 0.0 0.0 0.0 0.0 0.0 0.0 0.0 0.0 0.0 0.0 0.0 0.0 0.0 0.0 0.0 0.0 0.0 0.0 0.0 0.0 0.0 0.0 0.0 0.0 0.0 0.0 0.0 0.0 0.0 0.0 0.0 0.0 0.0 0.0 0.0 0.0 0.0 0.0 0.0 0.0 0.0 0.0 0.0 0.0 0.0 0.0 0.0 0.0 0.0 0.0 0.0 0.0 0.0 0.0 0.0 0.0 0.0 0.0 0.0 0.0 0.0 0.0 0.0 0.0 0.0 0.0 0.0 0.0 0.0 0.0 0.0 0.0 0.0 0.0 0.0 0.0 0.0 
0.0 0.0 0.0 0.0 0.0 0.0 0.0 0.0 0.0 0.0 0.0 0.0 0.0 0.0 0.0 0.0 0.0 0.0 0.0 0.0 0.0 0.0 0.0 0.0 0.0 0.0 0.0 0.0 0.0 0.0 0.0 0.0 0.0 0.0 0.0 0.0 0.0 0.0 0.0 0.0 0.0 0.0 0.0 0.0 0.0 0.0 0.0 0.0 0.0 0.0 0.0 0.0 0.0 0.0 0.0 0.0 0.0 0.0 0.0 0.0 0.0 0.0 0.0 0.0 0.0 0.0 0.0 0.0 0.0 0.0 0.0 0.0 0.0 0.0 0.0 0.0 0.0 0.0 0.0 0.0 0.0 0.0 0.0 0.0 0.0 0.0 0.0 0.0 0.0 0.0 0.0 0.0 0.0 0.0 0.0 0.0 0.0 0.0 0.0 0.0 0.0 0.0 0.0 0.0 0.0 0.0 0.0 0.0 0.0 0.0 0.0 0.0 0.0 0.0 0.0 0.0 0.0 0.0 0.0 0.0 0.0 0.0 0.0 0.0 0.0 0.0 0.0 0.0 0.0 0.0 0.0 0.0 0.0 0.0 0.0 0.0 0.0 0.0 0.0 0.0 0.0 0.0 0.0 0.0 0.0 0.0 0.0 0.0 0.0 0.0 0.0 0.0 0.0 0.0 0.0 0.0 0.0 0.0 0.0 0.0 0.0 0.0 0.0 0.0 0.0 0.0 0.0 0.0 0.0 0.0 0.0 0.0 0.0 0.0 0.0 0.0 
-0.0033285034183400002 -0.0019028272182900002 0.00066544194053 0.00068629696561 -0.0005198959489 -2.3345363600000024e-05 3.2196181199999997e-06 0.0 0.0 1.3738334900000001e-05 0.0 0.0 7.116788993e-05 0.0 0.0 0.00015377686768 0.0 0.0 0.00068878769585 0.0 0.0 0.0004332837967 0.0 0.0 -0.0002712310974 0.0 0.0 3.2228200899999995e-05 0.0 0.0 -3.420520915e-05 0.0 0.0 7.100800000000001e-06 0.0 0.0 0.0 0.0 0.00020182099906 0.0 0.0 0.0 0.0 3.159489135e-05 0.0 0.0 0.0 0.0 -2.263374025e-05 0.0 0.0 0.0 0.0 0.0 4.241487696e-05 0.0 0.0 0.0 0.0 0.0 0.0 3.8843245729999995e-05 0.0 0.0 0.0 0.0 0.0 0.0 2.014234123e-05 0.0 0.0 0.0 0.0 0.0 0.0 0.0 1.8151933279999997e-05 0.0 0.0 0.0 0.0 0.0 0.0 0.0 0.0 5.83001539e-06 0.0 0.0 0.0 0.0 0.00091331656186 0.00119802968584 0.0016802201074300003 0.00220606247464 0.0022210264623100003 5.410333354999999e-05 0.0 0.0 -5.056211e-08 0.0 0.0 -1.75900949e-06 0.0 0.0 -1.6949544400000002e-06 0.0 0.0 -4.233419774e-05 0.0 0.0 6.760722290999999e-05 0.0 0.0 -0.00011587658342000001 0.0 0.0 -0.0004967067970900001 0.0 0.0 2.4270163e-06 0.0 0.0 0.0 0.0 -1.3111382699999998e-05 0.0 0.0 0.0 0.0 -3.0578656029999995e-05 0.0 0.0 0.0 0.0 -1.836089427e-05 0.0 0.0 0.0 0.0 0.0 -2.2181821999999975e-07 0.0 0.0 0.0 0.0 0.0 0.0 2.7830343599999996e-06 0.0 0.0 0.0 0.0 0.0 0.0 4.6223862800000005e-05 0.0 0.0 0.0 0.0 0.0 0.0 0.0 -4.066210000000024e-09 0.0 0.0 0.0 0.0 0.0 0.0 0.0 0.0 -1.526072054e-05 0.0 0.0 0.0 0.0 
0.0 0.0 0.0 0.0 0.0 0.0 0.0 0.0 0.0 0.0 0.0 0.0 0.0 0.0 0.0 0.0 0.0 0.0 0.0 0.0 0.0 0.0 0.0 0.0 0.0 0.0 0.0 0.0 0.0 0.0 0.0 0.0 0.0 0.0 0.0 0.0 0.0 0.0 0.0 0.0 0.0 0.0 0.0 0.0 0.0 0.0 0.0 0.0 0.0 0.0 0.0 0.0 0.0 0.0 0.0 0.0 0.0 0.0 0.0 0.0 0.0 0.0 0.0 0.0 0.0 0.0 0.0 0.0 0.0 0.0 0.0 0.0 0.0 0.0 0.0 0.0 0.0 0.0 0.0 0.0 0.0 0.0 0.0 0.0 0.0 0.0 0.0 0.0 0.0 0.0 0.0 0.0 0.0 0.0 0.0 0.0 0.0 0.0 0.0 0.0 0.0 0.0 0.0 0.0 0.0 0.0 0.0 0.0 0.0 0.0 0.0 0.0 0.0 0.0 0.0 0.0 0.0 0.0 0.0 0.0 0.0 0.0 0.0 0.0 0.0 0.0 0.0 0.0 0.0 0.0 0.0 0.0 0.0 0.0 0.0 0.0 0.0 0.0 0.0 0.0 0.0 0.0 0.0 0.0 0.0 0.0 0.0 0.0 0.0 0.0 0.0 0.0 0.0 0.0 0.0 0.0 0.0 0.0 0.0 0.0 0.0 0.0 0.0 0.0 0.0 0.0 0.0 0.0 0.0 0.0 0.0 0.0 0.0 0.0 0.0 0.0 
0.0 0.0 0.0 0.0 0.0 0.0 0.0 0.0 0.0 0.0 0.0 0.0 0.0 0.0 0.0 0.0 0.0 0.0 0.0 0.0 0.0 0.0 0.0 0.0 0.0 0.0 0.0 0.0 0.0 0.0 0.0 0.0 0.0 0.0 0.0 0.0 0.0 0.0 0.0 0.0 0.0 0.0 0.0 0.0 0.0 0.0 0.0 0.0 0.0 0.0 0.0 0.0 0.0 0.0 0.0 0.0 0.0 0.0 0.0 0.0 0.0 0.0 0.0 0.0 0.0 0.0 0.0 0.0 0.0 0.0 0.0 0.0 0.0 0.0 0.0 0.0 0.0 0.0 0.0 0.0 0.0 0.0 0.0 0.0 0.0 0.0 0.0 0.0 0.0 0.0 0.0 0.0 0.0 0.0 0.0 0.0 0.0 0.0 0.0 0.0 0.0 0.0 0.0 0.0 0.0 0.0 0.0 0.0 0.0 0.0 0.0 0.0 0.0 0.0 0.0 0.0 0.0 0.0 0.0 0.0 0.0 0.0 0.0 0.0 0.0 0.0 0.0 0.0 0.0 0.0 0.0 0.0 0.0 0.0 0.0 0.0 0.0 0.0 0.0 0.0 0.0 0.0 0.0 0.0 0.0 0.0 0.0 0.0 0.0 0.0 0.0 0.0 0.0 0.0 0.0 0.0 0.0 0.0 0.0 0.0 0.0 0.0 0.0 0.0 0.0 0.0 0.0 0.0 0.0 0.0 0.0 0.0 0.0 0.0 0.0 0.0 
0.00200507275 -0.0011924170906400001 0.00021703149983999997 0.00124131799968 -0.00175252552776 -0.0005101805910400001 -4.4141926400000004e-06 0.0 0.0 3.61051668e-05 0.0 0.0 0.00015377686768 0.0 0.0 0.0005139140896 0.0 0.0 0.00085448725696 0.0 0.0 0.0007493825230399999 0.0 0.0 -0.0007527655021600001 0.0 0.0 -0.00031026685744 0.0 0.0 -9.227777439999998e-06 0.0 0.0 2.8724044560000002e-05 0.0 0.0 0.0 0.0 -3.143820560000039e-06 0.0 0.0 0.0 0.0 -0.00014027095616 0.0 0.0 0.0 0.0 -0.00019447626968000002 0.0 0.0 0.0 0.0 0.0 -2.8450209840000004e-05 0.0 0.0 0.0 0.0 0.0 0.0 -3.939616632e-05 0.0 0.0 0.0 0.0 0.0 0.0 -8.20402632e-06 0.0 0.0 0.0 0.0 0.0 0.0 0.0 -1.190645312e-05 0.0 0.0 0.0 0.0 0.0 0.0 0.0 0.0 3.95420864e-06 0.0 0.0 0.0 0.0 0.00262312075608 0.00327995107912 0.00634895738696 0.00694646179736 0.0069621487924800005 0.0005040090267199999 0.0 0.0 -5.5088368e-07 0.0 0.0 -1.2588079999999997e-06 0.0 0.0 -3.914524664e-05 0.0 0.0 6.205969792e-05 0.0 0.0 -0.00056470520928 0.0 0.0 -0.00106924940032 0.0 0.0 -0.0014957882475200002 0.0 0.0 -5.51908712e-06 0.0 0.0 0.0 0.0 7.857144432e-05 0.0 0.0 0.0 0.0 0.00018566914344 0.0 0.0 0.0 0.0 0.00015818428279999999 0.0 0.0 0.0 0.0 0.0 6.16363584e-06 0.0 0.0 0.0 0.0 0.0 0.0 -4.1108094800000003e-05 0.0 0.0 0.0 0.0 0.0 0.0 3.220848496e-05 0.0 0.0 0.0 0.0 0.0 0.0 0.0 1.14930216e-06 0.0 0.0 0.0 0.0 0.0 0.0 0.0 0.0 -1.4968070879999998e-05 0.0 0.0 0.0 0.0 
0.0 0.0 0.0 0.0 0.0 0.0 0.0 0.0 0.0 0.0 0.0 0.0 0.0 0.0 0.0 0.0 0.0 0.0 0.0 0.0 0.0 0.0 0.0 0.0 0.0 0.0 0.0 0.0 0.0 0.0 0.0 0.0 0.0 0.0 0.0 0.0 0.0 0.0 0.0 0.0 0.0 0.0 0.0 0.0 0.0 0.0 0.0 0.0 0.0 0.0 0.0 0.0 0.0 0.0 0.0 0.0 0.0 0.0 0.0 0.0 0.0 0.0 0.0 0.0 0.0 0.0 0.0 0.0 0.0 0.0 0.0 0.0 0.0 0.0 0.0 0.0 0.0 0.0 0.0 0.0 0.0 0.0 0.0 0.0 0.0 0.0 0.0 0.0 0.0 0.0 0.0 0.0 0.0 0.0 0.0 0.0 0.0 0.0 0.0 0.0 0.0 0.0 0.0 0.0 0.0 0.0 0.0 0.0 0.0 0.0 0.0 0.0 0.0 0.0 0.0 0.0 0.0 0.0 0.0 0.0 0.0 0.0 0.0 0.0 0.0 0.0 0.0 0.0 0.0 0.0 0.0 0.0 0.0 0.0 0.0 0.0 0.0 0.0 0.0 0.0 0.0 0.0 0.0 0.0 0.0 0.0 0.0 0.0 0.0 0.0 0.0 0.0 0.0 0.0 0.0 0.0 0.0 0.0 0.0 0.0 0.0 0.0 0.0 0.0 0.0 0.0 0.0 0.0 0.0 0.0 0.0 0.0 0.0 0.0 0.0 0.0 
0.0 0.0 0.0 0.0 0.0 0.0 0.0 0.0 0.0 0.0 0.0 0.0 0.0 0.0 0.0 0.0 0.0 0.0 0.0 0.0 0.0 0.0 0.0 0.0 0.0 0.0 0.0 0.0 0.0 0.0 0.0 0.0 0.0 0.0 0.0 0.0 0.0 0.0 0.0 0.0 0.0 0.0 0.0 0.0 0.0 0.0 0.0 0.0 0.0 0.0 0.0 0.0 0.0 0.0 0.0 0.0 0.0 0.0 0.0 0.0 0.0 0.0 0.0 0.0 0.0 0.0 0.0 0.0 0.0 0.0 0.0 0.0 0.0 0.0 0.0 0.0 0.0 0.0 0.0 0.0 0.0 0.0 0.0 0.0 0.0 0.0 0.0 0.0 0.0 0.0 0.0 0.0 0.0 0.0 0.0 0.0 0.0 0.0 0.0 0.0 0.0 0.0 0.0 0.0 0.0 0.0 0.0 0.0 0.0 0.0 0.0 0.0 0.0 0.0 0.0 0.0 0.0 0.0 0.0 0.0 0.0 0.0 0.0 0.0 0.0 0.0 0.0 0.0 0.0 0.0 0.0 0.0 0.0 0.0 0.0 0.0 0.0 0.0 0.0 0.0 0.0 0.0 0.0 0.0 0.0 0.0 0.0 0.0 0.0 0.0 0.0 0.0 0.0 0.0 0.0 0.0 0.0 0.0 0.0 0.0 0.0 0.0 0.0 0.0 0.0 0.0 0.0 0.0 0.0 0.0 0.0 0.0 0.0 0.0 0.0 0.0 
-0.06430746294908 -0.028602404440350004 0.01070039955233 0.0074852939430100005 -0.0028363355258799994 0.0013782819404799997 7.083914532e-05 0.0 0.0 0.0001105625282 0.0 0.0 0.00068878769585 0.0 0.0 0.00085448725696 0.0 0.0 0.00887800461413 0.0 0.0 0.00484544203522 0.0 0.0 -0.00204337989558 0.0 0.0 0.00163757119078 0.0 0.0 -0.0005567526510700001 0.0 0.0 2.2032080980000004e-05 0.0 0.0 0.0 0.0 0.00348596654824 0.0 0.0 0.0 0.0 0.0010334753186700002 0.0 0.0 0.0 0.0 0.00028890182981000006 0.0 0.0 0.0 0.0 0.0 0.0008295837153000001 0.0 0.0 0.0 0.0 0.0 0.0 0.00080628193595 0.0 0.0 0.0 0.0 0.0 0.0 0.00037544256445 0.0 0.0 0.0 0.0 0.0 0.0 0.0 0.00035409071839999996 0.0 0.0 0.0 0.0 0.0 0.0 0.0 0.0 8.658443455000001e-05 0.0 0.0 0.0 0.0 0.006572439772959999 0.00918271660354 0.00677604264109 0.01374514796806 0.013948062138310001 -0.0008271494158900003 0.0 0.0 1.05168949e-06 0.0 0.0 -2.589445313e-05 0.0 0.0 0.00010741111910000001 0.0 0.0 -0.00094547303702 0.0 0.0 0.0031345833594300008 0.0 0.0 0.0017359000429000002 0.0 0.0 -0.0033329305594900003 0.0 0.0 6.104742964e-05 0.0 0.0 0.0 0.0 -0.00049992530634 0.0 0.0 0.0 0.0 -0.00117439206109 0.0 0.0 0.0 0.0 -0.0008681171520900001 0.0 0.0 0.0 0.0 0.0 -2.5326983419999996e-05 0.0 0.0 0.0 0.0 0.0 0.0 0.00019136332242 0.0 0.0 0.0 0.0 0.0 0.0 0.00068350243028 0.0 0.0 0.0 0.0 0.0 0.0 0.0 -4.08043999e-06 0.0 0.0 0.0 0.0 0.0 0.0 0.0 0.0 -0.00021053202602 0.0 0.0 0.0 0.0 
0.0 0.0 0.0 0.0 0.0 0.0 0.0 0.0 0.0 0.0 0.0 0.0 0.0 0.0 0.0 0.0 0.0 0.0 0.0 0.0 0.0 0.0 0.0 0.0 0.0 0.0 0.0 0.0 0.0 0.0 0.0 0.0 0.0 0.0 0.0 0.0 0.0 0.0 0.0 0.0 0.0 0.0 0.0 0.0 0.0 0.0 0.0 0.0 0.0 0.0 0.0 0.0 0.0 0.0 0.0 0.0 0.0 0.0 0.0 0.0 0.0 0.0 0.0 0.0 0.0 0.0 0.0 0.0 0.0 0.0 0.0 0.0 0.0 0.0 0.0 0.0 0.0 0.0 0.0 0.0 0.0 0.0 0.0 0.0 0.0 0.0 0.0 0.0 0.0 0.0 0.0 0.0 0.0 0.0 0.0 0.0 0.0 0.0 0.0 0.0 0.0 0.0 0.0 0.0 0.0 0.0 0.0 0.0 0.0 0.0 0.0 0.0 0.0 0.0 0.0 0.0 0.0 0.0 0.0 0.0 0.0 0.0 0.0 0.0 0.0 0.0 0.0 0.0 0.0 0.0 0.0 0.0 0.0 0.0 0.0 0.0 0.0 0.0 0.0 0.0 0.0 0.0 0.0 0.0 0.0 0.0 0.0 0.0 0.0 0.0 0.0 0.0 0.0 0.0 0.0 0.0 0.0 0.0 0.0 0.0 0.0 0.0 0.0 0.0 0.0 0.0 0.0 0.0 0.0 0.0 0.0 0.0 0.0 0.0 0.0 0.0 
0.0 0.0 0.0 0.0 0.0 0.0 0.0 0.0 0.0 0.0 0.0 0.0 0.0 0.0 0.0 0.0 0.0 0.0 0.0 0.0 0.0 0.0 0.0 0.0 0.0 0.0 0.0 0.0 0.0 0.0 0.0 0.0 0.0 0.0 0.0 0.0 0.0 0.0 0.0 0.0 0.0 0.0 0.0 0.0 0.0 0.0 0.0 0.0 0.0 0.0 0.0 0.0 0.0 0.0 0.0 0.0 0.0 0.0 0.0 0.0 0.0 0.0 0.0 0.0 0.0 0.0 0.0 0.0 0.0 0.0 0.0 0.0 0.0 0.0 0.0 0.0 0.0 0.0 0.0 0.0 0.0 0.0 0.0 0.0 0.0 0.0 0.0 0.0 0.0 0.0 0.0 0.0 0.0 0.0 0.0 0.0 0.0 0.0 0.0 0.0 0.0 0.0 0.0 0.0 0.0 0.0 0.0 0.0 0.0 0.0 0.0 0.0 0.0 0.0 0.0 0.0 0.0 0.0 0.0 0.0 0.0 0.0 0.0 0.0 0.0 0.0 0.0 0.0 0.0 0.0 0.0 0.0 0.0 0.0 0.0 0.0 0.0 0.0 0.0 0.0 0.0 0.0 0.0 0.0 0.0 0.0 0.0 0.0 0.0 0.0 0.0 0.0 0.0 0.0 0.0 0.0 0.0 0.0 0.0 0.0 0.0 0.0 0.0 0.0 0.0 0.0 0.0 0.0 0.0 0.0 0.0 0.0 0.0 0.0 0.0 0.0 
-0.02972513125042 -0.014587515010799999 0.00530713039282 0.00442683329354 -0.0025180547952199997 0.0003307715751199998 3.1298315279999994e-05 0.0 0.0 7.70378773e-05 0.0 0.0 0.0004332837967 0.0 0.0 0.0007493825230399999 0.0 0.0 0.00484544203522 0.0 0.0 0.0028301063616799995 0.0 0.0 -0.0014798334970199999 0.0 0.0 0.00058699540832 0.0 0.0 -0.00027478175858 0.0 0.0 2.9466930620000002e-05 0.0 0.0 0.0 0.0 0.00168053457566 0.0 0.0 0.0 0.0 0.00040686787998 0.0 0.0 0.0 0.0 1.194038164000002e-05 0.0 0.0 0.0 0.0 0.0 0.00038176794029999995 0.0 0.0 0.0 0.0 0.0 0.0 0.0003633441315999999 0.0 0.0 0.0 0.0 0.0 0.0 0.00017583861559999998 0.0 0.0 0.0 0.0 0.0 0.0 0.0 0.00016310512239999997 0.0 0.0 0.0 0.0 0.0 0.0 0.0 0.0 4.43848391e-05 0.0 0.0 0.0 0.0 0.0048921809113399994 0.00658274383166 0.007433252464760001 0.01118882525354 0.011297052228740001 -6.879890366000009e-05 0.0 0.0 1.4644646000000004e-07 0.0 0.0 -1.332397762e-05 0.0 0.0 2.61797935e-05 0.0 0.0 -0.00041566941627999997 0.0 0.0 0.0011427494590200002 0.0 0.0 0.00013683928339999996 0.0 0.0 -0.0025894232684600003 0.0 0.0 2.5847669659999997e-05 0.0 0.0 0.0 0.0 -0.00018978807095999995 0.0 0.0 0.0 0.0 -0.00044512040576 0.0 0.0 0.0 0.0 -0.00031530865716 0.0 0.0 0.0 0.0 0.0 -8.183642679999997e-06 0.0 0.0 0.0 0.0 0.0 0.0 6.541467257999999e-05 0.0 0.0 0.0 0.0 0.0 0.0 0.00035102796532 0.0 0.0 0.0 0.0 0.0 0.0 0.0 -1.2160091600000003e-06 0.0 0.0 0.0 0.0 0.0 0.0 0.0 0.0 -0.00011143258527999999 0.0 0.0 0.0 0.0 
0.0 0.0 0.0 0.0 0.0 0.0 0.0 0.0 0.0 0.0 0.0 0.0 0.0 0.0 0.0 0.0 0.0 0.0 0.0 0.0 0.0 0.0 0.0 0.0 0.0 0.0 0.0 0.0 0.0 0.0 0.0 0.0 0.0 0.0 0.0 0.0 0.0 0.0 0.0 0.0 0.0 0.0 0.0 0.0 0.0 0.0 0.0 0.0 0.0 0.0 0.0 0.0 0.0 0.0 0.0 0.0 0.0 0.0 0.0 0.0 0.0 0.0 0.0 0.0 0.0 0.0 0.0 0.0 0.0 0.0 0.0 0.0 0.0 0.0 0.0 0.0 0.0 0.0 0.0 0.0 0.0 0.0 0.0 0.0 0.0 0.0 0.0 0.0 0.0 0.0 0.0 0.0 0.0 0.0 0.0 0.0 0.0 0.0 0.0 0.0 0.0 0.0 0.0 0.0 0.0 0.0 0.0 0.0 0.0 0.0 0.0 0.0 0.0 0.0 0.0 0.0 0.0 0.0 0.0 0.0 0.0 0.0 0.0 0.0 0.0 0.0 0.0 0.0 0.0 0.0 0.0 0.0 0.0 0.0 0.0 0.0 0.0 0.0 0.0 0.0 0.0 0.0 0.0 0.0 0.0 0.0 0.0 0.0 0.0 0.0 0.0 0.0 0.0 0.0 0.0 0.0 0.0 0.0 0.0 0.0 0.0 0.0 0.0 0.0 0.0 0.0 0.0 0.0 0.0 0.0 0.0 0.0 0.0 0.0 0.0 0.0 
0.0 0.0 0.0 0.0 0.0 0.0 0.0 0.0 0.0 0.0 0.0 0.0 0.0 0.0 0.0 0.0 0.0 0.0 0.0 0.0 0.0 0.0 0.0 0.0 0.0 0.0 0.0 0.0 0.0 0.0 0.0 0.0 0.0 0.0 0.0 0.0 0.0 0.0 0.0 0.0 0.0 0.0 0.0 0.0 0.0 0.0 0.0 0.0 0.0 0.0 0.0 0.0 0.0 0.0 0.0 0.0 0.0 0.0 0.0 0.0 0.0 0.0 0.0 0.0 0.0 0.0 0.0 0.0 0.0 0.0 0.0 0.0 0.0 0.0 0.0 0.0 0.0 0.0 0.0 0.0 0.0 0.0 0.0 0.0 0.0 0.0 0.0 0.0 0.0 0.0 0.0 0.0 0.0 0.0 0.0 0.0 0.0 0.0 0.0 0.0 0.0 0.0 0.0 0.0 0.0 0.0 0.0 0.0 0.0 0.0 0.0 0.0 0.0 0.0 0.0 0.0 0.0 0.0 0.0 0.0 0.0 0.0 0.0 0.0 0.0 0.0 0.0 0.0 0.0 0.0 0.0 0.0 0.0 0.0 0.0 0.0 0.0 0.0 0.0 0.0 0.0 0.0 0.0 0.0 0.0 0.0 0.0 0.0 0.0 0.0 0.0 0.0 0.0 0.0 0.0 0.0 0.0 0.0 0.0 0.0 0.0 0.0 0.0 0.0 0.0 0.0 0.0 0.0 0.0 0.0 0.0 0.0 0.0 0.0 0.0 0.0 
0.00424466882693 0.00457289942575 -0.0014156745005800002 -0.0023938417502600002 0.00255880671533 0.0005108974873200001 -1.8346383199999999e-06 0.0 0.0 -5.825065645e-05 0.0 0.0 -0.0002712310974 0.0 0.0 -0.0007527655021600001 0.0 0.0 -0.00204337989558 0.0 0.0 -0.0014798334970199999 0.0 0.0 0.00118669000553 0.0 0.0 0.00022583209002 0.0 0.0 7.099930012000001e-05 0.0 0.0 -3.934254293e-05 0.0 0.0 0.0 0.0 -0.00036606333318999997 0.0 0.0 0.0 0.0 7.097555877999999e-05 0.0 0.0 0.0 0.0 0.00021985791729 0.0 0.0 0.0 0.0 0.0 -5.142828465e-05 0.0 0.0 0.0 0.0 0.0 0.0 -3.485330575e-05 0.0 0.0 0.0 0.0 0.0 0.0 -2.929290425e-05 0.0 0.0 0.0 0.0 0.0 0.0 0.0 -2.2256329199999998e-05 0.0 0.0 0.0 0.0 0.0 0.0 0.0 0.0 -1.42868277e-05 0.0 0.0 0.0 0.0 -0.00407700975071 -0.00520030140529 -0.008898383172990002 -0.01040803619211 -0.010449788619560002 -0.00056146210076 0.0 0.0 5.9800776e-07 0.0 0.0 4.37091698e-06 0.0 0.0 3.902421855e-05 0.0 0.0 2.0435579719999998e-05 0.0 0.0 0.00039466738002 0.0 0.0 0.0011931408258 0.0 0.0 0.0022807932092400005 0.0 0.0 6.283360100000002e-07 0.0 0.0 0.0 0.0 -4.8140301060000006e-05 0.0 0.0 0.0 0.0 -0.00011449766851 0.0 0.0 0.0 0.0 -0.00011160861660999999 0.0 0.0 0.0 0.0 0.0 -5.2511910800000005e-06 0.0 0.0 0.0 0.0 0.0 0.0 3.263942593000001e-05 0.0 0.0 0.0 0.0 0.0 0.0 -0.00011406119598000001 0.0 0.0 0.0 0.0 0.0 0.0 0.0 -1.04734231e-06 0.0 0.0 0.0 0.0 0.0 0.0 0.0 0.0 4.1635089219999997e-05 0.0 0.0 0.0 0.0 
0.0 0.0 0.0 0.0 0.0 0.0 0.0 0.0 0.0 0.0 0.0 0.0 0.0 0.0 0.0 0.0 0.0 0.0 0.0 0.0 0.0 0.0 0.0 0.0 0.0 0.0 0.0 0.0 0.0 0.0 0.0 0.0 0.0 0.0 0.0 0.0 0.0 0.0 0.0 0.0 0.0 0.0 0.0 0.0 0.0 0.0 0.0 0.0 0.0 0.0 0.0 0.0 0.0 0.0 0.0 0.0 0.0 0.0 0.0 0.0 0.0 0.0 0.0 0.0 0.0 0.0 0.0 0.0 0.0 0.0 0.0 0.0 0.0 0.0 0.0 0.0 0.0 0.0 0.0 0.0 0.0 0.0 0.0 0.0 0.0 0.0 0.0 0.0 0.0 0.0 0.0 0.0 0.0 0.0 0.0 0.0 0.0 0.0 0.0 0.0 0.0 0.0 0.0 0.0 0.0 0.0 0.0 0.0 0.0 0.0 0.0 0.0 0.0 0.0 0.0 0.0 0.0 0.0 0.0 0.0 0.0 0.0 0.0 0.0 0.0 0.0 0.0 0.0 0.0 0.0 0.0 0.0 0.0 0.0 0.0 0.0 0.0 0.0 0.0 0.0 0.0 0.0 0.0 0.0 0.0 0.0 0.0 0.0 0.0 0.0 0.0 0.0 0.0 0.0 0.0 0.0 0.0 0.0 0.0 0.0 0.0 0.0 0.0 0.0 0.0 0.0 0.0 0.0 0.0 0.0 0.0 0.0 0.0 0.0 0.0 0.0 
0.0 0.0 0.0 0.0 0.0 0.0 0.0 0.0 0.0 0.0 0.0 0.0 0.0 0.0 0.0 0.0 0.0 0.0 0.0 0.0 0.0 0.0 0.0 0.0 0.0 0.0 0.0 0.0 0.0 0.0 0.0 0.0 0.0 0.0 0.0 0.0 0.0 0.0 0.0 0.0 0.0 0.0 0.0 0.0 0.0 0.0 0.0 0.0 0.0 0.0 0.0 0.0 0.0 0.0 0.0 0.0 0.0 0.0 0.0 0.0 0.0 0.0 0.0 0.0 0.0 0.0 0.0 0.0 0.0 0.0 0.0 0.0 0.0 0.0 0.0 0.0 0.0 0.0 0.0 0.0 0.0 0.0 0.0 0.0 0.0 0.0 0.0 0.0 0.0 0.0 0.0 0.0 0.0 0.0 0.0 0.0 0.0 0.0 0.0 0.0 0.0 0.0 0.0 0.0 0.0 0.0 0.0 0.0 0.0 0.0 0.0 0.0 0.0 0.0 0.0 0.0 0.0 0.0 0.0 0.0 0.0 0.0 0.0 0.0 0.0 0.0 0.0 0.0 0.0 0.0 0.0 0.0 0.0 0.0 0.0 0.0 0.0 0.0 0.0 0.0 0.0 0.0 0.0 0.0 0.0 0.0 0.0 0.0 0.0 0.0 0.0 0.0 0.0 0.0 0.0 0.0 0.0 0.0 0.0 0.0 0.0 0.0 0.0 0.0 0.0 0.0 0.0 0.0 0.0 0.0 0.0 0.0 0.0 0.0 0.0 0.0 
-0.020743532477380002 -0.006967176867000001 0.00285475423078 0.0008161163396600001 0.0010804651682199999 0.0009509843568799999 2.524089912e-05 0.0 0.0 -7.2060743e-06 0.0 0.0 3.2228200899999995e-05 0.0 0.0 -0.00031026685744 0.0 0.0 0.00163757119078 0.0 0.0 0.00058699540832 0.0 0.0 0.00022583209002 0.0 0.0 0.00080917815368 0.0 0.0 -0.00015077352542 0.0 0.0 -2.4771071619999997e-05 0.0 0.0 0.0 0.0 0.00101006162054 0.0 0.0 0.0 0.0 0.00045047663802 0.0 0.0 0.0 0.0 0.00029421561136 0.0 0.0 0.0 0.0 0.0 0.0002703981819 0.0 0.0 0.0 0.0 0.0 0.0 0.00027553332699999995 0.0 0.0 0.0 0.0 0.0 0.0 0.000117309953 0.0 0.0 0.0 0.0 0.0 0.0 0.0 0.0001151570872 0.0 0.0 0.0 0.0 0.0 0.0 0.0 0.0 2.07173957e-05 0.0 0.0 0.0 0.0 -0.00094519664314 -0.0009033420358599999 -0.0049247524501600005 -0.00355988247574 -0.00351828906154 -0.00078514277234 0.0 0.0 9.0079034e-07 0.0 0.0 -6.11323318e-06 0.0 0.0 7.344612069999999e-05 0.0 0.0 -0.00034029249652 0.0 0.0 0.00151725534618 0.0 0.0 0.0016602170822 0.0 0.0 0.00065878998766 0.0 0.0 2.361088334e-05 0.0 0.0 0.0 0.0 -0.00022952691503999996 0.0 0.0 0.0 0.0 -0.00054037571084 0.0 0.0 0.0 0.0 -0.00042214146624 0.0 0.0 0.0 0.0 0.0 -1.3994383719999999e-05 0.0 0.0 0.0 0.0 0.0 0.0 9.981676361999999e-05 0.0 0.0 0.0 0.0 0.0 0.0 0.00016246720468000001 0.0 0.0 0.0 0.0 0.0 0.0 0.0 -2.4240250399999998e-06 0.0 0.0 0.0 0.0 0.0 0.0 0.0 0.0 -4.457247352e-05 0.0 0.0 0.0 0.0 
0.0 0.0 0.0 0.0 0.0 0.0 0.0 0.0 0.0 0.0 0.0 0.0 0.0 0.0 0.0 0.0 0.0 0.0 0.0 0.0 0.0 0.0 0.0 0.0 0.0 0.0 0.0 0.0 0.0 0.0 0.0 0.0 0.0 0.0 0.0 0.0 0.0 0.0 0.0 0.0 0.0 0.0 0.0 0.0 0.0 0.0 0.0 0.0 0.0 0.0 0.0 0.0 0.0 0.0 0.0 0.0 0.0 0.0 0.0 0.0 0.0 0.0 0.0 0.0 0.0 0.0 0.0 0.0 0.0 0.0 0.0 0.0 0.0 0.0 0.0 0.0 0.0 0.0 0.0 0.0 0.0 0.0 0.0 0.0 0.0 0.0 0.0 0.0 0.0 0.0 0.0 0.0 0.0 0.0 0.0 0.0 0.0 0.0 0.0 0.0 0.0 0.0 0.0 0.0 0.0 0.0 0.0 0.0 0.0 0.0 0.0 0.0 0.0 0.0 0.0 0.0 0.0 0.0 0.0 0.0 0.0 0.0 0.0 0.0 0.0 0.0 0.0 0.0 0.0 0.0 0.0 0.0 0.0 0.0 0.0 0.0 0.0 0.0 0.0 0.0 0.0 0.0 0.0 0.0 0.0 0.0 0.0 0.0 0.0 0.0 0.0 0.0 0.0 0.0 0.0 0.0 0.0 0.0 0.0 0.0 0.0 0.0 0.0 0.0 0.0 0.0 0.0 0.0 0.0 0.0 0.0 0.0 0.0 0.0 0.0 0.0 
0.0 0.0 0.0 0.0 0.0 0.0 0.0 0.0 0.0 0.0 0.0 0.0 0.0 0.0 0.0 0.0 0.0 0.0 0.0 0.0 0.0 0.0 0.0 0.0 0.0 0.0 0.0 0.0 0.0 0.0 0.0 0.0 0.0 0.0 0.0 0.0 0.0 0.0 0.0 0.0 0.0 0.0 0.0 0.0 0.0 0.0 0.0 0.0 0.0 0.0 0.0 0.0 0.0 0.0 0.0 0.0 0.0 0.0 0.0 0.0 0.0 0.0 0.0 0.0 0.0 0.0 0.0 0.0 0.0 0.0 0.0 0.0 0.0 0.0 0.0 0.0 0.0 0.0 0.0 0.0 0.0 0.0 0.0 0.0 0.0 0.0 0.0 0.0 0.0 0.0 0.0 0.0 0.0 0.0 0.0 0.0 0.0 0.0 0.0 0.0 0.0 0.0 0.0 0.0 0.0 0.0 0.0 0.0 0.0 0.0 0.0 0.0 0.0 0.0 0.0 0.0 0.0 0.0 0.0 0.0 0.0 0.0 0.0 0.0 0.0 0.0 0.0 0.0 0.0 0.0 0.0 0.0 0.0 0.0 0.0 0.0 0.0 0.0 0.0 0.0 0.0 0.0 0.0 0.0 0.0 0.0 0.0 0.0 0.0 0.0 0.0 0.0 0.0 0.0 0.0 0.0 0.0 0.0 0.0 0.0 0.0 0.0 0.0 0.0 0.0 0.0 0.0 0.0 0.0 0.0 0.0 0.0 0.0 0.0 0.0 0.0 
0.00487487945462 0.0019540545741500003 -0.00075456648687 -0.00041588877939 2.5834481820000002e-05 -0.00015249168872 -5.5966514799999995e-06 0.0 0.0 -4.3168923000000006e-06 0.0 0.0 -3.420520915e-05 0.0 0.0 -9.227777439999998e-06 0.0 0.0 -0.0005567526510700001 0.0 0.0 -0.00027478175858 0.0 0.0 7.099930012000001e-05 0.0 0.0 -0.00015077352542 0.0 0.0 3.947301673e-05 0.0 0.0 1.3520992799999997e-06 0.0 0.0 0.0 0.0 -0.00025341059086 0.0 0.0 0.0 0.0 -8.944636813e-05 0.0 0.0 0.0 0.0 -4.095908509e-05 0.0 0.0 0.0 0.0 0.0 -6.31528212e-05 0.0 0.0 0.0 0.0 0.0 0.0 -6.258587055e-05 0.0 0.0 0.0 0.0 0.0 0.0 -2.8100857050000002e-05 0.0 0.0 0.0 0.0 0.0 0.0 0.0 -2.6931133599999997e-05 0.0 0.0 0.0 0.0 0.0 0.0 0.0 0.0 -5.87985545e-06 0.0 0.0 0.0 0.0 -0.00020762053494 -0.00032963583856000003 0.00016046264898999992 -0.00028410785984000006 -0.0002972278110900001 0.00011184427471 0.0 0.0 -1.3296311e-07 0.0 0.0 1.75063007e-06 0.0 0.0 -1.1820789399999998e-05 0.0 0.0 7.502029177999999e-05 0.0 0.0 -0.00028560529977000003 0.0 0.0 -0.00023590504909999996 0.0 0.0 8.827038311000002e-05 0.0 0.0 -4.99929346e-06 0.0 0.0 0.0 0.0 4.436945226e-05 0.0 0.0 0.0 0.0 0.00010434227601000001 0.0 0.0 0.0 0.0 7.928182801e-05 0.0 0.0 0.0 0.0 0.0 2.4721573800000002e-06 0.0 0.0 0.0 0.0 0.0 0.0 -1.811757388e-05 0.0 0.0 0.0 0.0 0.0 0.0 -4.631379592000001e-05 0.0 0.0 0.0 0.0 0.0 0.0 0.0 4.1434911000000005e-07 0.0 0.0 0.0 0.0 0.0 0.0 0.0 0.0 1.374689778e-05 0.0 0.0 0.0 0.0 
0.0 0.0 0.0 0.0 0.0 0.0 0.0 0.0 0.0 0.0 0.0 0.0 0.0 0.0 0.0 0.0 0.0 0.0 0.0 0.0 0.0 0.0 0.0 0.0 0.0 0.0 0.0 0.0 0.0 0.0 0.0 0.0 0.0 0.0 0.0 0.0 0.0 0.0 0.0 0.0 0.0 0.0 0.0 0.0 0.0 0.0 0.0 0.0 0.0 0.0 0.0 0.0 0.0 0.0 0.0 0.0 0.0 0.0 0.0 0.0 0.0 0.0 0.0 0.0 0.0 0.0 0.0 0.0 0.0 0.0 0.0 0.0 0.0 0.0 0.0 0.0 0.0 0.0 0.0 0.0 0.0 0.0 0.0 0.0 0.0 0.0 0.0 0.0 0.0 0.0 0.0 0.0 0.0 0.0 0.0 0.0 0.0 0.0 0.0 0.0 0.0 0.0 0.0 0.0 0.0 0.0 0.0 0.0 0.0 0.0 0.0 0.0 0.0 0.0 0.0 0.0 0.0 0.0 0.0 0.0 0.0 0.0 0.0 0.0 0.0 0.0 0.0 0.0 0.0 0.0 0.0 0.0 0.0 0.0 0.0 0.0 0.0 0.0 0.0 0.0 0.0 0.0 0.0 0.0 0.0 0.0 0.0 0.0 0.0 0.0 0.0 0.0 0.0 0.0 0.0 0.0 0.0 0.0 0.0 0.0 0.0 0.0 0.0 0.0 0.0 0.0 0.0 0.0 0.0 0.0 0.0 0.0 0.0 0.0 0.0 0.0 
0.0 0.0 0.0 0.0 0.0 0.0 0.0 0.0 0.0 0.0 0.0 0.0 0.0 0.0 0.0 0.0 0.0 0.0 0.0 0.0 0.0 0.0 0.0 0.0 0.0 0.0 0.0 0.0 0.0 0.0 0.0 0.0 0.0 0.0 0.0 0.0 0.0 0.0 0.0 0.0 0.0 0.0 0.0 0.0 0.0 0.0 0.0 0.0 0.0 0.0 0.0 0.0 0.0 0.0 0.0 0.0 0.0 0.0 0.0 0.0 0.0 0.0 0.0 0.0 0.0 0.0 0.0 0.0 0.0 0.0 0.0 0.0 0.0 0.0 0.0 0.0 0.0 0.0 0.0 0.0 0.0 0.0 0.0 0.0 0.0 0.0 0.0 0.0 0.0 0.0 0.0 0.0 0.0 0.0 0.0 0.0 0.0 0.0 0.0 0.0 0.0 0.0 0.0 0.0 0.0 0.0 0.0 0.0 0.0 0.0 0.0 0.0 0.0 0.0 0.0 0.0 0.0 0.0 0.0 0.0 0.0 0.0 0.0 0.0 0.0 0.0 0.0 0.0 0.0 0.0 0.0 0.0 0.0 0.0 0.0 0.0 0.0 0.0 0.0 0.0 0.0 0.0 0.0 0.0 0.0 0.0 0.0 0.0 0.0 0.0 0.0 0.0 0.0 0.0 0.0 0.0 0.0 0.0 0.0 0.0 0.0 0.0 0.0 0.0 0.0 0.0 0.0 0.0 0.0 0.0 0.0 0.0 0.0 0.0 0.0 0.0 
0.00034543162887 2.5190867449999988e-05 -2.3540968419999996e-05 5.067694126000001e-05 -9.822108672999999e-05 -3.6197012919999996e-05 -5.164376799999999e-07 0.0 0.0 1.8436854500000002e-06 0.0 0.0 7.100800000000001e-06 0.0 0.0 2.8724044560000002e-05 0.0 0.0 2.2032080980000004e-05 0.0 0.0 2.9466930620000002e-05 0.0 0.0 -3.934254293e-05 0.0 0.0 -2.4771071619999997e-05 0.0 0.0 1.3520992799999997e-06 0.0 0.0 1.69422433e-06 0.0 0.0 0.0 0.0 -1.2220345409999998e-05 0.0 0.0 0.0 0.0 -1.221025618e-05 0.0 0.0 0.0 0.0 -1.2982096490000001e-05 0.0 0.0 0.0 0.0 0.0 -4.615425149999999e-06 0.0 0.0 0.0 0.0 0.0 0.0 -5.20962265e-06 0.0 0.0 0.0 0.0 0.0 0.0 -1.80088415e-06 0.0 0.0 0.0 0.0 0.0 0.0 0.0 -1.9553971999999995e-06 0.0 0.0 0.0 0.0 0.0 0.0 0.0 0.0 -5.5022499999999975e-08 0.0 0.0 0.0 0.0 0.00013898545771 0.00017045981229000002 0.00036790273379000004 0.00038068291871000003 0.00038094963856 3.391525656e-05 0.0 0.0 -3.757876e-08 0.0 0.0 1.175681999999998e-08 0.0 0.0 -2.78305235e-06 0.0 0.0 7.0865638799999995e-06 0.0 0.0 -4.561655742e-05 0.0 0.0 -7.18856662e-05 0.0 0.0 -8.068536224e-05 0.0 0.0 -5.5074981e-07 0.0 0.0 0.0 0.0 6.56702586e-06 0.0 0.0 0.0 0.0 1.549426571e-05 0.0 0.0 0.0 0.0 1.274375101e-05 0.0 0.0 0.0 0.0 0.0 4.6723708e-07 0.0 0.0 0.0 0.0 0.0 0.0 -3.19365613e-06 0.0 0.0 0.0 0.0 0.0 0.0 -3.7310761999999993e-07 0.0 0.0 0.0 0.0 0.0 0.0 0.0 8.490791e-08 0.0 0.0 0.0 0.0 0.0 0.0 0.0 0.0 -1.9613162000000005e-07 0.0 0.0 0.0 0.0 
0.0 0.0 0.0 0.0 0.0 0.0 0.0 0.0 0.0 0.0 0.0 0.0 0.0 0.0 0.0 0.0 0.0 0.0 0.0 0.0 0.0 0.0 0.0 0.0 0.0 0.0 0.0 0.0 0.0 0.0 0.0 0.0 0.0 0.0 0.0 0.0 0.0 0.0 0.0 0.0 0.0 0.0 0.0 0.0 0.0 0.0 0.0 0.0 0.0 0.0 0.0 0.0 0.0 0.0 0.0 0.0 0.0 0.0 0.0 0.0 0.0 0.0 0.0 0.0 0.0 0.0 0.0 0.0 0.0 0.0 0.0 0.0 0.0 0.0 0.0 0.0 0.0 0.0 0.0 0.0 0.0 0.0 0.0 0.0 0.0 0.0 0.0 0.0 0.0 0.0 0.0 0.0 0.0 0.0 0.0 0.0 0.0 0.0 0.0 0.0 0.0 0.0 0.0 0.0 0.0 0.0 0.0 0.0 0.0 0.0 0.0 0.0 0.0 0.0 0.0 0.0 0.0 0.0 0.0 0.0 0.0 0.0 0.0 0.0 0.0 0.0 0.0 0.0 0.0 0.0 0.0 0.0 0.0 0.0 0.0 0.0 0.0 0.0 0.0 0.0 0.0 0.0 0.0 0.0 0.0 0.0 0.0 0.0 0.0 0.0 0.0 0.0 0.0 0.0 0.0 0.0 0.0 0.0 0.0 0.0 0.0 0.0 0.0 0.0 0.0 0.0 0.0 0.0 0.0 0.0 0.0 0.0 0.0 0.0 0.0 0.0 
0.0 0.0 0.0 0.0 0.0 0.0 0.0 0.0 0.0 0.0 0.0 0.0 0.0 0.0 0.0 0.0 0.0 0.0 0.0 0.0 0.0 0.0 0.0 0.0 0.0 0.0 0.0 0.0 0.0 0.0 0.0 0.0 0.0 0.0 0.0 0.0 0.0 0.0 0.0 0.0 0.0 0.0 0.0 0.0 0.0 0.0 0.0 0.0 0.0 0.0 0.0 0.0 0.0 0.0 0.0 0.0 0.0 0.0 0.0 0.0 0.0 0.0 0.0 0.0 0.0 0.0 0.0 0.0 0.0 0.0 0.0 0.0 0.0 0.0 0.0 0.0 0.0 0.0 0.0 0.0 0.0 0.0 0.0 0.0 0.0 0.0 0.0 0.0 0.0 0.0 0.0 0.0 0.0 0.0 0.0 0.0 0.0 0.0 0.0 0.0 0.0 0.0 0.0 0.0 0.0 0.0 0.0 0.0 0.0 0.0 0.0 0.0 0.0 0.0 0.0 0.0 0.0 0.0 0.0 0.0 0.0 0.0 0.0 0.0 0.0 0.0 0.0 0.0 0.0 0.0 0.0 0.0 0.0 0.0 0.0 0.0 0.0 0.0 0.0 0.0 0.0 0.0 0.0 0.0 0.0 0.0 0.0 0.0 0.0 0.0 0.0 0.0 0.0 0.0 0.0 0.0 0.0 0.0 0.0 0.0 0.0 0.0 0.0 0.0 0.0 0.0 0.0 0.0 0.0 0.0 0.0 0.0 0.0 0.0 0.0 0.0 
0.0 0.0 0.0 0.0 0.0 0.0 0.0 0.0 0.0 0.0 0.0 0.0 0.0 0.0 0.0 0.0 0.0 0.0 0.0 0.0 0.0 0.0 0.0 0.0 0.0 0.0 0.0 0.0 0.0 0.0 0.0 0.0 0.0 0.0 0.0 0.0 0.0 0.0 0.0 0.0 0.0 0.0 0.0 0.0 0.0 0.0 0.0 0.0 0.0 0.0 0.0 0.0 0.0 0.0 0.0 0.0 0.0 0.0 0.0 0.0 0.0 0.0 0.0 0.0 0.0 0.0 0.0 0.0 0.0 0.0 0.0 0.0 0.0 0.0 0.0 0.0 0.0 0.0 0.0 0.0 0.0 0.0 0.0 0.0 0.0 0.0 0.0 0.0 0.0 0.0 0.0 0.0 0.0 0.0 0.0 0.0 0.0 0.0 0.0 0.0 0.0 0.0 0.0 0.0 0.0 0.0 0.0 0.0 0.0 0.0 0.0 0.0 0.0 0.0 0.0 0.0 0.0 0.0 0.0 0.0 0.0 0.0 0.0 0.0 0.0 0.0 0.0 0.0 0.0 0.0 0.0 0.0 0.0 0.0 0.0 0.0 0.0 0.0 0.0 0.0 0.0 0.0 0.0 0.0 0.0 0.0 0.0 0.0 0.0 0.0 0.0 0.0 0.0 0.0 0.0 0.0 0.0 0.0 0.0 0.0 0.0 0.0 0.0 0.0 0.0 0.0 0.0 0.0 0.0 0.0 0.0 0.0 0.0 0.0 0.0 0.0 
0.0 0.0 0.0 0.0 0.0 0.0 0.0 0.0 0.0 0.0 0.0 0.0 0.0 0.0 0.0 0.0 0.0 0.0 0.0 0.0 0.0 0.0 0.0 0.0 0.0 0.0 0.0 0.0 0.0 0.0 0.0 0.0 0.0 0.0 0.0 0.0 0.0 0.0 0.0 0.0 0.0 0.0 0.0 0.0 0.0 0.0 0.0 0.0 0.0 0.0 0.0 0.0 0.0 0.0 0.0 0.0 0.0 0.0 0.0 0.0 0.0 0.0 0.0 0.0 0.0 0.0 0.0 0.0 0.0 0.0 0.0 0.0 0.0 0.0 0.0 0.0 0.0 0.0 0.0 0.0 0.0 0.0 0.0 0.0 0.0 0.0 0.0 0.0 0.0 0.0 0.0 0.0 0.0 0.0 0.0 0.0 0.0 0.0 0.0 0.0 0.0 0.0 0.0 0.0 0.0 0.0 0.0 0.0 0.0 0.0 0.0 0.0 0.0 0.0 0.0 0.0 0.0 0.0 0.0 0.0 0.0 0.0 0.0 0.0 0.0 0.0 0.0 0.0 0.0 0.0 0.0 0.0 0.0 0.0 0.0 0.0 0.0 0.0 0.0 0.0 0.0 0.0 0.0 0.0 0.0 0.0 0.0 0.0 0.0 0.0 0.0 0.0 0.0 0.0 0.0 0.0 0.0 0.0 0.0 0.0 0.0 0.0 0.0 0.0 0.0 0.0 0.0 0.0 0.0 0.0 0.0 0.0 0.0 0.0 0.0 0.0 
-0.03167931103727 -0.012455051607830002 0.0048392454606 0.0025304723886 4.70485964100001e-05 0.00104551101164 3.66272224e-05 0.0 0.0 2.3435466149999997e-05 0.0 0.0 0.00020182099906 0.0 0.0 -3.143820560000039e-06 0.0 0.0 0.00348596654824 0.0 0.0 0.00168053457566 0.0 0.0 -0.00036606333318999997 0.0 0.0 0.00101006162054 0.0 0.0 -0.00025341059086 0.0 0.0 -1.2220345409999998e-05 0.0 0.0 0.0 0.0 0.00163446122509 0.0 0.0 0.0 0.0 0.00059388016456 0.0 0.0 0.0 0.0 0.00028782540523000007 0.0 0.0 0.0 0.0 0.0 0.00041069911287 0.0 0.0 0.0 0.0 0.0 0.0 0.00040837756671 0.0 0.0 0.0 0.0 0.0 0.0 0.00018220401321 0.0 0.0 0.0 0.0 0.0 0.0 0.0 0.00017511257416 0.0 0.0 0.0 0.0 0.0 0.0 0.0 0.0 3.743328488e-05 0.0 0.0 0.0 0.0 0.00101904173445 0.0017257684589499999 -0.0018086750037700006 0.0009852297862099999 0.0010679194179 -0.0007826502800200001 0.0 0.0 9.245459000000001e-07 0.0 0.0 -1.1135207720000001e-05 0.0 0.0 8.099640846999999e-05 0.0 0.0 -0.00049132171184 0.0 0.0 0.0019105197255600004 0.0 0.0 0.0016515410057600002 0.0 0.0 -0.0003868564553 0.0 0.0 3.290994397e-05 0.0 0.0 0.0 0.0 -0.00029568746862 0.0 0.0 0.0 0.0 -0.0006954682389300001 0.0 0.0 0.0 0.0 -0.0005305194291099999 0.0 0.0 0.0 0.0 0.0 -1.66926804e-05 0.0 0.0 0.0 0.0 0.0 0.0 0.00012183950113000002 0.0 0.0 0.0 0.0 0.0 0.0 0.00029472085234000006 0.0 0.0 0.0 0.0 0.0 0.0 0.0 -2.81196789e-06 0.0 0.0 0.0 0.0 0.0 0.0 0.0 0.0 -8.682003594e-05 0.0 0.0 0.0 0.0 
0.0 0.0 0.0 0.0 0.0 0.0 0.0 0.0 0.0 0.0 0.0 0.0 0.0 0.0 0.0 0.0 0.0 0.0 0.0 0.0 0.0 0.0 0.0 0.0 0.0 0.0 0.0 0.0 0.0 0.0 0.0 0.0 0.0 0.0 0.0 0.0 0.0 0.0 0.0 0.0 0.0 0.0 0.0 0.0 0.0 0.0 0.0 0.0 0.0 0.0 0.0 0.0 0.0 0.0 0.0 0.0 0.0 0.0 0.0 0.0 0.0 0.0 0.0 0.0 0.0 0.0 0.0 0.0 0.0 0.0 0.0 0.0 0.0 0.0 0.0 0.0 0.0 0.0 0.0 0.0 0.0 0.0 0.0 0.0 0.0 0.0 0.0 0.0 0.0 0.0 0.0 0.0 0.0 0.0 0.0 0.0 0.0 0.0 0.0 0.0 0.0 0.0 0.0 0.0 0.0 0.0 0.0 0.0 0.0 0.0 0.0 0.0 0.0 0.0 0.0 0.0 0.0 0.0 0.0 0.0 0.0 0.0 0.0 0.0 0.0 0.0 0.0 0.0 0.0 0.0 0.0 0.0 0.0 0.0 0.0 0.0 0.0 0.0 0.0 0.0 0.0 0.0 0.0 0.0 0.0 0.0 0.0 0.0 0.0 0.0 0.0 0.0 0.0 0.0 0.0 0.0 0.0 0.0 0.0 0.0 0.0 0.0 0.0 0.0 0.0 0.0 0.0 0.0 0.0 0.0 0.0 0.0 0.0 0.0 0.0 0.0 
0.0 0.0 0.0 0.0 0.0 0.0 0.0 0.0 0.0 0.0 0.0 0.0 0.0 0.0 0.0 0.0 0.0 0.0 0.0 0.0 0.0 0.0 0.0 0.0 0.0 0.0 0.0 0.0 0.0 0.0 0.0 0.0 0.0 0.0 0.0 0.0 0.0 0.0 0.0 0.0 0.0 0.0 0.0 0.0 0.0 0.0 0.0 0.0 0.0 0.0 0.0 0.0 0.0 0.0 0.0 0.0 0.0 0.0 0.0 0.0 0.0 0.0 0.0 0.0 0.0 0.0 0.0 0.0 0.0 0.0 0.0 0.0 0.0 0.0 0.0 0.0 0.0 0.0 0.0 0.0 0.0 0.0 0.0 0.0 0.0 0.0 0.0 0.0 0.0 0.0 0.0 0.0 0.0 0.0 0.0 0.0 0.0 0.0 0.0 0.0 0.0 0.0 0.0 0.0 0.0 0.0 0.0 0.0 0.0 0.0 0.0 0.0 0.0 0.0 0.0 0.0 0.0 0.0 0.0 0.0 0.0 0.0 0.0 0.0 0.0 0.0 0.0 0.0 0.0 0.0 0.0 0.0 0.0 0.0 0.0 0.0 0.0 0.0 0.0 0.0 0.0 0.0 0.0 0.0 0.0 0.0 0.0 0.0 0.0 0.0 0.0 0.0 0.0 0.0 0.0 0.0 0.0 0.0 0.0 0.0 0.0 0.0 0.0 0.0 0.0 0.0 0.0 0.0 0.0 0.0 0.0 0.0 0.0 0.0 0.0 0.0 
0.0 0.0 0.0 0.0 0.0 0.0 0.0 0.0 0.0 0.0 0.0 0.0 0.0 0.0 0.0 0.0 0.0 0.0 0.0 0.0 0.0 0.0 0.0 0.0 0.0 0.0 0.0 0.0 0.0 0.0 0.0 0.0 0.0 0.0 0.0 0.0 0.0 0.0 0.0 0.0 0.0 0.0 0.0 0.0 0.0 0.0 0.0 0.0 0.0 0.0 0.0 0.0 0.0 0.0 0.0 0.0 0.0 0.0 0.0 0.0 0.0 0.0 0.0 0.0 0.0 0.0 0.0 0.0 0.0 0.0 0.0 0.0 0.0 0.0 0.0 0.0 0.0 0.0 0.0 0.0 0.0 0.0 0.0 0.0 0.0 0.0 0.0 0.0 0.0 0.0 0.0 0.0 0.0 0.0 0.0 0.0 0.0 0.0 0.0 0.0 0.0 0.0 0.0 0.0 0.0 0.0 0.0 0.0 0.0 0.0 0.0 0.0 0.0 0.0 0.0 0.0 0.0 0.0 0.0 0.0 0.0 0.0 0.0 0.0 0.0 0.0 0.0 0.0 0.0 0.0 0.0 0.0 0.0 0.0 0.0 0.0 0.0 0.0 0.0 0.0 0.0 0.0 0.0 0.0 0.0 0.0 0.0 0.0 0.0 0.0 0.0 0.0 0.0 0.0 0.0 0.0 0.0 0.0 0.0 0.0 0.0 0.0 0.0 0.0 0.0 0.0 0.0 0.0 0.0 0.0 0.0 0.0 0.0 0.0 0.0 0.0 
0.0 0.0 0.0 0.0 0.0 0.0 0.0 0.0 0.0 0.0 0.0 0.0 0.0 0.0 0.0 0.0 0.0 0.0 0.0 0.0 0.0 0.0 0.0 0.0 0.0 0.0 0.0 0.0 0.0 0.0 0.0 0.0 0.0 0.0 0.0 0.0 0.0 0.0 0.0 0.0 0.0 0.0 0.0 0.0 0.0 0.0 0.0 0.0 0.0 0.0 0.0 0.0 0.0 0.0 0.0 0.0 0.0 0.0 0.0 0.0 0.0 0.0 0.0 0.0 0.0 0.0 0.0 0.0 0.0 0.0 0.0 0.0 0.0 0.0 0.0 0.0 0.0 0.0 0.0 0.0 0.0 0.0 0.0 0.0 0.0 0.0 0.0 0.0 0.0 0.0 0.0 0.0 0.0 0.0 0.0 0.0 0.0 0.0 0.0 0.0 0.0 0.0 0.0 0.0 0.0 0.0 0.0 0.0 0.0 0.0 0.0 0.0 0.0 0.0 0.0 0.0 0.0 0.0 0.0 0.0 0.0 0.0 0.0 0.0 0.0 0.0 0.0 0.0 0.0 0.0 0.0 0.0 0.0 0.0 0.0 0.0 0.0 0.0 0.0 0.0 0.0 0.0 0.0 0.0 0.0 0.0 0.0 0.0 0.0 0.0 0.0 0.0 0.0 0.0 0.0 0.0 0.0 0.0 0.0 0.0 0.0 0.0 0.0 0.0 0.0 0.0 0.0 0.0 0.0 0.0 0.0 0.0 0.0 0.0 0.0 0.0 
-0.012036982437320003 -0.00419622798925 0.0016970597436700003 0.0005820694169900001 0.00049152610108 0.00051746068032 1.448443868e-05 0.0 0.0 -1.2715802e-06 0.0 0.0 3.159489135e-05 0.0 0.0 -0.00014027095616 0.0 0.0 0.0010334753186700002 0.0 0.0 0.00040686787998 0.0 0.0 7.097555877999999e-05 0.0 0.0 0.00045047663802 0.0 0.0 -8.944636813e-05 0.0 0.0 -1.221025618e-05 0.0 0.0 0.0 0.0 0.00059388016456 0.0 0.0 0.0 0.0 0.00025345172453000004 0.0 0.0 0.0 0.0 0.00015708117579 0.0 0.0 0.0 0.0 0.0 0.0001567155591 0.0 0.0 0.0 0.0 0.0 0.0 0.00015883659925 0.0 0.0 0.0 0.0 0.0 0.0 6.832985075e-05 0.0 0.0 0.0 0.0 0.0 0.0 0.0 6.67592208e-05 0.0 0.0 0.0 0.0 0.0 0.0 0.0 0.0 1.251135105e-05 0.0 0.0 0.0 0.0 -0.00034041160095999996 -0.00026181256753999996 -0.0023750713314900002 -0.00152312358486 -0.00149736832231 -0.00042041651851 0.0 0.0 4.845905100000001e-07 0.0 0.0 -3.69937727e-06 0.0 0.0 3.9985467299999996e-05 0.0 0.0 -0.00019506671977999999 0.0 0.0 0.0008460717317700001 0.0 0.0 0.0008887004883 0.0 0.0 0.00026458735149 0.0 0.0 1.343482876e-05 0.0 0.0 0.0 0.0 -0.00012855522005999999 0.0 0.0 0.0 0.0 -0.00030260127251 0.0 0.0 0.0 0.0 -0.00023531226311000004 0.0 0.0 0.0 0.0 0.0 -7.72524058e-06 0.0 0.0 0.0 0.0 0.0 0.0 5.533589918000001e-05 0.0 0.0 0.0 0.0 0.0 0.0 9.821341452000002e-05 0.0 0.0 0.0 0.0 0.0 0.0 0.0 -1.3314088100000003e-06 0.0 0.0 0.0 0.0 0.0 0.0 0.0 0.0 -2.7448522780000003e-05 0.0 0.0 0.0 0.0 
0.0 0.0 0.0 0.0 0.0 0.0 0.0 0.0 0.0 0.0 0.0 0.0 0.0 0.0 0.0 0.0 0.0 0.0 0.0 0.0 0.0 0.0 0.0 0.0 0.0 0.0 0.0 0.0 0.0 0.0 0.0 0.0 0.0 0.0 0.0 0.0 0.0 0.0 0.0 0.0 0.0 0.0 0.0 0.0 0.0 0.0 0.0 0.0 0.0 0.0 0.0 0.0 0.0 0.0 0.0 0.0 0.0 0.0 0.0 0.0 0.0 0.0 0.0 0.0 0.0 0.0 0.0 0.0 0.0 0.0 0.0 0.0 0.0 0.0 0.0 0.0 0.0 0.0 0.0 0.0 0.0 0.0 0.0 0.0 0.0 0.0 0.0 0.0 0.0 0.0 0.0 0.0 0.0 0.0 0.0 0.0 0.0 0.0 0.0 0.0 0.0 0.0 0.0 0.0 0.0 0.0 0.0 0.0 0.0 0.0 0.0 0.0 0.0 0.0 0.0 0.0 0.0 0.0 0.0 0.0 0.0 0.0 0.0 0.0 0.0 0.0 0.0 0.0 0.0 0.0 0.0 0.0 0.0 0.0 0.0 0.0 0.0 0.0 0.0 0.0 0.0 0.0 0.0 0.0 0.0 0.0 0.0 0.0 0.0 0.0 0.0 0.0 0.0 0.0 0.0 0.0 0.0 0.0 0.0 0.0 0.0 0.0 0.0 0.0 0.0 0.0 0.0 0.0 0.0 0.0 0.0 0.0 0.0 0.0 0.0 0.0 
0.0 0.0 0.0 0.0 0.0 0.0 0.0 0.0 0.0 0.0 0.0 0.0 0.0 0.0 0.0 0.0 0.0 0.0 0.0 0.0 0.0 0.0 0.0 0.0 0.0 0.0 0.0 0.0 0.0 0.0 0.0 0.0 0.0 0.0 0.0 0.0 0.0 0.0 0.0 0.0 0.0 0.0 0.0 0.0 0.0 0.0 0.0 0.0 0.0 0.0 0.0 0.0 0.0 0.0 0.0 0.0 0.0 0.0 0.0 0.0 0.0 0.0 0.0 0.0 0.0 0.0 0.0 0.0 0.0 0.0 0.0 0.0 0.0 0.0 0.0 0.0 0.0 0.0 0.0 0.0 0.0 0.0 0.0 0.0 0.0 0.0 0.0 0.0 0.0 0.0 0.0 0.0 0.0 0.0 0.0 0.0 0.0 0.0 0.0 0.0 0.0 0.0 0.0 0.0 0.0 0.0 0.0 0.0 0.0 0.0 0.0 0.0 0.0 0.0 0.0 0.0 0.0 0.0 0.0 0.0 0.0 0.0 0.0 0.0 0.0 0.0 0.0 0.0 0.0 0.0 0.0 0.0 0.0 0.0 0.0 0.0 0.0 0.0 0.0 0.0 0.0 0.0 0.0 0.0 0.0 0.0 0.0 0.0 0.0 0.0 0.0 0.0 0.0 0.0 0.0 0.0 0.0 0.0 0.0 0.0 0.0 0.0 0.0 0.0 0.0 0.0 0.0 0.0 0.0 0.0 0.0 0.0 0.0 0.0 0.0 0.0 
0.0 0.0 0.0 0.0 0.0 0.0 0.0 0.0 0.0 0.0 0.0 0.0 0.0 0.0 0.0 0.0 0.0 0.0 0.0 0.0 0.0 0.0 0.0 0.0 0.0 0.0 0.0 0.0 0.0 0.0 0.0 0.0 0.0 0.0 0.0 0.0 0.0 0.0 0.0 0.0 0.0 0.0 0.0 0.0 0.0 0.0 0.0 0.0 0.0 0.0 0.0 0.0 0.0 0.0 0.0 0.0 0.0 0.0 0.0 0.0 0.0 0.0 0.0 0.0 0.0 0.0 0.0 0.0 0.0 0.0 0.0 0.0 0.0 0.0 0.0 0.0 0.0 0.0 0.0 0.0 0.0 0.0 0.0 0.0 0.0 0.0 0.0 0.0 0.0 0.0 0.0 0.0 0.0 0.0 0.0 0.0 0.0 0.0 0.0 0.0 0.0 0.0 0.0 0.0 0.0 0.0 0.0 0.0 0.0 0.0 0.0 0.0 0.0 0.0 0.0 0.0 0.0 0.0 0.0 0.0 0.0 0.0 0.0 0.0 0.0 0.0 0.0 0.0 0.0 0.0 0.0 0.0 0.0 0.0 0.0 0.0 0.0 0.0 0.0 0.0 0.0 0.0 0.0 0.0 0.0 0.0 0.0 0.0 0.0 0.0 0.0 0.0 0.0 0.0 0.0 0.0 0.0 0.0 0.0 0.0 0.0 0.0 0.0 0.0 0.0 0.0 0.0 0.0 0.0 0.0 0.0 0.0 0.0 0.0 0.0 0.0 
0.0 0.0 0.0 0.0 0.0 0.0 0.0 0.0 0.0 0.0 0.0 0.0 0.0 0.0 0.0 0.0 0.0 0.0 0.0 0.0 0.0 0.0 0.0 0.0 0.0 0.0 0.0 0.0 0.0 0.0 0.0 0.0 0.0 0.0 0.0 0.0 0.0 0.0 0.0 0.0 0.0 0.0 0.0 0.0 0.0 0.0 0.0 0.0 0.0 0.0 0.0 0.0 0.0 0.0 0.0 0.0 0.0 0.0 0.0 0.0 0.0 0.0 0.0 0.0 0.0 0.0 0.0 0.0 0.0 0.0 0.0 0.0 0.0 0.0 0.0 0.0 0.0 0.0 0.0 0.0 0.0 0.0 0.0 0.0 0.0 0.0 0.0 0.0 0.0 0.0 0.0 0.0 0.0 0.0 0.0 0.0 0.0 0.0 0.0 0.0 0.0 0.0 0.0 0.0 0.0 0.0 0.0 0.0 0.0 0.0 0.0 0.0 0.0 0.0 0.0 0.0 0.0 0.0 0.0 0.0 0.0 0.0 0.0 0.0 0.0 0.0 0.0 0.0 0.0 0.0 0.0 0.0 0.0 0.0 0.0 0.0 0.0 0.0 0.0 0.0 0.0 0.0 0.0 0.0 0.0 0.0 0.0 0.0 0.0 0.0 0.0 0.0 0.0 0.0 0.0 0.0 0.0 0.0 0.0 0.0 0.0 0.0 0.0 0.0 0.0 0.0 0.0 0.0 0.0 0.0 0.0 0.0 0.0 0.0 0.0 0.0 
-0.006312283048610001 -0.0017343126966000001 0.00076677259901 -2.463546503000003e-05 0.00066956464619 0.00037586968276 8.08908804e-06 0.0 0.0 -9.51431635e-06 0.0 0.0 -2.263374025e-05 0.0 0.0 -0.00019447626968000002 0.0 0.0 0.00028890182981000006 0.0 0.0 1.194038164000002e-05 0.0 0.0 0.00021985791729 0.0 0.0 0.00029421561136 0.0 0.0 -4.095908509e-05 0.0 0.0 -1.2982096490000001e-05 0.0 0.0 0.0 0.0 0.00028782540523000007 0.0 0.0 0.0 0.0 0.00015708117579 0.0 0.0 0.0 0.0 0.00012386199122000003 0.0 0.0 0.0 0.0 0.0 8.276086995e-05 0.0 0.0 0.0 0.0 0.0 0.0 8.64841802e-05 0.0 0.0 0.0 0.0 0.0 0.0 3.50493022e-05 0.0 0.0 0.0 0.0 0.0 0.0 0.0 3.52027676e-05 0.0 0.0 0.0 0.0 0.0 0.0 0.0 0.0 5.07264175e-06 0.0 0.0 0.0 0.0 -0.0008111201981300001 -0.0009350341843700001 -0.0027129636096200004 -0.00244845798263 -0.0024398759894300004 -0.00032744238043 0.0 0.0 3.7001503e-07 0.0 0.0 -1.47779621e-06 0.0 0.0 2.897593655e-05 0.0 0.0 -0.00010958233814 0.0 0.0 0.00054814298451 0.0 0.0 0.0006931145221 0.0 0.0 0.0004965902179700001 0.0 0.0 7.854111430000001e-06 0.0 0.0 0.0 0.0 -8.150421708000001e-05 0.0 0.0 0.0 0.0 -0.00019202785888000002 0.0 0.0 0.0 0.0 -0.00015272903778000002 0.0 0.0 0.0 0.0 0.0 -5.25327374e-06 0.0 0.0 0.0 0.0 0.0 0.0 3.6879358890000004e-05 0.0 0.0 0.0 0.0 0.0 0.0 3.953201186e-05 0.0 0.0 0.0 0.0 0.0 0.0 0.0 -9.268289800000002e-07 0.0 0.0 0.0 0.0 0.0 0.0 0.0 0.0 -9.577636640000002e-06 0.0 0.0 0.0 0.0 
0.0 0.0 0.0 0.0 0.0 0.0 0.0 0.0 0.0 0.0 0.0 0.0 0.0 0.0 0.0 0.0 0.0 0.0 0.0 0.0 0.0 0.0 0.0 0.0 0.0 0.0 0.0 0.0 0.0 0.0 0.0 0.0 0.0 0.0 0.0 0.0 0.0 0.0 0.0 0.0 0.0 0.0 0.0 0.0 0.0 0.0 0.0 0.0 0.0 0.0 0.0 0.0 0.0 0.0 0.0 0.0 0.0 0.0 0.0 0.0 0.0 0.0 0.0 0.0 0.0 0.0 0.0 0.0 0.0 0.0 0.0 0.0 0.0 0.0 0.0 0.0 0.0 0.0 0.0 0.0 0.0 0.0 0.0 0.0 0.0 0.0 0.0 0.0 0.0 0.0 0.0 0.0 0.0 0.0 0.0 0.0 0.0 0.0 0.0 0.0 0.0 0.0 0.0 0.0 0.0 0.0 0.0 0.0 0.0 0.0 0.0 0.0 0.0 0.0 0.0 0.0 0.0 0.0 0.0 0.0 0.0 0.0 0.0 0.0 0.0 0.0 0.0 0.0 0.0 0.0 0.0 0.0 0.0 0.0 0.0 0.0 0.0 0.0 0.0 0.0 0.0 0.0 0.0 0.0 0.0 0.0 0.0 0.0 0.0 0.0 0.0 0.0 0.0 0.0 0.0 0.0 0.0 0.0 0.0 0.0 0.0 0.0 0.0 0.0 0.0 0.0 0.0 0.0 0.0 0.0 0.0 0.0 0.0 0.0 0.0 0.0 
0.0 0.0 0.0 0.0 0.0 0.0 0.0 0.0 0.0 0.0 0.0 0.0 0.0 0.0 0.0 0.0 0.0 0.0 0.0 0.0 0.0 0.0 0.0 0.0 0.0 0.0 0.0 0.0 0.0 0.0 0.0 0.0 0.0 0.0 0.0 0.0 0.0 0.0 0.0 0.0 0.0 0.0 0.0 0.0 0.0 0.0 0.0 0.0 0.0 0.0 0.0 0.0 0.0 0.0 0.0 0.0 0.0 0.0 0.0 0.0 0.0 0.0 0.0 0.0 0.0 0.0 0.0 0.0 0.0 0.0 0.0 0.0 0.0 0.0 0.0 0.0 0.0 0.0 0.0 0.0 0.0 0.0 0.0 0.0 0.0 0.0 0.0 0.0 0.0 0.0 0.0 0.0 0.0 0.0 0.0 0.0 0.0 0.0 0.0 0.0 0.0 0.0 0.0 0.0 0.0 0.0 0.0 0.0 0.0 0.0 0.0 0.0 0.0 0.0 0.0 0.0 0.0 0.0 0.0 0.0 0.0 0.0 0.0 0.0 0.0 0.0 0.0 0.0 0.0 0.0 0.0 0.0 0.0 0.0 0.0 0.0 0.0 0.0 0.0 0.0 0.0 0.0 0.0 0.0 0.0 0.0 0.0 0.0 0.0 0.0 0.0 0.0 0.0 0.0 0.0 0.0 0.0 0.0 0.0 0.0 0.0 0.0 0.0 0.0 0.0 0.0 0.0 0.0 0.0 0.0 0.0 0.0 0.0 0.0 0.0 0.0 
0.0 0.0 0.0 0.0 0.0 0.0 0.0 0.0 0.0 0.0 0.0 0.0 0.0 0.0 0.0 0.0 0.0 0.0 0.0 0.0 0.0 0.0 0.0 0.0 0.0 0.0 0.0 0.0 0.0 0.0 0.0 0.0 0.0 0.0 0.0 0.0 0.0 0.0 0.0 0.0 0.0 0.0 0.0 0.0 0.0 0.0 0.0 0.0 0.0 0.0 0.0 0.0 0.0 0.0 0.0 0.0 0.0 0.0 0.0 0.0 0.0 0.0 0.0 0.0 0.0 0.0 0.0 0.0 0.0 0.0 0.0 0.0 0.0 0.0 0.0 0.0 0.0 0.0 0.0 0.0 0.0 0.0 0.0 0.0 0.0 0.0 0.0 0.0 0.0 0.0 0.0 0.0 0.0 0.0 0.0 0.0 0.0 0.0 0.0 0.0 0.0 0.0 0.0 0.0 0.0 0.0 0.0 0.0 0.0 0.0 0.0 0.0 0.0 0.0 0.0 0.0 0.0 0.0 0.0 0.0 0.0 0.0 0.0 0.0 0.0 0.0 0.0 0.0 0.0 0.0 0.0 0.0 0.0 0.0 0.0 0.0 0.0 0.0 0.0 0.0 0.0 0.0 0.0 0.0 0.0 0.0 0.0 0.0 0.0 0.0 0.0 0.0 0.0 0.0 0.0 0.0 0.0 0.0 0.0 0.0 0.0 0.0 0.0 0.0 0.0 0.0 0.0 0.0 0.0 0.0 0.0 0.0 0.0 0.0 0.0 0.0 
0.0 0.0 0.0 0.0 0.0 0.0 0.0 0.0 0.0 0.0 0.0 0.0 0.0 0.0 0.0 0.0 0.0 0.0 0.0 0.0 0.0 0.0 0.0 0.0 0.0 0.0 0.0 0.0 0.0 0.0 0.0 0.0 0.0 0.0 0.0 0.0 0.0 0.0 0.0 0.0 0.0 0.0 0.0 0.0 0.0 0.0 0.0 0.0 0.0 0.0 0.0 0.0 0.0 0.0 0.0 0.0 0.0 0.0 0.0 0.0 0.0 0.0 0.0 0.0 0.0 0.0 0.0 0.0 0.0 0.0 0.0 0.0 0.0 0.0 0.0 0.0 0.0 0.0 0.0 0.0 0.0 0.0 0.0 0.0 0.0 0.0 0.0 0.0 0.0 0.0 0.0 0.0 0.0 0.0 0.0 0.0 0.0 0.0 0.0 0.0 0.0 0.0 0.0 0.0 0.0 0.0 0.0 0.0 0.0 0.0 0.0 0.0 0.0 0.0 0.0 0.0 0.0 0.0 0.0 0.0 0.0 0.0 0.0 0.0 0.0 0.0 0.0 0.0 0.0 0.0 0.0 0.0 0.0 0.0 0.0 0.0 0.0 0.0 0.0 0.0 0.0 0.0 0.0 0.0 0.0 0.0 0.0 0.0 0.0 0.0 0.0 0.0 0.0 0.0 0.0 0.0 0.0 0.0 0.0 0.0 0.0 0.0 0.0 0.0 0.0 0.0 0.0 0.0 0.0 0.0 0.0 0.0 0.0 0.0 0.0 0.0 
0.0 0.0 0.0 0.0 0.0 0.0 0.0 0.0 0.0 0.0 0.0 0.0 0.0 0.0 0.0 0.0 0.0 0.0 0.0 0.0 0.0 0.0 0.0 0.0 0.0 0.0 0.0 0.0 0.0 0.0 0.0 0.0 0.0 0.0 0.0 0.0 0.0 0.0 0.0 0.0 0.0 0.0 0.0 0.0 0.0 0.0 0.0 0.0 0.0 0.0 0.0 0.0 0.0 0.0 0.0 0.0 0.0 0.0 0.0 0.0 0.0 0.0 0.0 0.0 0.0 0.0 0.0 0.0 0.0 0.0 0.0 0.0 0.0 0.0 0.0 0.0 0.0 0.0 0.0 0.0 0.0 0.0 0.0 0.0 0.0 0.0 0.0 0.0 0.0 0.0 0.0 0.0 0.0 0.0 0.0 0.0 0.0 0.0 0.0 0.0 0.0 0.0 0.0 0.0 0.0 0.0 0.0 0.0 0.0 0.0 0.0 0.0 0.0 0.0 0.0 0.0 0.0 0.0 0.0 0.0 0.0 0.0 0.0 0.0 0.0 0.0 0.0 0.0 0.0 0.0 0.0 0.0 0.0 0.0 0.0 0.0 0.0 0.0 0.0 0.0 0.0 0.0 0.0 0.0 0.0 0.0 0.0 0.0 0.0 0.0 0.0 0.0 0.0 0.0 0.0 0.0 0.0 0.0 0.0 0.0 0.0 0.0 0.0 0.0 0.0 0.0 0.0 0.0 0.0 0.0 0.0 0.0 0.0 0.0 0.0 0.0 
-0.00806485637733 -0.0030641727876300003 0.00120379866126 0.00056877039462 0.00010614403635 0.0002900620794 9.43729704e-06 0.0 0.0 3.94301805e-06 0.0 0.0 4.241487696e-05 0.0 0.0 -2.8450209840000004e-05 0.0 0.0 0.0008295837153000001 0.0 0.0 0.00038176794029999995 0.0 0.0 -5.142828465e-05 0.0 0.0 0.0002703981819 0.0 0.0 -6.31528212e-05 0.0 0.0 -4.615425149999999e-06 0.0 0.0 0.0 0.0 0.00041069911287 0.0 0.0 0.0 0.0 0.0001567155591 0.0 0.0 0.0 0.0 8.276086995e-05 0.0 0.0 0.0 0.0 0.0 0.00010468715336999999 0.0 0.0 0.0 0.0 0.0 0.0 0.00010469319531 0.0 0.0 0.0 0.0 0.0 0.0 4.620600381e-05 0.0 0.0 0.0 0.0 0.0 0.0 0.0 4.4624114159999994e-05 0.0 0.0 0.0 0.0 0.0 0.0 0.0 0.0 9.189341579999999e-06 0.0 0.0 0.0 0.0 0.00011476901486999999 0.00025692574953 -0.0007960095024900001 -0.00012642022796999997 -0.00010649528447999993 -0.00022370680919999998 0.0 0.0 2.6186988e-07 0.0 0.0 -2.72909238e-06 0.0 0.0 2.2450908569999997e-05 0.0 0.0 -0.00012674621867999998 0.0 0.0 0.00051026221962 0.0 0.0 0.0004723704267599999 0.0 0.0 -1.6658957280000012e-05 0.0 0.0 8.563092149999998e-06 0.0 0.0 0.0 0.0 -7.849721069999999e-05 0.0 0.0 0.0 0.0 -0.00018467505920999997 0.0 0.0 0.0 0.0 -0.00014176530999 0.0 0.0 0.0 0.0 0.0 -4.52447124e-06 0.0 0.0 0.0 0.0 0.0 0.0 3.281517207e-05 0.0 0.0 0.0 0.0 0.0 0.0 7.22918787e-05 0.0 0.0 0.0 0.0 0.0 0.0 0.0 -7.6814517e-07 0.0 0.0 0.0 0.0 0.0 0.0 0.0 0.0 -2.1001077779999998e-05 0.0 0.0 0.0 0.0 
0.0 0.0 0.0 0.0 0.0 0.0 0.0 0.0 0.0 0.0 0.0 0.0 0.0 0.0 0.0 0.0 0.0 0.0 0.0 0.0 0.0 0.0 0.0 0.0 0.0 0.0 0.0 0.0 0.0 0.0 0.0 0.0 0.0 0.0 0.0 0.0 0.0 0.0 0.0 0.0 0.0 0.0 0.0 0.0 0.0 0.0 0.0 0.0 0.0 0.0 0.0 0.0 0.0 0.0 0.0 0.0 0.0 0.0 0.0 0.0 0.0 0.0 0.0 0.0 0.0 0.0 0.0 0.0 0.0 0.0 0.0 0.0 0.0 0.0 0.0 0.0 0.0 0.0 0.0 0.0 0.0 0.0 0.0 0.0 0.0 0.0 0.0 0.0 0.0 0.0 0.0 0.0 0.0 0.0 0.0 0.0 0.0 0.0 0.0 0.0 0.0 0.0 0.0 0.0 0.0 0.0 0.0 0.0 0.0 0.0 0.0 0.0 0.0 0.0 0.0 0.0 0.0 0.0 0.0 0.0 0.0 0.0 0.0 0.0 0.0 0.0 0.0 0.0 0.0 0.0 0.0 0.0 0.0 0.0 0.0 0.0 0.0 0.0 0.0 0.0 0.0 0.0 0.0 0.0 0.0 0.0 0.0 0.0 0.0 0.0 0.0 0.0 0.0 0.0 0.0 0.0 0.0 0.0 0.0 0.0 0.0 0.0 0.0 0.0 0.0 0.0 0.0 0.0 0.0 0.0 0.0 0.0 0.0 0.0 0.0 0.0 
0.0 0.0 0.0 0.0 0.0 0.0 0.0 0.0 0.0 0.0 0.0 0.0 0.0 0.0 0.0 0.0 0.0 0.0 0.0 0.0 0.0 0.0 0.0 0.0 0.0 0.0 0.0 0.0 0.0 0.0 0.0 0.0 0.0 0.0 0.0 0.0 0.0 0.0 0.0 0.0 0.0 0.0 0.0 0.0 0.0 0.0 0.0 0.0 0.0 0.0 0.0 0.0 0.0 0.0 0.0 0.0 0.0 0.0 0.0 0.0 0.0 0.0 0.0 0.0 0.0 0.0 0.0 0.0 0.0 0.0 0.0 0.0 0.0 0.0 0.0 0.0 0.0 0.0 0.0 0.0 0.0 0.0 0.0 0.0 0.0 0.0 0.0 0.0 0.0 0.0 0.0 0.0 0.0 0.0 0.0 0.0 0.0 0.0 0.0 0.0 0.0 0.0 0.0 0.0 0.0 0.0 0.0 0.0 0.0 0.0 0.0 0.0 0.0 0.0 0.0 0.0 0.0 0.0 0.0 0.0 0.0 0.0 0.0 0.0 0.0 0.0 0.0 0.0 0.0 0.0 0.0 0.0 0.0 0.0 0.0 0.0 0.0 0.0 0.0 0.0 0.0 0.0 0.0 0.0 0.0 0.0 0.0 0.0 0.0 0.0 0.0 0.0 0.0 0.0 0.0 0.0 0.0 0.0 0.0 0.0 0.0 0.0 0.0 0.0 0.0 0.0 0.0 0.0 0.0 0.0 0.0 0.0 0.0 0.0 0.0 0.0 
0.0 0.0 0.0 0.0 0.0 0.0 0.0 0.0 0.0 0.0 0.0 0.0 0.0 0.0 0.0 0.0 0.0 0.0 0.0 0.0 0.0 0.0 0.0 0.0 0.0 0.0 0.0 0.0 0.0 0.0 0.0 0.0 0.0 0.0 0.0 0.0 0.0 0.0 0.0 0.0 0.0 0.0 0.0 0.0 0.0 0.0 0.0 0.0 0.0 0.0 0.0 0.0 0.0 0.0 0.0 0.0 0.0 0.0 0.0 0.0 0.0 0.0 0.0 0.0 0.0 0.0 0.0 0.0 0.0 0.0 0.0 0.0 0.0 0.0 0.0 0.0 0.0 0.0 0.0 0.0 0.0 0.0 0.0 0.0 0.0 0.0 0.0 0.0 0.0 0.0 0.0 0.0 0.0 0.0 0.0 0.0 0.0 0.0 0.0 0.0 0.0 0.0 0.0 0.0 0.0 0.0 0.0 0.0 0.0 0.0 0.0 0.0 0.0 0.0 0.0 0.0 0.0 0.0 0.0 0.0 0.0 0.0 0.0 0.0 0.0 0.0 0.0 0.0 0.0 0.0 0.0 0.0 0.0 0.0 0.0 0.0 0.0 0.0 0.0 0.0 0.0 0.0 0.0 0.0 0.0 0.0 0.0 0.0 0.0 0.0 0.0 0.0 0.0 0.0 0.0 0.0 0.0 0.0 0.0 0.0 0.0 0.0 0.0 0.0 0.0 0.0 0.0 0.0 0.0 0.0 0.0 0.0 0.0 0.0 0.0 0.0 
0.0 0.0 0.0 0.0 0.0 0.0 0.0 0.0 0.0 0.0 0.0 0.0 0.0 0.0 0.0 0.0 0.0 0.0 0.0 0.0 0.0 0.0 0.0 0.0 0.0 0.0 0.0 0.0 0.0 0.0 0.0 0.0 0.0 0.0 0.0 0.0 0.0 0.0 0.0 0.0 0.0 0.0 0.0 0.0 0.0 0.0 0.0 0.0 0.0 0.0 0.0 0.0 0.0 0.0 0.0 0.0 0.0 0.0 0.0 0.0 0.0 0.0 0.0 0.0 0.0 0.0 0.0 0.0 0.0 0.0 0.0 0.0 0.0 0.0 0.0 0.0 0.0 0.0 0.0 0.0 0.0 0.0 0.0 0.0 0.0 0.0 0.0 0.0 0.0 0.0 0.0 0.0 0.0 0.0 0.0 0.0 0.0 0.0 0.0 0.0 0.0 0.0 0.0 0.0 0.0 0.0 0.0 0.0 0.0 0.0 0.0 0.0 0.0 0.0 0.0 0.0 0.0 0.0 0.0 0.0 0.0 0.0 0.0 0.0 0.0 0.0 0.0 0.0 0.0 0.0 0.0 0.0 0.0 0.0 0.0 0.0 0.0 0.0 0.0 0.0 0.0 0.0 0.0 0.0 0.0 0.0 0.0 0.0 0.0 0.0 0.0 0.0 0.0 0.0 0.0 0.0 0.0 0.0 0.0 0.0 0.0 0.0 0.0 0.0 0.0 0.0 0.0 0.0 0.0 0.0 0.0 0.0 0.0 0.0 0.0 0.0 
0.0 0.0 0.0 0.0 0.0 0.0 0.0 0.0 0.0 0.0 0.0 0.0 0.0 0.0 0.0 0.0 0.0 0.0 0.0 0.0 0.0 0.0 0.0 0.0 0.0 0.0 0.0 0.0 0.0 0.0 0.0 0.0 0.0 0.0 0.0 0.0 0.0 0.0 0.0 0.0 0.0 0.0 0.0 0.0 0.0 0.0 0.0 0.0 0.0 0.0 0.0 0.0 0.0 0.0 0.0 0.0 0.0 0.0 0.0 0.0 0.0 0.0 0.0 0.0 0.0 0.0 0.0 0.0 0.0 0.0 0.0 0.0 0.0 0.0 0.0 0.0 0.0 0.0 0.0 0.0 0.0 0.0 0.0 0.0 0.0 0.0 0.0 0.0 0.0 0.0 0.0 0.0 0.0 0.0 0.0 0.0 0.0 0.0 0.0 0.0 0.0 0.0 0.0 0.0 0.0 0.0 0.0 0.0 0.0 0.0 0.0 0.0 0.0 0.0 0.0 0.0 0.0 0.0 0.0 0.0 0.0 0.0 0.0 0.0 0.0 0.0 0.0 0.0 0.0 0.0 0.0 0.0 0.0 0.0 0.0 0.0 0.0 0.0 0.0 0.0 0.0 0.0 0.0 0.0 0.0 0.0 0.0 0.0 0.0 0.0 0.0 0.0 0.0 0.0 0.0 0.0 0.0 0.0 0.0 0.0 0.0 0.0 0.0 0.0 0.0 0.0 0.0 0.0 0.0 0.0 0.0 0.0 0.0 0.0 0.0 0.0 
0.0 0.0 0.0 0.0 0.0 0.0 0.0 0.0 0.0 0.0 0.0 0.0 0.0 0.0 0.0 0.0 0.0 0.0 0.0 0.0 0.0 0.0 0.0 0.0 0.0 0.0 0.0 0.0 0.0 0.0 0.0 0.0 0.0 0.0 0.0 0.0 0.0 0.0 0.0 0.0 0.0 0.0 0.0 0.0 0.0 0.0 0.0 0.0 0.0 0.0 0.0 0.0 0.0 0.0 0.0 0.0 0.0 0.0 0.0 0.0 0.0 0.0 0.0 0.0 0.0 0.0 0.0 0.0 0.0 0.0 0.0 0.0 0.0 0.0 0.0 0.0 0.0 0.0 0.0 0.0 0.0 0.0 0.0 0.0 0.0 0.0 0.0 0.0 0.0 0.0 0.0 0.0 0.0 0.0 0.0 0.0 0.0 0.0 0.0 0.0 0.0 0.0 0.0 0.0 0.0 0.0 0.0 0.0 0.0 0.0 0.0 0.0 0.0 0.0 0.0 0.0 0.0 0.0 0.0 0.0 0.0 0.0 0.0 0.0 0.0 0.0 0.0 0.0 0.0 0.0 0.0 0.0 0.0 0.0 0.0 0.0 0.0 0.0 0.0 0.0 0.0 0.0 0.0 0.0 0.0 0.0 0.0 0.0 0.0 0.0 0.0 0.0 0.0 0.0 0.0 0.0 0.0 0.0 0.0 0.0 0.0 0.0 0.0 0.0 0.0 0.0 0.0 0.0 0.0 0.0 0.0 0.0 0.0 0.0 0.0 0.0 
-0.008061285882090001 -0.00302056329794 0.00119210224843 0.00053862229391 0.00014341833174999998 0.00029940520899999996 9.47782972e-06 0.0 0.0 3.1394366499999997e-06 0.0 0.0 3.8843245729999995e-05 0.0 0.0 -3.939616632e-05 0.0 0.0 0.00080628193595 0.0 0.0 0.0003633441315999999 0.0 0.0 -3.485330575e-05 0.0 0.0 0.00027553332699999995 0.0 0.0 -6.258587055e-05 0.0 0.0 -5.20962265e-06 0.0 0.0 0.0 0.0 0.00040837756671 0.0 0.0 0.0 0.0 0.00015883659925 0.0 0.0 0.0 0.0 8.64841802e-05 0.0 0.0 0.0 0.0 0.0 0.00010469319531 0.0 0.0 0.0 0.0 0.0 0.0 0.00010493586778 0.0 0.0 0.0 0.0 0.0 0.0 4.6114550780000004e-05 0.0 0.0 0.0 0.0 0.0 0.0 0.0 4.4621916079999996e-05 0.0 0.0 0.0 0.0 0.0 0.0 0.0 0.0 9.050381289999999e-06 0.0 0.0 0.0 0.0 5.7386017909999997e-05 0.00018451414178999998 -0.0009286508187199999 -0.00027587614750999997 -0.00025640630388999995 -0.00023330256825000002 0.0 0.0 2.7225709e-07 0.0 0.0 -2.68599699e-06 0.0 0.0 2.3166655909999997e-05 0.0 0.0 -0.00012735059754 0.0 0.0 0.0005195030786100001 0.0 0.0 0.00049274064238 0.0 0.0 1.577883670999999e-05 0.0 0.0 8.632600349999998e-06 0.0 0.0 0.0 0.0 -7.973931599999999e-05 0.0 0.0 0.0 0.0 -0.00018761499338 0.0 0.0 0.0 0.0 -0.00014436064252000002 0.0 0.0 0.0 0.0 0.0 -4.63141282e-06 0.0 0.0 0.0 0.0 0.0 0.0 3.3513057610000005e-05 0.0 0.0 0.0 0.0 0.0 0.0 7.117488290000001e-05 0.0 0.0 0.0 0.0 0.0 0.0 0.0 -7.8852536e-07 0.0 0.0 0.0 0.0 0.0 0.0 0.0 0.0 -2.055526084e-05 0.0 0.0 0.0 0.0 
0.0 0.0 0.0 0.0 0.0 0.0 0.0 0.0 0.0 0.0 0.0 0.0 0.0 0.0 0.0 0.0 0.0 0.0 0.0 0.0 0.0 0.0 0.0 0.0 0.0 0.0 0.0 0.0 0.0 0.0 0.0 0.0 0.0 0.0 0.0 0.0 0.0 0.0 0.0 0.0 0.0 0.0 0.0 0.0 0.0 0.0 0.0 0.0 0.0 0.0 0.0 0.0 0.0 0.0 0.0 0.0 0.0 0.0 0.0 0.0 0.0 0.0 0.0 0.0 0.0 0.0 0.0 0.0 0.0 0.0 0.0 0.0 0.0 0.0 0.0 0.0 0.0 0.0 0.0 0.0 0.0 0.0 0.0 0.0 0.0 0.0 0.0 0.0 0.0 0.0 0.0 0.0 0.0 0.0 0.0 0.0 0.0 0.0 0.0 0.0 0.0 0.0 0.0 0.0 0.0 0.0 0.0 0.0 0.0 0.0 0.0 0.0 0.0 0.0 0.0 0.0 0.0 0.0 0.0 0.0 0.0 0.0 0.0 0.0 0.0 0.0 0.0 0.0 0.0 0.0 0.0 0.0 0.0 0.0 0.0 0.0 0.0 0.0 0.0 0.0 0.0 0.0 0.0 0.0 0.0 0.0 0.0 0.0 0.0 0.0 0.0 0.0 0.0 0.0 0.0 0.0 0.0 0.0 0.0 0.0 0.0 0.0 0.0 0.0 0.0 0.0 0.0 0.0 0.0 0.0 0.0 0.0 0.0 0.0 0.0 0.0 
0.0 0.0 0.0 0.0 0.0 0.0 0.0 0.0 0.0 0.0 0.0 0.0 0.0 0.0 0.0 0.0 0.0 0.0 0.0 0.0 0.0 0.0 0.0 0.0 0.0 0.0 0.0 0.0 0.0 0.0 0.0 0.0 0.0 0.0 0.0 0.0 0.0 0.0 0.0 0.0 0.0 0.0 0.0 0.0 0.0 0.0 0.0 0.0 0.0 0.0 0.0 0.0 0.0 0.0 0.0 0.0 0.0 0.0 0.0 0.0 0.0 0.0 0.0 0.0 0.0 0.0 0.0 0.0 0.0 0.0 0.0 0.0 0.0 0.0 0.0 0.0 0.0 0.0 0.0 0.0 0.0 0.0 0.0 0.0 0.0 0.0 0.0 0.0 0.0 0.0 0.0 0.0 0.0 0.0 0.0 0.0 0.0 0.0 0.0 0.0 0.0 0.0 0.0 0.0 0.0 0.0 0.0 0.0 0.0 0.0 0.0 0.0 0.0 0.0 0.0 0.0 0.0 0.0 0.0 0.0 0.0 0.0 0.0 0.0 0.0 0.0 0.0 0.0 0.0 0.0 0.0 0.0 0.0 0.0 0.0 0.0 0.0 0.0 0.0 0.0 0.0 0.0 0.0 0.0 0.0 0.0 0.0 0.0 0.0 0.0 0.0 0.0 0.0 0.0 0.0 0.0 0.0 0.0 0.0 0.0 0.0 0.0 0.0 0.0 0.0 0.0 0.0 0.0 0.0 0.0 0.0 0.0 0.0 0.0 0.0 0.0 
0.0 0.0 0.0 0.0 0.0 0.0 0.0 0.0 0.0 0.0 0.0 0.0 0.0 0.0 0.0 0.0 0.0 0.0 0.0 0.0 0.0 0.0 0.0 0.0 0.0 0.0 0.0 0.0 0.0 0.0 0.0 0.0 0.0 0.0 0.0 0.0 0.0 0.0 0.0 0.0 0.0 0.0 0.0 0.0 0.0 0.0 0.0 0.0 0.0 0.0 0.0 0.0 0.0 0.0 0.0 0.0 0.0 0.0 0.0 0.0 0.0 0.0 0.0 0.0 0.0 0.0 0.0 0.0 0.0 0.0 0.0 0.0 0.0 0.0 0.0 0.0 0.0 0.0 0.0 0.0 0.0 0.0 0.0 0.0 0.0 0.0 0.0 0.0 0.0 0.0 0.0 0.0 0.0 0.0 0.0 0.0 0.0 0.0 0.0 0.0 0.0 0.0 0.0 0.0 0.0 0.0 0.0 0.0 0.0 0.0 0.0 0.0 0.0 0.0 0.0 0.0 0.0 0.0 0.0 0.0 0.0 0.0 0.0 0.0 0.0 0.0 0.0 0.0 0.0 0.0 0.0 0.0 0.0 0.0 0.0 0.0 0.0 0.0 0.0 0.0 0.0 0.0 0.0 0.0 0.0 0.0 0.0 0.0 0.0 0.0 0.0 0.0 0.0 0.0 0.0 0.0 0.0 0.0 0.0 0.0 0.0 0.0 0.0 0.0 0.0 0.0 0.0 0.0 0.0 0.0 0.0 0.0 0.0 0.0 0.0 0.0 
0.0 0.0 0.0 0.0 0.0 0.0 0.0 0.0 0.0 0.0 0.0 0.0 0.0 0.0 0.0 0.0 0.0 0.0 0.0 0.0 0.0 0.0 0.0 0.0 0.0 0.0 0.0 0.0 0.0 0.0 0.0 0.0 0.0 0.0 0.0 0.0 0.0 0.0 0.0 0.0 0.0 0.0 0.0 0.0 0.0 0.0 0.0 0.0 0.0 0.0 0.0 0.0 0.0 0.0 0.0 0.0 0.0 0.0 0.0 0.0 0.0 0.0 0.0 0.0 0.0 0.0 0.0 0.0 0.0 0.0 0.0 0.0 0.0 0.0 0.0 0.0 0.0 0.0 0.0 0.0 0.0 0.0 0.0 0.0 0.0 0.0 0.0 0.0 0.0 0.0 0.0 0.0 0.0 0.0 0.0 0.0 0.0 0.0 0.0 0.0 0.0 0.0 0.0 0.0 0.0 0.0 0.0 0.0 0.0 0.0 0.0 0.0 0.0 0.0 0.0 0.0 0.0 0.0 0.0 0.0 0.0 0.0 0.0 0.0 0.0 0.0 0.0 0.0 0.0 0.0 0.0 0.0 0.0 0.0 0.0 0.0 0.0 0.0 0.0 0.0 0.0 0.0 0.0 0.0 0.0 0.0 0.0 0.0 0.0 0.0 0.0 0.0 0.0 0.0 0.0 0.0 0.0 0.0 0.0 0.0 0.0 0.0 0.0 0.0 0.0 0.0 0.0 0.0 0.0 0.0 0.0 0.0 0.0 0.0 0.0 0.0 
0.0 0.0 0.0 0.0 0.0 0.0 0.0 0.0 0.0 0.0 0.0 0.0 0.0 0.0 0.0 0.0 0.0 0.0 0.0 0.0 0.0 0.0 0.0 0.0 0.0 0.0 0.0 0.0 0.0 0.0 0.0 0.0 0.0 0.0 0.0 0.0 0.0 0.0 0.0 0.0 0.0 0.0 0.0 0.0 0.0 0.0 0.0 0.0 0.0 0.0 0.0 0.0 0.0 0.0 0.0 0.0 0.0 0.0 0.0 0.0 0.0 0.0 0.0 0.0 0.0 0.0 0.0 0.0 0.0 0.0 0.0 0.0 0.0 0.0 0.0 0.0 0.0 0.0 0.0 0.0 0.0 0.0 0.0 0.0 0.0 0.0 0.0 0.0 0.0 0.0 0.0 0.0 0.0 0.0 0.0 0.0 0.0 0.0 0.0 0.0 0.0 0.0 0.0 0.0 0.0 0.0 0.0 0.0 0.0 0.0 0.0 0.0 0.0 0.0 0.0 0.0 0.0 0.0 0.0 0.0 0.0 0.0 0.0 0.0 0.0 0.0 0.0 0.0 0.0 0.0 0.0 0.0 0.0 0.0 0.0 0.0 0.0 0.0 0.0 0.0 0.0 0.0 0.0 0.0 0.0 0.0 0.0 0.0 0.0 0.0 0.0 0.0 0.0 0.0 0.0 0.0 0.0 0.0 0.0 0.0 0.0 0.0 0.0 0.0 0.0 0.0 0.0 0.0 0.0 0.0 0.0 0.0 0.0 0.0 0.0 0.0 
0.0 0.0 0.0 0.0 0.0 0.0 0.0 0.0 0.0 0.0 0.0 0.0 0.0 0.0 0.0 0.0 0.0 0.0 0.0 0.0 0.0 0.0 0.0 0.0 0.0 0.0 0.0 0.0 0.0 0.0 0.0 0.0 0.0 0.0 0.0 0.0 0.0 0.0 0.0 0.0 0.0 0.0 0.0 0.0 0.0 0.0 0.0 0.0 0.0 0.0 0.0 0.0 0.0 0.0 0.0 0.0 0.0 0.0 0.0 0.0 0.0 0.0 0.0 0.0 0.0 0.0 0.0 0.0 0.0 0.0 0.0 0.0 0.0 0.0 0.0 0.0 0.0 0.0 0.0 0.0 0.0 0.0 0.0 0.0 0.0 0.0 0.0 0.0 0.0 0.0 0.0 0.0 0.0 0.0 0.0 0.0 0.0 0.0 0.0 0.0 0.0 0.0 0.0 0.0 0.0 0.0 0.0 0.0 0.0 0.0 0.0 0.0 0.0 0.0 0.0 0.0 0.0 0.0 0.0 0.0 0.0 0.0 0.0 0.0 0.0 0.0 0.0 0.0 0.0 0.0 0.0 0.0 0.0 0.0 0.0 0.0 0.0 0.0 0.0 0.0 0.0 0.0 0.0 0.0 0.0 0.0 0.0 0.0 0.0 0.0 0.0 0.0 0.0 0.0 0.0 0.0 0.0 0.0 0.0 0.0 0.0 0.0 0.0 0.0 0.0 0.0 0.0 0.0 0.0 0.0 0.0 0.0 0.0 0.0 0.0 0.0 
-0.0035612090595900005 -0.00136985685694 0.00053600320493 0.00026304394441 3.202559825e-05 0.000124315775 4.14945572e-06 0.0 0.0 2.06005415e-06 0.0 0.0 2.014234123e-05 0.0 0.0 -8.20402632e-06 0.0 0.0 0.00037544256445 0.0 0.0 0.00017583861559999998 0.0 0.0 -2.929290425e-05 0.0 0.0 0.000117309953 0.0 0.0 -2.8100857050000002e-05 0.0 0.0 -1.80088415e-06 0.0 0.0 0.0 0.0 0.00018220401321 0.0 0.0 0.0 0.0 6.832985075e-05 0.0 0.0 0.0 0.0 3.50493022e-05 0.0 0.0 0.0 0.0 0.0 4.620600381e-05 0.0 0.0 0.0 0.0 0.0 0.0 4.6114550780000004e-05 0.0 0.0 0.0 0.0 0.0 0.0 2.043148378e-05 0.0 0.0 0.0 0.0 0.0 0.0 0.0 1.969774408e-05 0.0 0.0 0.0 0.0 0.0 0.0 0.0 0.0 4.11140279e-06 0.0 0.0 0.0 0.0 7.348260840999999e-05 0.00014220754629 -0.00029859662272000006 3.6448859899999956e-06 1.262067661000002e-05 -9.492639375e-05 0.0 0.0 1.1145659000000001e-07 0.0 0.0 -1.22174949e-06 0.0 0.0 9.62503441e-06 0.0 0.0 -5.570478054e-05 0.0 0.0 0.00022155173811000002 0.0 0.0 0.00020039977537999998 0.0 0.0 -2.025533279e-05 0.0 0.0 3.75206085e-06 0.0 0.0 0.0 0.0 -3.4154244e-05 0.0 0.0 0.0 0.0 -8.034532438e-05 0.0 0.0 0.0 0.0 -6.154223252e-05 0.0 0.0 0.0 0.0 0.0 -1.95454382e-06 0.0 0.0 0.0 0.0 0.0 0.0 1.4206875110000001e-05 0.0 0.0 0.0 0.0 0.0 0.0 3.2353573900000005e-05 0.0 0.0 0.0 0.0 0.0 0.0 0.0 -3.3094936e-07 0.0 0.0 0.0 0.0 0.0 0.0 0.0 0.0 -9.44709884e-06 0.0 0.0 0.0 0.0 
0.0 0.0 0.0 0.0 0.0 0.0 0.0 0.0 0.0 0.0 0.0 0.0 0.0 0.0 0.0 0.0 0.0 0.0 0.0 0.0 0.0 0.0 0.0 0.0 0.0 0.0 0.0 0.0 0.0 0.0 0.0 0.0 0.0 0.0 0.0 0.0 0.0 0.0 0.0 0.0 0.0 0.0 0.0 0.0 0.0 0.0 0.0 0.0 0.0 0.0 0.0 0.0 0.0 0.0 0.0 0.0 0.0 0.0 0.0 0.0 0.0 0.0 0.0 0.0 0.0 0.0 0.0 0.0 0.0 0.0 0.0 0.0 0.0 0.0 0.0 0.0 0.0 0.0 0.0 0.0 0.0 0.0 0.0 0.0 0.0 0.0 0.0 0.0 0.0 0.0 0.0 0.0 0.0 0.0 0.0 0.0 0.0 0.0 0.0 0.0 0.0 0.0 0.0 0.0 0.0 0.0 0.0 0.0 0.0 0.0 0.0 0.0 0.0 0.0 0.0 0.0 0.0 0.0 0.0 0.0 0.0 0.0 0.0 0.0 0.0 0.0 0.0 0.0 0.0 0.0 0.0 0.0 0.0 0.0 0.0 0.0 0.0 0.0 0.0 0.0 0.0 0.0 0.0 0.0 0.0 0.0 0.0 0.0 0.0 0.0 0.0 0.0 0.0 0.0 0.0 0.0 0.0 0.0 0.0 0.0 0.0 0.0 0.0 0.0 0.0 0.0 0.0 0.0 0.0 0.0 0.0 0.0 0.0 0.0 0.0 0.0 
0.0 0.0 0.0 0.0 0.0 0.0 0.0 0.0 0.0 0.0 0.0 0.0 0.0 0.0 0.0 0.0 0.0 0.0 0.0 0.0 0.0 0.0 0.0 0.0 0.0 0.0 0.0 0.0 0.0 0.0 0.0 0.0 0.0 0.0 0.0 0.0 0.0 0.0 0.0 0.0 0.0 0.0 0.0 0.0 0.0 0.0 0.0 0.0 0.0 0.0 0.0 0.0 0.0 0.0 0.0 0.0 0.0 0.0 0.0 0.0 0.0 0.0 0.0 0.0 0.0 0.0 0.0 0.0 0.0 0.0 0.0 0.0 0.0 0.0 0.0 0.0 0.0 0.0 0.0 0.0 0.0 0.0 0.0 0.0 0.0 0.0 0.0 0.0 0.0 0.0 0.0 0.0 0.0 0.0 0.0 0.0 0.0 0.0 0.0 0.0 0.0 0.0 0.0 0.0 0.0 0.0 0.0 0.0 0.0 0.0 0.0 0.0 0.0 0.0 0.0 0.0 0.0 0.0 0.0 0.0 0.0 0.0 0.0 0.0 0.0 0.0 0.0 0.0 0.0 0.0 0.0 0.0 0.0 0.0 0.0 0.0 0.0 0.0 0.0 0.0 0.0 0.0 0.0 0.0 0.0 0.0 0.0 0.0 0.0 0.0 0.0 0.0 0.0 0.0 0.0 0.0 0.0 0.0 0.0 0.0 0.0 0.0 0.0 0.0 0.0 0.0 0.0 0.0 0.0 0.0 0.0 0.0 0.0 0.0 0.0 0.0 
0.0 0.0 0.0 0.0 0.0 0.0 0.0 0.0 0.0 0.0 0.0 0.0 0.0 0.0 0.0 0.0 0.0 0.0 0.0 0.0 0.0 0.0 0.0 0.0 0.0 0.0 0.0 0.0 0.0 0.0 0.0 0.0 0.0 0.0 0.0 0.0 0.0 0.0 0.0 0.0 0.0 0.0 0.0 0.0 0.0 0.0 0.0 0.0 0.0 0.0 0.0 0.0 0.0 0.0 0.0 0.0 0.0 0.0 0.0 0.0 0.0 0.0 0.0 0.0 0.0 0.0 0.0 0.0 0.0 0.0 0.0 0.0 0.0 0.0 0.0 0.0 0.0 0.0 0.0 0.0 0.0 0.0 0.0 0.0 0.0 0.0 0.0 0.0 0.0 0.0 0.0 0.0 0.0 0.0 0.0 0.0 0.0 0.0 0.0 0.0 0.0 0.0 0.0 0.0 0.0 0.0 0.0 0.0 0.0 0.0 0.0 0.0 0.0 0.0 0.0 0.0 0.0 0.0 0.0 0.0 0.0 0.0 0.0 0.0 0.0 0.0 0.0 0.0 0.0 0.0 0.0 0.0 0.0 0.0 0.0 0.0 0.0 0.0 0.0 0.0 0.0 0.0 0.0 0.0 0.0 0.0 0.0 0.0 0.0 0.0 0.0 0.0 0.0 0.0 0.0 0.0 0.0 0.0 0.0 0.0 0.0 0.0 0.0 0.0 0.0 0.0 0.0 0.0 0.0 0.0 0.0 0.0 0.0 0.0 0.0 0.0 
0.0 0.0 0.0 0.0 0.0 0.0 0.0 0.0 0.0 0.0 0.0 0.0 0.0 0.0 0.0 0.0 0.0 0.0 0.0 0.0 0.0 0.0 0.0 0.0 0.0 0.0 0.0 0.0 0.0 0.0 0.0 0.0 0.0 0.0 0.0 0.0 0.0 0.0 0.0 0.0 0.0 0.0 0.0 0.0 0.0 0.0 0.0 0.0 0.0 0.0 0.0 0.0 0.0 0.0 0.0 0.0 0.0 0.0 0.0 0.0 0.0 0.0 0.0 0.0 0.0 0.0 0.0 0.0 0.0 0.0 0.0 0.0 0.0 0.0 0.0 0.0 0.0 0.0 0.0 0.0 0.0 0.0 0.0 0.0 0.0 0.0 0.0 0.0 0.0 0.0 0.0 0.0 0.0 0.0 0.0 0.0 0.0 0.0 0.0 0.0 0.0 0.0 0.0 0.0 0.0 0.0 0.0 0.0 0.0 0.0 0.0 0.0 0.0 0.0 0.0 0.0 0.0 0.0 0.0 0.0 0.0 0.0 0.0 0.0 0.0 0.0 0.0 0.0 0.0 0.0 0.0 0.0 0.0 0.0 0.0 0.0 0.0 0.0 0.0 0.0 0.0 0.0 0.0 0.0 0.0 0.0 0.0 0.0 0.0 0.0 0.0 0.0 0.0 0.0 0.0 0.0 0.0 0.0 0.0 0.0 0.0 0.0 0.0 0.0 0.0 0.0 0.0 0.0 0.0 0.0 0.0 0.0 0.0 0.0 0.0 0.0 
0.0 0.0 0.0 0.0 0.0 0.0 0.0 0.0 0.0 0.0 0.0 0.0 0.0 0.0 0.0 0.0 0.0 0.0 0.0 0.0 0.0 0.0 0.0 0.0 0.0 0.0 0.0 0.0 0.0 0.0 0.0 0.0 0.0 0.0 0.0 0.0 0.0 0.0 0.0 0.0 0.0 0.0 0.0 0.0 0.0 0.0 0.0 0.0 0.0 0.0 0.0 0.0 0.0 0.0 0.0 0.0 0.0 0.0 0.0 0.0 0.0 0.0 0.0 0.0 0.0 0.0 0.0 0.0 0.0 0.0 0.0 0.0 0.0 0.0 0.0 0.0 0.0 0.0 0.0 0.0 0.0 0.0 0.0 0.0 0.0 0.0 0.0 0.0 0.0 0.0 0.0 0.0 0.0 0.0 0.0 0.0 0.0 0.0 0.0 0.0 0.0 0.0 0.0 0.0 0.0 0.0 0.0 0.0 0.0 0.0 0.0 0.0 0.0 0.0 0.0 0.0 0.0 0.0 0.0 0.0 0.0 0.0 0.0 0.0 0.0 0.0 0.0 0.0 0.0 0.0 0.0 0.0 0.0 0.0 0.0 0.0 0.0 0.0 0.0 0.0 0.0 0.0 0.0 0.0 0.0 0.0 0.0 0.0 0.0 0.0 0.0 0.0 0.0 0.0 0.0 0.0 0.0 0.0 0.0 0.0 0.0 0.0 0.0 0.0 0.0 0.0 0.0 0.0 0.0 0.0 0.0 0.0 0.0 0.0 0.0 0.0 
0.0 0.0 0.0 0.0 0.0 0.0 0.0 0.0 0.0 0.0 0.0 0.0 0.0 0.0 0.0 0.0 0.0 0.0 0.0 0.0 0.0 0.0 0.0 0.0 0.0 0.0 0.0 0.0 0.0 0.0 0.0 0.0 0.0 0.0 0.0 0.0 0.0 0.0 0.0 0.0 0.0 0.0 0.0 0.0 0.0 0.0 0.0 0.0 0.0 0.0 0.0 0.0 0.0 0.0 0.0 0.0 0.0 0.0 0.0 0.0 0.0 0.0 0.0 0.0 0.0 0.0 0.0 0.0 0.0 0.0 0.0 0.0 0.0 0.0 0.0 0.0 0.0 0.0 0.0 0.0 0.0 0.0 0.0 0.0 0.0 0.0 0.0 0.0 0.0 0.0 0.0 0.0 0.0 0.0 0.0 0.0 0.0 0.0 0.0 0.0 0.0 0.0 0.0 0.0 0.0 0.0 0.0 0.0 0.0 0.0 0.0 0.0 0.0 0.0 0.0 0.0 0.0 0.0 0.0 0.0 0.0 0.0 0.0 0.0 0.0 0.0 0.0 0.0 0.0 0.0 0.0 0.0 0.0 0.0 0.0 0.0 0.0 0.0 0.0 0.0 0.0 0.0 0.0 0.0 0.0 0.0 0.0 0.0 0.0 0.0 0.0 0.0 0.0 0.0 0.0 0.0 0.0 0.0 0.0 0.0 0.0 0.0 0.0 0.0 0.0 0.0 0.0 0.0 0.0 0.0 0.0 0.0 0.0 0.0 0.0 0.0 
0.0 0.0 0.0 0.0 0.0 0.0 0.0 0.0 0.0 0.0 0.0 0.0 0.0 0.0 0.0 0.0 0.0 0.0 0.0 0.0 0.0 0.0 0.0 0.0 0.0 0.0 0.0 0.0 0.0 0.0 0.0 0.0 0.0 0.0 0.0 0.0 0.0 0.0 0.0 0.0 0.0 0.0 0.0 0.0 0.0 0.0 0.0 0.0 0.0 0.0 0.0 0.0 0.0 0.0 0.0 0.0 0.0 0.0 0.0 0.0 0.0 0.0 0.0 0.0 0.0 0.0 0.0 0.0 0.0 0.0 0.0 0.0 0.0 0.0 0.0 0.0 0.0 0.0 0.0 0.0 0.0 0.0 0.0 0.0 0.0 0.0 0.0 0.0 0.0 0.0 0.0 0.0 0.0 0.0 0.0 0.0 0.0 0.0 0.0 0.0 0.0 0.0 0.0 0.0 0.0 0.0 0.0 0.0 0.0 0.0 0.0 0.0 0.0 0.0 0.0 0.0 0.0 0.0 0.0 0.0 0.0 0.0 0.0 0.0 0.0 0.0 0.0 0.0 0.0 0.0 0.0 0.0 0.0 0.0 0.0 0.0 0.0 0.0 0.0 0.0 0.0 0.0 0.0 0.0 0.0 0.0 0.0 0.0 0.0 0.0 0.0 0.0 0.0 0.0 0.0 0.0 0.0 0.0 0.0 0.0 0.0 0.0 0.0 0.0 0.0 0.0 0.0 0.0 0.0 0.0 0.0 0.0 0.0 0.0 0.0 0.0 
-0.00343782005144 -0.00130702251384 0.00051337050368 0.00024305382016 4.44933188e-05 0.00012345418719999997 4.02195072e-06 0.0 0.0 1.6969724e-06 0.0 0.0 1.8151933279999997e-05 0.0 0.0 -1.190645312e-05 0.0 0.0 0.00035409071839999996 0.0 0.0 0.00016310512239999997 0.0 0.0 -2.2256329199999998e-05 0.0 0.0 0.0001151570872 0.0 0.0 -2.6931133599999997e-05 0.0 0.0 -1.9553971999999995e-06 0.0 0.0 0.0 0.0 0.00017511257416 0.0 0.0 0.0 0.0 6.67592208e-05 0.0 0.0 0.0 0.0 3.52027676e-05 0.0 0.0 0.0 0.0 0.0 4.4624114159999994e-05 0.0 0.0 0.0 0.0 0.0 0.0 4.4621916079999996e-05 0.0 0.0 0.0 0.0 0.0 0.0 1.969774408e-05 0.0 0.0 0.0 0.0 0.0 0.0 0.0 1.9021642879999997e-05 0.0 0.0 0.0 0.0 0.0 0.0 0.0 0.0 3.91987744e-06 0.0 0.0 0.0 0.0 5.007934216e-05 0.00011097863704 -0.00033663345031999996 -5.087327095999998e-05 -4.2370828639999976e-05 -9.51643096e-05 0.0 0.0 1.1141584e-07 0.0 0.0 -1.16417984e-06 0.0 0.0 9.555547759999999e-06 0.0 0.0 -5.401500224e-05 0.0 0.0 0.00021731937216 0.0 0.0 0.00020094299967999998 0.0 0.0 -7.755459040000004e-06 0.0 0.0 3.6487251999999994e-06 0.0 0.0 0.0 0.0 -3.343538159999999e-05 0.0 0.0 0.0 0.0 -7.866079528e-05 0.0 0.0 0.0 0.0 -6.037691832e-05 0.0 0.0 0.0 0.0 0.0 -1.92645632e-06 0.0 0.0 0.0 0.0 0.0 0.0 1.397380776e-05 0.0 0.0 0.0 0.0 0.0 0.0 3.08378696e-05 0.0 0.0 0.0 0.0 0.0 0.0 0.0 -3.2702056e-07 0.0 0.0 0.0 0.0 0.0 0.0 0.0 0.0 -8.960971039999998e-06 0.0 0.0 0.0 0.0 
0.0 0.0 0.0 0.0 0.0 0.0 0.0 0.0 0.0 0.0 0.0 0.0 0.0 0.0 0.0 0.0 0.0 0.0 0.0 0.0 0.0 0.0 0.0 0.0 0.0 0.0 0.0 0.0 0.0 0.0 0.0 0.0 0.0 0.0 0.0 0.0 0.0 0.0 0.0 0.0 0.0 0.0 0.0 0.0 0.0 0.0 0.0 0.0 0.0 0.0 0.0 0.0 0.0 0.0 0.0 0.0 0.0 0.0 0.0 0.0 0.0 0.0 0.0 0.0 0.0 0.0 0.0 0.0 0.0 0.0 0.0 0.0 0.0 0.0 0.0 0.0 0.0 0.0 0.0 0.0 0.0 0.0 0.0 0.0 0.0 0.0 0.0 0.0 0.0 0.0 0.0 0.0 0.0 0.0 0.0 0.0 0.0 0.0 0.0 0.0 0.0 0.0 0.0 0.0 0.0 0.0 0.0 0.0 0.0 0.0 0.0 0.0 0.0 0.0 0.0 0.0 0.0 0.0 0.0 0.0 0.0 0.0 0.0 0.0 0.0 0.0 0.0 0.0 0.0 0.0 0.0 0.0 0.0 0.0 0.0 0.0 0.0 0.0 0.0 0.0 0.0 0.0 0.0 0.0 0.0 0.0 0.0 0.0 0.0 0.0 0.0 0.0 0.0 0.0 0.0 0.0 0.0 0.0 0.0 0.0 0.0 0.0 0.0 0.0 0.0 0.0 0.0 0.0 0.0 0.0 0.0 0.0 0.0 0.0 0.0 0.0 
0.0 0.0 0.0 0.0 0.0 0.0 0.0 0.0 0.0 0.0 0.0 0.0 0.0 0.0 0.0 0.0 0.0 0.0 0.0 0.0 0.0 0.0 0.0 0.0 0.0 0.0 0.0 0.0 0.0 0.0 0.0 0.0 0.0 0.0 0.0 0.0 0.0 0.0 0.0 0.0 0.0 0.0 0.0 0.0 0.0 0.0 0.0 0.0 0.0 0.0 0.0 0.0 0.0 0.0 0.0 0.0 0.0 0.0 0.0 0.0 0.0 0.0 0.0 0.0 0.0 0.0 0.0 0.0 0.0 0.0 0.0 0.0 0.0 0.0 0.0 0.0 0.0 0.0 0.0 0.0 0.0 0.0 0.0 0.0 0.0 0.0 0.0 0.0 0.0 0.0 0.0 0.0 0.0 0.0 0.0 0.0 0.0 0.0 0.0 0.0 0.0 0.0 0.0 0.0 0.0 0.0 0.0 0.0 0.0 0.0 0.0 0.0 0.0 0.0 0.0 0.0 0.0 0.0 0.0 0.0 0.0 0.0 0.0 0.0 0.0 0.0 0.0 0.0 0.0 0.0 0.0 0.0 0.0 0.0 0.0 0.0 0.0 0.0 0.0 0.0 0.0 0.0 0.0 0.0 0.0 0.0 0.0 0.0 0.0 0.0 0.0 0.0 0.0 0.0 0.0 0.0 0.0 0.0 0.0 0.0 0.0 0.0 0.0 0.0 0.0 0.0 0.0 0.0 0.0 0.0 0.0 0.0 0.0 0.0 0.0 0.0 
0.0 0.0 0.0 0.0 0.0 0.0 0.0 0.0 0.0 0.0 0.0 0.0 0.0 0.0 0.0 0.0 0.0 0.0 0.0 0.0 0.0 0.0 0.0 0.0 0.0 0.0 0.0 0.0 0.0 0.0 0.0 0.0 0.0 0.0 0.0 0.0 0.0 0.0 0.0 0.0 0.0 0.0 0.0 0.0 0.0 0.0 0.0 0.0 0.0 0.0 0.0 0.0 0.0 0.0 0.0 0.0 0.0 0.0 0.0 0.0 0.0 0.0 0.0 0.0 0.0 0.0 0.0 0.0 0.0 0.0 0.0 0.0 0.0 0.0 0.0 0.0 0.0 0.0 0.0 0.0 0.0 0.0 0.0 0.0 0.0 0.0 0.0 0.0 0.0 0.0 0.0 0.0 0.0 0.0 0.0 0.0 0.0 0.0 0.0 0.0 0.0 0.0 0.0 0.0 0.0 0.0 0.0 0.0 0.0 0.0 0.0 0.0 0.0 0.0 0.0 0.0 0.0 0.0 0.0 0.0 0.0 0.0 0.0 0.0 0.0 0.0 0.0 0.0 0.0 0.0 0.0 0.0 0.0 0.0 0.0 0.0 0.0 0.0 0.0 0.0 0.0 0.0 0.0 0.0 0.0 0.0 0.0 0.0 0.0 0.0 0.0 0.0 0.0 0.0 0.0 0.0 0.0 0.0 0.0 0.0 0.0 0.0 0.0 0.0 0.0 0.0 0.0 0.0 0.0 0.0 0.0 0.0 0.0 0.0 0.0 0.0 
0.0 0.0 0.0 0.0 0.0 0.0 0.0 0.0 0.0 0.0 0.0 0.0 0.0 0.0 0.0 0.0 0.0 0.0 0.0 0.0 0.0 0.0 0.0 0.0 0.0 0.0 0.0 0.0 0.0 0.0 0.0 0.0 0.0 0.0 0.0 0.0 0.0 0.0 0.0 0.0 0.0 0.0 0.0 0.0 0.0 0.0 0.0 0.0 0.0 0.0 0.0 0.0 0.0 0.0 0.0 0.0 0.0 0.0 0.0 0.0 0.0 0.0 0.0 0.0 0.0 0.0 0.0 0.0 0.0 0.0 0.0 0.0 0.0 0.0 0.0 0.0 0.0 0.0 0.0 0.0 0.0 0.0 0.0 0.0 0.0 0.0 0.0 0.0 0.0 0.0 0.0 0.0 0.0 0.0 0.0 0.0 0.0 0.0 0.0 0.0 0.0 0.0 0.0 0.0 0.0 0.0 0.0 0.0 0.0 0.0 0.0 0.0 0.0 0.0 0.0 0.0 0.0 0.0 0.0 0.0 0.0 0.0 0.0 0.0 0.0 0.0 0.0 0.0 0.0 0.0 0.0 0.0 0.0 0.0 0.0 0.0 0.0 0.0 0.0 0.0 0.0 0.0 0.0 0.0 0.0 0.0 0.0 0.0 0.0 0.0 0.0 0.0 0.0 0.0 0.0 0.0 0.0 0.0 0.0 0.0 0.0 0.0 0.0 0.0 0.0 0.0 0.0 0.0 0.0 0.0 0.0 0.0 0.0 0.0 0.0 0.0 
0.0 0.0 0.0 0.0 0.0 0.0 0.0 0.0 0.0 0.0 0.0 0.0 0.0 0.0 0.0 0.0 0.0 0.0 0.0 0.0 0.0 0.0 0.0 0.0 0.0 0.0 0.0 0.0 0.0 0.0 0.0 0.0 0.0 0.0 0.0 0.0 0.0 0.0 0.0 0.0 0.0 0.0 0.0 0.0 0.0 0.0 0.0 0.0 0.0 0.0 0.0 0.0 0.0 0.0 0.0 0.0 0.0 0.0 0.0 0.0 0.0 0.0 0.0 0.0 0.0 0.0 0.0 0.0 0.0 0.0 0.0 0.0 0.0 0.0 0.0 0.0 0.0 0.0 0.0 0.0 0.0 0.0 0.0 0.0 0.0 0.0 0.0 0.0 0.0 0.0 0.0 0.0 0.0 0.0 0.0 0.0 0.0 0.0 0.0 0.0 0.0 0.0 0.0 0.0 0.0 0.0 0.0 0.0 0.0 0.0 0.0 0.0 0.0 0.0 0.0 0.0 0.0 0.0 0.0 0.0 0.0 0.0 0.0 0.0 0.0 0.0 0.0 0.0 0.0 0.0 0.0 0.0 0.0 0.0 0.0 0.0 0.0 0.0 0.0 0.0 0.0 0.0 0.0 0.0 0.0 0.0 0.0 0.0 0.0 0.0 0.0 0.0 0.0 0.0 0.0 0.0 0.0 0.0 0.0 0.0 0.0 0.0 0.0 0.0 0.0 0.0 0.0 0.0 0.0 0.0 0.0 0.0 0.0 0.0 0.0 0.0 
0.0 0.0 0.0 0.0 0.0 0.0 0.0 0.0 0.0 0.0 0.0 0.0 0.0 0.0 0.0 0.0 0.0 0.0 0.0 0.0 0.0 0.0 0.0 0.0 0.0 0.0 0.0 0.0 0.0 0.0 0.0 0.0 0.0 0.0 0.0 0.0 0.0 0.0 0.0 0.0 0.0 0.0 0.0 0.0 0.0 0.0 0.0 0.0 0.0 0.0 0.0 0.0 0.0 0.0 0.0 0.0 0.0 0.0 0.0 0.0 0.0 0.0 0.0 0.0 0.0 0.0 0.0 0.0 0.0 0.0 0.0 0.0 0.0 0.0 0.0 0.0 0.0 0.0 0.0 0.0 0.0 0.0 0.0 0.0 0.0 0.0 0.0 0.0 0.0 0.0 0.0 0.0 0.0 0.0 0.0 0.0 0.0 0.0 0.0 0.0 0.0 0.0 0.0 0.0 0.0 0.0 0.0 0.0 0.0 0.0 0.0 0.0 0.0 0.0 0.0 0.0 0.0 0.0 0.0 0.0 0.0 0.0 0.0 0.0 0.0 0.0 0.0 0.0 0.0 0.0 0.0 0.0 0.0 0.0 0.0 0.0 0.0 0.0 0.0 0.0 0.0 0.0 0.0 0.0 0.0 0.0 0.0 0.0 0.0 0.0 0.0 0.0 0.0 0.0 0.0 0.0 0.0 0.0 0.0 0.0 0.0 0.0 0.0 0.0 0.0 0.0 0.0 0.0 0.0 0.0 0.0 0.0 0.0 0.0 0.0 0.0 
0.0 0.0 0.0 0.0 0.0 0.0 0.0 0.0 0.0 0.0 0.0 0.0 0.0 0.0 0.0 0.0 0.0 0.0 0.0 0.0 0.0 0.0 0.0 0.0 0.0 0.0 0.0 0.0 0.0 0.0 0.0 0.0 0.0 0.0 0.0 0.0 0.0 0.0 0.0 0.0 0.0 0.0 0.0 0.0 0.0 0.0 0.0 0.0 0.0 0.0 0.0 0.0 0.0 0.0 0.0 0.0 0.0 0.0 0.0 0.0 0.0 0.0 0.0 0.0 0.0 0.0 0.0 0.0 0.0 0.0 0.0 0.0 0.0 0.0 0.0 0.0 0.0 0.0 0.0 0.0 0.0 0.0 0.0 0.0 0.0 0.0 0.0 0.0 0.0 0.0 0.0 0.0 0.0 0.0 0.0 0.0 0.0 0.0 0.0 0.0 0.0 0.0 0.0 0.0 0.0 0.0 0.0 0.0 0.0 0.0 0.0 0.0 0.0 0.0 0.0 0.0 0.0 0.0 0.0 0.0 0.0 0.0 0.0 0.0 0.0 0.0 0.0 0.0 0.0 0.0 0.0 0.0 0.0 0.0 0.0 0.0 0.0 0.0 0.0 0.0 0.0 0.0 0.0 0.0 0.0 0.0 0.0 0.0 0.0 0.0 0.0 0.0 0.0 0.0 0.0 0.0 0.0 0.0 0.0 0.0 0.0 0.0 0.0 0.0 0.0 0.0 0.0 0.0 0.0 0.0 0.0 0.0 0.0 0.0 0.0 0.0 
0.0 0.0 0.0 0.0 0.0 0.0 0.0 0.0 0.0 0.0 0.0 0.0 0.0 0.0 0.0 0.0 0.0 0.0 0.0 0.0 0.0 0.0 0.0 0.0 0.0 0.0 0.0 0.0 0.0 0.0 0.0 0.0 0.0 0.0 0.0 0.0 0.0 0.0 0.0 0.0 0.0 0.0 0.0 0.0 0.0 0.0 0.0 0.0 0.0 0.0 0.0 0.0 0.0 0.0 0.0 0.0 0.0 0.0 0.0 0.0 0.0 0.0 0.0 0.0 0.0 0.0 0.0 0.0 0.0 0.0 0.0 0.0 0.0 0.0 0.0 0.0 0.0 0.0 0.0 0.0 0.0 0.0 0.0 0.0 0.0 0.0 0.0 0.0 0.0 0.0 0.0 0.0 0.0 0.0 0.0 0.0 0.0 0.0 0.0 0.0 0.0 0.0 0.0 0.0 0.0 0.0 0.0 0.0 0.0 0.0 0.0 0.0 0.0 0.0 0.0 0.0 0.0 0.0 0.0 0.0 0.0 0.0 0.0 0.0 0.0 0.0 0.0 0.0 0.0 0.0 0.0 0.0 0.0 0.0 0.0 0.0 0.0 0.0 0.0 0.0 0.0 0.0 0.0 0.0 0.0 0.0 0.0 0.0 0.0 0.0 0.0 0.0 0.0 0.0 0.0 0.0 0.0 0.0 0.0 0.0 0.0 0.0 0.0 0.0 0.0 0.0 0.0 0.0 0.0 0.0 0.0 0.0 0.0 0.0 0.0 0.0 
-0.00071030478532 -0.00029478177417 0.00011260418419000001 6.771743303e-05 -1.26519122e-05 1.9963587199999997e-05 8.048247599999999e-07 0.0 0.0 8.199502e-07 0.0 0.0 5.83001539e-06 0.0 0.0 3.95420864e-06 0.0 0.0 8.658443455000001e-05 0.0 0.0 4.43848391e-05 0.0 0.0 -1.42868277e-05 0.0 0.0 2.07173957e-05 0.0 0.0 -5.87985545e-06 0.0 0.0 -5.5022499999999975e-08 0.0 0.0 0.0 0.0 3.743328488e-05 0.0 0.0 0.0 0.0 1.251135105e-05 0.0 0.0 0.0 0.0 5.07264175e-06 0.0 0.0 0.0 0.0 0.0 9.189341579999999e-06 0.0 0.0 0.0 0.0 0.0 0.0 9.050381289999999e-06 0.0 0.0 0.0 0.0 0.0 0.0 4.11140279e-06 0.0 0.0 0.0 0.0 0.0 0.0 0.0 3.91987744e-06 0.0 0.0 0.0 0.0 0.0 0.0 0.0 0.0 8.8885997e-07 0.0 0.0 0.0 0.0 4.390480928e-05 6.524721782e-05 8.290400390000004e-06 7.700111522000001e-05 7.901906213000002e-05 -1.3987803349999999e-05 0.0 0.0 1.687247e-08 0.0 0.0 -2.6505427000000004e-07 0.0 0.0 1.54955938e-06 0.0 0.0 -1.077370402e-05 0.0 0.0 3.9360330930000006e-05 0.0 0.0 2.9472313339999995e-05 0.0 0.0 -2.0584564070000003e-05 0.0 0.0 7.109773999999999e-07 0.0 0.0 0.0 0.0 -6.160877099999999e-06 0.0 0.0 0.0 0.0 -1.448383319e-05 0.0 0.0 0.0 0.0 -1.0918933710000001e-05 0.0 0.0 0.0 0.0 0.0 -3.3426705999999996e-07 0.0 0.0 0.0 0.0 0.0 0.0 2.4702067799999997e-06 0.0 0.0 0.0 0.0 0.0 0.0 7.0066294e-06 0.0 0.0 0.0 0.0 0.0 0.0 0.0 -5.543933000000001e-08 0.0 0.0 0.0 0.0 0.0 0.0 0.0 0.0 -2.10697342e-06 0.0 0.0 0.0 0.0 
0.0 0.0 0.0 0.0 0.0 0.0 0.0 0.0 0.0 0.0 0.0 0.0 0.0 0.0 0.0 0.0 0.0 0.0 0.0 0.0 0.0 0.0 0.0 0.0 0.0 0.0 0.0 0.0 0.0 0.0 0.0 0.0 0.0 0.0 0.0 0.0 0.0 0.0 0.0 0.0 0.0 0.0 0.0 0.0 0.0 0.0 0.0 0.0 0.0 0.0 0.0 0.0 0.0 0.0 0.0 0.0 0.0 0.0 0.0 0.0 0.0 0.0 0.0 0.0 0.0 0.0 0.0 0.0 0.0 0.0 0.0 0.0 0.0 0.0 0.0 0.0 0.0 0.0 0.0 0.0 0.0 0.0 0.0 0.0 0.0 0.0 0.0 0.0 0.0 0.0 0.0 0.0 0.0 0.0 0.0 0.0 0.0 0.0 0.0 0.0 0.0 0.0 0.0 0.0 0.0 0.0 0.0 0.0 0.0 0.0 0.0 0.0 0.0 0.0 0.0 0.0 0.0 0.0 0.0 0.0 0.0 0.0 0.0 0.0 0.0 0.0 0.0 0.0 0.0 0.0 0.0 0.0 0.0 0.0 0.0 0.0 0.0 0.0 0.0 0.0 0.0 0.0 0.0 0.0 0.0 0.0 0.0 0.0 0.0 0.0 0.0 0.0 0.0 0.0 0.0 0.0 0.0 0.0 0.0 0.0 0.0 0.0 0.0 0.0 0.0 0.0 0.0 0.0 0.0 0.0 0.0 0.0 0.0 0.0 0.0 0.0 
0.0 0.0 0.0 0.0 0.0 0.0 0.0 0.0 0.0 0.0 0.0 0.0 0.0 0.0 0.0 0.0 0.0 0.0 0.0 0.0 0.0 0.0 0.0 0.0 0.0 0.0 0.0 0.0 0.0 0.0 0.0 0.0 0.0 0.0 0.0 0.0 0.0 0.0 0.0 0.0 0.0 0.0 0.0 0.0 0.0 0.0 0.0 0.0 0.0 0.0 0.0 0.0 0.0 0.0 0.0 0.0 0.0 0.0 0.0 0.0 0.0 0.0 0.0 0.0 0.0 0.0 0.0 0.0 0.0 0.0 0.0 0.0 0.0 0.0 0.0 0.0 0.0 0.0 0.0 0.0 0.0 0.0 0.0 0.0 0.0 0.0 0.0 0.0 0.0 0.0 0.0 0.0 0.0 0.0 0.0 0.0 0.0 0.0 0.0 0.0 0.0 0.0 0.0 0.0 0.0 0.0 0.0 0.0 0.0 0.0 0.0 0.0 0.0 0.0 0.0 0.0 0.0 0.0 0.0 0.0 0.0 0.0 0.0 0.0 0.0 0.0 0.0 0.0 0.0 0.0 0.0 0.0 0.0 0.0 0.0 0.0 0.0 0.0 0.0 0.0 0.0 0.0 0.0 0.0 0.0 0.0 0.0 0.0 0.0 0.0 0.0 0.0 0.0 0.0 0.0 0.0 0.0 0.0 0.0 0.0 0.0 0.0 0.0 0.0 0.0 0.0 0.0 0.0 0.0 0.0 0.0 0.0 0.0 0.0 0.0 0.0 
0.0 0.0 0.0 0.0 0.0 0.0 0.0 0.0 0.0 0.0 0.0 0.0 0.0 0.0 0.0 0.0 0.0 0.0 0.0 0.0 0.0 0.0 0.0 0.0 0.0 0.0 0.0 0.0 0.0 0.0 0.0 0.0 0.0 0.0 0.0 0.0 0.0 0.0 0.0 0.0 0.0 0.0 0.0 0.0 0.0 0.0 0.0 0.0 0.0 0.0 0.0 0.0 0.0 0.0 0.0 0.0 0.0 0.0 0.0 0.0 0.0 0.0 0.0 0.0 0.0 0.0 0.0 0.0 0.0 0.0 0.0 0.0 0.0 0.0 0.0 0.0 0.0 0.0 0.0 0.0 0.0 0.0 0.0 0.0 0.0 0.0 0.0 0.0 0.0 0.0 0.0 0.0 0.0 0.0 0.0 0.0 0.0 0.0 0.0 0.0 0.0 0.0 0.0 0.0 0.0 0.0 0.0 0.0 0.0 0.0 0.0 0.0 0.0 0.0 0.0 0.0 0.0 0.0 0.0 0.0 0.0 0.0 0.0 0.0 0.0 0.0 0.0 0.0 0.0 0.0 0.0 0.0 0.0 0.0 0.0 0.0 0.0 0.0 0.0 0.0 0.0 0.0 0.0 0.0 0.0 0.0 0.0 0.0 0.0 0.0 0.0 0.0 0.0 0.0 0.0 0.0 0.0 0.0 0.0 0.0 0.0 0.0 0.0 0.0 0.0 0.0 0.0 0.0 0.0 0.0 0.0 0.0 0.0 0.0 0.0 0.0 
0.0 0.0 0.0 0.0 0.0 0.0 0.0 0.0 0.0 0.0 0.0 0.0 0.0 0.0 0.0 0.0 0.0 0.0 0.0 0.0 0.0 0.0 0.0 0.0 0.0 0.0 0.0 0.0 0.0 0.0 0.0 0.0 0.0 0.0 0.0 0.0 0.0 0.0 0.0 0.0 0.0 0.0 0.0 0.0 0.0 0.0 0.0 0.0 0.0 0.0 0.0 0.0 0.0 0.0 0.0 0.0 0.0 0.0 0.0 0.0 0.0 0.0 0.0 0.0 0.0 0.0 0.0 0.0 0.0 0.0 0.0 0.0 0.0 0.0 0.0 0.0 0.0 0.0 0.0 0.0 0.0 0.0 0.0 0.0 0.0 0.0 0.0 0.0 0.0 0.0 0.0 0.0 0.0 0.0 0.0 0.0 0.0 0.0 0.0 0.0 0.0 0.0 0.0 0.0 0.0 0.0 0.0 0.0 0.0 0.0 0.0 0.0 0.0 0.0 0.0 0.0 0.0 0.0 0.0 0.0 0.0 0.0 0.0 0.0 0.0 0.0 0.0 0.0 0.0 0.0 0.0 0.0 0.0 0.0 0.0 0.0 0.0 0.0 0.0 0.0 0.0 0.0 0.0 0.0 0.0 0.0 0.0 0.0 0.0 0.0 0.0 0.0 0.0 0.0 0.0 0.0 0.0 0.0 0.0 0.0 0.0 0.0 0.0 0.0 0.0 0.0 0.0 0.0 0.0 0.0 0.0 0.0 0.0 0.0 0.0 0.0 
-0.009820374141990001 -0.01397871204943 0.00417329641652 0.00794328793684 -0.00892223612431 -0.00194392097524 6.4791008e-07 0.0 0.0 0.00019926952895 0.0 0.0 0.00091331656186 0.0 0.0 0.00262312075608 0.0 0.0 0.006572439772959999 0.0 0.0 0.0048921809113399994 0.0 0.0 -0.00407700975071 0.0 0.0 -0.00094519664314 0.0 0.0 -0.00020762053494 0.0 0.0 0.00013898545771 0.0 0.0 0.0 0.0 0.00101904173445 0.0 0.0 0.0 0.0 -0.00034041160095999996 0.0 0.0 0.0 0.0 -0.0008111201981300001 0.0 0.0 0.0 0.0 0.0 0.00011476901486999999 0.0 0.0 0.0 0.0 0.0 0.0 5.7386017909999997e-05 0.0 0.0 0.0 0.0 0.0 0.0 7.348260840999999e-05 0.0 0.0 0.0 0.0 0.0 0.0 0.0 5.007934216e-05 0.0 0.0 0.0 0.0 0.0 0.0 0.0 0.0 4.390480928e-05 0.0 0.0 0.0 0.0 0.01404445447549 0.017847161489909998 0.031285520919590006 0.03610699188005 0.03623948938534 0.0020788652698199997 0.0 0.0 -2.22844234e-06 0.0 0.0 -1.348198764e-05 0.0 0.0 -0.00014866201433 0.0 0.0 5.8526620799999995e-06 0.0 0.0 -0.00167462874972 0.0 0.0 -0.00441588897424 0.0 0.0 -0.007885593923060001 0.0 0.0 -7.35011787e-06 0.0 0.0 0.0 0.0 0.00021409062642 0.0 0.0 0.0 0.0 0.0005079734497099999 0.0 0.0 0.0 0.0 0.00047204042832999995 0.0 0.0 0.0 0.0 0.0 2.091287752e-05 0.0 0.0 0.0 0.0 0.0 0.0 -0.00013282255159000002 0.0 0.0 0.0 0.0 0.0 0.0 0.00035116940866 0.0 0.0 0.0 0.0 0.0 0.0 0.0 4.089908749999999e-06 0.0 0.0 0.0 0.0 0.0 0.0 0.0 0.0 -0.00013144096201999999 0.0 0.0 0.0 0.0 
-0.02102826763061 -0.02092204280867 0.0065556290851800005 0.01063349856606 -0.01114633056669 -0.00214269130876 1.092193672e-05 0.0 0.0 0.00025570238205 0.0 0.0 0.00119802968584 0.0 0.0 0.00327995107912 0.0 0.0 0.00918271660354 0.0 0.0 0.00658274383166 0.0 0.0 -0.00520030140529 0.0 0.0 -0.0009033420358599999 0.0 0.0 -0.00032963583856000003 0.0 0.0 0.00017045981229000002 0.0 0.0 0.0 0.0 0.0017257684589499999 0.0 0.0 0.0 0.0 -0.00026181256753999996 0.0 0.0 0.0 0.0 -0.0009350341843700001 0.0 0.0 0.0 0.0 0.0 0.00025692574953 0.0 0.0 0.0 0.0 0.0 0.0 0.00018451414178999998 0.0 0.0 0.0 0.0 0.0 0.0 0.00014220754629 0.0 0.0 0.0 0.0 0.0 0.0 0.0 0.00011097863704 0.0 0.0 0.0 0.0 0.0 0.0 0.0 0.0 6.524721782e-05 0.0 0.0 0.0 0.0 0.017847161489909998 0.02279842989769 0.03863046141311 0.04543213111955 0.045620677780560004 0.00238403757968 0.0 0.0 -2.53194556e-06 0.0 0.0 -1.9936408460000002e-05 0.0 0.0 -0.00016357576727 0.0 0.0 -0.00012831771067999998 0.0 0.0 -0.00156707857038 0.0 0.0 -0.005067153809559999 0.0 0.0 -0.009969556777040001 0.0 0.0 -1.0766513000000075e-07 0.0 0.0 0.0 0.0 0.00018614021058 0.0 0.0 0.0 0.0 0.00044334226359 0.0 0.0 0.0 0.0 0.00044393667136999993 0.0 0.0 0.0 0.0 0.0 2.154808668e-05 0.0 0.0 0.0 0.0 0.0 0.0 -0.00013248941801000003 0.0 0.0 0.0 0.0 0.0 0.0 0.00052058130334 0.0 0.0 0.0 0.0 0.0 0.0 0.0 4.33908435e-06 0.0 0.0 0.0 0.0 0.0 0.0 0.0 0.0 -0.00018836547858 0.0 0.0 0.0 0.0 
0.05906119262447 -0.0012365646314400002 -0.002560322776429999 0.012587079784490002 -0.02169025126889 -0.007431572801560001 -9.416558172e-05 0.0 0.0 0.00042043165825000005 0.0 0.0 0.0016802201074300003 0.0 0.0 0.00634895738696 0.0 0.0 0.00677604264109 0.0 0.0 0.007433252464760001 0.0 0.0 -0.008898383172990002 0.0 0.0 -0.0049247524501600005 0.0 0.0 0.00016046264898999992 0.0 0.0 0.00036790273379000004 0.0 0.0 0.0 0.0 -0.0018086750037700006 0.0 0.0 0.0 0.0 -0.0023750713314900002 0.0 0.0 0.0 0.0 -0.0027129636096200004 0.0 0.0 0.0 0.0 0.0 -0.0007960095024900001 0.0 0.0 0.0 0.0 0.0 0.0 -0.0009286508187199999 0.0 0.0 0.0 0.0 0.0 0.0 -0.00029859662272000006 0.0 0.0 0.0 0.0 0.0 0.0 0.0 -0.00033663345031999996 0.0 0.0 0.0 0.0 0.0 0.0 0.0 0.0 8.290400390000004e-06 0.0 0.0 0.0 0.0 0.031285520919590006 0.03863046141311 0.08035223994170002 0.08470457818037001 0.08480873384609001 0.0070707338413300005 0.0 0.0 -7.80316849e-06 0.0 0.0 -3.4855033299999987e-06 0.0 0.0 -0.00057105183749 0.0 0.0 0.0012983037977 0.0 0.0 -0.00904147969605 0.0 0.0 -0.01499090603902 0.0 0.0 -0.018050339373710002 0.0 0.0 -0.00010378305373 0.0 0.0 0.0 0.0 0.00129034236348 0.0 0.0 0.0 0.0 0.0030456287782000004 0.0 0.0 0.0 0.0 0.00252764668386 0.0 0.0 0.0 0.0 0.0 9.418094882000001e-05 0.0 0.0 0.0 0.0 0.0 0.0 -0.0006395145528300001 0.0 0.0 0.0 0.0 0.0 0.0 7.855926873999998e-05 0.0 0.0 0.0 0.0 0.0 0.0 0.0 1.723591162e-05 0.0 0.0 0.0 0.0 0.0 0.0 0.0 0.0 -9.080619160000002e-05 0.0 0.0 0.0 0.0 
0.007190134105369997 -0.023953859053770003 0.005977280062900001 0.018374533448900002 -0.02366565299471 -0.00624055038484 -3.6651728399999996e-05 0.0 0.0 0.00050290037935 0.0 0.0 0.00220606247464 0.0 0.0 0.00694646179736 0.0 0.0 0.01374514796806 0.0 0.0 0.01118882525354 0.0 0.0 -0.01040803619211 0.0 0.0 -0.00355988247574 0.0 0.0 -0.00028410785984000006 0.0 0.0 0.00038068291871000003 0.0 0.0 0.0 0.0 0.0009852297862099999 0.0 0.0 0.0 0.0 -0.00152312358486 0.0 0.0 0.0 0.0 -0.00244845798263 0.0 0.0 0.0 0.0 0.0 -0.00012642022796999997 0.0 0.0 0.0 0.0 0.0 0.0 -0.00027587614750999997 0.0 0.0 0.0 0.0 0.0 0.0 3.6448859899999956e-06 0.0 0.0 0.0 0.0 0.0 0.0 0.0 -5.087327095999998e-05 0.0 0.0 0.0 0.0 0.0 0.0 0.0 0.0 7.700111522000001e-05 0.0 0.0 0.0 0.0 0.03610699188005 0.04543213111955 0.08470457818037001 0.09453999506849001 0.09480408759560001 0.00632239172512 0.0 0.0 -6.8669434e-06 0.0 0.0 -2.4021598180000002e-05 0.0 0.0 -0.00047833822157 0.0 0.0 0.0005301465940399999 0.0 0.0 -0.00643384659786 0.0 0.0 -0.01341844209556 0.0 0.0 -0.020467241085200004 0.0 0.0 -5.392798507e-05 0.0 0.0 0.0 0.0 0.00087640894422 0.0 0.0 0.0 0.0 0.00207305758333 0.0 0.0 0.0 0.0 0.00180516364491 0.0 0.0 0.0 0.0 0.0 7.28399714e-05 0.0 0.0 0.0 0.0 0.0 0.0 -0.00047919534003 0.0 0.0 0.0 0.0 0.0 0.0 0.00062079690346 0.0 0.0 0.0 0.0 0.0 0.0 0.0 1.377113809e-05 0.0 0.0 0.0 0.0 0.0 0.0 0.0 0.0 -0.00025696938886 0.0 0.0 0.0 0.0 
0.005647380729059995 -0.024621483328030005 0.006229083163070003 0.018540978885190004 -0.02371730802166 -0.006203325654640001 -3.493264372e-05 0.0 0.0 0.0005052006827000001 0.0 0.0 0.0022210264623100003 0.0 0.0 0.0069621487924800005 0.0 0.0 0.013948062138310001 0.0 0.0 0.011297052228740001 0.0 0.0 -0.010449788619560002 0.0 0.0 -0.00351828906154 0.0 0.0 -0.0002972278110900001 0.0 0.0 0.00038094963856 0.0 0.0 0.0 0.0 0.0010679194179 0.0 0.0 0.0 0.0 -0.00149736832231 0.0 0.0 0.0 0.0 -0.0024398759894300004 0.0 0.0 0.0 0.0 0.0 -0.00010649528447999993 0.0 0.0 0.0 0.0 0.0 0.0 -0.00025640630388999995 0.0 0.0 0.0 0.0 0.0 0.0 1.262067661000002e-05 0.0 0.0 0.0 0.0 0.0 0.0 0.0 -4.2370828639999976e-05 0.0 0.0 0.0 0.0 0.0 0.0 0.0 0.0 7.901906213000002e-05 0.0 0.0 0.0 0.0 0.03623948938534 0.045620677780560004 0.08480873384609001 0.09480408759560001 0.09507285210769002 0.0062982907727700006 0.0 0.0 -6.83710069e-06 0.0 0.0 -2.4624418590000003e-05 0.0 0.0 -0.00047544271868 0.0 0.0 0.00050717438958 0.0 0.0 -0.00635448982347 0.0 0.0 -0.01336776008554 0.0 0.0 -0.020532957357710005 0.0 0.0 -5.243125182e-05 0.0 0.0 0.0 0.0 0.00086385487662 0.0 0.0 0.0 0.0 0.00204355664171 0.0 0.0 0.0 0.0 0.00178316999323 0.0 0.0 0.0 0.0 0.0 7.218452782e-05 0.0 0.0 0.0 0.0 0.0 0.0 -0.00047429163004000005 0.0 0.0 0.0 0.0 0.0 0.0 0.0006367178437600001 0.0 0.0 0.0 0.0 0.0 0.0 0.0 1.366414805e-05 0.0 0.0 0.0 0.0 0.0 0.0 0.0 0.0 -0.00026182841402000006 0.0 0.0 0.0 0.0 
0.01707041105594 0.0047746333302500004 -0.00209592193689 6.83155466999998e-06 -0.0017360746848599999 -0.00099752813144 -2.178603556e-05 0.0 0.0 2.41261059e-05 0.0 0.0 5.410333354999999e-05 0.0 0.0 0.0005040090267199999 0.0 0.0 -0.0008271494158900003 0.0 0.0 -6.879890366000009e-05 0.0 0.0 -0.00056146210076 0.0 0.0 -0.00078514277234 0.0 0.0 0.00011184427471 0.0 0.0 3.391525656e-05 0.0 0.0 0.0 0.0 -0.0007826502800200001 0.0 0.0 0.0 0.0 -0.00042041651851 0.0 0.0 0.0 0.0 -0.00032744238043 0.0 0.0 0.0 0.0 0.0 -0.00022370680919999998 0.0 0.0 0.0 0.0 0.0 0.0 -0.00023330256825000002 0.0 0.0 0.0 0.0 0.0 0.0 -9.492639375e-05 0.0 0.0 0.0 0.0 0.0 0.0 0.0 -9.51643096e-05 0.0 0.0 0.0 0.0 0.0 0.0 0.0 0.0 -1.3987803349999999e-05 0.0 0.0 0.0 0.0 0.0020788652698199997 0.00238403757968 0.0070707338413300005 0.00632239172512 0.0062982907727700006 0.0008661188901699999 0.0 0.0 -9.7963217e-07 0.0 0.0 4.0802000900000005e-06 0.0 0.0 -7.69087786e-05 0.0 0.0 0.00029502438326000003 0.0 0.0 -0.0014634192255900001 0.0 0.0 -0.0018332437421 0.0 0.0 -0.00127807849183 0.0 0.0 -2.109340942e-05 0.0 0.0 0.0 0.0 0.00021785956902 0.0 0.0 0.0 0.0 0.0005132609216700001 0.0 0.0 0.0 0.0 0.00040771164487 0.0 0.0 0.0 0.0 0.0 1.398863286e-05 0.0 0.0 0.0 0.0 0.0 0.0 -9.830867956e-05 0.0 0.0 0.0 0.0 0.0 0.0 -0.00010907697784000001 0.0 0.0 0.0 0.0 0.0 0.0 0.0 2.46499977e-06 0.0 0.0 0.0 0.0 0.0 0.0 0.0 0.0 2.6773969260000002e-05 0.0 0.0 0.0 0.0 
0.0 0.0 0.0 0.0 0.0 0.0 0.0 0.0 0.0 0.0 0.0 0.0 0.0 0.0 0.0 0.0 0.0 0.0 0.0 0.0 0.0 0.0 0.0 0.0 0.0 0.0 0.0 0.0 0.0 0.0 0.0 0.0 0.0 0.0 0.0 0.0 0.0 0.0 0.0 0.0 0.0 0.0 0.0 0.0 0.0 0.0 0.0 0.0 0.0 0.0 0.0 0.0 0.0 0.0 0.0 0.0 0.0 0.0 0.0 0.0 0.0 0.0 0.0 0.0 0.0 0.0 0.0 0.0 0.0 0.0 0.0 0.0 0.0 0.0 0.0 0.0 0.0 0.0 0.0 0.0 0.0 0.0 0.0 0.0 0.0 0.0 0.0 0.0 0.0 0.0 0.0 0.0 0.0 0.0 0.0 0.0 0.0 0.0 0.0 0.0 0.0 0.0 0.0 0.0 0.0 0.0 0.0 0.0 0.0 0.0 0.0 0.0 0.0 0.0 0.0 0.0 0.0 0.0 0.0 0.0 0.0 0.0 0.0 0.0 0.0 0.0 0.0 0.0 0.0 0.0 0.0 0.0 0.0 0.0 0.0 0.0 0.0 0.0 0.0 0.0 0.0 0.0 0.0 0.0 0.0 0.0 0.0 0.0 0.0 0.0 0.0 0.0 0.0 0.0 0.0 0.0 0.0 0.0 0.0 0.0 0.0 0.0 0.0 0.0 0.0 0.0 0.0 0.0 0.0 0.0 0.0 0.0 0.0 0.0 0.0 0.0 
0.0 0.0 0.0 0.0 0.0 0.0 0.0 0.0 0.0 0.0 0.0 0.0 0.0 0.0 0.0 0.0 0.0 0.0 0.0 0.0 0.0 0.0 0.0 0.0 0.0 0.0 0.0 0.0 0.0 0.0 0.0 0.0 0.0 0.0 0.0 0.0 0.0 0.0 0.0 0.0 0.0 0.0 0.0 0.0 0.0 0.0 0.0 0.0 0.0 0.0 0.0 0.0 0.0 0.0 0.0 0.0 0.0 0.0 0.0 0.0 0.0 0.0 0.0 0.0 0.0 0.0 0.0 0.0 0.0 0.0 0.0 0.0 0.0 0.0 0.0 0.0 0.0 0.0 0.0 0.0 0.0 0.0 0.0 0.0 0.0 0.0 0.0 0.0 0.0 0.0 0.0 0.0 0.0 0.0 0.0 0.0 0.0 0.0 0.0 0.0 0.0 0.0 0.0 0.0 0.0 0.0 0.0 0.0 0.0 0.0 0.0 0.0 0.0 0.0 0.0 0.0 0.0 0.0 0.0 0.0 0.0 0.0 0.0 0.0 0.0 0.0 0.0 0.0 0.0 0.0 0.0 0.0 0.0 0.0 0.0 0.0 0.0 0.0 0.0 0.0 0.0 0.0 0.0 0.0 0.0 0.0 0.0 0.0 0.0 0.0 0.0 0.0 0.0 0.0 0.0 0.0 0.0 0.0 0.0 0.0 0.0 0.0 0.0 0.0 0.0 0.0 0.0 0.0 0.0 0.0 0.0 0.0 0.0 0.0 0.0 0.0 
-1.9996944460000004e-05 -5.745615570000001e-06 2.49551593e-06 9.984581000000002e-08 1.89907186e-06 1.13437544e-06 2.535972e-08 0.0 0.0 -2.53697e-08 0.0 0.0 -5.056211e-08 0.0 0.0 -5.5088368e-07 0.0 0.0 1.05168949e-06 0.0 0.0 1.4644646000000004e-07 0.0 0.0 5.9800776e-07 0.0 0.0 9.0079034e-07 0.0 0.0 -1.3296311e-07 0.0 0.0 -3.757876e-08 0.0 0.0 0.0 0.0 9.245459000000001e-07 0.0 0.0 0.0 0.0 4.845905100000001e-07 0.0 0.0 0.0 0.0 3.7001503e-07 0.0 0.0 0.0 0.0 0.0 2.6186988e-07 0.0 0.0 0.0 0.0 0.0 0.0 2.7225709e-07 0.0 0.0 0.0 0.0 0.0 0.0 1.1145659000000001e-07 0.0 0.0 0.0 0.0 0.0 0.0 0.0 1.1141584e-07 0.0 0.0 0.0 0.0 0.0 0.0 0.0 0.0 1.687247e-08 0.0 0.0 0.0 0.0 -2.22844234e-06 -2.53194556e-06 -7.80316849e-06 -6.8669434e-06 -6.83710069e-06 -9.7963217e-07 0.0 0.0 1.1096900000000001e-09 0.0 0.0 -4.930810000000001e-09 0.0 0.0 8.747608e-08 0.0 0.0 -3.4322038000000003e-07 0.0 0.0 1.68015567e-06 0.0 0.0 2.07329474e-06 0.0 0.0 1.3802007100000002e-06 0.0 0.0 2.444522e-08 0.0 0.0 0.0 0.0 -2.5060302e-07 0.0 0.0 0.0 0.0 -5.9035331e-07 0.0 0.0 0.0 0.0 -4.6802043e-07 0.0 0.0 0.0 0.0 0.0 -1.599382e-08 0.0 0.0 0.0 0.0 0.0 0.0 1.1259264e-07 0.0 0.0 0.0 0.0 0.0 0.0 1.3169104000000002e-07 0.0 0.0 0.0 0.0 0.0 0.0 0.0 -2.8128500000000003e-09 0.0 0.0 0.0 0.0 0.0 0.0 0.0 0.0 -3.293878e-08 0.0 0.0 0.0 0.0 
0.0 0.0 0.0 0.0 0.0 0.0 0.0 0.0 0.0 0.0 0.0 0.0 0.0 0.0 0.0 0.0 0.0 0.0 0.0 0.0 0.0 0.0 0.0 0.0 0.0 0.0 0.0 0.0 0.0 0.0 0.0 0.0 0.0 0.0 0.0 0.0 0.0 0.0 0.0 0.0 0.0 0.0 0.0 0.0 0.0 0.0 0.0 0.0 0.0 0.0 0.0 0.0 0.0 0.0 0.0 0.0 0.0 0.0 0.0 0.0 0.0 0.0 0.0 0.0 0.0 0.0 0.0 0.0 0.0 0.0 0.0 0.0 0.0 0.0 0.0 0.0 0.0 0.0 0.0 0.0 0.0 0.0 0.0 0.0 0.0 0.0 0.0 0.0 0.0 0.0 0.0 0.0 0.0 0.0 0.0 0.0 0.0 0.0 0.0 0.0 0.0 0.0 0.0 0.0 0.0 0.0 0.0 0.0 0.0 0.0 0.0 0.0 0.0 0.0 0.0 0.0 0.0 0.0 0.0 0.0 0.0 0.0 0.0 0.0 0.0 0.0 0.0 0.0 0.0 0.0 0.0 0.0 0.0 0.0 0.0 0.0 0.0 0.0 0.0 0.0 0.0 0.0 0.0 0.0 0.0 0.0 0.0 0.0 0.0 0.0 0.0 0.0 0.0 0.0 0.0 0.0 0.0 0.0 0.0 0.0 0.0 0.0 0.0 0.0 0.0 0.0 0.0 0.0 0.0 0.0 0.0 0.0 0.0 0.0 0.0 0.0 
0.0 0.0 0.0 0.0 0.0 0.0 0.0 0.0 0.0 0.0 0.0 0.0 0.0 0.0 0.0 0.0 0.0 0.0 0.0 0.0 0.0 0.0 0.0 0.0 0.0 0.0 0.0 0.0 0.0 0.0 0.0 0.0 0.0 0.0 0.0 0.0 0.0 0.0 0.0 0.0 0.0 0.0 0.0 0.0 0.0 0.0 0.0 0.0 0.0 0.0 0.0 0.0 0.0 0.0 0.0 0.0 0.0 0.0 0.0 0.0 0.0 0.0 0.0 0.0 0.0 0.0 0.0 0.0 0.0 0.0 0.0 0.0 0.0 0.0 0.0 0.0 0.0 0.0 0.0 0.0 0.0 0.0 0.0 0.0 0.0 0.0 0.0 0.0 0.0 0.0 0.0 0.0 0.0 0.0 0.0 0.0 0.0 0.0 0.0 0.0 0.0 0.0 0.0 0.0 0.0 0.0 0.0 0.0 0.0 0.0 0.0 0.0 0.0 0.0 0.0 0.0 0.0 0.0 0.0 0.0 0.0 0.0 0.0 0.0 0.0 0.0 0.0 0.0 0.0 0.0 0.0 0.0 0.0 0.0 0.0 0.0 0.0 0.0 0.0 0.0 0.0 0.0 0.0 0.0 0.0 0.0 0.0 0.0 0.0 0.0 0.0 0.0 0.0 0.0 0.0 0.0 0.0 0.0 0.0 0.0 0.0 0.0 0.0 0.0 0.0 0.0 0.0 0.0 0.0 0.0 0.0 0.0 0.0 0.0 0.0 0.0 
0.00021098068960000003 8.788357627e-05 -3.353251197e-05 -2.034396969e-05 4.04506128e-06 -5.85689488e-06 -2.3871188e-07 0.0 0.0 -2.497164e-07 0.0 0.0 -1.75900949e-06 0.0 0.0 -1.2588079999999997e-06 0.0 0.0 -2.589445313e-05 0.0 0.0 -1.332397762e-05 0.0 0.0 4.37091698e-06 0.0 0.0 -6.11323318e-06 0.0 0.0 1.75063007e-06 0.0 0.0 1.175681999999998e-08 0.0 0.0 0.0 0.0 -1.1135207720000001e-05 0.0 0.0 0.0 0.0 -3.69937727e-06 0.0 0.0 0.0 0.0 -1.47779621e-06 0.0 0.0 0.0 0.0 0.0 -2.72909238e-06 0.0 0.0 0.0 0.0 0.0 0.0 -2.68599699e-06 0.0 0.0 0.0 0.0 0.0 0.0 -1.22174949e-06 0.0 0.0 0.0 0.0 0.0 0.0 0.0 -1.16417984e-06 0.0 0.0 0.0 0.0 0.0 0.0 0.0 0.0 -2.6505427000000004e-07 0.0 0.0 0.0 0.0 -1.348198764e-05 -1.9936408460000002e-05 -3.4855033299999987e-06 -2.4021598180000002e-05 -2.4624418590000003e-05 4.0802000900000005e-06 0.0 0.0 -4.930810000000001e-09 0.0 0.0 7.905085000000001e-08 0.0 0.0 -4.5468098000000005e-07 0.0 0.0 3.19501534e-06 0.0 0.0 -1.1618315310000003e-05 0.0 0.0 -8.595812740000002e-06 0.0 0.0 6.363662410000001e-06 0.0 0.0 -2.1061664e-07 0.0 0.0 0.0 0.0 1.82013354e-06 0.0 0.0 0.0 0.0 4.278866130000001e-06 0.0 0.0 0.0 0.0 3.2227866500000004e-06 0.0 0.0 0.0 0.0 0.0 9.844878e-08 0.0 0.0 0.0 0.0 0.0 0.0 -7.282415000000001e-07 0.0 0.0 0.0 0.0 0.0 0.0 -2.08951388e-06 0.0 0.0 0.0 0.0 0.0 0.0 0.0 1.630767e-08 0.0 0.0 0.0 0.0 0.0 0.0 0.0 0.0 6.2918874e-07 0.0 0.0 0.0 0.0 
0.0 0.0 0.0 0.0 0.0 0.0 0.0 0.0 0.0 0.0 0.0 0.0 0.0 0.0 0.0 0.0 0.0 0.0 0.0 0.0 0.0 0.0 0.0 0.0 0.0 0.0 0.0 0.0 0.0 0.0 0.0 0.0 0.0 0.0 0.0 0.0 0.0 0.0 0.0 0.0 0.0 0.0 0.0 0.0 0.0 0.0 0.0 0.0 0.0 0.0 0.0 0.0 0.0 0.0 0.0 0.0 0.0 0.0 0.0 0.0 0.0 0.0 0.0 0.0 0.0 0.0 0.0 0.0 0.0 0.0 0.0 0.0 0.0 0.0 0.0 0.0 0.0 0.0 0.0 0.0 0.0 0.0 0.0 0.0 0.0 0.0 0.0 0.0 0.0 0.0 0.0 0.0 0.0 0.0 0.0 0.0 0.0 0.0 0.0 0.0 0.0 0.0 0.0 0.0 0.0 0.0 0.0 0.0 0.0 0.0 0.0 0.0 0.0 0.0 0.0 0.0 0.0 0.0 0.0 0.0 0.0 0.0 0.0 0.0 0.0 0.0 0.0 0.0 0.0 0.0 0.0 0.0 0.0 0.0 0.0 0.0 0.0 0.0 0.0 0.0 0.0 0.0 0.0 0.0 0.0 0.0 0.0 0.0 0.0 0.0 0.0 0.0 0.0 0.0 0.0 0.0 0.0 0.0 0.0 0.0 0.0 0.0 0.0 0.0 0.0 0.0 0.0 0.0 0.0 0.0 0.0 0.0 0.0 0.0 0.0 0.0 
0.0 0.0 0.0 0.0 0.0 0.0 0.0 0.0 0.0 0.0 0.0 0.0 0.0 0.0 0.0 0.0 0.0 0.0 0.0 0.0 0.0 0.0 0.0 0.0 0.0 0.0 0.0 0.0 0.0 0.0 0.0 0.0 0.0 0.0 0.0 0.0 0.0 0.0 0.0 0.0 0.0 0.0 0.0 0.0 0.0 0.0 0.0 0.0 0.0 0.0 0.0 0.0 0.0 0.0 0.0 0.0 0.0 0.0 0.0 0.0 0.0 0.0 0.0 0.0 0.0 0.0 0.0 0.0 0.0 0.0 0.0 0.0 0.0 0.0 0.0 0.0 0.0 0.0 0.0 0.0 0.0 0.0 0.0 0.0 0.0 0.0 0.0 0.0 0.0 0.0 0.0 0.0 0.0 0.0 0.0 0.0 0.0 0.0 0.0 0.0 0.0 0.0 0.0 0.0 0.0 0.0 0.0 0.0 0.0 0.0 0.0 0.0 0.0 0.0 0.0 0.0 0.0 0.0 0.0 0.0 0.0 0.0 0.0 0.0 0.0 0.0 0.0 0.0 0.0 0.0 0.0 0.0 0.0 0.0 0.0 0.0 0.0 0.0 0.0 0.0 0.0 0.0 0.0 0.0 0.0 0.0 0.0 0.0 0.0 0.0 0.0 0.0 0.0 0.0 0.0 0.0 0.0 0.0 0.0 0.0 0.0 0.0 0.0 0.0 0.0 0.0 0.0 0.0 0.0 0.0 0.0 0.0 0.0 0.0 0.0 0.0 
-0.00171738046493 -0.00052493077143 0.00022263877465999998 3.085235841999999e-05 0.00013528620154999998 9.03648202e-05 2.14463064e-06 0.0 0.0 -1.58131195e-06 0.0 0.0 -1.6949544400000002e-06 0.0 0.0 -3.914524664e-05 0.0 0.0 0.00010741111910000001 0.0 0.0 2.61797935e-05 0.0 0.0 3.902421855e-05 0.0 0.0 7.344612069999999e-05 0.0 0.0 -1.1820789399999998e-05 0.0 0.0 -2.78305235e-06 0.0 0.0 0.0 0.0 8.099640846999999e-05 0.0 0.0 0.0 0.0 3.9985467299999996e-05 0.0 0.0 0.0 0.0 2.897593655e-05 0.0 0.0 0.0 0.0 0.0 2.2450908569999997e-05 0.0 0.0 0.0 0.0 0.0 0.0 2.3166655909999997e-05 0.0 0.0 0.0 0.0 0.0 0.0 9.62503441e-06 0.0 0.0 0.0 0.0 0.0 0.0 0.0 9.555547759999999e-06 0.0 0.0 0.0 0.0 0.0 0.0 0.0 0.0 1.54955938e-06 0.0 0.0 0.0 0.0 -0.00014866201433 -0.00016357576727 -0.00057105183749 -0.00047833822157 -0.00047544271868 -7.69087786e-05 0.0 0.0 8.747608e-08 0.0 0.0 -4.5468098000000005e-07 0.0 0.0 6.9718837699999995e-06 0.0 0.0 -2.8984332679999995e-05 0.0 0.0 0.00013724116062 0.0 0.0 0.00016272418636 0.0 0.0 9.436889252e-05 0.0 0.0 2.0447885499999996e-06 0.0 0.0 0.0 0.0 -2.0570867099999998e-05 0.0 0.0 0.0 0.0 -4.844917621e-05 0.0 0.0 0.0 0.0 -3.8213903789999995e-05 0.0 0.0 0.0 0.0 0.0 -1.2924028399999998e-06 0.0 0.0 0.0 0.0 0.0 0.0 9.138838469999999e-06 0.0 0.0 0.0 0.0 0.0 0.0 1.21183955e-05 0.0 0.0 0.0 0.0 0.0 0.0 0.0 -2.2613377e-07 0.0 0.0 0.0 0.0 0.0 0.0 0.0 0.0 -3.1541277799999996e-06 0.0 0.0 0.0 0.0 
0.0 0.0 0.0 0.0 0.0 0.0 0.0 0.0 0.0 0.0 0.0 0.0 0.0 0.0 0.0 0.0 0.0 0.0 0.0 0.0 0.0 0.0 0.0 0.0 0.0 0.0 0.0 0.0 0.0 0.0 0.0 0.0 0.0 0.0 0.0 0.0 0.0 0.0 0.0 0.0 0.0 0.0 0.0 0.0 0.0 0.0 0.0 0.0 0.0 0.0 0.0 0.0 0.0 0.0 0.0 0.0 0.0 0.0 0.0 0.0 0.0 0.0 0.0 0.0 0.0 0.0 0.0 0.0 0.0 0.0 0.0 0.0 0.0 0.0 0.0 0.0 0.0 0.0 0.0 0.0 0.0 0.0 0.0 0.0 0.0 0.0 0.0 0.0 0.0 0.0 0.0 0.0 0.0 0.0 0.0 0.0 0.0 0.0 0.0 0.0 0.0 0.0 0.0 0.0 0.0 0.0 0.0 0.0 0.0 0.0 0.0 0.0 0.0 0.0 0.0 0.0 0.0 0.0 0.0 0.0 0.0 0.0 0.0 0.0 0.0 0.0 0.0 0.0 0.0 0.0 0.0 0.0 0.0 0.0 0.0 0.0 0.0 0.0 0.0 0.0 0.0 0.0 0.0 0.0 0.0 0.0 0.0 0.0 0.0 0.0 0.0 0.0 0.0 0.0 0.0 0.0 0.0 0.0 0.0 0.0 0.0 0.0 0.0 0.0 0.0 0.0 0.0 0.0 0.0 0.0 0.0 0.0 0.0 0.0 0.0 0.0 
0.0 0.0 0.0 0.0 0.0 0.0 0.0 0.0 0.0 0.0 0.0 0.0 0.0 0.0 0.0 0.0 0.0 0.0 0.0 0.0 0.0 0.0 0.0 0.0 0.0 0.0 0.0 0.0 0.0 0.0 0.0 0.0 0.0 0.0 0.0 0.0 0.0 0.0 0.0 0.0 0.0 0.0 0.0 0.0 0.0 0.0 0.0 0.0 0.0 0.0 0.0 0.0 0.0 0.0 0.0 0.0 0.0 0.0 0.0 0.0 0.0 0.0 0.0 0.0 0.0 0.0 0.0 0.0 0.0 0.0 0.0 0.0 0.0 0.0 0.0 0.0 0.0 0.0 0.0 0.0 0.0 0.0 0.0 0.0 0.0 0.0 0.0 0.0 0.0 0.0 0.0 0.0 0.0 0.0 0.0 0.0 0.0 0.0 0.0 0.0 0.0 0.0 0.0 0.0 0.0 0.0 0.0 0.0 0.0 0.0 0.0 0.0 0.0 0.0 0.0 0.0 0.0 0.0 0.0 0.0 0.0 0.0 0.0 0.0 0.0 0.0 0.0 0.0 0.0 0.0 0.0 0.0 0.0 0.0 0.0 0.0 0.0 0.0 0.0 0.0 0.0 0.0 0.0 0.0 0.0 0.0 0.0 0.0 0.0 0.0 0.0 0.0 0.0 0.0 0.0 0.0 0.0 0.0 0.0 0.0 0.0 0.0 0.0 0.0 0.0 0.0 0.0 0.0 0.0 0.0 0.0 0.0 0.0 0.0 0.0 0.0 
0.00975405230344 0.0035993559644200003 -0.00142776846366 -0.00061246604262 -0.00022254490007999998 -0.00037471455231999996 -1.1526766639999999e-05 0.0 0.0 -2.745702e-06 0.0 0.0 -4.233419774e-05 0.0 0.0 6.205969792e-05 0.0 0.0 -0.00094547303702 0.0 0.0 -0.00041566941627999997 0.0 0.0 2.0435579719999998e-05 0.0 0.0 -0.00034029249652 0.0 0.0 7.502029177999999e-05 0.0 0.0 7.0865638799999995e-06 0.0 0.0 0.0 0.0 -0.00049132171184 0.0 0.0 0.0 0.0 -0.00019506671977999999 0.0 0.0 0.0 0.0 -0.00010958233814 0.0 0.0 0.0 0.0 0.0 -0.00012674621867999998 0.0 0.0 0.0 0.0 0.0 0.0 -0.00012735059754 0.0 0.0 0.0 0.0 0.0 0.0 -5.570478054e-05 0.0 0.0 0.0 0.0 0.0 0.0 0.0 -5.401500224e-05 0.0 0.0 0.0 0.0 0.0 0.0 0.0 0.0 -1.077370402e-05 0.0 0.0 0.0 0.0 5.8526620799999995e-06 -0.00012831771067999998 0.0012983037977 0.0005301465940399999 0.00050717438958 0.00029502438326000003 0.0 0.0 -3.4322038000000003e-07 0.0 0.0 3.19501534e-06 0.0 0.0 -2.8984332679999995e-05 0.0 0.0 0.00015495994899999998 0.0 0.0 -0.0006410238645 0.0 0.0 -0.0006232347756399999 0.0 0.0 -6.168003001999999e-05 0.0 0.0 -1.054159256e-05 0.0 0.0 0.0 0.0 9.816032556e-05 0.0 0.0 0.0 0.0 0.0002309798391 0.0 0.0 0.0 0.0 0.00017816515022 0.0 0.0 0.0 0.0 0.0 5.74701684e-06 0.0 0.0 0.0 0.0 0.0 0.0 -4.148591516e-05 0.0 0.0 0.0 0.0 0.0 0.0 -8.469587672000001e-05 0.0 0.0 0.0 0.0 0.0 0.0 0.0 9.8131554e-07 0.0 0.0 0.0 0.0 0.0 0.0 0.0 0.0 2.42983614e-05 0.0 0.0 0.0 0.0 
0.0 0.0 0.0 0.0 0.0 0.0 0.0 0.0 0.0 0.0 0.0 0.0 0.0 0.0 0.0 0.0 0.0 0.0 0.0 0.0 0.0 0.0 0.0 0.0 0.0 0.0 0.0 0.0 0.0 0.0 0.0 0.0 0.0 0.0 0.0 0.0 0.0 0.0 0.0 0.0 0.0 0.0 0.0 0.0 0.0 0.0 0.0 0.0 0.0 0.0 0.0 0.0 0.0 0.0 0.0 0.0 0.0 0.0 0.0 0.0 0.0 0.0 0.0 0.0 0.0 0.0 0.0 0.0 0.0 0.0 0.0 0.0 0.0 0.0 0.0 0.0 0.0 0.0 0.0 0.0 0.0 0.0 0.0 0.0 0.0 0.0 0.0 0.0 0.0 0.0 0.0 0.0 0.0 0.0 0.0 0.0 0.0 0.0 0.0 0.0 0.0 0.0 0.0 0.0 0.0 0.0 0.0 0.0 0.0 0.0 0.0 0.0 0.0 0.0 0.0 0.0 0.0 0.0 0.0 0.0 0.0 0.0 0.0 0.0 0.0 0.0 0.0 0.0 0.0 0.0 0.0 0.0 0.0 0.0 0.0 0.0 0.0 0.0 0.0 0.0 0.0 0.0 0.0 0.0 0.0 0.0 0.0 0.0 0.0 0.0 0.0 0.0 0.0 0.0 0.0 0.0 0.0 0.0 0.0 0.0 0.0 0.0 0.0 0.0 0.0 0.0 0.0 0.0 0.0 0.0 0.0 0.0 0.0 0.0 0.0 0.0 
0.0 0.0 0.0 0.0 0.0 0.0 0.0 0.0 0.0 0.0 0.0 0.0 0.0 0.0 0.0 0.0 0.0 0.0 0.0 0.0 0.0 0.0 0.0 0.0 0.0 0.0 0.0 0.0 0.0 0.0 0.0 0.0 0.0 0.0 0.0 0.0 0.0 0.0 0.0 0.0 0.0 0.0 0.0 0.0 0.0 0.0 0.0 0.0 0.0 0.0 0.0 0.0 0.0 0.0 0.0 0.0 0.0 0.0 0.0 0.0 0.0 0.0 0.0 0.0 0.0 0.0 0.0 0.0 0.0 0.0 0.0 0.0 0.0 0.0 0.0 0.0 0.0 0.0 0.0 0.0 0.0 0.0 0.0 0.0 0.0 0.0 0.0 0.0 0.0 0.0 0.0 0.0 0.0 0.0 0.0 0.0 0.0 0.0 0.0 0.0 0.0 0.0 0.0 0.0 0.0 0.0 0.0 0.0 0.0 0.0 0.0 0.0 0.0 0.0 0.0 0.0 0.0 0.0 0.0 0.0 0.0 0.0 0.0 0.0 0.0 0.0 0.0 0.0 0.0 0.0 0.0 0.0 0.0 0.0 0.0 0.0 0.0 0.0 0.0 0.0 0.0 0.0 0.0 0.0 0.0 0.0 0.0 0.0 0.0 0.0 0.0 0.0 0.0 0.0 0.0 0.0 0.0 0.0 0.0 0.0 0.0 0.0 0.0 0.0 0.0 0.0 0.0 0.0 0.0 0.0 0.0 0.0 0.0 0.0 0.0 0.0 
-0.03915231291696001 -0.01323078633453 0.0054094944861900005 0.0015974129238300002 0.00196811811072 0.00177686231088 4.755555276e-05 0.0 0.0 -1.2071322e-05 0.0 0.0 6.760722290999999e-05 0.0 0.0 -0.00056470520928 0.0 0.0 0.0031345833594300008 0.0 0.0 0.0011427494590200002 0.0 0.0 0.00039466738002 0.0 0.0 0.00151725534618 0.0 0.0 -0.00028560529977000003 0.0 0.0 -4.561655742e-05 0.0 0.0 0.0 0.0 0.0019105197255600004 0.0 0.0 0.0 0.0 0.0008460717317700001 0.0 0.0 0.0 0.0 0.00054814298451 0.0 0.0 0.0 0.0 0.0 0.00051026221962 0.0 0.0 0.0 0.0 0.0 0.0 0.0005195030786100001 0.0 0.0 0.0 0.0 0.0 0.0 0.00022155173811000002 0.0 0.0 0.0 0.0 0.0 0.0 0.0 0.00021731937216 0.0 0.0 0.0 0.0 0.0 0.0 0.0 0.0 3.9360330930000006e-05 0.0 0.0 0.0 0.0 -0.00167462874972 -0.00156707857038 -0.00904147969605 -0.00643384659786 -0.00635448982347 -0.0014634192255900001 0.0 0.0 1.68015567e-06 0.0 0.0 -1.1618315310000003e-05 0.0 0.0 0.00013724116062 0.0 0.0 -0.0006410238645 0.0 0.0 0.0028456777732500005 0.0 0.0 0.00309430961526 0.0 0.0 0.0011815595679300001 0.0 0.0 4.4424443040000005e-05 0.0 0.0 0.0 0.0 -0.00043078381254 0.0 0.0 0.0 0.0 -0.0010141655251500001 0.0 0.0 0.0 0.0 -0.00079169836623 0.0 0.0 0.0 0.0 0.0 -2.620580706e-05 0.0 0.0 0.0 0.0 0.0 0.0 0.00018703966794 0.0 0.0 0.0 0.0 0.0 0.0 0.00030871816548 0.0 0.0 0.0 0.0 0.0 0.0 0.0 -4.53568761e-06 0.0 0.0 0.0 0.0 0.0 0.0 0.0 0.0 -8.49609711e-05 0.0 0.0 0.0 0.0 
0.0 0.0 0.0 0.0 0.0 0.0 0.0 0.0 0.0 0.0 0.0 0.0 0.0 0.0 0.0 0.0 0.0 0.0 0.0 0.0 0.0 0.0 0.0 0.0 0.0 0.0 0.0 0.0 0.0 0.0 0.0 0.0 0.0 0.0 0.0 0.0 0.0 0.0 0.0 0.0 0.0 0.0 0.0 0.0 0.0 0.0 0.0 0.0 0.0 0.0 0.0 0.0 0.0 0.0 0.0 0.0 0.0 0.0 0.0 0.0 0.0 0.0 0.0 0.0 0.0 0.0 0.0 0.0 0.0 0.0 0.0 0.0 0.0 0.0 0.0 0.0 0.0 0.0 0.0 0.0 0.0 0.0 0.0 0.0 0.0 0.0 0.0 0.0 0.0 0.0 0.0 0.0 0.0 0.0 0.0 0.0 0.0 0.0 0.0 0.0 0.0 0.0 0.0 0.0 0.0 0.0 0.0 0.0 0.0 0.0 0.0 0.0 0.0 0.0 0.0 0.0 0.0 0.0 0.0 0.0 0.0 0.0 0.0 0.0 0.0 0.0 0.0 0.0 0.0 0.0 0.0 0.0 0.0 0.0 0.0 0.0 0.0 0.0 0.0 0.0 0.0 0.0 0.0 0.0 0.0 0.0 0.0 0.0 0.0 0.0 0.0 0.0 0.0 0.0 0.0 0.0 0.0 0.0 0.0 0.0 0.0 0.0 0.0 0.0 0.0 0.0 0.0 0.0 0.0 0.0 0.0 0.0 0.0 0.0 0.0 0.0 
0.0 0.0 0.0 0.0 0.0 0.0 0.0 0.0 0.0 0.0 0.0 0.0 0.0 0.0 0.0 0.0 0.0 0.0 0.0 0.0 0.0 0.0 0.0 0.0 0.0 0.0 0.0 0.0 0.0 0.0 0.0 0.0 0.0 0.0 0.0 0.0 0.0 0.0 0.0 0.0 0.0 0.0 0.0 0.0 0.0 0.0 0.0 0.0 0.0 0.0 0.0 0.0 0.0 0.0 0.0 0.0 0.0 0.0 0.0 0.0 0.0 0.0 0.0 0.0 0.0 0.0 0.0 0.0 0.0 0.0 0.0 0.0 0.0 0.0 0.0 0.0 0.0 0.0 0.0 0.0 0.0 0.0 0.0 0.0 0.0 0.0 0.0 0.0 0.0 0.0 0.0 0.0 0.0 0.0 0.0 0.0 0.0 0.0 0.0 0.0 0.0 0.0 0.0 0.0 0.0 0.0 0.0 0.0 0.0 0.0 0.0 0.0 0.0 0.0 0.0 0.0 0.0 0.0 0.0 0.0 0.0 0.0 0.0 0.0 0.0 0.0 0.0 0.0 0.0 0.0 0.0 0.0 0.0 0.0 0.0 0.0 0.0 0.0 0.0 0.0 0.0 0.0 0.0 0.0 0.0 0.0 0.0 0.0 0.0 0.0 0.0 0.0 0.0 0.0 0.0 0.0 0.0 0.0 0.0 0.0 0.0 0.0 0.0 0.0 0.0 0.0 0.0 0.0 0.0 0.0 0.0 0.0 0.0 0.0 0.0 0.0 
-0.03604335771784 -0.01006190653374 0.0044202860789799995 -2.822447373999985e-05 0.0036828660987999993 0.0021106050272 4.602081192e-05 0.0 0.0 -5.13112436e-05 0.0 0.0 -0.00011587658342000001 0.0 0.0 -0.00106924940032 0.0 0.0 0.0017359000429000002 0.0 0.0 0.00013683928339999996 0.0 0.0 0.0011931408258 0.0 0.0 0.0016602170822 0.0 0.0 -0.00023590504909999996 0.0 0.0 -7.18856662e-05 0.0 0.0 0.0 0.0 0.0016515410057600002 0.0 0.0 0.0 0.0 0.0008887004883 0.0 0.0 0.0 0.0 0.0006931145221 0.0 0.0 0.0 0.0 0.0 0.0004723704267599999 0.0 0.0 0.0 0.0 0.0 0.0 0.00049274064238 0.0 0.0 0.0 0.0 0.0 0.0 0.00020039977537999998 0.0 0.0 0.0 0.0 0.0 0.0 0.0 0.00020094299967999998 0.0 0.0 0.0 0.0 0.0 0.0 0.0 0.0 2.9472313339999995e-05 0.0 0.0 0.0 0.0 -0.00441588897424 -0.005067153809559999 -0.01499090603902 -0.01341844209556 -0.01336776008554 -0.0018332437421 0.0 0.0 2.07329474e-06 0.0 0.0 -8.595812740000002e-06 0.0 0.0 0.00016272418636 0.0 0.0 -0.0006232347756399999 0.0 0.0 0.00309430961526 0.0 0.0 0.0038803059294799996 0.0 0.0 0.00271357141006 0.0 0.0 4.45715612e-05 0.0 0.0 0.0 0.0 -0.0004605894665999999 0.0 0.0 0.0 0.0 -0.00108512072258 0.0 0.0 0.0 0.0 -0.00086209063002 0.0 0.0 0.0 0.0 0.0 -2.958661852e-05 0.0 0.0 0.0 0.0 0.0 0.0 0.00020790292836 0.0 0.0 0.0 0.0 0.0 0.0 0.00022981000360000002 0.0 0.0 0.0 0.0 0.0 0.0 0.0 -5.21429366e-06 0.0 0.0 0.0 0.0 0.0 0.0 0.0 0.0 -5.633046244e-05 0.0 0.0 0.0 0.0 
0.0 0.0 0.0 0.0 0.0 0.0 0.0 0.0 0.0 0.0 0.0 0.0 0.0 0.0 0.0 0.0 0.0 0.0 0.0 0.0 0.0 0.0 0.0 0.0 0.0 0.0 0.0 0.0 0.0 0.0 0.0 0.0 0.0 0.0 0.0 0.0 0.0 0.0 0.0 0.0 0.0 0.0 0.0 0.0 0.0 0.0 0.0 0.0 0.0 0.0 0.0 0.0 0.0 0.0 0.0 0.0 0.0 0.0 0.0 0.0 0.0 0.0 0.0 0.0 0.0 0.0 0.0 0.0 0.0 0.0 0.0 0.0 0.0 0.0 0.0 0.0 0.0 0.0 0.0 0.0 0.0 0.0 0.0 0.0 0.0 0.0 0.0 0.0 0.0 0.0 0.0 0.0 0.0 0.0 0.0 0.0 0.0 0.0 0.0 0.0 0.0 0.0 0.0 0.0 0.0 0.0 0.0 0.0 0.0 0.0 0.0 0.0 0.0 0.0 0.0 0.0 0.0 0.0 0.0 0.0 0.0 0.0 0.0 0.0 0.0 0.0 0.0 0.0 0.0 0.0 0.0 0.0 0.0 0.0 0.0 0.0 0.0 0.0 0.0 0.0 0.0 0.0 0.0 0.0 0.0 0.0 0.0 0.0 0.0 0.0 0.0 0.0 0.0 0.0 0.0 0.0 0.0 0.0 0.0 0.0 0.0 0.0 0.0 0.0 0.0 0.0 0.0 0.0 0.0 0.0 0.0 0.0 0.0 0.0 0.0 0.0 
0.0 0.0 0.0 0.0 0.0 0.0 0.0 0.0 0.0 0.0 0.0 0.0 0.0 0.0 0.0 0.0 0.0 0.0 0.0 0.0 0.0 0.0 0.0 0.0 0.0 0.0 0.0 0.0 0.0 0.0 0.0 0.0 0.0 0.0 0.0 0.0 0.0 0.0 0.0 0.0 0.0 0.0 0.0 0.0 0.0 0.0 0.0 0.0 0.0 0.0 0.0 0.0 0.0 0.0 0.0 0.0 0.0 0.0 0.0 0.0 0.0 0.0 0.0 0.0 0.0 0.0 0.0 0.0 0.0 0.0 0.0 0.0 0.0 0.0 0.0 0.0 0.0 0.0 0.0 0.0 0.0 0.0 0.0 0.0 0.0 0.0 0.0 0.0 0.0 0.0 0.0 0.0 0.0 0.0 0.0 0.0 0.0 0.0 0.0 0.0 0.0 0.0 0.0 0.0 0.0 0.0 0.0 0.0 0.0 0.0 0.0 0.0 0.0 0.0 0.0 0.0 0.0 0.0 0.0 0.0 0.0 0.0 0.0 0.0 0.0 0.0 0.0 0.0 0.0 0.0 0.0 0.0 0.0 0.0 0.0 0.0 0.0 0.0 0.0 0.0 0.0 0.0 0.0 0.0 0.0 0.0 0.0 0.0 0.0 0.0 0.0 0.0 0.0 0.0 0.0 0.0 0.0 0.0 0.0 0.0 0.0 0.0 0.0 0.0 0.0 0.0 0.0 0.0 0.0 0.0 0.0 0.0 0.0 0.0 0.0 0.0 
0.0018366413350600008 0.006490111168170001 -0.0018045037051300004 -0.004227900446210001 0.00509206456514 0.0012323622925600002 3.980043479999999e-06 0.0 0.0 -0.00011081865130000001 0.0 0.0 -0.0004967067970900001 0.0 0.0 -0.0014957882475200002 0.0 0.0 -0.0033329305594900003 0.0 0.0 -0.0025894232684600003 0.0 0.0 0.0022807932092400005 0.0 0.0 0.00065878998766 0.0 0.0 8.827038311000002e-05 0.0 0.0 -8.068536224e-05 0.0 0.0 0.0 0.0 -0.0003868564553 0.0 0.0 0.0 0.0 0.00026458735149 0.0 0.0 0.0 0.0 0.0004965902179700001 0.0 0.0 0.0 0.0 0.0 -1.6658957280000012e-05 0.0 0.0 0.0 0.0 0.0 0.0 1.577883670999999e-05 0.0 0.0 0.0 0.0 0.0 0.0 -2.025533279e-05 0.0 0.0 0.0 0.0 0.0 0.0 0.0 -7.755459040000004e-06 0.0 0.0 0.0 0.0 0.0 0.0 0.0 0.0 -2.0584564070000003e-05 0.0 0.0 0.0 0.0 -0.007885593923060001 -0.009969556777040001 -0.018050339373710002 -0.020467241085200004 -0.020532957357710005 -0.00127807849183 0.0 0.0 1.3802007100000002e-06 0.0 0.0 6.363662410000001e-06 0.0 0.0 9.436889252e-05 0.0 0.0 -6.168003001999999e-05 0.0 0.0 0.0011815595679300001 0.0 0.0 0.00271357141006 0.0 0.0 0.0044495598368900005 0.0 0.0 8.09821978e-06 0.0 0.0 0.0 0.0 -0.00015716323098 0.0 0.0 0.0 0.0 -0.00037217607049 0.0 0.0 0.0 0.0 -0.00033210366777 0.0 0.0 0.0 0.0 0.0 -1.3904445380000002e-05 0.0 0.0 0.0 0.0 0.0 0.0 9.018900996000001e-05 0.0 0.0 0.0 0.0 0.0 0.0 -0.00016520064904000003 0.0 0.0 0.0 0.0 0.0 0.0 0.0 -2.6655317500000003e-06 0.0 0.0 0.0 0.0 0.0 0.0 0.0 0.0 6.462347038e-05 0.0 0.0 0.0 0.0 
0.0 0.0 0.0 0.0 0.0 0.0 0.0 0.0 0.0 0.0 0.0 0.0 0.0 0.0 0.0 0.0 0.0 0.0 0.0 0.0 0.0 0.0 0.0 0.0 0.0 0.0 0.0 0.0 0.0 0.0 0.0 0.0 0.0 0.0 0.0 0.0 0.0 0.0 0.0 0.0 0.0 0.0 0.0 0.0 0.0 0.0 0.0 0.0 0.0 0.0 0.0 0.0 0.0 0.0 0.0 0.0 0.0 0.0 0.0 0.0 0.0 0.0 0.0 0.0 0.0 0.0 0.0 0.0 0.0 0.0 0.0 0.0 0.0 0.0 0.0 0.0 0.0 0.0 0.0 0.0 0.0 0.0 0.0 0.0 0.0 0.0 0.0 0.0 0.0 0.0 0.0 0.0 0.0 0.0 0.0 0.0 0.0 0.0 0.0 0.0 0.0 0.0 0.0 0.0 0.0 0.0 0.0 0.0 0.0 0.0 0.0 0.0 0.0 0.0 0.0 0.0 0.0 0.0 0.0 0.0 0.0 0.0 0.0 0.0 0.0 0.0 0.0 0.0 0.0 0.0 0.0 0.0 0.0 0.0 0.0 0.0 0.0 0.0 0.0 0.0 0.0 0.0 0.0 0.0 0.0 0.0 0.0 0.0 0.0 0.0 0.0 0.0 0.0 0.0 0.0 0.0 0.0 0.0 0.0 0.0 0.0 0.0 0.0 0.0 0.0 0.0 0.0 0.0 0.0 0.0 0.0 0.0 0.0 0.0 0.0 0.0 
0.0 0.0 0.0 0.0 0.0 0.0 0.0 0.0 0.0 0.0 0.0 0.0 0.0 0.0 0.0 0.0 0.0 0.0 0.0 0.0 0.0 0.0 0.0 0.0 0.0 0.0 0.0 0.0 0.0 0.0 0.0 0.0 0.0 0.0 0.0 0.0 0.0 0.0 0.0 0.0 0.0 0.0 0.0 0.0 0.0 0.0 0.0 0.0 0.0 0.0 0.0 0.0 0.0 0.0 0.0 0.0 0.0 0.0 0.0 0.0 0.0 0.0 0.0 0.0 0.0 0.0 0.0 0.0 0.0 0.0 0.0 0.0 0.0 0.0 0.0 0.0 0.0 0.0 0.0 0.0 0.0 0.0 0.0 0.0 0.0 0.0 0.0 0.0 0.0 0.0 0.0 0.0 0.0 0.0 0.0 0.0 0.0 0.0 0.0 0.0 0.0 0.0 0.0 0.0 0.0 0.0 0.0 0.0 0.0 0.0 0.0 0.0 0.0 0.0 0.0 0.0 0.0 0.0 0.0 0.0 0.0 0.0 0.0 0.0 0.0 0.0 0.0 0.0 0.0 0.0 0.0 0.0 0.0 0.0 0.0 0.0 0.0 0.0 0.0 0.0 0.0 0.0 0.0 0.0 0.0 0.0 0.0 0.0 0.0 0.0 0.0 0.0 0.0 0.0 0.0 0.0 0.0 0.0 0.0 0.0 0.0 0.0 0.0 0.0 0.0 0.0 0.0 0.0 0.0 0.0 0.0 0.0 0.0 0.0 0.0 0.0 
-0.00065850373199 -0.00023786962355 9.503552424e-05 3.772132728e-05 1.955164761e-05 2.6446272439999997e-05 7.836049599999999e-07 0.0 0.0 8.809334999999997e-08 0.0 0.0 2.4270163e-06 0.0 0.0 -5.51908712e-06 0.0 0.0 6.104742964e-05 0.0 0.0 2.5847669659999997e-05 0.0 0.0 6.283360100000002e-07 0.0 0.0 2.361088334e-05 0.0 0.0 -4.99929346e-06 0.0 0.0 -5.5074981e-07 0.0 0.0 0.0 0.0 3.290994397e-05 0.0 0.0 0.0 0.0 1.343482876e-05 0.0 0.0 0.0 0.0 7.854111430000001e-06 0.0 0.0 0.0 0.0 0.0 8.563092149999998e-06 0.0 0.0 0.0 0.0 0.0 0.0 8.632600349999998e-06 0.0 0.0 0.0 0.0 0.0 0.0 3.75206085e-06 0.0 0.0 0.0 0.0 0.0 0.0 0.0 3.6487251999999994e-06 0.0 0.0 0.0 0.0 0.0 0.0 0.0 0.0 7.109773999999999e-07 0.0 0.0 0.0 0.0 -7.35011787e-06 -1.0766513000000075e-07 -0.00010378305373 -5.392798507e-05 -5.243125182e-05 -2.109340942e-05 0.0 0.0 2.444522e-08 0.0 0.0 -2.1061664e-07 0.0 0.0 2.0447885499999996e-06 0.0 0.0 -1.054159256e-05 0.0 0.0 4.4424443040000005e-05 0.0 0.0 4.45715612e-05 0.0 0.0 8.09821978e-06 0.0 0.0 7.205631699999999e-07 0.0 0.0 0.0 0.0 -6.781777019999999e-06 0.0 0.0 0.0 0.0 -1.596019377e-05 0.0 0.0 0.0 0.0 -1.235052427e-05 0.0 0.0 0.0 0.0 0.0 -4.0120176e-07 0.0 0.0 0.0 0.0 0.0 0.0 2.88717001e-06 0.0 0.0 0.0 0.0 0.0 0.0 5.58626434e-06 0.0 0.0 0.0 0.0 0.0 0.0 0.0 -6.876297e-08 0.0 0.0 0.0 0.0 0.0 0.0 0.0 0.0 -1.5874470599999999e-06 0.0 0.0 0.0 0.0 
0.0 0.0 0.0 0.0 0.0 0.0 0.0 0.0 0.0 0.0 0.0 0.0 0.0 0.0 0.0 0.0 0.0 0.0 0.0 0.0 0.0 0.0 0.0 0.0 0.0 0.0 0.0 0.0 0.0 0.0 0.0 0.0 0.0 0.0 0.0 0.0 0.0 0.0 0.0 0.0 0.0 0.0 0.0 0.0 0.0 0.0 0.0 0.0 0.0 0.0 0.0 0.0 0.0 0.0 0.0 0.0 0.0 0.0 0.0 0.0 0.0 0.0 0.0 0.0 0.0 0.0 0.0 0.0 0.0 0.0 0.0 0.0 0.0 0.0 0.0 0.0 0.0 0.0 0.0 0.0 0.0 0.0 0.0 0.0 0.0 0.0 0.0 0.0 0.0 0.0 0.0 0.0 0.0 0.0 0.0 0.0 0.0 0.0 0.0 0.0 0.0 0.0 0.0 0.0 0.0 0.0 0.0 0.0 0.0 0.0 0.0 0.0 0.0 0.0 0.0 0.0 0.0 0.0 0.0 0.0 0.0 0.0 0.0 0.0 0.0 0.0 0.0 0.0 0.0 0.0 0.0 0.0 0.0 0.0 0.0 0.0 0.0 0.0 0.0 0.0 0.0 0.0 0.0 0.0 0.0 0.0 0.0 0.0 0.0 0.0 0.0 0.0 0.0 0.0 0.0 0.0 0.0 0.0 0.0 0.0 0.0 0.0 0.0 0.0 0.0 0.0 0.0 0.0 0.0 0.0 0.0 0.0 0.0 0.0 0.0 0.0 
0.0 0.0 0.0 0.0 0.0 0.0 0.0 0.0 0.0 0.0 0.0 0.0 0.0 0.0 0.0 0.0 0.0 0.0 0.0 0.0 0.0 0.0 0.0 0.0 0.0 0.0 0.0 0.0 0.0 0.0 0.0 0.0 0.0 0.0 0.0 0.0 0.0 0.0 0.0 0.0 0.0 0.0 0.0 0.0 0.0 0.0 0.0 0.0 0.0 0.0 0.0 0.0 0.0 0.0 0.0 0.0 0.0 0.0 0.0 0.0 0.0 0.0 0.0 0.0 0.0 0.0 0.0 0.0 0.0 0.0 0.0 0.0 0.0 0.0 0.0 0.0 0.0 0.0 0.0 0.0 0.0 0.0 0.0 0.0 0.0 0.0 0.0 0.0 0.0 0.0 0.0 0.0 0.0 0.0 0.0 0.0 0.0 0.0 0.0 0.0 0.0 0.0 0.0 0.0 0.0 0.0 0.0 0.0 0.0 0.0 0.0 0.0 0.0 0.0 0.0 0.0 0.0 0.0 0.0 0.0 0.0 0.0 0.0 0.0 0.0 0.0 0.0 0.0 0.0 0.0 0.0 0.0 0.0 0.0 0.0 0.0 0.0 0.0 0.0 0.0 0.0 0.0 0.0 0.0 0.0 0.0 0.0 0.0 0.0 0.0 0.0 0.0 0.0 0.0 0.0 0.0 0.0 0.0 0.0 0.0 0.0 0.0 0.0 0.0 0.0 0.0 0.0 0.0 0.0 0.0 0.0 0.0 0.0 0.0 0.0 0.0 
0.0 0.0 0.0 0.0 0.0 0.0 0.0 0.0 0.0 0.0 0.0 0.0 0.0 0.0 0.0 0.0 0.0 0.0 0.0 0.0 0.0 0.0 0.0 0.0 0.0 0.0 0.0 0.0 0.0 0.0 0.0 0.0 0.0 0.0 0.0 0.0 0.0 0.0 0.0 0.0 0.0 0.0 0.0 0.0 0.0 0.0 0.0 0.0 0.0 0.0 0.0 0.0 0.0 0.0 0.0 0.0 0.0 0.0 0.0 0.0 0.0 0.0 0.0 0.0 0.0 0.0 0.0 0.0 0.0 0.0 0.0 0.0 0.0 0.0 0.0 0.0 0.0 0.0 0.0 0.0 0.0 0.0 0.0 0.0 0.0 0.0 0.0 0.0 0.0 0.0 0.0 0.0 0.0 0.0 0.0 0.0 0.0 0.0 0.0 0.0 0.0 0.0 0.0 0.0 0.0 0.0 0.0 0.0 0.0 0.0 0.0 0.0 0.0 0.0 0.0 0.0 0.0 0.0 0.0 0.0 0.0 0.0 0.0 0.0 0.0 0.0 0.0 0.0 0.0 0.0 0.0 0.0 0.0 0.0 0.0 0.0 0.0 0.0 0.0 0.0 0.0 0.0 0.0 0.0 0.0 0.0 0.0 0.0 0.0 0.0 0.0 0.0 0.0 0.0 0.0 0.0 0.0 0.0 0.0 0.0 0.0 0.0 0.0 0.0 0.0 0.0 0.0 0.0 0.0 0.0 0.0 0.0 0.0 0.0 0.0 0.0 
0.0 0.0 0.0 0.0 0.0 0.0 0.0 0.0 0.0 0.0 0.0 0.0 0.0 0.0 0.0 0.0 0.0 0.0 0.0 0.0 0.0 0.0 0.0 0.0 0.0 0.0 0.0 0.0 0.0 0.0 0.0 0.0 0.0 0.0 0.0 0.0 0.0 0.0 0.0 0.0 0.0 0.0 0.0 0.0 0.0 0.0 0.0 0.0 0.0 0.0 0.0 0.0 0.0 0.0 0.0 0.0 0.0 0.0 0.0 0.0 0.0 0.0 0.0 0.0 0.0 0.0 0.0 0.0 0.0 0.0 0.0 0.0 0.0 0.0 0.0 0.0 0.0 0.0 0.0 0.0 0.0 0.0 0.0 0.0 0.0 0.0 0.0 0.0 0.0 0.0 0.0 0.0 0.0 0.0 0.0 0.0 0.0 0.0 0.0 0.0 0.0 0.0 0.0 0.0 0.0 0.0 0.0 0.0 0.0 0.0 0.0 0.0 0.0 0.0 0.0 0.0 0.0 0.0 0.0 0.0 0.0 0.0 0.0 0.0 0.0 0.0 0.0 0.0 0.0 0.0 0.0 0.0 0.0 0.0 0.0 0.0 0.0 0.0 0.0 0.0 0.0 0.0 0.0 0.0 0.0 0.0 0.0 0.0 0.0 0.0 0.0 0.0 0.0 0.0 0.0 0.0 0.0 0.0 0.0 0.0 0.0 0.0 0.0 0.0 0.0 0.0 0.0 0.0 0.0 0.0 0.0 0.0 0.0 0.0 0.0 0.0 
0.0060261357011399995 0.002068595856 -0.0008411046863399999 -0.00026863303697999996 -0.00027450199565999994 -0.00026627323463999995 -7.285473359999999e-06 0.0 0.0 1.2473379000000002e-06 0.0 0.0 -1.3111382699999998e-05 0.0 0.0 7.857144432e-05 0.0 0.0 -0.00049992530634 0.0 0.0 -0.00018978807095999995 0.0 0.0 -4.8140301060000006e-05 0.0 0.0 -0.00022952691503999996 0.0 0.0 4.436945226e-05 0.0 0.0 6.56702586e-06 0.0 0.0 0.0 0.0 -0.00029568746862 0.0 0.0 0.0 0.0 -0.00012855522005999999 0.0 0.0 0.0 0.0 -8.150421708000001e-05 0.0 0.0 0.0 0.0 0.0 -7.849721069999999e-05 0.0 0.0 0.0 0.0 0.0 0.0 -7.973931599999999e-05 0.0 0.0 0.0 0.0 0.0 0.0 -3.4154244e-05 0.0 0.0 0.0 0.0 0.0 0.0 0.0 -3.343538159999999e-05 0.0 0.0 0.0 0.0 0.0 0.0 0.0 0.0 -6.160877099999999e-06 0.0 0.0 0.0 0.0 0.00021409062642 0.00018614021058 0.00129034236348 0.00087640894422 0.00086385487662 0.00021785956902 0.0 0.0 -2.5060302e-07 0.0 0.0 1.82013354e-06 0.0 0.0 -2.0570867099999998e-05 0.0 0.0 9.816032556e-05 0.0 0.0 -0.00043078381254 0.0 0.0 -0.0004605894665999999 0.0 0.0 -0.00015716323098 0.0 0.0 -6.781777019999999e-06 0.0 0.0 0.0 0.0 6.533180711999999e-05 0.0 0.0 0.0 0.0 0.00015379436952 0.0 0.0 0.0 0.0 0.00011983018571999999 0.0 0.0 0.0 0.0 0.0 3.95050716e-06 0.0 0.0 0.0 0.0 0.0 0.0 -2.824572186e-05 0.0 0.0 0.0 0.0 0.0 0.0 -4.834266804e-05 0.0 0.0 0.0 0.0 0.0 0.0 0.0 6.8233212e-07 0.0 0.0 0.0 0.0 0.0 0.0 0.0 0.0 1.3409206559999999e-05 0.0 0.0 0.0 0.0 
0.0 0.0 0.0 0.0 0.0 0.0 0.0 0.0 0.0 0.0 0.0 0.0 0.0 0.0 0.0 0.0 0.0 0.0 0.0 0.0 0.0 0.0 0.0 0.0 0.0 0.0 0.0 0.0 0.0 0.0 0.0 0.0 0.0 0.0 0.0 0.0 0.0 0.0 0.0 0.0 0.0 0.0 0.0 0.0 0.0 0.0 0.0 0.0 0.0 0.0 0.0 0.0 0.0 0.0 0.0 0.0 0.0 0.0 0.0 0.0 0.0 0.0 0.0 0.0 0.0 0.0 0.0 0.0 0.0 0.0 0.0 0.0 0.0 0.0 0.0 0.0 0.0 0.0 0.0 0.0 0.0 0.0 0.0 0.0 0.0 0.0 0.0 0.0 0.0 0.0 0.0 0.0 0.0 0.0 0.0 0.0 0.0 0.0 0.0 0.0 0.0 0.0 0.0 0.0 0.0 0.0 0.0 0.0 0.0 0.0 0.0 0.0 0.0 0.0 0.0 0.0 0.0 0.0 0.0 0.0 0.0 0.0 0.0 0.0 0.0 0.0 0.0 0.0 0.0 0.0 0.0 0.0 0.0 0.0 0.0 0.0 0.0 0.0 0.0 0.0 0.0 0.0 0.0 0.0 0.0 0.0 0.0 0.0 0.0 0.0 0.0 0.0 0.0 0.0 0.0 0.0 0.0 0.0 0.0 0.0 0.0 0.0 0.0 0.0 0.0 0.0 0.0 0.0 0.0 0.0 0.0 0.0 0.0 0.0 0.0 0.0 
0.0 0.0 0.0 0.0 0.0 0.0 0.0 0.0 0.0 0.0 0.0 0.0 0.0 0.0 0.0 0.0 0.0 0.0 0.0 0.0 0.0 0.0 0.0 0.0 0.0 0.0 0.0 0.0 0.0 0.0 0.0 0.0 0.0 0.0 0.0 0.0 0.0 0.0 0.0 0.0 0.0 0.0 0.0 0.0 0.0 0.0 0.0 0.0 0.0 0.0 0.0 0.0 0.0 0.0 0.0 0.0 0.0 0.0 0.0 0.0 0.0 0.0 0.0 0.0 0.0 0.0 0.0 0.0 0.0 0.0 0.0 0.0 0.0 0.0 0.0 0.0 0.0 0.0 0.0 0.0 0.0 0.0 0.0 0.0 0.0 0.0 0.0 0.0 0.0 0.0 0.0 0.0 0.0 0.0 0.0 0.0 0.0 0.0 0.0 0.0 0.0 0.0 0.0 0.0 0.0 0.0 0.0 0.0 0.0 0.0 0.0 0.0 0.0 0.0 0.0 0.0 0.0 0.0 0.0 0.0 0.0 0.0 0.0 0.0 0.0 0.0 0.0 0.0 0.0 0.0 0.0 0.0 0.0 0.0 0.0 0.0 0.0 0.0 0.0 0.0 0.0 0.0 0.0 0.0 0.0 0.0 0.0 0.0 0.0 0.0 0.0 0.0 0.0 0.0 0.0 0.0 0.0 0.0 0.0 0.0 0.0 0.0 0.0 0.0 0.0 0.0 0.0 0.0 0.0 0.0 0.0 0.0 0.0 0.0 0.0 0.0 
0.0 0.0 0.0 0.0 0.0 0.0 0.0 0.0 0.0 0.0 0.0 0.0 0.0 0.0 0.0 0.0 0.0 0.0 0.0 0.0 0.0 0.0 0.0 0.0 0.0 0.0 0.0 0.0 0.0 0.0 0.0 0.0 0.0 0.0 0.0 0.0 0.0 0.0 0.0 0.0 0.0 0.0 0.0 0.0 0.0 0.0 0.0 0.0 0.0 0.0 0.0 0.0 0.0 0.0 0.0 0.0 0.0 0.0 0.0 0.0 0.0 0.0 0.0 0.0 0.0 0.0 0.0 0.0 0.0 0.0 0.0 0.0 0.0 0.0 0.0 0.0 0.0 0.0 0.0 0.0 0.0 0.0 0.0 0.0 0.0 0.0 0.0 0.0 0.0 0.0 0.0 0.0 0.0 0.0 0.0 0.0 0.0 0.0 0.0 0.0 0.0 0.0 0.0 0.0 0.0 0.0 0.0 0.0 0.0 0.0 0.0 0.0 0.0 0.0 0.0 0.0 0.0 0.0 0.0 0.0 0.0 0.0 0.0 0.0 0.0 0.0 0.0 0.0 0.0 0.0 0.0 0.0 0.0 0.0 0.0 0.0 0.0 0.0 0.0 0.0 0.0 0.0 0.0 0.0 0.0 0.0 0.0 0.0 0.0 0.0 0.0 0.0 0.0 0.0 0.0 0.0 0.0 0.0 0.0 0.0 0.0 0.0 0.0 0.0 0.0 0.0 0.0 0.0 0.0 0.0 0.0 0.0 0.0 0.0 0.0 0.0 
0.0 0.0 0.0 0.0 0.0 0.0 0.0 0.0 0.0 0.0 0.0 0.0 0.0 0.0 0.0 0.0 0.0 0.0 0.0 0.0 0.0 0.0 0.0 0.0 0.0 0.0 0.0 0.0 0.0 0.0 0.0 0.0 0.0 0.0 0.0 0.0 0.0 0.0 0.0 0.0 0.0 0.0 0.0 0.0 0.0 0.0 0.0 0.0 0.0 0.0 0.0 0.0 0.0 0.0 0.0 0.0 0.0 0.0 0.0 0.0 0.0 0.0 0.0 0.0 0.0 0.0 0.0 0.0 0.0 0.0 0.0 0.0 0.0 0.0 0.0 0.0 0.0 0.0 0.0 0.0 0.0 0.0 0.0 0.0 0.0 0.0 0.0 0.0 0.0 0.0 0.0 0.0 0.0 0.0 0.0 0.0 0.0 0.0 0.0 0.0 0.0 0.0 0.0 0.0 0.0 0.0 0.0 0.0 0.0 0.0 0.0 0.0 0.0 0.0 0.0 0.0 0.0 0.0 0.0 0.0 0.0 0.0 0.0 0.0 0.0 0.0 0.0 0.0 0.0 0.0 0.0 0.0 0.0 0.0 0.0 0.0 0.0 0.0 0.0 0.0 0.0 0.0 0.0 0.0 0.0 0.0 0.0 0.0 0.0 0.0 0.0 0.0 0.0 0.0 0.0 0.0 0.0 0.0 0.0 0.0 0.0 0.0 0.0 0.0 0.0 0.0 0.0 0.0 0.0 0.0 0.0 0.0 0.0 0.0 0.0 0.0 
0.01417697822283 0.00486336661474 -0.0019779289471700003 -0.0006297349576900001 -0.00064859261261 -0.0006271412644400001 -1.714303268e-05 0.0 0.0 2.9947112499999994e-06 0.0 0.0 -3.0578656029999995e-05 0.0 0.0 0.00018566914344 0.0 0.0 -0.00117439206109 0.0 0.0 -0.00044512040576 0.0 0.0 -0.00011449766851 0.0 0.0 -0.00054037571084 0.0 0.0 0.00010434227601000001 0.0 0.0 1.549426571e-05 0.0 0.0 0.0 0.0 -0.0006954682389300001 0.0 0.0 0.0 0.0 -0.00030260127251 0.0 0.0 0.0 0.0 -0.00019202785888000002 0.0 0.0 0.0 0.0 0.0 -0.00018467505920999997 0.0 0.0 0.0 0.0 0.0 0.0 -0.00018761499338 0.0 0.0 0.0 0.0 0.0 0.0 -8.034532438e-05 0.0 0.0 0.0 0.0 0.0 0.0 0.0 -7.866079528e-05 0.0 0.0 0.0 0.0 0.0 0.0 0.0 0.0 -1.448383319e-05 0.0 0.0 0.0 0.0 0.0005079734497099999 0.00044334226359 0.0030456287782000004 0.00207305758333 0.00204355664171 0.0005132609216700001 0.0 0.0 -5.9035331e-07 0.0 0.0 4.278866130000001e-06 0.0 0.0 -4.844917621e-05 0.0 0.0 0.0002309798391 0.0 0.0 -0.0010141655251500001 0.0 0.0 -0.00108512072258 0.0 0.0 -0.00037217607049 0.0 0.0 -1.596019377e-05 0.0 0.0 0.0 0.0 0.00015379436952 0.0 0.0 0.0 0.0 0.0003620408989 0.0 0.0 0.0 0.0 0.00028211005304000004 0.0 0.0 0.0 0.0 0.0 9.30207758e-06 0.0 0.0 0.0 0.0 0.0 0.0 -6.650390387e-05 0.0 0.0 0.0 0.0 0.0 0.0 -0.00011364856774000001 0.0 0.0 0.0 0.0 0.0 0.0 0.0 1.60679908e-06 0.0 0.0 0.0 0.0 0.0 0.0 0.0 0.0 3.1513459400000003e-05 0.0 0.0 0.0 0.0 
0.0 0.0 0.0 0.0 0.0 0.0 0.0 0.0 0.0 0.0 0.0 0.0 0.0 0.0 0.0 0.0 0.0 0.0 0.0 0.0 0.0 0.0 0.0 0.0 0.0 0.0 0.0 0.0 0.0 0.0 0.0 0.0 0.0 0.0 0.0 0.0 0.0 0.0 0.0 0.0 0.0 0.0 0.0 0.0 0.0 0.0 0.0 0.0 0.0 0.0 0.0 0.0 0.0 0.0 0.0 0.0 0.0 0.0 0.0 0.0 0.0 0.0 0.0 0.0 0.0 0.0 0.0 0.0 0.0 0.0 0.0 0.0 0.0 0.0 0.0 0.0 0.0 0.0 0.0 0.0 0.0 0.0 0.0 0.0 0.0 0.0 0.0 0.0 0.0 0.0 0.0 0.0 0.0 0.0 0.0 0.0 0.0 0.0 0.0 0.0 0.0 0.0 0.0 0.0 0.0 0.0 0.0 0.0 0.0 0.0 0.0 0.0 0.0 0.0 0.0 0.0 0.0 0.0 0.0 0.0 0.0 0.0 0.0 0.0 0.0 0.0 0.0 0.0 0.0 0.0 0.0 0.0 0.0 0.0 0.0 0.0 0.0 0.0 0.0 0.0 0.0 0.0 0.0 0.0 0.0 0.0 0.0 0.0 0.0 0.0 0.0 0.0 0.0 0.0 0.0 0.0 0.0 0.0 0.0 0.0 0.0 0.0 0.0 0.0 0.0 0.0 0.0 0.0 0.0 0.0 0.0 0.0 0.0 0.0 0.0 0.0 
0.0 0.0 0.0 0.0 0.0 0.0 0.0 0.0 0.0 0.0 0.0 0.0 0.0 0.0 0.0 0.0 0.0 0.0 0.0 0.0 0.0 0.0 0.0 0.0 0.0 0.0 0.0 0.0 0.0 0.0 0.0 0.0 0.0 0.0 0.0 0.0 0.0 0.0 0.0 0.0 0.0 0.0 0.0 0.0 0.0 0.0 0.0 0.0 0.0 0.0 0.0 0.0 0.0 0.0 0.0 0.0 0.0 0.0 0.0 0.0 0.0 0.0 0.0 0.0 0.0 0.0 0.0 0.0 0.0 0.0 0.0 0.0 0.0 0.0 0.0 0.0 0.0 0.0 0.0 0.0 0.0 0.0 0.0 0.0 0.0 0.0 0.0 0.0 0.0 0.0 0.0 0.0 0.0 0.0 0.0 0.0 0.0 0.0 0.0 0.0 0.0 0.0 0.0 0.0 0.0 0.0 0.0 0.0 0.0 0.0 0.0 0.0 0.0 0.0 0.0 0.0 0.0 0.0 0.0 0.0 0.0 0.0 0.0 0.0 0.0 0.0 0.0 0.0 0.0 0.0 0.0 0.0 0.0 0.0 0.0 0.0 0.0 0.0 0.0 0.0 0.0 0.0 0.0 0.0 0.0 0.0 0.0 0.0 0.0 0.0 0.0 0.0 0.0 0.0 0.0 0.0 0.0 0.0 0.0 0.0 0.0 0.0 0.0 0.0 0.0 0.0 0.0 0.0 0.0 0.0 0.0 0.0 0.0 0.0 0.0 0.0 
0.0 0.0 0.0 0.0 0.0 0.0 0.0 0.0 0.0 0.0 0.0 0.0 0.0 0.0 0.0 0.0 0.0 0.0 0.0 0.0 0.0 0.0 0.0 0.0 0.0 0.0 0.0 0.0 0.0 0.0 0.0 0.0 0.0 0.0 0.0 0.0 0.0 0.0 0.0 0.0 0.0 0.0 0.0 0.0 0.0 0.0 0.0 0.0 0.0 0.0 0.0 0.0 0.0 0.0 0.0 0.0 0.0 0.0 0.0 0.0 0.0 0.0 0.0 0.0 0.0 0.0 0.0 0.0 0.0 0.0 0.0 0.0 0.0 0.0 0.0 0.0 0.0 0.0 0.0 0.0 0.0 0.0 0.0 0.0 0.0 0.0 0.0 0.0 0.0 0.0 0.0 0.0 0.0 0.0 0.0 0.0 0.0 0.0 0.0 0.0 0.0 0.0 0.0 0.0 0.0 0.0 0.0 0.0 0.0 0.0 0.0 0.0 0.0 0.0 0.0 0.0 0.0 0.0 0.0 0.0 0.0 0.0 0.0 0.0 0.0 0.0 0.0 0.0 0.0 0.0 0.0 0.0 0.0 0.0 0.0 0.0 0.0 0.0 0.0 0.0 0.0 0.0 0.0 0.0 0.0 0.0 0.0 0.0 0.0 0.0 0.0 0.0 0.0 0.0 0.0 0.0 0.0 0.0 0.0 0.0 0.0 0.0 0.0 0.0 0.0 0.0 0.0 0.0 0.0 0.0 0.0 0.0 0.0 0.0 0.0 0.0 
0.0 0.0 0.0 0.0 0.0 0.0 0.0 0.0 0.0 0.0 0.0 0.0 0.0 0.0 0.0 0.0 0.0 0.0 0.0 0.0 0.0 0.0 0.0 0.0 0.0 0.0 0.0 0.0 0.0 0.0 0.0 0.0 0.0 0.0 0.0 0.0 0.0 0.0 0.0 0.0 0.0 0.0 0.0 0.0 0.0 0.0 0.0 0.0 0.0 0.0 0.0 0.0 0.0 0.0 0.0 0.0 0.0 0.0 0.0 0.0 0.0 0.0 0.0 0.0 0.0 0.0 0.0 0.0 0.0 0.0 0.0 0.0 0.0 0.0 0.0 0.0 0.0 0.0 0.0 0.0 0.0 0.0 0.0 0.0 0.0 0.0 0.0 0.0 0.0 0.0 0.0 0.0 0.0 0.0 0.0 0.0 0.0 0.0 0.0 0.0 0.0 0.0 0.0 0.0 0.0 0.0 0.0 0.0 0.0 0.0 0.0 0.0 0.0 0.0 0.0 0.0 0.0 0.0 0.0 0.0 0.0 0.0 0.0 0.0 0.0 0.0 0.0 0.0 0.0 0.0 0.0 0.0 0.0 0.0 0.0 0.0 0.0 0.0 0.0 0.0 0.0 0.0 0.0 0.0 0.0 0.0 0.0 0.0 0.0 0.0 0.0 0.0 0.0 0.0 0.0 0.0 0.0 0.0 0.0 0.0 0.0 0.0 0.0 0.0 0.0 0.0 0.0 0.0 0.0 0.0 0.0 0.0 0.0 0.0 0.0 0.0 
0.01087714557065 0.00367071378196 -0.0015015206784100002 -0.0004402404535700001 -0.00055120256671 -0.00049476471684 -1.321700564e-05 0.0 0.0 3.4487325499999994e-06 0.0 0.0 -1.836089427e-05 0.0 0.0 0.00015818428279999999 0.0 0.0 -0.0008681171520900001 0.0 0.0 -0.00031530865716 0.0 0.0 -0.00011160861660999999 0.0 0.0 -0.00042214146624 0.0 0.0 7.928182801e-05 0.0 0.0 1.274375101e-05 0.0 0.0 0.0 0.0 -0.0005305194291099999 0.0 0.0 0.0 0.0 -0.00023531226311000004 0.0 0.0 0.0 0.0 -0.00015272903778000002 0.0 0.0 0.0 0.0 0.0 -0.00014176530999 0.0 0.0 0.0 0.0 0.0 0.0 -0.00014436064252000002 0.0 0.0 0.0 0.0 0.0 0.0 -6.154223252e-05 0.0 0.0 0.0 0.0 0.0 0.0 0.0 -6.037691832e-05 0.0 0.0 0.0 0.0 0.0 0.0 0.0 0.0 -1.0918933710000001e-05 0.0 0.0 0.0 0.0 0.00047204042832999995 0.00044393667136999993 0.00252764668386 0.00180516364491 0.00178316999323 0.00040771164487 0.0 0.0 -4.6802043e-07 0.0 0.0 3.2227866500000004e-06 0.0 0.0 -3.8213903789999995e-05 0.0 0.0 0.00017816515022 0.0 0.0 -0.00079169836623 0.0 0.0 -0.00086209063002 0.0 0.0 -0.00033210366777 0.0 0.0 -1.235052427e-05 0.0 0.0 0.0 0.0 0.00011983018571999999 0.0 0.0 0.0 0.0 0.00028211005304000004 0.0 0.0 0.0 0.0 0.00022026194450000002 0.0 0.0 0.0 0.0 0.0 7.29332134e-06 0.0 0.0 0.0 0.0 0.0 0.0 -5.204715965e-05 0.0 0.0 0.0 0.0 0.0 0.0 -8.563818234000001e-05 0.0 0.0 0.0 0.0 0.0 0.0 0.0 1.2625454600000001e-06 0.0 0.0 0.0 0.0 0.0 0.0 0.0 0.0 2.355174592e-05 0.0 0.0 0.0 0.0 
0.0 0.0 0.0 0.0 0.0 0.0 0.0 0.0 0.0 0.0 0.0 0.0 0.0 0.0 0.0 0.0 0.0 0.0 0.0 0.0 0.0 0.0 0.0 0.0 0.0 0.0 0.0 0.0 0.0 0.0 0.0 0.0 0.0 0.0 0.0 0.0 0.0 0.0 0.0 0.0 0.0 0.0 0.0 0.0 0.0 0.0 0.0 0.0 0.0 0.0 0.0 0.0 0.0 0.0 0.0 0.0 0.0 0.0 0.0 0.0 0.0 0.0 0.0 0.0 0.0 0.0 0.0 0.0 0.0 0.0 0.0 0.0 0.0 0.0 0.0 0.0 0.0 0.0 0.0 0.0 0.0 0.0 0.0 0.0 0.0 0.0 0.0 0.0 0.0 0.0 0.0 0.0 0.0 0.0 0.0 0.0 0.0 0.0 0.0 0.0 0.0 0.0 0.0 0.0 0.0 0.0 0.0 0.0 0.0 0.0 0.0 0.0 0.0 0.0 0.0 0.0 0.0 0.0 0.0 0.0 0.0 0.0 0.0 0.0 0.0 0.0 0.0 0.0 0.0 0.0 0.0 0.0 0.0 0.0 0.0 0.0 0.0 0.0 0.0 0.0 0.0 0.0 0.0 0.0 0.0 0.0 0.0 0.0 0.0 0.0 0.0 0.0 0.0 0.0 0.0 0.0 0.0 0.0 0.0 0.0 0.0 0.0 0.0 0.0 0.0 0.0 0.0 0.0 0.0 0.0 0.0 0.0 0.0 0.0 0.0 0.0 
0.0 0.0 0.0 0.0 0.0 0.0 0.0 0.0 0.0 0.0 0.0 0.0 0.0 0.0 0.0 0.0 0.0 0.0 0.0 0.0 0.0 0.0 0.0 0.0 0.0 0.0 0.0 0.0 0.0 0.0 0.0 0.0 0.0 0.0 0.0 0.0 0.0 0.0 0.0 0.0 0.0 0.0 0.0 0.0 0.0 0.0 0.0 0.0 0.0 0.0 0.0 0.0 0.0 0.0 0.0 0.0 0.0 0.0 0.0 0.0 0.0 0.0 0.0 0.0 0.0 0.0 0.0 0.0 0.0 0.0 0.0 0.0 0.0 0.0 0.0 0.0 0.0 0.0 0.0 0.0 0.0 0.0 0.0 0.0 0.0 0.0 0.0 0.0 0.0 0.0 0.0 0.0 0.0 0.0 0.0 0.0 0.0 0.0 0.0 0.0 0.0 0.0 0.0 0.0 0.0 0.0 0.0 0.0 0.0 0.0 0.0 0.0 0.0 0.0 0.0 0.0 0.0 0.0 0.0 0.0 0.0 0.0 0.0 0.0 0.0 0.0 0.0 0.0 0.0 0.0 0.0 0.0 0.0 0.0 0.0 0.0 0.0 0.0 0.0 0.0 0.0 0.0 0.0 0.0 0.0 0.0 0.0 0.0 0.0 0.0 0.0 0.0 0.0 0.0 0.0 0.0 0.0 0.0 0.0 0.0 0.0 0.0 0.0 0.0 0.0 0.0 0.0 0.0 0.0 0.0 0.0 0.0 0.0 0.0 0.0 0.0 
0.0 0.0 0.0 0.0 0.0 0.0 0.0 0.0 0.0 0.0 0.0 0.0 0.0 0.0 0.0 0.0 0.0 0.0 0.0 0.0 0.0 0.0 0.0 0.0 0.0 0.0 0.0 0.0 0.0 0.0 0.0 0.0 0.0 0.0 0.0 0.0 0.0 0.0 0.0 0.0 0.0 0.0 0.0 0.0 0.0 0.0 0.0 0.0 0.0 0.0 0.0 0.0 0.0 0.0 0.0 0.0 0.0 0.0 0.0 0.0 0.0 0.0 0.0 0.0 0.0 0.0 0.0 0.0 0.0 0.0 0.0 0.0 0.0 0.0 0.0 0.0 0.0 0.0 0.0 0.0 0.0 0.0 0.0 0.0 0.0 0.0 0.0 0.0 0.0 0.0 0.0 0.0 0.0 0.0 0.0 0.0 0.0 0.0 0.0 0.0 0.0 0.0 0.0 0.0 0.0 0.0 0.0 0.0 0.0 0.0 0.0 0.0 0.0 0.0 0.0 0.0 0.0 0.0 0.0 0.0 0.0 0.0 0.0 0.0 0.0 0.0 0.0 0.0 0.0 0.0 0.0 0.0 0.0 0.0 0.0 0.0 0.0 0.0 0.0 0.0 0.0 0.0 0.0 0.0 0.0 0.0 0.0 0.0 0.0 0.0 0.0 0.0 0.0 0.0 0.0 0.0 0.0 0.0 0.0 0.0 0.0 0.0 0.0 0.0 0.0 0.0 0.0 0.0 0.0 0.0 0.0 0.0 0.0 0.0 0.0 0.0 
0.0 0.0 0.0 0.0 0.0 0.0 0.0 0.0 0.0 0.0 0.0 0.0 0.0 0.0 0.0 0.0 0.0 0.0 0.0 0.0 0.0 0.0 0.0 0.0 0.0 0.0 0.0 0.0 0.0 0.0 0.0 0.0 0.0 0.0 0.0 0.0 0.0 0.0 0.0 0.0 0.0 0.0 0.0 0.0 0.0 0.0 0.0 0.0 0.0 0.0 0.0 0.0 0.0 0.0 0.0 0.0 0.0 0.0 0.0 0.0 0.0 0.0 0.0 0.0 0.0 0.0 0.0 0.0 0.0 0.0 0.0 0.0 0.0 0.0 0.0 0.0 0.0 0.0 0.0 0.0 0.0 0.0 0.0 0.0 0.0 0.0 0.0 0.0 0.0 0.0 0.0 0.0 0.0 0.0 0.0 0.0 0.0 0.0 0.0 0.0 0.0 0.0 0.0 0.0 0.0 0.0 0.0 0.0 0.0 0.0 0.0 0.0 0.0 0.0 0.0 0.0 0.0 0.0 0.0 0.0 0.0 0.0 0.0 0.0 0.0 0.0 0.0 0.0 0.0 0.0 0.0 0.0 0.0 0.0 0.0 0.0 0.0 0.0 0.0 0.0 0.0 0.0 0.0 0.0 0.0 0.0 0.0 0.0 0.0 0.0 0.0 0.0 0.0 0.0 0.0 0.0 0.0 0.0 0.0 0.0 0.0 0.0 0.0 0.0 0.0 0.0 0.0 0.0 0.0 0.0 0.0 0.0 0.0 0.0 0.0 0.0 
0.0 0.0 0.0 0.0 0.0 0.0 0.0 0.0 0.0 0.0 0.0 0.0 0.0 0.0 0.0 0.0 0.0 0.0 0.0 0.0 0.0 0.0 0.0 0.0 0.0 0.0 0.0 0.0 0.0 0.0 0.0 0.0 0.0 0.0 0.0 0.0 0.0 0.0 0.0 0.0 0.0 0.0 0.0 0.0 0.0 0.0 0.0 0.0 0.0 0.0 0.0 0.0 0.0 0.0 0.0 0.0 0.0 0.0 0.0 0.0 0.0 0.0 0.0 0.0 0.0 0.0 0.0 0.0 0.0 0.0 0.0 0.0 0.0 0.0 0.0 0.0 0.0 0.0 0.0 0.0 0.0 0.0 0.0 0.0 0.0 0.0 0.0 0.0 0.0 0.0 0.0 0.0 0.0 0.0 0.0 0.0 0.0 0.0 0.0 0.0 0.0 0.0 0.0 0.0 0.0 0.0 0.0 0.0 0.0 0.0 0.0 0.0 0.0 0.0 0.0 0.0 0.0 0.0 0.0 0.0 0.0 0.0 0.0 0.0 0.0 0.0 0.0 0.0 0.0 0.0 0.0 0.0 0.0 0.0 0.0 0.0 0.0 0.0 0.0 0.0 0.0 0.0 0.0 0.0 0.0 0.0 0.0 0.0 0.0 0.0 0.0 0.0 0.0 0.0 0.0 0.0 0.0 0.0 0.0 0.0 0.0 0.0 0.0 0.0 0.0 0.0 0.0 0.0 0.0 0.0 0.0 0.0 0.0 0.0 0.0 0.0 
0.00034673527248 0.00011269011985999998 -4.672250254e-05 -1.0975145179999998e-05 -2.138911888e-05 -1.674081952e-05 -4.2589815999999996e-07 0.0 0.0 1.9196960000000002e-07 0.0 0.0 -2.2181821999999975e-07 0.0 0.0 6.16363584e-06 0.0 0.0 -2.5326983419999996e-05 0.0 0.0 -8.183642679999997e-06 0.0 0.0 -5.2511910800000005e-06 0.0 0.0 -1.3994383719999999e-05 0.0 0.0 2.4721573800000002e-06 0.0 0.0 4.6723708e-07 0.0 0.0 0.0 0.0 -1.66926804e-05 0.0 0.0 0.0 0.0 -7.72524058e-06 0.0 0.0 0.0 0.0 -5.25327374e-06 0.0 0.0 0.0 0.0 0.0 -4.52447124e-06 0.0 0.0 0.0 0.0 0.0 0.0 -4.63141282e-06 0.0 0.0 0.0 0.0 0.0 0.0 -1.95454382e-06 0.0 0.0 0.0 0.0 0.0 0.0 0.0 -1.92645632e-06 0.0 0.0 0.0 0.0 0.0 0.0 0.0 0.0 -3.3426705999999996e-07 0.0 0.0 0.0 0.0 2.091287752e-05 2.154808668e-05 9.418094882000001e-05 7.28399714e-05 7.218452782e-05 1.398863286e-05 0.0 0.0 -1.599382e-08 0.0 0.0 9.844878e-08 0.0 0.0 -1.2924028399999998e-06 0.0 0.0 5.74701684e-06 0.0 0.0 -2.620580706e-05 0.0 0.0 -2.958661852e-05 0.0 0.0 -1.3904445380000002e-05 0.0 0.0 -4.0120176e-07 0.0 0.0 0.0 0.0 3.95050716e-06 0.0 0.0 0.0 0.0 9.30207758e-06 0.0 0.0 0.0 0.0 7.29332134e-06 0.0 0.0 0.0 0.0 0.0 2.4363796e-07 0.0 0.0 0.0 0.0 0.0 0.0 -1.7320133200000001e-06 0.0 0.0 0.0 0.0 0.0 0.0 -2.61892232e-06 0.0 0.0 0.0 0.0 0.0 0.0 0.0 4.2366500000000004e-08 0.0 0.0 0.0 0.0 0.0 0.0 0.0 0.0 7.0611004e-07 0.0 0.0 0.0 0.0 
0.0 0.0 0.0 0.0 0.0 0.0 0.0 0.0 0.0 0.0 0.0 0.0 0.0 0.0 0.0 0.0 0.0 0.0 0.0 0.0 0.0 0.0 0.0 0.0 0.0 0.0 0.0 0.0 0.0 0.0 0.0 0.0 0.0 0.0 0.0 0.0 0.0 0.0 0.0 0.0 0.0 0.0 0.0 0.0 0.0 0.0 0.0 0.0 0.0 0.0 0.0 0.0 0.0 0.0 0.0 0.0 0.0 0.0 0.0 0.0 0.0 0.0 0.0 0.0 0.0 0.0 0.0 0.0 0.0 0.0 0.0 0.0 0.0 0.0 0.0 0.0 0.0 0.0 0.0 0.0 0.0 0.0 0.0 0.0 0.0 0.0 0.0 0.0 0.0 0.0 0.0 0.0 0.0 0.0 0.0 0.0 0.0 0.0 0.0 0.0 0.0 0.0 0.0 0.0 0.0 0.0 0.0 0.0 0.0 0.0 0.0 0.0 0.0 0.0 0.0 0.0 0.0 0.0 0.0 0.0 0.0 0.0 0.0 0.0 0.0 0.0 0.0 0.0 0.0 0.0 0.0 0.0 0.0 0.0 0.0 0.0 0.0 0.0 0.0 0.0 0.0 0.0 0.0 0.0 0.0 0.0 0.0 0.0 0.0 0.0 0.0 0.0 0.0 0.0 0.0 0.0 0.0 0.0 0.0 0.0 0.0 0.0 0.0 0.0 0.0 0.0 0.0 0.0 0.0 0.0 0.0 0.0 0.0 0.0 0.0 0.0 
0.0 0.0 0.0 0.0 0.0 0.0 0.0 0.0 0.0 0.0 0.0 0.0 0.0 0.0 0.0 0.0 0.0 0.0 0.0 0.0 0.0 0.0 0.0 0.0 0.0 0.0 0.0 0.0 0.0 0.0 0.0 0.0 0.0 0.0 0.0 0.0 0.0 0.0 0.0 0.0 0.0 0.0 0.0 0.0 0.0 0.0 0.0 0.0 0.0 0.0 0.0 0.0 0.0 0.0 0.0 0.0 0.0 0.0 0.0 0.0 0.0 0.0 0.0 0.0 0.0 0.0 0.0 0.0 0.0 0.0 0.0 0.0 0.0 0.0 0.0 0.0 0.0 0.0 0.0 0.0 0.0 0.0 0.0 0.0 0.0 0.0 0.0 0.0 0.0 0.0 0.0 0.0 0.0 0.0 0.0 0.0 0.0 0.0 0.0 0.0 0.0 0.0 0.0 0.0 0.0 0.0 0.0 0.0 0.0 0.0 0.0 0.0 0.0 0.0 0.0 0.0 0.0 0.0 0.0 0.0 0.0 0.0 0.0 0.0 0.0 0.0 0.0 0.0 0.0 0.0 0.0 0.0 0.0 0.0 0.0 0.0 0.0 0.0 0.0 0.0 0.0 0.0 0.0 0.0 0.0 0.0 0.0 0.0 0.0 0.0 0.0 0.0 0.0 0.0 0.0 0.0 0.0 0.0 0.0 0.0 0.0 0.0 0.0 0.0 0.0 0.0 0.0 0.0 0.0 0.0 0.0 0.0 0.0 0.0 0.0 0.0 
0.0 0.0 0.0 0.0 0.0 0.0 0.0 0.0 0.0 0.0 0.0 0.0 0.0 0.0 0.0 0.0 0.0 0.0 0.0 0.0 0.0 0.0 0.0 0.0 0.0 0.0 0.0 0.0 0.0 0.0 0.0 0.0 0.0 0.0 0.0 0.0 0.0 0.0 0.0 0.0 0.0 0.0 0.0 0.0 0.0 0.0 0.0 0.0 0.0 0.0 0.0 0.0 0.0 0.0 0.0 0.0 0.0 0.0 0.0 0.0 0.0 0.0 0.0 0.0 0.0 0.0 0.0 0.0 0.0 0.0 0.0 0.0 0.0 0.0 0.0 0.0 0.0 0.0 0.0 0.0 0.0 0.0 0.0 0.0 0.0 0.0 0.0 0.0 0.0 0.0 0.0 0.0 0.0 0.0 0.0 0.0 0.0 0.0 0.0 0.0 0.0 0.0 0.0 0.0 0.0 0.0 0.0 0.0 0.0 0.0 0.0 0.0 0.0 0.0 0.0 0.0 0.0 0.0 0.0 0.0 0.0 0.0 0.0 0.0 0.0 0.0 0.0 0.0 0.0 0.0 0.0 0.0 0.0 0.0 0.0 0.0 0.0 0.0 0.0 0.0 0.0 0.0 0.0 0.0 0.0 0.0 0.0 0.0 0.0 0.0 0.0 0.0 0.0 0.0 0.0 0.0 0.0 0.0 0.0 0.0 0.0 0.0 0.0 0.0 0.0 0.0 0.0 0.0 0.0 0.0 0.0 0.0 0.0 0.0 0.0 0.0 
0.0 0.0 0.0 0.0 0.0 0.0 0.0 0.0 0.0 0.0 0.0 0.0 0.0 0.0 0.0 0.0 0.0 0.0 0.0 0.0 0.0 0.0 0.0 0.0 0.0 0.0 0.0 0.0 0.0 0.0 0.0 0.0 0.0 0.0 0.0 0.0 0.0 0.0 0.0 0.0 0.0 0.0 0.0 0.0 0.0 0.0 0.0 0.0 0.0 0.0 0.0 0.0 0.0 0.0 0.0 0.0 0.0 0.0 0.0 0.0 0.0 0.0 0.0 0.0 0.0 0.0 0.0 0.0 0.0 0.0 0.0 0.0 0.0 0.0 0.0 0.0 0.0 0.0 0.0 0.0 0.0 0.0 0.0 0.0 0.0 0.0 0.0 0.0 0.0 0.0 0.0 0.0 0.0 0.0 0.0 0.0 0.0 0.0 0.0 0.0 0.0 0.0 0.0 0.0 0.0 0.0 0.0 0.0 0.0 0.0 0.0 0.0 0.0 0.0 0.0 0.0 0.0 0.0 0.0 0.0 0.0 0.0 0.0 0.0 0.0 0.0 0.0 0.0 0.0 0.0 0.0 0.0 0.0 0.0 0.0 0.0 0.0 0.0 0.0 0.0 0.0 0.0 0.0 0.0 0.0 0.0 0.0 0.0 0.0 0.0 0.0 0.0 0.0 0.0 0.0 0.0 0.0 0.0 0.0 0.0 0.0 0.0 0.0 0.0 0.0 0.0 0.0 0.0 0.0 0.0 0.0 0.0 0.0 0.0 0.0 0.0 
0.0 0.0 0.0 0.0 0.0 0.0 0.0 0.0 0.0 0.0 0.0 0.0 0.0 0.0 0.0 0.0 0.0 0.0 0.0 0.0 0.0 0.0 0.0 0.0 0.0 0.0 0.0 0.0 0.0 0.0 0.0 0.0 0.0 0.0 0.0 0.0 0.0 0.0 0.0 0.0 0.0 0.0 0.0 0.0 0.0 0.0 0.0 0.0 0.0 0.0 0.0 0.0 0.0 0.0 0.0 0.0 0.0 0.0 0.0 0.0 0.0 0.0 0.0 0.0 0.0 0.0 0.0 0.0 0.0 0.0 0.0 0.0 0.0 0.0 0.0 0.0 0.0 0.0 0.0 0.0 0.0 0.0 0.0 0.0 0.0 0.0 0.0 0.0 0.0 0.0 0.0 0.0 0.0 0.0 0.0 0.0 0.0 0.0 0.0 0.0 0.0 0.0 0.0 0.0 0.0 0.0 0.0 0.0 0.0 0.0 0.0 0.0 0.0 0.0 0.0 0.0 0.0 0.0 0.0 0.0 0.0 0.0 0.0 0.0 0.0 0.0 0.0 0.0 0.0 0.0 0.0 0.0 0.0 0.0 0.0 0.0 0.0 0.0 0.0 0.0 0.0 0.0 0.0 0.0 0.0 0.0 0.0 0.0 0.0 0.0 0.0 0.0 0.0 0.0 0.0 0.0 0.0 0.0 0.0 0.0 0.0 0.0 0.0 0.0 0.0 0.0 0.0 0.0 0.0 0.0 0.0 0.0 0.0 0.0 0.0 0.0 
0.0 0.0 0.0 0.0 0.0 0.0 0.0 0.0 0.0 0.0 0.0 0.0 0.0 0.0 0.0 0.0 0.0 0.0 0.0 0.0 0.0 0.0 0.0 0.0 0.0 0.0 0.0 0.0 0.0 0.0 0.0 0.0 0.0 0.0 0.0 0.0 0.0 0.0 0.0 0.0 0.0 0.0 0.0 0.0 0.0 0.0 0.0 0.0 0.0 0.0 0.0 0.0 0.0 0.0 0.0 0.0 0.0 0.0 0.0 0.0 0.0 0.0 0.0 0.0 0.0 0.0 0.0 0.0 0.0 0.0 0.0 0.0 0.0 0.0 0.0 0.0 0.0 0.0 0.0 0.0 0.0 0.0 0.0 0.0 0.0 0.0 0.0 0.0 0.0 0.0 0.0 0.0 0.0 0.0 0.0 0.0 0.0 0.0 0.0 0.0 0.0 0.0 0.0 0.0 0.0 0.0 0.0 0.0 0.0 0.0 0.0 0.0 0.0 0.0 0.0 0.0 0.0 0.0 0.0 0.0 0.0 0.0 0.0 0.0 0.0 0.0 0.0 0.0 0.0 0.0 0.0 0.0 0.0 0.0 0.0 0.0 0.0 0.0 0.0 0.0 0.0 0.0 0.0 0.0 0.0 0.0 0.0 0.0 0.0 0.0 0.0 0.0 0.0 0.0 0.0 0.0 0.0 0.0 0.0 0.0 0.0 0.0 0.0 0.0 0.0 0.0 0.0 0.0 0.0 0.0 0.0 0.0 0.0 0.0 0.0 0.0 
-0.00251613422675 -0.00083170661953 0.00034273542718 8.951637686e-05 0.00014288733973 0.00011835404892 3.0758247199999997e-06 0.0 0.0 -1.1282376500000003e-06 0.0 0.0 2.7830343599999996e-06 0.0 0.0 -4.1108094800000003e-05 0.0 0.0 0.00019136332242 0.0 0.0 6.541467257999999e-05 0.0 0.0 3.263942593000001e-05 0.0 0.0 9.981676361999999e-05 0.0 0.0 -1.811757388e-05 0.0 0.0 -3.19365613e-06 0.0 0.0 0.0 0.0 0.00012183950113000002 0.0 0.0 0.0 0.0 5.533589918000001e-05 0.0 0.0 0.0 0.0 3.6879358890000004e-05 0.0 0.0 0.0 0.0 0.0 3.281517207e-05 0.0 0.0 0.0 0.0 0.0 0.0 3.3513057610000005e-05 0.0 0.0 0.0 0.0 0.0 0.0 1.4206875110000001e-05 0.0 0.0 0.0 0.0 0.0 0.0 0.0 1.397380776e-05 0.0 0.0 0.0 0.0 0.0 0.0 0.0 0.0 2.4702067799999997e-06 0.0 0.0 0.0 0.0 -0.00013282255159000002 -0.00013248941801000003 -0.0006395145528300001 -0.00047919534003 -0.00047429163004000005 -9.830867956e-05 0.0 0.0 1.1259264e-07 0.0 0.0 -7.282415000000001e-07 0.0 0.0 9.138838469999999e-06 0.0 0.0 -4.148591516e-05 0.0 0.0 0.00018703966794 0.0 0.0 0.00020790292836 0.0 0.0 9.018900996000001e-05 0.0 0.0 2.88717001e-06 0.0 0.0 0.0 0.0 -2.824572186e-05 0.0 0.0 0.0 0.0 -6.650390387e-05 0.0 0.0 0.0 0.0 -5.204715965e-05 0.0 0.0 0.0 0.0 0.0 -1.7320133200000001e-06 0.0 0.0 0.0 0.0 0.0 0.0 1.2333318649999999e-05 0.0 0.0 0.0 0.0 0.0 0.0 1.9362918420000003e-05 0.0 0.0 0.0 0.0 0.0 0.0 0.0 -3.0059543e-07 0.0 0.0 0.0 0.0 0.0 0.0 0.0 0.0 -5.26815526e-06 0.0 0.0 0.0 0.0 
0.0 0.0 0.0 0.0 0.0 0.0 0.0 0.0 0.0 0.0 0.0 0.0 0.0 0.0 0.0 0.0 0.0 0.0 0.0 0.0 0.0 0.0 0.0 0.0 0.0 0.0 0.0 0.0 0.0 0.0 0.0 0.0 0.0 0.0 0.0 0.0 0.0 0.0 0.0 0.0 0.0 0.0 0.0 0.0 0.0 0.0 0.0 0.0 0.0 0.0 0.0 0.0 0.0 0.0 0.0 0.0 0.0 0.0 0.0 0.0 0.0 0.0 0.0 0.0 0.0 0.0 0.0 0.0 0.0 0.0 0.0 0.0 0.0 0.0 0.0 0.0 0.0 0.0 0.0 0.0 0.0 0.0 0.0 0.0 0.0 0.0 0.0 0.0 0.0 0.0 0.0 0.0 0.0 0.0 0.0 0.0 0.0 0.0 0.0 0.0 0.0 0.0 0.0 0.0 0.0 0.0 0.0 0.0 0.0 0.0 0.0 0.0 0.0 0.0 0.0 0.0 0.0 0.0 0.0 0.0 0.0 0.0 0.0 0.0 0.0 0.0 0.0 0.0 0.0 0.0 0.0 0.0 0.0 0.0 0.0 0.0 0.0 0.0 0.0 0.0 0.0 0.0 0.0 0.0 0.0 0.0 0.0 0.0 0.0 0.0 0.0 0.0 0.0 0.0 0.0 0.0 0.0 0.0 0.0 0.0 0.0 0.0 0.0 0.0 0.0 0.0 0.0 0.0 0.0 0.0 0.0 0.0 0.0 0.0 0.0 0.0 
0.0 0.0 0.0 0.0 0.0 0.0 0.0 0.0 0.0 0.0 0.0 0.0 0.0 0.0 0.0 0.0 0.0 0.0 0.0 0.0 0.0 0.0 0.0 0.0 0.0 0.0 0.0 0.0 0.0 0.0 0.0 0.0 0.0 0.0 0.0 0.0 0.0 0.0 0.0 0.0 0.0 0.0 0.0 0.0 0.0 0.0 0.0 0.0 0.0 0.0 0.0 0.0 0.0 0.0 0.0 0.0 0.0 0.0 0.0 0.0 0.0 0.0 0.0 0.0 0.0 0.0 0.0 0.0 0.0 0.0 0.0 0.0 0.0 0.0 0.0 0.0 0.0 0.0 0.0 0.0 0.0 0.0 0.0 0.0 0.0 0.0 0.0 0.0 0.0 0.0 0.0 0.0 0.0 0.0 0.0 0.0 0.0 0.0 0.0 0.0 0.0 0.0 0.0 0.0 0.0 0.0 0.0 0.0 0.0 0.0 0.0 0.0 0.0 0.0 0.0 0.0 0.0 0.0 0.0 0.0 0.0 0.0 0.0 0.0 0.0 0.0 0.0 0.0 0.0 0.0 0.0 0.0 0.0 0.0 0.0 0.0 0.0 0.0 0.0 0.0 0.0 0.0 0.0 0.0 0.0 0.0 0.0 0.0 0.0 0.0 0.0 0.0 0.0 0.0 0.0 0.0 0.0 0.0 0.0 0.0 0.0 0.0 0.0 0.0 0.0 0.0 0.0 0.0 0.0 0.0 0.0 0.0 0.0 0.0 0.0 0.0 
0.0 0.0 0.0 0.0 0.0 0.0 0.0 0.0 0.0 0.0 0.0 0.0 0.0 0.0 0.0 0.0 0.0 0.0 0.0 0.0 0.0 0.0 0.0 0.0 0.0 0.0 0.0 0.0 0.0 0.0 0.0 0.0 0.0 0.0 0.0 0.0 0.0 0.0 0.0 0.0 0.0 0.0 0.0 0.0 0.0 0.0 0.0 0.0 0.0 0.0 0.0 0.0 0.0 0.0 0.0 0.0 0.0 0.0 0.0 0.0 0.0 0.0 0.0 0.0 0.0 0.0 0.0 0.0 0.0 0.0 0.0 0.0 0.0 0.0 0.0 0.0 0.0 0.0 0.0 0.0 0.0 0.0 0.0 0.0 0.0 0.0 0.0 0.0 0.0 0.0 0.0 0.0 0.0 0.0 0.0 0.0 0.0 0.0 0.0 0.0 0.0 0.0 0.0 0.0 0.0 0.0 0.0 0.0 0.0 0.0 0.0 0.0 0.0 0.0 0.0 0.0 0.0 0.0 0.0 0.0 0.0 0.0 0.0 0.0 0.0 0.0 0.0 0.0 0.0 0.0 0.0 0.0 0.0 0.0 0.0 0.0 0.0 0.0 0.0 0.0 0.0 0.0 0.0 0.0 0.0 0.0 0.0 0.0 0.0 0.0 0.0 0.0 0.0 0.0 0.0 0.0 0.0 0.0 0.0 0.0 0.0 0.0 0.0 0.0 0.0 0.0 0.0 0.0 0.0 0.0 0.0 0.0 0.0 0.0 0.0 0.0 
0.0 0.0 0.0 0.0 0.0 0.0 0.0 0.0 0.0 0.0 0.0 0.0 0.0 0.0 0.0 0.0 0.0 0.0 0.0 0.0 0.0 0.0 0.0 0.0 0.0 0.0 0.0 0.0 0.0 0.0 0.0 0.0 0.0 0.0 0.0 0.0 0.0 0.0 0.0 0.0 0.0 0.0 0.0 0.0 0.0 0.0 0.0 0.0 0.0 0.0 0.0 0.0 0.0 0.0 0.0 0.0 0.0 0.0 0.0 0.0 0.0 0.0 0.0 0.0 0.0 0.0 0.0 0.0 0.0 0.0 0.0 0.0 0.0 0.0 0.0 0.0 0.0 0.0 0.0 0.0 0.0 0.0 0.0 0.0 0.0 0.0 0.0 0.0 0.0 0.0 0.0 0.0 0.0 0.0 0.0 0.0 0.0 0.0 0.0 0.0 0.0 0.0 0.0 0.0 0.0 0.0 0.0 0.0 0.0 0.0 0.0 0.0 0.0 0.0 0.0 0.0 0.0 0.0 0.0 0.0 0.0 0.0 0.0 0.0 0.0 0.0 0.0 0.0 0.0 0.0 0.0 0.0 0.0 0.0 0.0 0.0 0.0 0.0 0.0 0.0 0.0 0.0 0.0 0.0 0.0 0.0 0.0 0.0 0.0 0.0 0.0 0.0 0.0 0.0 0.0 0.0 0.0 0.0 0.0 0.0 0.0 0.0 0.0 0.0 0.0 0.0 0.0 0.0 0.0 0.0 0.0 0.0 0.0 0.0 0.0 0.0 
0.0 0.0 0.0 0.0 0.0 0.0 0.0 0.0 0.0 0.0 0.0 0.0 0.0 0.0 0.0 0.0 0.0 0.0 0.0 0.0 0.0 0.0 0.0 0.0 0.0 0.0 0.0 0.0 0.0 0.0 0.0 0.0 0.0 0.0 0.0 0.0 0.0 0.0 0.0 0.0 0.0 0.0 0.0 0.0 0.0 0.0 0.0 0.0 0.0 0.0 0.0 0.0 0.0 0.0 0.0 0.0 0.0 0.0 0.0 0.0 0.0 0.0 0.0 0.0 0.0 0.0 0.0 0.0 0.0 0.0 0.0 0.0 0.0 0.0 0.0 0.0 0.0 0.0 0.0 0.0 0.0 0.0 0.0 0.0 0.0 0.0 0.0 0.0 0.0 0.0 0.0 0.0 0.0 0.0 0.0 0.0 0.0 0.0 0.0 0.0 0.0 0.0 0.0 0.0 0.0 0.0 0.0 0.0 0.0 0.0 0.0 0.0 0.0 0.0 0.0 0.0 0.0 0.0 0.0 0.0 0.0 0.0 0.0 0.0 0.0 0.0 0.0 0.0 0.0 0.0 0.0 0.0 0.0 0.0 0.0 0.0 0.0 0.0 0.0 0.0 0.0 0.0 0.0 0.0 0.0 0.0 0.0 0.0 0.0 0.0 0.0 0.0 0.0 0.0 0.0 0.0 0.0 0.0 0.0 0.0 0.0 0.0 0.0 0.0 0.0 0.0 0.0 0.0 0.0 0.0 0.0 0.0 0.0 0.0 0.0 0.0 
0.0 0.0 0.0 0.0 0.0 0.0 0.0 0.0 0.0 0.0 0.0 0.0 0.0 0.0 0.0 0.0 0.0 0.0 0.0 0.0 0.0 0.0 0.0 0.0 0.0 0.0 0.0 0.0 0.0 0.0 0.0 0.0 0.0 0.0 0.0 0.0 0.0 0.0 0.0 0.0 0.0 0.0 0.0 0.0 0.0 0.0 0.0 0.0 0.0 0.0 0.0 0.0 0.0 0.0 0.0 0.0 0.0 0.0 0.0 0.0 0.0 0.0 0.0 0.0 0.0 0.0 0.0 0.0 0.0 0.0 0.0 0.0 0.0 0.0 0.0 0.0 0.0 0.0 0.0 0.0 0.0 0.0 0.0 0.0 0.0 0.0 0.0 0.0 0.0 0.0 0.0 0.0 0.0 0.0 0.0 0.0 0.0 0.0 0.0 0.0 0.0 0.0 0.0 0.0 0.0 0.0 0.0 0.0 0.0 0.0 0.0 0.0 0.0 0.0 0.0 0.0 0.0 0.0 0.0 0.0 0.0 0.0 0.0 0.0 0.0 0.0 0.0 0.0 0.0 0.0 0.0 0.0 0.0 0.0 0.0 0.0 0.0 0.0 0.0 0.0 0.0 0.0 0.0 0.0 0.0 0.0 0.0 0.0 0.0 0.0 0.0 0.0 0.0 0.0 0.0 0.0 0.0 0.0 0.0 0.0 0.0 0.0 0.0 0.0 0.0 0.0 0.0 0.0 0.0 0.0 0.0 0.0 0.0 0.0 0.0 0.0 
-0.00558832186358 -0.0023234316477000003 0.00088703255468 0.00053576434396 -0.00010328090278 0.00015611383287999998 6.32747472e-06 0.0 0.0 6.531352700000001e-06 0.0 0.0 4.6223862800000005e-05 0.0 0.0 3.220848496e-05 0.0 0.0 0.00068350243028 0.0 0.0 0.00035102796532 0.0 0.0 -0.00011406119598000001 0.0 0.0 0.00016246720468000001 0.0 0.0 -4.631379592000001e-05 0.0 0.0 -3.7310761999999993e-07 0.0 0.0 0.0 0.0 0.00029472085234000006 0.0 0.0 0.0 0.0 9.821341452000002e-05 0.0 0.0 0.0 0.0 3.953201186e-05 0.0 0.0 0.0 0.0 0.0 7.22918787e-05 0.0 0.0 0.0 0.0 0.0 0.0 7.117488290000001e-05 0.0 0.0 0.0 0.0 0.0 0.0 3.2353573900000005e-05 0.0 0.0 0.0 0.0 0.0 0.0 0.0 3.08378696e-05 0.0 0.0 0.0 0.0 0.0 0.0 0.0 0.0 7.0066294e-06 0.0 0.0 0.0 0.0 0.00035116940866 0.00052058130334 7.855926873999998e-05 0.00062079690346 0.0006367178437600001 -0.00010907697784000001 0.0 0.0 1.3169104000000002e-07 0.0 0.0 -2.08951388e-06 0.0 0.0 1.21183955e-05 0.0 0.0 -8.469587672000001e-05 0.0 0.0 0.00030871816548 0.0 0.0 0.00022981000360000002 0.0 0.0 -0.00016520064904000003 0.0 0.0 5.58626434e-06 0.0 0.0 0.0 0.0 -4.834266804e-05 0.0 0.0 0.0 0.0 -0.00011364856774000001 0.0 0.0 0.0 0.0 -8.563818234000001e-05 0.0 0.0 0.0 0.0 0.0 -2.61892232e-06 0.0 0.0 0.0 0.0 0.0 0.0 1.9362918420000003e-05 0.0 0.0 0.0 0.0 0.0 0.0 5.523343268e-05 0.0 0.0 0.0 0.0 0.0 0.0 0.0 -4.3409134000000003e-07 0.0 0.0 0.0 0.0 0.0 0.0 0.0 0.0 -1.6620377720000002e-05 0.0 0.0 0.0 0.0 
0.0 0.0 0.0 0.0 0.0 0.0 0.0 0.0 0.0 0.0 0.0 0.0 0.0 0.0 0.0 0.0 0.0 0.0 0.0 0.0 0.0 0.0 0.0 0.0 0.0 0.0 0.0 0.0 0.0 0.0 0.0 0.0 0.0 0.0 0.0 0.0 0.0 0.0 0.0 0.0 0.0 0.0 0.0 0.0 0.0 0.0 0.0 0.0 0.0 0.0 0.0 0.0 0.0 0.0 0.0 0.0 0.0 0.0 0.0 0.0 0.0 0.0 0.0 0.0 0.0 0.0 0.0 0.0 0.0 0.0 0.0 0.0 0.0 0.0 0.0 0.0 0.0 0.0 0.0 0.0 0.0 0.0 0.0 0.0 0.0 0.0 0.0 0.0 0.0 0.0 0.0 0.0 0.0 0.0 0.0 0.0 0.0 0.0 0.0 0.0 0.0 0.0 0.0 0.0 0.0 0.0 0.0 0.0 0.0 0.0 0.0 0.0 0.0 0.0 0.0 0.0 0.0 0.0 0.0 0.0 0.0 0.0 0.0 0.0 0.0 0.0 0.0 0.0 0.0 0.0 0.0 0.0 0.0 0.0 0.0 0.0 0.0 0.0 0.0 0.0 0.0 0.0 0.0 0.0 0.0 0.0 0.0 0.0 0.0 0.0 0.0 0.0 0.0 0.0 0.0 0.0 0.0 0.0 0.0 0.0 0.0 0.0 0.0 0.0 0.0 0.0 0.0 0.0 0.0 0.0 0.0 0.0 0.0 0.0 0.0 0.0 
0.0 0.0 0.0 0.0 0.0 0.0 0.0 0.0 0.0 0.0 0.0 0.0 0.0 0.0 0.0 0.0 0.0 0.0 0.0 0.0 0.0 0.0 0.0 0.0 0.0 0.0 0.0 0.0 0.0 0.0 0.0 0.0 0.0 0.0 0.0 0.0 0.0 0.0 0.0 0.0 0.0 0.0 0.0 0.0 0.0 0.0 0.0 0.0 0.0 0.0 0.0 0.0 0.0 0.0 0.0 0.0 0.0 0.0 0.0 0.0 0.0 0.0 0.0 0.0 0.0 0.0 0.0 0.0 0.0 0.0 0.0 0.0 0.0 0.0 0.0 0.0 0.0 0.0 0.0 0.0 0.0 0.0 0.0 0.0 0.0 0.0 0.0 0.0 0.0 0.0 0.0 0.0 0.0 0.0 0.0 0.0 0.0 0.0 0.0 0.0 0.0 0.0 0.0 0.0 0.0 0.0 0.0 0.0 0.0 0.0 0.0 0.0 0.0 0.0 0.0 0.0 0.0 0.0 0.0 0.0 0.0 0.0 0.0 0.0 0.0 0.0 0.0 0.0 0.0 0.0 0.0 0.0 0.0 0.0 0.0 0.0 0.0 0.0 0.0 0.0 0.0 0.0 0.0 0.0 0.0 0.0 0.0 0.0 0.0 0.0 0.0 0.0 0.0 0.0 0.0 0.0 0.0 0.0 0.0 0.0 0.0 0.0 0.0 0.0 0.0 0.0 0.0 0.0 0.0 0.0 0.0 0.0 0.0 0.0 0.0 0.0 
0.0 0.0 0.0 0.0 0.0 0.0 0.0 0.0 0.0 0.0 0.0 0.0 0.0 0.0 0.0 0.0 0.0 0.0 0.0 0.0 0.0 0.0 0.0 0.0 0.0 0.0 0.0 0.0 0.0 0.0 0.0 0.0 0.0 0.0 0.0 0.0 0.0 0.0 0.0 0.0 0.0 0.0 0.0 0.0 0.0 0.0 0.0 0.0 0.0 0.0 0.0 0.0 0.0 0.0 0.0 0.0 0.0 0.0 0.0 0.0 0.0 0.0 0.0 0.0 0.0 0.0 0.0 0.0 0.0 0.0 0.0 0.0 0.0 0.0 0.0 0.0 0.0 0.0 0.0 0.0 0.0 0.0 0.0 0.0 0.0 0.0 0.0 0.0 0.0 0.0 0.0 0.0 0.0 0.0 0.0 0.0 0.0 0.0 0.0 0.0 0.0 0.0 0.0 0.0 0.0 0.0 0.0 0.0 0.0 0.0 0.0 0.0 0.0 0.0 0.0 0.0 0.0 0.0 0.0 0.0 0.0 0.0 0.0 0.0 0.0 0.0 0.0 0.0 0.0 0.0 0.0 0.0 0.0 0.0 0.0 0.0 0.0 0.0 0.0 0.0 0.0 0.0 0.0 0.0 0.0 0.0 0.0 0.0 0.0 0.0 0.0 0.0 0.0 0.0 0.0 0.0 0.0 0.0 0.0 0.0 0.0 0.0 0.0 0.0 0.0 0.0 0.0 0.0 0.0 0.0 0.0 0.0 0.0 0.0 0.0 0.0 
0.0 0.0 0.0 0.0 0.0 0.0 0.0 0.0 0.0 0.0 0.0 0.0 0.0 0.0 0.0 0.0 0.0 0.0 0.0 0.0 0.0 0.0 0.0 0.0 0.0 0.0 0.0 0.0 0.0 0.0 0.0 0.0 0.0 0.0 0.0 0.0 0.0 0.0 0.0 0.0 0.0 0.0 0.0 0.0 0.0 0.0 0.0 0.0 0.0 0.0 0.0 0.0 0.0 0.0 0.0 0.0 0.0 0.0 0.0 0.0 0.0 0.0 0.0 0.0 0.0 0.0 0.0 0.0 0.0 0.0 0.0 0.0 0.0 0.0 0.0 0.0 0.0 0.0 0.0 0.0 0.0 0.0 0.0 0.0 0.0 0.0 0.0 0.0 0.0 0.0 0.0 0.0 0.0 0.0 0.0 0.0 0.0 0.0 0.0 0.0 0.0 0.0 0.0 0.0 0.0 0.0 0.0 0.0 0.0 0.0 0.0 0.0 0.0 0.0 0.0 0.0 0.0 0.0 0.0 0.0 0.0 0.0 0.0 0.0 0.0 0.0 0.0 0.0 0.0 0.0 0.0 0.0 0.0 0.0 0.0 0.0 0.0 0.0 0.0 0.0 0.0 0.0 0.0 0.0 0.0 0.0 0.0 0.0 0.0 0.0 0.0 0.0 0.0 0.0 0.0 0.0 0.0 0.0 0.0 0.0 0.0 0.0 0.0 0.0 0.0 0.0 0.0 0.0 0.0 0.0 0.0 0.0 0.0 0.0 0.0 0.0 
0.0 0.0 0.0 0.0 0.0 0.0 0.0 0.0 0.0 0.0 0.0 0.0 0.0 0.0 0.0 0.0 0.0 0.0 0.0 0.0 0.0 0.0 0.0 0.0 0.0 0.0 0.0 0.0 0.0 0.0 0.0 0.0 0.0 0.0 0.0 0.0 0.0 0.0 0.0 0.0 0.0 0.0 0.0 0.0 0.0 0.0 0.0 0.0 0.0 0.0 0.0 0.0 0.0 0.0 0.0 0.0 0.0 0.0 0.0 0.0 0.0 0.0 0.0 0.0 0.0 0.0 0.0 0.0 0.0 0.0 0.0 0.0 0.0 0.0 0.0 0.0 0.0 0.0 0.0 0.0 0.0 0.0 0.0 0.0 0.0 0.0 0.0 0.0 0.0 0.0 0.0 0.0 0.0 0.0 0.0 0.0 0.0 0.0 0.0 0.0 0.0 0.0 0.0 0.0 0.0 0.0 0.0 0.0 0.0 0.0 0.0 0.0 0.0 0.0 0.0 0.0 0.0 0.0 0.0 0.0 0.0 0.0 0.0 0.0 0.0 0.0 0.0 0.0 0.0 0.0 0.0 0.0 0.0 0.0 0.0 0.0 0.0 0.0 0.0 0.0 0.0 0.0 0.0 0.0 0.0 0.0 0.0 0.0 0.0 0.0 0.0 0.0 0.0 0.0 0.0 0.0 0.0 0.0 0.0 0.0 0.0 0.0 0.0 0.0 0.0 0.0 0.0 0.0 0.0 0.0 0.0 0.0 0.0 0.0 0.0 0.0 
0.0 0.0 0.0 0.0 0.0 0.0 0.0 0.0 0.0 0.0 0.0 0.0 0.0 0.0 0.0 0.0 0.0 0.0 0.0 0.0 0.0 0.0 0.0 0.0 0.0 0.0 0.0 0.0 0.0 0.0 0.0 0.0 0.0 0.0 0.0 0.0 0.0 0.0 0.0 0.0 0.0 0.0 0.0 0.0 0.0 0.0 0.0 0.0 0.0 0.0 0.0 0.0 0.0 0.0 0.0 0.0 0.0 0.0 0.0 0.0 0.0 0.0 0.0 0.0 0.0 0.0 0.0 0.0 0.0 0.0 0.0 0.0 0.0 0.0 0.0 0.0 0.0 0.0 0.0 0.0 0.0 0.0 0.0 0.0 0.0 0.0 0.0 0.0 0.0 0.0 0.0 0.0 0.0 0.0 0.0 0.0 0.0 0.0 0.0 0.0 0.0 0.0 0.0 0.0 0.0 0.0 0.0 0.0 0.0 0.0 0.0 0.0 0.0 0.0 0.0 0.0 0.0 0.0 0.0 0.0 0.0 0.0 0.0 0.0 0.0 0.0 0.0 0.0 0.0 0.0 0.0 0.0 0.0 0.0 0.0 0.0 0.0 0.0 0.0 0.0 0.0 0.0 0.0 0.0 0.0 0.0 0.0 0.0 0.0 0.0 0.0 0.0 0.0 0.0 0.0 0.0 0.0 0.0 0.0 0.0 0.0 0.0 0.0 0.0 0.0 0.0 0.0 0.0 0.0 0.0 0.0 0.0 0.0 0.0 0.0 0.0 
0.0 0.0 0.0 0.0 0.0 0.0 0.0 0.0 0.0 0.0 0.0 0.0 0.0 0.0 0.0 0.0 0.0 0.0 0.0 0.0 0.0 0.0 0.0 0.0 0.0 0.0 0.0 0.0 0.0 0.0 0.0 0.0 0.0 0.0 0.0 0.0 0.0 0.0 0.0 0.0 0.0 0.0 0.0 0.0 0.0 0.0 0.0 0.0 0.0 0.0 0.0 0.0 0.0 0.0 0.0 0.0 0.0 0.0 0.0 0.0 0.0 0.0 0.0 0.0 0.0 0.0 0.0 0.0 0.0 0.0 0.0 0.0 0.0 0.0 0.0 0.0 0.0 0.0 0.0 0.0 0.0 0.0 0.0 0.0 0.0 0.0 0.0 0.0 0.0 0.0 0.0 0.0 0.0 0.0 0.0 0.0 0.0 0.0 0.0 0.0 0.0 0.0 0.0 0.0 0.0 0.0 0.0 0.0 0.0 0.0 0.0 0.0 0.0 0.0 0.0 0.0 0.0 0.0 0.0 0.0 0.0 0.0 0.0 0.0 0.0 0.0 0.0 0.0 0.0 0.0 0.0 0.0 0.0 0.0 0.0 0.0 0.0 0.0 0.0 0.0 0.0 0.0 0.0 0.0 0.0 0.0 0.0 0.0 0.0 0.0 0.0 0.0 0.0 0.0 0.0 0.0 0.0 0.0 0.0 0.0 0.0 0.0 0.0 0.0 0.0 0.0 0.0 0.0 0.0 0.0 0.0 0.0 0.0 0.0 0.0 0.0 
5.8829281470000006e-05 1.8720489280000003e-05 -7.821755750000001e-06 -1.5796391500000002e-06 -3.98163941e-06 -2.92984364e-06 -7.268299999999999e-08 0.0 0.0 4.014685e-08 0.0 0.0 -4.066210000000024e-09 0.0 0.0 1.14930216e-06 0.0 0.0 -4.08043999e-06 0.0 0.0 -1.2160091600000003e-06 0.0 0.0 -1.04734231e-06 0.0 0.0 -2.4240250399999998e-06 0.0 0.0 4.1434911000000005e-07 0.0 0.0 8.490791e-08 0.0 0.0 0.0 0.0 -2.81196789e-06 0.0 0.0 0.0 0.0 -1.3314088100000003e-06 0.0 0.0 0.0 0.0 -9.268289800000002e-07 0.0 0.0 0.0 0.0 0.0 -7.6814517e-07 0.0 0.0 0.0 0.0 0.0 0.0 -7.8852536e-07 0.0 0.0 0.0 0.0 0.0 0.0 -3.3094936e-07 0.0 0.0 0.0 0.0 0.0 0.0 0.0 -3.2702056e-07 0.0 0.0 0.0 0.0 0.0 0.0 0.0 0.0 -5.543933000000001e-08 0.0 0.0 0.0 0.0 4.089908749999999e-06 4.33908435e-06 1.723591162e-05 1.377113809e-05 1.366414805e-05 2.46499977e-06 0.0 0.0 -2.8128500000000003e-09 0.0 0.0 1.630767e-08 0.0 0.0 -2.2613377e-07 0.0 0.0 9.8131554e-07 0.0 0.0 -4.53568761e-06 0.0 0.0 -5.21429366e-06 0.0 0.0 -2.6655317500000003e-06 0.0 0.0 -6.876297e-08 0.0 0.0 0.0 0.0 6.8233212e-07 0.0 0.0 0.0 0.0 1.60679908e-06 0.0 0.0 0.0 0.0 1.2625454600000001e-06 0.0 0.0 0.0 0.0 0.0 4.2366500000000004e-08 0.0 0.0 0.0 0.0 0.0 0.0 -3.0059543e-07 0.0 0.0 0.0 0.0 0.0 0.0 -4.3409134000000003e-07 0.0 0.0 0.0 0.0 0.0 0.0 0.0 7.38394e-09 0.0 0.0 0.0 0.0 0.0 0.0 0.0 0.0 1.1567864e-07 0.0 0.0 0.0 0.0 
0.0 0.0 0.0 0.0 0.0 0.0 0.0 0.0 0.0 0.0 0.0 0.0 0.0 0.0 0.0 0.0 0.0 0.0 0.0 0.0 0.0 0.0 0.0 0.0 0.0 0.0 0.0 0.0 0.0 0.0 0.0 0.0 0.0 0.0 0.0 0.0 0.0 0.0 0.0 0.0 0.0 0.0 0.0 0.0 0.0 0.0 0.0 0.0 0.0 0.0 0.0 0.0 0.0 0.0 0.0 0.0 0.0 0.0 0.0 0.0 0.0 0.0 0.0 0.0 0.0 0.0 0.0 0.0 0.0 0.0 0.0 0.0 0.0 0.0 0.0 0.0 0.0 0.0 0.0 0.0 0.0 0.0 0.0 0.0 0.0 0.0 0.0 0.0 0.0 0.0 0.0 0.0 0.0 0.0 0.0 0.0 0.0 0.0 0.0 0.0 0.0 0.0 0.0 0.0 0.0 0.0 0.0 0.0 0.0 0.0 0.0 0.0 0.0 0.0 0.0 0.0 0.0 0.0 0.0 0.0 0.0 0.0 0.0 0.0 0.0 0.0 0.0 0.0 0.0 0.0 0.0 0.0 0.0 0.0 0.0 0.0 0.0 0.0 0.0 0.0 0.0 0.0 0.0 0.0 0.0 0.0 0.0 0.0 0.0 0.0 0.0 0.0 0.0 0.0 0.0 0.0 0.0 0.0 0.0 0.0 0.0 0.0 0.0 0.0 0.0 0.0 0.0 0.0 0.0 0.0 0.0 0.0 0.0 0.0 0.0 0.0 
0.0 0.0 0.0 0.0 0.0 0.0 0.0 0.0 0.0 0.0 0.0 0.0 0.0 0.0 0.0 0.0 0.0 0.0 0.0 0.0 0.0 0.0 0.0 0.0 0.0 0.0 0.0 0.0 0.0 0.0 0.0 0.0 0.0 0.0 0.0 0.0 0.0 0.0 0.0 0.0 0.0 0.0 0.0 0.0 0.0 0.0 0.0 0.0 0.0 0.0 0.0 0.0 0.0 0.0 0.0 0.0 0.0 0.0 0.0 0.0 0.0 0.0 0.0 0.0 0.0 0.0 0.0 0.0 0.0 0.0 0.0 0.0 0.0 0.0 0.0 0.0 0.0 0.0 0.0 0.0 0.0 0.0 0.0 0.0 0.0 0.0 0.0 0.0 0.0 0.0 0.0 0.0 0.0 0.0 0.0 0.0 0.0 0.0 0.0 0.0 0.0 0.0 0.0 0.0 0.0 0.0 0.0 0.0 0.0 0.0 0.0 0.0 0.0 0.0 0.0 0.0 0.0 0.0 0.0 0.0 0.0 0.0 0.0 0.0 0.0 0.0 0.0 0.0 0.0 0.0 0.0 0.0 0.0 0.0 0.0 0.0 0.0 0.0 0.0 0.0 0.0 0.0 0.0 0.0 0.0 0.0 0.0 0.0 0.0 0.0 0.0 0.0 0.0 0.0 0.0 0.0 0.0 0.0 0.0 0.0 0.0 0.0 0.0 0.0 0.0 0.0 0.0 0.0 0.0 0.0 0.0 0.0 0.0 0.0 0.0 0.0 
0.0 0.0 0.0 0.0 0.0 0.0 0.0 0.0 0.0 0.0 0.0 0.0 0.0 0.0 0.0 0.0 0.0 0.0 0.0 0.0 0.0 0.0 0.0 0.0 0.0 0.0 0.0 0.0 0.0 0.0 0.0 0.0 0.0 0.0 0.0 0.0 0.0 0.0 0.0 0.0 0.0 0.0 0.0 0.0 0.0 0.0 0.0 0.0 0.0 0.0 0.0 0.0 0.0 0.0 0.0 0.0 0.0 0.0 0.0 0.0 0.0 0.0 0.0 0.0 0.0 0.0 0.0 0.0 0.0 0.0 0.0 0.0 0.0 0.0 0.0 0.0 0.0 0.0 0.0 0.0 0.0 0.0 0.0 0.0 0.0 0.0 0.0 0.0 0.0 0.0 0.0 0.0 0.0 0.0 0.0 0.0 0.0 0.0 0.0 0.0 0.0 0.0 0.0 0.0 0.0 0.0 0.0 0.0 0.0 0.0 0.0 0.0 0.0 0.0 0.0 0.0 0.0 0.0 0.0 0.0 0.0 0.0 0.0 0.0 0.0 0.0 0.0 0.0 0.0 0.0 0.0 0.0 0.0 0.0 0.0 0.0 0.0 0.0 0.0 0.0 0.0 0.0 0.0 0.0 0.0 0.0 0.0 0.0 0.0 0.0 0.0 0.0 0.0 0.0 0.0 0.0 0.0 0.0 0.0 0.0 0.0 0.0 0.0 0.0 0.0 0.0 0.0 0.0 0.0 0.0 0.0 0.0 0.0 0.0 0.0 0.0 
0.0 0.0 0.0 0.0 0.0 0.0 0.0 0.0 0.0 0.0 0.0 0.0 0.0 0.0 0.0 0.0 0.0 0.0 0.0 0.0 0.0 0.0 0.0 0.0 0.0 0.0 0.0 0.0 0.0 0.0 0.0 0.0 0.0 0.0 0.0 0.0 0.0 0.0 0.0 0.0 0.0 0.0 0.0 0.0 0.0 0.0 0.0 0.0 0.0 0.0 0.0 0.0 0.0 0.0 0.0 0.0 0.0 0.0 0.0 0.0 0.0 0.0 0.0 0.0 0.0 0.0 0.0 0.0 0.0 0.0 0.0 0.0 0.0 0.0 0.0 0.0 0.0 0.0 0.0 0.0 0.0 0.0 0.0 0.0 0.0 0.0 0.0 0.0 0.0 0.0 0.0 0.0 0.0 0.0 0.0 0.0 0.0 0.0 0.0 0.0 0.0 0.0 0.0 0.0 0.0 0.0 0.0 0.0 0.0 0.0 0.0 0.0 0.0 0.0 0.0 0.0 0.0 0.0 0.0 0.0 0.0 0.0 0.0 0.0 0.0 0.0 0.0 0.0 0.0 0.0 0.0 0.0 0.0 0.0 0.0 0.0 0.0 0.0 0.0 0.0 0.0 0.0 0.0 0.0 0.0 0.0 0.0 0.0 0.0 0.0 0.0 0.0 0.0 0.0 0.0 0.0 0.0 0.0 0.0 0.0 0.0 0.0 0.0 0.0 0.0 0.0 0.0 0.0 0.0 0.0 0.0 0.0 0.0 0.0 0.0 0.0 
0.0 0.0 0.0 0.0 0.0 0.0 0.0 0.0 0.0 0.0 0.0 0.0 0.0 0.0 0.0 0.0 0.0 0.0 0.0 0.0 0.0 0.0 0.0 0.0 0.0 0.0 0.0 0.0 0.0 0.0 0.0 0.0 0.0 0.0 0.0 0.0 0.0 0.0 0.0 0.0 0.0 0.0 0.0 0.0 0.0 0.0 0.0 0.0 0.0 0.0 0.0 0.0 0.0 0.0 0.0 0.0 0.0 0.0 0.0 0.0 0.0 0.0 0.0 0.0 0.0 0.0 0.0 0.0 0.0 0.0 0.0 0.0 0.0 0.0 0.0 0.0 0.0 0.0 0.0 0.0 0.0 0.0 0.0 0.0 0.0 0.0 0.0 0.0 0.0 0.0 0.0 0.0 0.0 0.0 0.0 0.0 0.0 0.0 0.0 0.0 0.0 0.0 0.0 0.0 0.0 0.0 0.0 0.0 0.0 0.0 0.0 0.0 0.0 0.0 0.0 0.0 0.0 0.0 0.0 0.0 0.0 0.0 0.0 0.0 0.0 0.0 0.0 0.0 0.0 0.0 0.0 0.0 0.0 0.0 0.0 0.0 0.0 0.0 0.0 0.0 0.0 0.0 0.0 0.0 0.0 0.0 0.0 0.0 0.0 0.0 0.0 0.0 0.0 0.0 0.0 0.0 0.0 0.0 0.0 0.0 0.0 0.0 0.0 0.0 0.0 0.0 0.0 0.0 0.0 0.0 0.0 0.0 0.0 0.0 0.0 0.0 
0.0 0.0 0.0 0.0 0.0 0.0 0.0 0.0 0.0 0.0 0.0 0.0 0.0 0.0 0.0 0.0 0.0 0.0 0.0 0.0 0.0 0.0 0.0 0.0 0.0 0.0 0.0 0.0 0.0 0.0 0.0 0.0 0.0 0.0 0.0 0.0 0.0 0.0 0.0 0.0 0.0 0.0 0.0 0.0 0.0 0.0 0.0 0.0 0.0 0.0 0.0 0.0 0.0 0.0 0.0 0.0 0.0 0.0 0.0 0.0 0.0 0.0 0.0 0.0 0.0 0.0 0.0 0.0 0.0 0.0 0.0 0.0 0.0 0.0 0.0 0.0 0.0 0.0 0.0 0.0 0.0 0.0 0.0 0.0 0.0 0.0 0.0 0.0 0.0 0.0 0.0 0.0 0.0 0.0 0.0 0.0 0.0 0.0 0.0 0.0 0.0 0.0 0.0 0.0 0.0 0.0 0.0 0.0 0.0 0.0 0.0 0.0 0.0 0.0 0.0 0.0 0.0 0.0 0.0 0.0 0.0 0.0 0.0 0.0 0.0 0.0 0.0 0.0 0.0 0.0 0.0 0.0 0.0 0.0 0.0 0.0 0.0 0.0 0.0 0.0 0.0 0.0 0.0 0.0 0.0 0.0 0.0 0.0 0.0 0.0 0.0 0.0 0.0 0.0 0.0 0.0 0.0 0.0 0.0 0.0 0.0 0.0 0.0 0.0 0.0 0.0 0.0 0.0 0.0 0.0 0.0 0.0 0.0 0.0 0.0 0.0 
0.0 0.0 0.0 0.0 0.0 0.0 0.0 0.0 0.0 0.0 0.0 0.0 0.0 0.0 0.0 0.0 0.0 0.0 0.0 0.0 0.0 0.0 0.0 0.0 0.0 0.0 0.0 0.0 0.0 0.0 0.0 0.0 0.0 0.0 0.0 0.0 0.0 0.0 0.0 0.0 0.0 0.0 0.0 0.0 0.0 0.0 0.0 0.0 0.0 0.0 0.0 0.0 0.0 0.0 0.0 0.0 0.0 0.0 0.0 0.0 0.0 0.0 0.0 0.0 0.0 0.0 0.0 0.0 0.0 0.0 0.0 0.0 0.0 0.0 0.0 0.0 0.0 0.0 0.0 0.0 0.0 0.0 0.0 0.0 0.0 0.0 0.0 0.0 0.0 0.0 0.0 0.0 0.0 0.0 0.0 0.0 0.0 0.0 0.0 0.0 0.0 0.0 0.0 0.0 0.0 0.0 0.0 0.0 0.0 0.0 0.0 0.0 0.0 0.0 0.0 0.0 0.0 0.0 0.0 0.0 0.0 0.0 0.0 0.0 0.0 0.0 0.0 0.0 0.0 0.0 0.0 0.0 0.0 0.0 0.0 0.0 0.0 0.0 0.0 0.0 0.0 0.0 0.0 0.0 0.0 0.0 0.0 0.0 0.0 0.0 0.0 0.0 0.0 0.0 0.0 0.0 0.0 0.0 0.0 0.0 0.0 0.0 0.0 0.0 0.0 0.0 0.0 0.0 0.0 0.0 0.0 0.0 0.0 0.0 0.0 0.0 
0.0 0.0 0.0 0.0 0.0 0.0 0.0 0.0 0.0 0.0 0.0 0.0 0.0 0.0 0.0 0.0 0.0 0.0 0.0 0.0 0.0 0.0 0.0 0.0 0.0 0.0 0.0 0.0 0.0 0.0 0.0 0.0 0.0 0.0 0.0 0.0 0.0 0.0 0.0 0.0 0.0 0.0 0.0 0.0 0.0 0.0 0.0 0.0 0.0 0.0 0.0 0.0 0.0 0.0 0.0 0.0 0.0 0.0 0.0 0.0 0.0 0.0 0.0 0.0 0.0 0.0 0.0 0.0 0.0 0.0 0.0 0.0 0.0 0.0 0.0 0.0 0.0 0.0 0.0 0.0 0.0 0.0 0.0 0.0 0.0 0.0 0.0 0.0 0.0 0.0 0.0 0.0 0.0 0.0 0.0 0.0 0.0 0.0 0.0 0.0 0.0 0.0 0.0 0.0 0.0 0.0 0.0 0.0 0.0 0.0 0.0 0.0 0.0 0.0 0.0 0.0 0.0 0.0 0.0 0.0 0.0 0.0 0.0 0.0 0.0 0.0 0.0 0.0 0.0 0.0 0.0 0.0 0.0 0.0 0.0 0.0 0.0 0.0 0.0 0.0 0.0 0.0 0.0 0.0 0.0 0.0 0.0 0.0 0.0 0.0 0.0 0.0 0.0 0.0 0.0 0.0 0.0 0.0 0.0 0.0 0.0 0.0 0.0 0.0 0.0 0.0 0.0 0.0 0.0 0.0 0.0 0.0 0.0 0.0 0.0 0.0 
0.0016254990053400002 0.00069741628532 -0.00026371909546 -0.00017111605922 4.9111679419999995e-05 -4.0569854319999995e-05 -1.8176538399999998e-06 0.0 0.0 -2.3095135e-06 0.0 0.0 -1.526072054e-05 0.0 0.0 -1.496807088e-05 0.0 0.0 -0.00021053202602 0.0 0.0 -0.00011143258527999999 0.0 0.0 4.163508922e-05 0.0 0.0 -4.457247352e-05 0.0 0.0 1.374689778e-05 0.0 0.0 -1.9613162000000002e-07 0.0 0.0 0.0 0.0 -8.682003594e-05 0.0 0.0 0.0 0.0 -2.7448522780000003e-05 0.0 0.0 0.0 0.0 -9.577636640000002e-06 0.0 0.0 0.0 0.0 0.0 -2.1001077779999998e-05 0.0 0.0 0.0 0.0 0.0 0.0 -2.055526084e-05 0.0 0.0 0.0 0.0 0.0 0.0 -9.44709884e-06 0.0 0.0 0.0 0.0 0.0 0.0 0.0 -8.960971039999998e-06 0.0 0.0 0.0 0.0 0.0 0.0 0.0 0.0 -2.10697342e-06 0.0 0.0 0.0 0.0 -0.00013144096201999999 -0.00018836547858 -9.080619160000001e-05 -0.00025696938886 -0.00026182841402000006 2.6773969260000002e-05 0.0 0.0 -3.2938780000000004e-08 0.0 0.0 6.2918874e-07 0.0 0.0 -3.1541277799999996e-06 0.0 0.0 2.42983614e-05 0.0 0.0 -8.49609711e-05 0.0 0.0 -5.633046244e-05 0.0 0.0 6.462347038e-05 0.0 0.0 -1.5874470599999999e-06 0.0 0.0 0.0 0.0 1.3409206559999999e-05 0.0 0.0 0.0 0.0 3.1513459400000003e-05 0.0 0.0 0.0 0.0 2.355174592e-05 0.0 0.0 0.0 0.0 0.0 7.0611004e-07 0.0 0.0 0.0 0.0 0.0 0.0 -5.26815526e-06 0.0 0.0 0.0 0.0 0.0 0.0 -1.6620377720000002e-05 0.0 0.0 0.0 0.0 0.0 0.0 0.0 1.1567864e-07 0.0 0.0 0.0 0.0 0.0 0.0 0.0 0.0 5.0574868e-06 0.0 0.0 0.0 0.0 
0.0 0.0 0.0 0.0 0.0 0.0 0.0 0.0 0.0 0.0 0.0 0.0 0.0 0.0 0.0 0.0 0.0 0.0 0.0 0.0 0.0 0.0 0.0 0.0 0.0 0.0 0.0 0.0 0.0 0.0 0.0 0.0 0.0 0.0 0.0 0.0 0.0 0.0 0.0 0.0 0.0 0.0 0.0 0.0 0.0 0.0 0.0 0.0 0.0 0.0 0.0 0.0 0.0 0.0 0.0 0.0 0.0 0.0 0.0 0.0 0.0 0.0 0.0 0.0 0.0 0.0 0.0 0.0 0.0 0.0 0.0 0.0 0.0 0.0 0.0 0.0 0.0 0.0 0.0 0.0 0.0 0.0 0.0 0.0 0.0 0.0 0.0 0.0 0.0 0.0 0.0 0.0 0.0 0.0 0.0 0.0 0.0 0.0 0.0 0.0 0.0 0.0 0.0 0.0 0.0 0.0 0.0 0.0 0.0 0.0 0.0 0.0 0.0 0.0 0.0 0.0 0.0 0.0 0.0 0.0 0.0 0.0 0.0 0.0 0.0 0.0 0.0 0.0 0.0 0.0 0.0 0.0 0.0 0.0 0.0 0.0 0.0 0.0 0.0 0.0 0.0 0.0 0.0 0.0 0.0 0.0 0.0 0.0 0.0 0.0 0.0 0.0 0.0 0.0 0.0 0.0 0.0 0.0 0.0 0.0 0.0 0.0 0.0 0.0 0.0 0.0 0.0 0.0 0.0 0.0 0.0 0.0 0.0 0.0 0.0 0.0 
0.0 0.0 0.0 0.0 0.0 0.0 0.0 0.0 0.0 0.0 0.0 0.0 0.0 0.0 0.0 0.0 0.0 0.0 0.0 0.0 0.0 0.0 0.0 0.0 0.0 0.0 0.0 0.0 0.0 0.0 0.0 0.0 0.0 0.0 0.0 0.0 0.0 0.0 0.0 0.0 0.0 0.0 0.0 0.0 0.0 0.0 0.0 0.0 0.0 0.0 0.0 0.0 0.0 0.0 0.0 0.0 0.0 0.0 0.0 0.0 0.0 0.0 0.0 0.0 0.0 0.0 0.0 0.0 0.0 0.0 0.0 0.0 0.0 0.0 0.0 0.0 0.0 0.0 0.0 0.0 0.0 0.0 0.0 0.0 0.0 0.0 0.0 0.0 0.0 0.0 0.0 0.0 0.0 0.0 0.0 0.0 0.0 0.0 0.0 0.0 0.0 0.0 0.0 0.0 0.0 0.0 0.0 0.0 0.0 0.0 0.0 0.0 0.0 0.0 0.0 0.0 0.0 0.0 0.0 0.0 0.0 0.0 0.0 0.0 0.0 0.0 0.0 0.0 0.0 0.0 0.0 0.0 0.0 0.0 0.0 0.0 0.0 0.0 0.0 0.0 0.0 0.0 0.0 0.0 0.0 0.0 0.0 0.0 0.0 0.0 0.0 0.0 0.0 0.0 0.0 0.0 0.0 0.0 0.0 0.0 0.0 0.0 0.0 0.0 0.0 0.0 0.0 0.0 0.0 0.0 0.0 0.0 0.0 0.0 0.0 0.0 
0.0 0.0 0.0 0.0 0.0 0.0 0.0 0.0 0.0 0.0 0.0 0.0 0.0 0.0 0.0 0.0 0.0 0.0 0.0 0.0 0.0 0.0 0.0 0.0 0.0 0.0 0.0 0.0 0.0 0.0 0.0 0.0 0.0 0.0 0.0 0.0 0.0 0.0 0.0 0.0 0.0 0.0 0.0 0.0 0.0 0.0 0.0 0.0 0.0 0.0 0.0 0.0 0.0 0.0 0.0 0.0 0.0 0.0 0.0 0.0 0.0 0.0 0.0 0.0 0.0 0.0 0.0 0.0 0.0 0.0 0.0 0.0 0.0 0.0 0.0 0.0 0.0 0.0 0.0 0.0 0.0 0.0 0.0 0.0 0.0 0.0 0.0 0.0 0.0 0.0 0.0 0.0 0.0 0.0 0.0 0.0 0.0 0.0 0.0 0.0 0.0 0.0 0.0 0.0 0.0 0.0 0.0 0.0 0.0 0.0 0.0 0.0 0.0 0.0 0.0 0.0 0.0 0.0 0.0 0.0 0.0 0.0 0.0 0.0 0.0 0.0 0.0 0.0 0.0 0.0 0.0 0.0 0.0 0.0 0.0 0.0 0.0 0.0 0.0 0.0 0.0 0.0 0.0 0.0 0.0 0.0 0.0 0.0 0.0 0.0 0.0 0.0 0.0 0.0 0.0 0.0 0.0 0.0 0.0 0.0 0.0 0.0 0.0 0.0 0.0 0.0 0.0 0.0 0.0 0.0 0.0 0.0 0.0 0.0 0.0 0.0 
0.0 0.0 0.0 0.0 0.0 0.0 0.0 0.0 0.0 0.0 0.0 0.0 0.0 0.0 0.0 0.0 0.0 0.0 0.0 0.0 0.0 0.0 0.0 0.0 0.0 0.0 0.0 0.0 0.0 0.0 0.0 0.0 0.0 0.0 0.0 0.0 0.0 0.0 0.0 0.0 0.0 0.0 0.0 0.0 0.0 0.0 0.0 0.0 0.0 0.0 0.0 0.0 0.0 0.0 0.0 0.0 0.0 0.0 0.0 0.0 0.0 0.0 0.0 0.0 0.0 0.0 0.0 0.0 0.0 0.0 0.0 0.0 0.0 0.0 0.0 0.0 0.0 0.0 0.0 0.0 0.0 0.0 0.0 0.0 0.0 0.0 0.0 0.0 0.0 0.0 0.0 0.0 0.0 0.0 0.0 0.0 0.0 0.0 0.0 0.0 0.0 0.0 0.0 0.0 0.0 0.0 0.0 0.0 0.0 0.0 0.0 0.0 0.0 0.0 0.0 0.0 0.0 0.0 0.0 0.0 0.0 0.0 0.0 0.0 0.0 0.0 0.0 0.0 0.0 0.0 0.0 0.0 0.0 0.0 0.0 0.0 0.0 0.0 0.0 0.0 0.0 0.0 0.0 0.0 0.0 0.0 0.0 0.0 0.0 0.0 0.0 0.0 0.0 0.0 0.0 0.0 0.0 0.0 0.0 0.0 0.0 0.0 0.0 0.0 0.0 0.0 0.0 0.0 0.0 0.0 0.0 0.0 0.0 0.0 0.0 0.0 
