
1 0.8198246521673392 0.484998506998697 0.2796922733346072 0.1612228649609347 0.08751438138399024 0.04407324463318133 -3.082161890762034e-14 1.880202908256923e-14 2.483477942903496e-14 1.801020213292546e-15 1.073794121419852e-14 -2.282583458734724e-15 6.346441208433619e-15 8.810359864431691e-16 -6.621178207496099e-16 3.388408978844399e-15 -1.708124065571454e-15 -2.025384478373213e-15 5.517811738079998e-15 1.309521086660979e-16 -1.451736962482074e-16 1.078150182534368e-15 2.671681134069884e-16 -2.110929691502576e-16 6.133597634460919e-16 1.379604759409426e-16 -2.710558252417422e-19 5.91478258397426e-16 -1.163978537946519e-16 -5.438795480878849e-17 -5.052916662610892e-15 -1.042326830576676e-15 7.172159275563377e-15 3.196580424827078e-15 -5.175232802783527e-17 3.899753207774599e-17 1.391444713469765e-15 4.231178986830976e-15 2.313142587616757e-15 5.296010412498256e-16 3.848598329618761e-16 1.001653358350078e-15 1.291384549685251e-15 5.951226243058247e-16 3.485546873505633e-16 2.953109301978141e-17 9.494594770243311e-17 6.802289226016896e-17 4.389451100510236e-17 6.815291582454371e-18 -1.162365449951786e-15 -1.713385176872473e-15 -7.007746625817575e-16 3.249765770288148e-15 -8.893205529450373e-15 -6.770536641755687e-16 1.825736156366399e-15 -6.384844896686672e-16 -6.778912682570531e-16 -2.423158643834524e-16 1.317947311130016e-15 -1.255566612172898e-15 -1.353498739266958e-16 5.130598694130399e-16 -2.488638463448389e-17 -3.041803782573378e-17 -8.437436459841978e-18 1.523016652582867e-17 -1.120491437455794e-17 -5.847366555012138e-18 4.008028282441584e-20 1.791473109625997e-16 1.330040319309504e-16 3.904941249739297e-17 -1.836471565142373e-16 3.572930766071531e-12 -3.552693488832909e-16 7.111005601472332e-17 4.384106158692272e-16 3.018414745196295e-12 3.463571927310352e-18 2.540605957622514e-19 -4.50451576579148e-18 -1.761141760968015e-18 3.093880581797356e-15 6.366435770785959e-19 7.894561024239652e-19 2.258698753531248e-18 2.617072506054953e-15 0.001476554771377544 0.0185374181250305 0.07589711644662293 0.1243499866360704 0.1134385323232437 0.07258540884119392 -1.801297788652054e-19 -1.579713113671756e-19 -1.116400502227372e-05 1.920480362881845e-18 2.594290928344412e-18 -0.0001454420537435284 -1.671981708272745e-18 -2.018807996602855e-17 -0.001995754861718717 2.116059878092731e-17 -1.175710893819594e-16 -0.01647477688561151 -5.242648753925231e-18 -1.689302696348955e-16 -0.08944866364325103 6.023653944516881e-16 4.775425341234915e-16 -0.2326642003560498 6.011374689620585e-16 2.448945993864925e-16 -0.1565143299513475 -7.844048344877935e-18 1.374604094332679e-16 0.003361394517685571 6.089627287781504e-18 -1.347479750323456e-18 6.993268812383426e-20 -9.984079714799996e-17 0.06765548554379341 -6.608897106320143e-18 3.718449669809387e-19 6.206179319204741e-17 1.456339706966784e-15 0.2502645338695679 -5.782837212406529e-16 3.123201263098558e-17 1.561480113297963e-16 -4.802495446026347e-16 0.1641464551853113 -3.063090601633083e-15 2.885326379941806e-17 -2.462500148379943e-21 7.560158155527141e-18 1.501619570746626e-16 -0.002623127784252579 -3.253750353425927e-17 2.32248257192174e-18 -3.291248648675804e-19 -1.929401043365482e-17 7.566256283925864e-18 -1.660565973085261e-16 -0.05487452042888735 8.019867670848579e-17 -3.350204568681745e-18 -7.580377816520454e-18 -4.856114878671716e-17 -4.43559082587807e-17 -7.539378187501394e-16 -0.1510908423811813 2.870017640000223e-16 -6.429488614054437e-17 7.83532256331292e-18 -8.148133147326692e-21 -6.020105628115251e-19 -6.641136855209113e-18 -3.569988186961018e-17 0.001268414150504112 1.196890764904327e-17 3.556743149734564e-19 -4.971708109664151e-19 2.167872800261903e-19 5.252218698699891e-18 8.008082255375615e-17 -2.655743060942404e-16 5.04191762821267e-16 0.1292064980630991 3.084672598337443e-15 2.440191268427379e-16 -2.715126256089188e-17 1.170162190577754e-14 
0.8198246521673392 1 0.8425237205461622 0.5724775691493997 0.3565143423436001 0.2013375455703916 0.1033252635767829 2.526852856241945e-15 1.051581289348149e-14 8.995585189513405e-15 1.103852780967741e-15 -3.107332110293485e-15 -5.86457152372079e-15 4.641546876871416e-14 8.012226949615923e-15 -6.083675230252709e-15 -9.177859481521577e-15 1.330316065640323e-16 -1.208408373366021e-14 -3.855254204393164e-14 4.339936622212906e-14 2.720046413413086e-15 -1.78868193854844e-14 1.372846306982209e-14 4.163340752605169e-17 -5.485589937943265e-15 6.423673007369758e-15 6.956423409669383e-16 -5.121692853662863e-15 5.451550170682513e-15 -2.064397932810596e-16 -1.275624285815911e-15 4.615041318068417e-15 3.825509787420966e-14 6.884072011469572e-16 -4.578486909780846e-16 9.191818584491724e-15 -4.739589797022272e-16 -6.217248937903567e-15 5.313823925152305e-15 -1.056443886364921e-14 3.015875046462933e-14 -4.161818467301871e-15 -6.637052088080984e-15 2.4496186105412e-14 -5.795955168761427e-15 3.875747703569446e-15 -9.560167406619616e-17 6.024112008862403e-16 1.151648476517791e-15 -1.605315772077534e-15 7.709761648546534e-16 -1.121570216800133e-14 1.233740757125975e-15 2.60555466091816e-15 1.044191724189294e-15 -5.200646770871252e-16 -5.272127881290167e-15 2.834267109220952e-15 -6.662002221584474e-15 1.260238658226063e-14 -6.735931257252636e-15 2.670993038300775e-15 -6.417826339821301e-15 2.658728001230992e-15 8.817815137881951e-16 -1.535113045129035e-16 3.619592402228516e-16 -3.730890672681487e-16 3.92654182063837e-16 -1.62953786466956e-16 -1.463339264360016e-16 7.490781608824693e-15 -7.373387924533211e-16 -6.286478634748117e-15 -1.509006136193015e-16 -5.33427468863098e-15 -7.559839993256411e-16 3.070623182806049e-15 4.401860820292633e-15 -7.622551136297392e-16 3.420786559878695e-16 1.435242889094221e-17 -5.472419422592323e-17 -4.527696702342539e-17 1.479991887798973e-17 9.118756022059022e-18 9.506741655942541e-17 5.680492128684881e-17 -2.588663333831247e-17 0.02085896067549715 0.07866495565131276 0.1871021618102393 0.2744098309389287 0.2546906173060479 0.1677307741893787 -3.223991650054368e-17 -1.765733012900889e-17 -0.0006791435565569171 -4.749144221720012e-17 -3.226082048742656e-16 -0.005058978177106939 9.217560762790457e-17 2.099775618002871e-16 -0.02541092973677435 -7.756280698010708e-18 7.742152188450746e-16 -0.08171479024405762 1.89837024138722e-16 7.766140161518505e-16 -0.221334028151365 -5.500171173638629e-15 1.194031852578349e-15 -0.4512191412574648 -8.553534453658729e-15 1.44708023654075e-14 -0.330122813921927 -6.185317807494886e-17 1.557441597699392e-16 0.02406809080929624 1.275885199054032e-16 -6.994374561955071e-18 -3.190061604632859e-16 2.794531099582505e-17 0.1568751704832389 1.521920000507001e-15 1.244121992927762e-15 8.712106557010055e-16 2.943608898299088e-16 0.4043864492167978 2.794273601566539e-15 1.141664887627663e-16 8.301405675023958e-15 -2.47147201186028e-14 0.3133158571070255 1.87876123269143e-14 -1.588303147779037e-15 1.087126553736338e-16 5.660729127436615e-17 -3.018818012477162e-16 -0.01226023486187823 6.032626222118117e-17 9.407359670447543e-18 8.888750513600263e-17 -5.261091041988116e-17 7.769189480127098e-16 5.455163230862933e-16 -0.100520456714179 9.519803294194893e-17 1.409191773688697e-16 -3.633432530543749e-17 1.501539225799817e-15 -1.848445538854638e-14 2.002892046373246e-14 -0.254278725357591 -8.788291551481457e-15 3.972734308334338e-15 3.69055774025382e-16 -7.206331322115304e-19 -1.760314458896754e-17 -2.209833189643246e-17 -2.867749686335857e-16 0.003893075811224673 1.931354359894837e-16 1.291841711593052e-17 -4.760000701976685e-17 -1.03180789074285e-17 3.977430447482682e-16 -2.236072300440709e-15 1.288545224390406e-14 -2.07778175970491e-14 0.187389990271221 8.697166793326496e-16 -1.140736770725881e-15 -1.02786101509912e-15 3.340970030692746e-16 
0.484998506998697 0.8425237205461622 1 0.8636052734497933 0.6139599032066662 0.3734095928187908 0.1988605774160032 -3.803856125322615e-15 6.38702515044062e-15 6.957461193410958e-15 4.619887352844538e-15 -3.986672088398672e-15 -3.811512737374538e-16 -2.044934046316328e-15 -2.001141765316963e-14 -3.927413949613078e-14 -1.469220795372982e-13 8.990030941906931e-14 -1.58206781009171e-15 -1.716519725061846e-14 1.342589237017563e-14 2.514932709381391e-13 -2.861973501187524e-15 -2.324099858751219e-15 4.484146974297463e-12 5.005413722705177e-16 -1.780329109213019e-15 7.527922216461579e-12 -2.648671039136942e-15 -2.448463450714973e-15 7.448906343374716e-12 6.008349797936706e-15 4.91261803465733e-15 2.832066178794054e-14 4.175483286154523e-15 2.571275581649862e-16 1.505279191225428e-13 -1.138759225805506e-14 -8.909539772621338e-15 9.262187371243856e-14 -8.706013340802418e-14 7.39274095196555e-15 4.551914409712227e-15 6.01435574267168e-13 2.7029160212015e-15 2.126771014584874e-15 -1.966473033110017e-15 -1.396483767476824e-16 9.988893687984871e-12 3.121488172799514e-16 5.745570352945954e-16 1.37472498662519e-14 -2.371090520107272e-14 2.322339369421424e-14 -1.941502514314116e-14 1.414024604872382e-14 -1.214219697010377e-14 -7.435539814071191e-15 2.977501058229121e-14 -2.712023314256599e-15 -1.038232000376267e-15 1.500882751422965e-14 2.506176689797195e-14 -1.379191899577733e-14 6.420428425066126e-15 -6.478972880751255e-16 -1.306479187343947e-16 -9.216021393325935e-18 1.145950063501246e-11 2.77456455829659e-16 3.207167965196745e-16 3.907659319258204e-16 1.657457808155212e-14 9.000179074240227e-15 2.954450920024257e-16 -8.181552223904935e-15 2.264508025541252e-14 -6.371674055616143e-15 2.265028442583976e-14 3.544690582725543e-15 6.982533041352323e-15 -2.032970664825022e-17 1.639890364309843e-16 -8.104527293961379e-17 -4.008009416400058e-16 -3.000618953306264e-11 -2.967550609728309e-16 6.798177510330174e-17 -4.695236510838861e-16 -3.550394807348476e-11 0.08386193973855517 0.1971518428804196 0.3438624984257767 0.4656579900946285 0.4507689544731688 0.313753515697905 -1.354445801088562e-16 -1.444163944006381e-16 -0.002239487252855053 -1.349349334379965e-15 -1.483211384712325e-15 -0.01502340169922963 3.226105397637173e-15 2.781280116155754e-15 -0.06048380195346707 1.121200571622093e-14 7.375285278336304e-15 -0.1502549129224544 3.214876281855728e-15 1.44719305983465e-14 -0.3158886526616518 -6.923064552305848e-15 9.030970416087615e-15 -0.59891159526154 -2.16190065270524e-15 -3.325467242716942e-15 -0.5183138201159291 -5.026268945053713e-15 2.934875988613172e-15 0.03000929123474991 2.622741396169463e-15 -2.138249972049721e-17 -8.646620745794075e-15 1.669671345628457e-16 0.1490023875990181 1.915107612425069e-15 5.890253562682703e-15 7.94199775389389e-15 2.203966176229389e-15 0.3577204472160818 1.155260782870744e-14 -7.586813122187914e-15 -5.696399365140969e-16 -2.19442575969851e-15 0.4071410127681378 2.169976994440999e-15 -1.480587582243216e-15 2.503659985495439e-16 -1.153389339012653e-15 6.883531830477714e-16 -0.008119873848858922 -1.183456010937648e-15 7.707068083776336e-17 1.005221008835707e-15 3.684552662976531e-15 -6.863541852922877e-16 1.392982951210011e-15 -0.05540229105976815 -4.021170332479057e-15 9.855397747898534e-16 1.802919792627112e-15 -9.957316280481939e-16 5.284943767133093e-16 -2.60598918725117e-15 -0.2603229966422362 -9.17994277269749e-15 -1.568623982669753e-15 -8.14019279549861e-16 -2.364608939291552e-17 1.627594983973879e-16 -5.63424558354992e-16 -9.444368657500259e-16 0.001330960935197568 -1.177791041352145e-18 -4.847611908784037e-17 1.040260617811694e-16 1.444614691543629e-17 2.747368924258665e-16 2.866630784271154e-16 -1.12594402631488e-15 -9.389192862217075e-17 0.1441438601958722 3.825608200269377e-16 -7.984066416424523e-16 -2.198762190053664e-16 -4.827632793281913e-12 
0.2796922733346072 0.5724775691493997 0.8636052734497933 1 0.8889253332865649 0.6303331167277482 0.3660417889340034 -2.560929138747315e-15 1.913154468263028e-15 2.090633269474516e-15 2.816326511155914e-15 -1.438679704918212e-15 -2.258366022091372e-15 -1.585942140096443e-14 2.446312468846156e-15 -1.33226763064642e-14 -3.629388459425914e-14 1.626129787718888e-14 1.287164820234093e-13 6.305719853443463e-15 -2.137179328594859e-15 8.014872392565563e-10 -9.259102822382326e-15 -2.293308464859853e-15 1.726625244137582e-08 1.225629736120292e-15 1.4051805891825e-16 3.332088992458326e-08 6.280001912232891e-16 -2.966520240308922e-16 3.442910045963924e-08 -2.590810774953272e-15 -3.674019176023601e-16 1.604185535729569e-14 -3.82237241262235e-15 -6.093835607225194e-17 4.069531173730126e-14 1.10102899110851e-14 9.521550222777051e-14 -3.55835153302558e-15 -4.149545294125175e-14 2.356621849999677e-15 1.144917497286913e-16 1.829884875280928e-09 1.955033362791406e-15 4.836409130129823e-15 -1.0738241680509e-15 -9.922841188244589e-16 4.112707435700634e-08 -3.608305886634394e-16 2.732371636409059e-16 8.744415788941976e-14 -3.093055328298615e-14 9.00750828833428e-14 -1.589006705302313e-14 3.591126964726358e-14 -3.332750744788716e-14 1.43071860899991e-14 -1.145611384484607e-14 -2.166669623278047e-15 -6.588479767204786e-15 4.646526223188595e-11 2.337539885810581e-16 -6.245004518663314e-17 6.017322062282225e-15 -1.242991300577662e-15 1.000080002819222e-15 1.039133518897386e-15 4.235993139052204e-08 -9.059891155995973e-16 1.254243375656134e-15 -8.517916658529361e-16 5.415741644325209e-14 1.628037983543821e-15 3.796225489864483e-15 -1.102156561368773e-14 3.124236982805246e-14 -1.184287586507527e-14 4.883420061240853e-14 1.8425799096118e-14 2.734368723279988e-14 6.505506132790379e-19 1.192647538660753e-16 -1.292387497303961e-16 5.061207985971688e-16 -9.622348189148189e-08 -2.237860600481045e-16 -7.147302421842495e-16 -3.695038919778041e-16 -1.136430405964781e-07 0.132859971554404 0.2826774714220152 0.4612226522128209 0.6379169504086873 0.687246551044168 0.5399343280170608 -3.504970716085746e-16 -3.219011076037004e-16 -0.001593004361237624 -2.829824805329738e-15 -3.342237767197527e-15 -0.010623506458117 5.067017586731047e-15 4.495247900490807e-15 -0.04231531849299717 2.067462413908476e-14 2.10892501552394e-14 -0.1046801790780108 -5.844283395375474e-15 2.065014827502543e-14 -0.2253996755486808 4.236194731890863e-15 -9.062195446108726e-15 -0.5090625100157578 -8.274636807931869e-16 3.882313873407069e-15 -0.6104480712341861 -6.110876851347175e-15 3.617125455217834e-15 0.009075310822233243 2.008838585954352e-15 -1.237345730367268e-17 -1.576213119656647e-14 1.066247785386555e-14 0.04970073593626381 2.842235997509747e-15 3.404394824406349e-15 3.351138813649363e-14 -4.686355474207353e-14 0.1455329590829982 1.428501415555508e-14 1.552924456972291e-14 -1.521352797057409e-15 -4.950902073778912e-15 0.3277743389066998 -2.440214457221048e-15 2.775559617501381e-17 2.749177569715897e-15 -1.332298759107338e-15 2.141028241877533e-16 -0.00104438057357204 -2.529642723232894e-16 2.639862885585282e-17 2.224313603517824e-15 9.632919470026281e-15 -4.102783654387293e-15 -1.471912870577534e-15 -0.008267389430545715 2.511337494194743e-15 1.361324248893122e-15 -5.99043384834682e-15 1.343543809333759e-15 -7.438711501922533e-16 1.266348549347923e-15 -0.1337012562444115 1.097212955428168e-15 3.157197291464634e-16 -3.145054778982741e-15 -2.288894783601279e-17 5.48018458863333e-16 -2.689541367982431e-16 -1.186598715906713e-15 7.121406913554467e-05 -2.148732271238128e-16 9.081887267930392e-18 1.001453936505734e-15 -8.404260909577325e-17 -1.76941834572915e-16 -1.272419777302384e-15 3.73832932684312e-15 -2.527492658014067e-15 0.04466396580193775 -2.331252021817872e-15 -1.276756738146933e-15 3.850761181871903e-15 -1.658166055360152e-08 
0.1612228649609347 0.3565143423436001 0.6139599032066662 0.8889253332865649 1 0.8773521273978698 0.5899786062051324 6.345626106299223e-16 3.305014007556003e-16 5.378254908398845e-16 4.394106937037429e-16 7.333439789534655e-17 -6.135908959500306e-16 -1.835066394161521e-14 7.084477794161898e-15 -1.705580758011017e-14 -2.368960946806217e-14 -4.756613546040253e-15 1.99386415171482e-12 -6.290109684067944e-15 -1.387779301504229e-17 1.354267982812669e-08 3.112100542942023e-15 4.940502980099724e-15 4.652144661587741e-07 -1.609886508979956e-15 -3.067111366246295e-15 1.734236656532737e-06 6.363275025015162e-15 3.899847943357186e-15 2.154873867842773e-06 5.477164416002516e-16 1.598043977175175e-15 6.992889781465968e-15 6.710824457266813e-16 -2.592658175306584e-16 5.792894369186343e-15 7.599826384099601e-15 8.215931003724812e-13 -3.624706055598301e-15 -1.027303625807811e-14 -4.487731318254104e-15 6.973590988995164e-15 3.027335774654914e-08 4.302115834006889e-15 7.504416673889355e-15 3.082691853131474e-15 -3.275232716543902e-15 1.927892355027796e-06 3.098286881222143e-15 2.56756287462052e-16 5.54910057770924e-14 -1.554204394203109e-14 2.921058583091724e-14 -9.540982678052299e-15 2.259868483502623e-14 -1.855460922262473e-14 -5.890635231506264e-15 -4.50507854819081e-15 6.395927842541933e-15 -3.368834247426047e-15 6.740425665381891e-10 2.149323188754345e-15 3.139850663144837e-15 -4.179817775073664e-15 -9.758309377486503e-16 1.852707442643577e-15 2.04704175097393e-15 1.768001583851585e-06 -1.157099023643736e-15 3.677727450065208e-15 -2.119938499429056e-15 3.088429645417443e-14 1.614594477744853e-15 2.604254590077395e-15 -8.332638905928279e-15 1.139713748996485e-14 -9.306344299712566e-15 3.404135883322957e-14 1.046504853447274e-14 2.105347932221309e-14 -2.421350284149364e-15 -1.536130601732046e-15 3.845938454110315e-15 2.047036040118339e-16 -3.885909872922899e-06 2.983815244918243e-16 1.587326250218197e-15 3.31512770176165e-15 -4.472804279834283e-06 0.1172738649042849 0.2542344436590963 0.4326533387498379 0.6553518045581918 0.8227333742512423 0.7747833650218857 -2.272228014276779e-16 -1.243857134381031e-16 -0.000625281681402594 -2.629090938026811e-15 -4.282331092651076e-15 -0.004202208784948887 6.090163657564599e-15 4.079688278924743e-15 -0.01709117304109971 2.418590319770326e-14 1.54806780761714e-14 -0.04383035641155055 -5.01638848350182e-15 1.40304487091101e-14 -0.1011110758980496 -1.509209987280352e-15 -3.58047059051333e-15 -0.2835924206289679 -9.069144096121512e-15 -7.813202947385565e-15 -0.4933016417605879 -9.119580241416676e-15 2.52287163413745e-15 0.001681820785477941 2.242762604398383e-15 1.914972801717034e-17 -1.768941556614191e-14 1.707922635577556e-14 0.01020056335082325 5.331484857457315e-15 -1.920339604473698e-15 9.513227092079188e-15 -1.75120400245331e-14 0.03575690031307113 3.802364506313857e-15 -3.268220248263705e-15 -1.006140194784092e-15 -7.887792610764659e-15 0.1558658548375872 5.808725215998558e-15 1.118897887396839e-14 1.889412725963084e-15 -2.432042775003407e-15 1.415765277645914e-16 -8.771948532732482e-05 -6.087750883314166e-16 1.084710797009491e-17 2.382248865827454e-15 9.998949846599181e-15 -2.483921656557075e-15 4.080938500021485e-15 -0.0007757408355318302 6.988986652188847e-15 -6.691698305561816e-16 -8.049553613061092e-15 -6.113169976645658e-15 -1.677478315246803e-15 -8.243411708256001e-15 -0.03528464528460662 3.608227347048087e-15 -6.16781271938792e-15 -6.349092541011169e-16 6.103679343830516e-17 8.58976432334409e-16 -5.851454013845453e-16 -1.711606467943948e-15 2.684148828703534e-06 5.447217976843935e-19 -1.212214714136695e-16 8.065268091800655e-16 3.548899966665911e-17 -2.999772366249558e-15 -1.660131125096922e-15 -5.724589963686184e-16 3.481158393898817e-15 0.006276051752045612 3.096483235634414e-16 9.887929506827858e-16 -3.995069990698225e-15 -3.009336740086879e-07 
0.08751438138399024 0.2013375455703916 0.3734095928187908 0.6303331167277482 0.8773521273978698 0.9999999999999997 0.8550407959371121 1.753438560239651e-16 -8.732882669032406e-16 6.296036979809669e-16 5.99432730025264e-16 6.198796373710348e-16 -1.98798671934535e-16 -1.035211540532069e-14 6.338002803617552e-15 -9.071025442945104e-15 -9.4229635356491e-15 -6.519203215641968e-15 4.823211161626186e-12 -1.197847213873654e-14 -1.119956786787585e-14 3.714945153654137e-08 7.272098956099819e-15 2.935207880181518e-15 2.774571833828393e-06 4.441141141041051e-15 -7.48054710944102e-15 1.324769273836339e-05 -7.785948751010084e-15 -5.107360321518228e-15 1.460566750837719e-05 1.911478189121435e-15 1.544148387933119e-15 3.421909471275554e-15 6.870518705231112e-16 2.033757992551025e-16 -2.344085509615924e-16 -1.281982750494712e-15 1.963921244609087e-12 -5.416767440351485e-16 -7.553549920625024e-15 1.984557875867745e-15 -1.623729170187887e-15 8.192656212041106e-08 9.437058425023444e-16 -2.442532802077289e-15 9.350584891774164e-16 1.596008964193439e-15 1.487902276138299e-05 1.026997072611429e-15 1.485047900326017e-15 5.335852037213612e-14 -1.032536056138832e-14 9.667780606910068e-15 -5.270180779435549e-15 2.427657253871248e-14 -6.043013411837291e-15 -5.850347364169208e-15 8.129921732380469e-15 2.931733218316832e-15 5.575497374972321e-15 1.667162596943126e-09 -3.68288143343697e-15 -2.425185230302916e-15 -1.30973880464047e-16 1.405220252412006e-15 6.324986212436555e-15 -3.521665124569905e-15 1.339170195442521e-05 -3.140006835207643e-16 1.058231879793998e-15 -2.482555779261197e-15 4.333340767372315e-14 2.715973266228878e-15 -5.730107270267489e-15 -7.02488382696631e-15 6.592062857753806e-15 -6.74874463137692e-15 1.804837420317591e-14 1.235816626073066e-14 4.929193317467459e-15 -1.970768632817622e-15 1.292418522494226e-15 2.137246773412061e-15 2.90753412929027e-15 -2.914903454217168e-05 2.498120015619314e-16 -8.639364001282607e-16 4.84179878695488e-15 -3.336518852438245e-05 0.07829145122960671 0.1739686742658442 0.3106680568126137 0.5177648634348455 0.7694238808048468 0.9232573021551936 -2.127251132478025e-16 -8.107298849696481e-17 -0.0001765167404848032 -1.94120270199656e-15 -9.009868370500032e-16 -0.001192836768193773 4.745630278063944e-15 3.143423953971234e-15 -0.004924550372917797 1.266470260472126e-14 1.053732574045026e-14 -0.01296107885797165 -1.857617292014331e-14 5.197321137324788e-15 -0.03144755100023968 -3.202354746213935e-15 1.422497774591216e-15 -0.1044123924697099 -6.987591544572601e-15 7.369237557434143e-15 -0.2566387149457695 -5.660739158159061e-15 2.629970834321886e-15 0.0002099574764208044 2.260668690356744e-15 -1.233978871707352e-17 -1.138431908000328e-14 1.362843942588671e-14 0.001357602680987949 5.725834762422795e-15 -1.955934440031071e-15 1.994966391162114e-16 -2.215713759227663e-14 0.005360743992199543 -4.571183587923513e-15 2.449471777670485e-15 -2.72703287001886e-15 -3.521550271570197e-16 0.03964336640523754 2.477228466897655e-15 -1.575157237795406e-15 6.778786019806872e-16 -1.778749668682951e-15 4.600179719675367e-16 -4.711405632109704e-06 -1.215212109700144e-15 -2.717328542310232e-17 1.628125343855298e-15 4.584519504560176e-15 -1.899788740187224e-15 4.23279825603121e-16 -4.444210773665068e-05 6.137123782899425e-15 -2.199016757910657e-15 -6.428996039693823e-15 5.516517714685089e-16 3.230110969813156e-15 -3.684617382211804e-15 -0.004223935741738093 -1.706997883284567e-15 -5.398553491805091e-15 2.393960517693556e-15 -1.664744903562532e-17 5.399167909869974e-16 -2.212676670235182e-16 -1.210574736123156e-15 6.172143890334493e-08 -6.774090464654135e-16 1.596430518606498e-17 2.855373999249967e-16 5.32360915073974e-17 5.607591576341868e-16 7.089937672975488e-15 -2.57090467478681e-15 1.515307411193885e-15 0.0003442369116085062 -1.885677339402113e-15 5.939796789410785e-15 2.053080801557736e-15 -9.509124654372182e-07 
0.04407324463318133 0.1033252635767829 0.1988605774160032 0.3660417889340034 0.5899786062051324 0.8550407959371121 1 6.865638752942843e-17 -1.712439959670062e-16 2.520880371337352e-16 3.537286045164744e-16 -1.087985094618612e-16 -5.76762669471722e-16 -4.445907145322651e-15 3.292874786197143e-15 -4.175535667776159e-15 -2.296479564270561e-15 -3.878026583014017e-15 4.804277316064661e-12 -7.705745523362319e-15 -4.01246947220553e-15 4.03071514445651e-08 1.339226920224891e-15 2.636819842929843e-16 4.812574389649827e-06 -6.078789041855825e-15 3.469628448547845e-16 1.364459336041761e-05 2.234461724863638e-15 3.608447505990986e-15 8.300257592554612e-06 -4.097668303328784e-16 1.17384519198342e-16 2.338709807898006e-15 -1.200086911647191e-16 1.051623374499279e-16 8.976230731596575e-16 -7.572169999935217e-16 1.945664310929583e-12 -1.539587829311002e-17 -6.236414925491074e-16 -3.608273456953947e-16 2.33149977078329e-15 8.845485039323522e-08 -1.375654254636246e-15 5.186893161855273e-15 -1.658464840170345e-15 3.497328210188576e-15 1.663012008930302e-05 -3.379362774527451e-15 -3.804553480723484e-15 2.434749730376919e-14 -3.171659350058583e-15 4.504920725906167e-15 -1.183097351650798e-15 1.201550721266784e-14 -3.539967790633637e-15 -4.951753566860023e-15 8.93394627718169e-16 9.471717800606581e-16 -2.759982238245005e-15 1.677991175411199e-09 -2.107717422669851e-16 -1.523107734238593e-15 3.963896552108969e-16 -5.988644495593291e-15 5.922496324884904e-15 -1.262937219024078e-15 1.526745149489743e-05 -1.805930831049537e-15 -8.396431159906771e-16 -2.213647270097624e-15 2.220711785057352e-14 2.481446947143543e-15 -3.15452872491561e-15 -2.501504957595897e-15 2.599518154617019e-15 -1.851201473239299e-15 9.542625578097066e-15 4.996775668699785e-15 2.49513518400618e-15 -2.05381595751496e-15 -3.729784372888027e-15 1.077293220351379e-15 2.040123662236803e-15 -3.419553378751973e-05 -1.883991749310509e-15 3.322152560340057e-15 1.557835519466721e-15 -3.8634693147495e-05 0.04339851512770451 0.09791195515129807 0.1802845103283044 0.3206004490701061 0.5431622355129413 0.8290991104414421 -1.1087522915919e-16 -7.741343466046886e-17 -3.8301770088733e-05 -4.764345251255435e-16 -1.033781021043829e-15 -0.0002595839987707573 2.812516141223089e-15 2.013219459736707e-15 -0.001080220006297419 8.694686738936195e-15 4.718294588447748e-15 -0.002883008021826149 -9.102867251640935e-15 1.571680646035016e-15 -0.007191842052765323 -5.349959285265446e-15 -2.164964068745515e-15 -0.02636366225042428 7.632891508966513e-17 3.136424510957182e-15 -0.08230723382907065 -2.318934710262062e-15 1.582593118528539e-15 1.82678914225954e-05 1.162238248994723e-15 4.017361992108326e-17 -5.664382151727614e-15 6.816362481757271e-15 0.0001220887516626395 4.377360927509208e-15 -8.296426809781107e-16 5.42975764027385e-16 -1.048871314137566e-14 0.0005139007968347156 -2.090912062553706e-15 9.957446918585812e-16 -1.193506073886131e-15 1.377389351965238e-15 0.005277570779955644 4.909334843906323e-16 -5.91549113516421e-16 5.414849659532736e-16 -9.523586562010206e-16 -9.466228953151151e-17 -1.6203265307418e-07 -1.07281132889326e-16 -1.218007437916989e-17 1.053746901475616e-15 3.813840949566533e-15 -9.428349129358317e-16 3.061828190122685e-15 -1.578677352906532e-06 5.252433985708223e-15 -1.247716671810721e-15 -4.463069958152277e-15 -1.672296555907993e-15 4.313448268712341e-15 -3.538884721976955e-15 -0.0002307540512995773 -9.020686546215782e-17 -2.279457766987467e-15 -1.259426659324914e-15 -1.67822781498565e-17 3.380725568506141e-16 -2.237688968114777e-16 -4.764809817735748e-16 8.371273787529087e-10 -3.988191107847991e-16 -5.228804836230729e-18 1.760548615247539e-16 -1.488934576564849e-17 -1.10394977542186e-15 2.080829020857966e-15 -2.931722359133386e-15 1.752094700690626e-16 6.00350951165776e-06 1.543925033281832e-16 -1.160545877825113e-15 -1.795463140131713e-15 -1.18232057792049e-06 
-3.082161890762034e-14 2.526852856241945e-15 -3.803856125322615e-15 -2.560929138747315e-15 6.345626106299223e-16 1.753438560239651e-16 6.865638752942843e-17 0.9999999999999998 2.85695942236997e-14 2.539093464231892e-14 0.6145820974174357 3.473414023918662e-14 2.96155156642038e-14 0.2307306049788844 1.333788454461545e-14 1.046057956139236e-14 0.08271995041915473 3.851574586785995e-15 3.435457374680578e-15 0.02861297802708174 1.483073847471174e-15 1.256729291580833e-15 0.009536169185212504 3.339783753882144e-16 3.911454246229528e-16 0.003953035865593384 1.680721332780523e-16 1.782788569561651e-16 0.002906166673014563 1.641950163918165e-16 1.206464551972098e-16 2.02198971252533e-15 1.536924414104692e-16 -2.19525390159974e-15 9.952037896698262e-15 4.177684494110991e-15 3.471281396416883e-16 -7.392819202689071e-17 -3.758467350910439e-17 4.997274395542711e-16 1.818972418719226e-16 1.379676859095322e-17 -1.728709625763687e-17 -6.814915077407071e-18 1.510211114981465e-16 3.758320647616628e-17 8.623527577793768e-18 3.075553217475715e-18 -2.033166583833006e-18 9.445159374723559e-18 2.534365191009679e-18 5.120403054438166e-16 8.641311948232482e-16 3.800554462168271e-17 -4.477484130898716e-16 -1.21676801718499e-12 -3.499347375997854e-17 1.570498948476052e-12 1.050594816727685e-16 1.731339660631295e-16 1.258523941975521e-17 -5.843828805281906e-17 -1.523309003801421e-13 -2.174667196605493e-17 1.966078035324807e-13 1.290819753997676e-18 2.676427832904291e-18 1.06684870372705e-19 -1.582798134852233e-18 -3.054606690890678e-15 -1.131237167933272e-19 3.942451854784002e-15 -2.10245504286791e-17 2.865343195448923e-17 6.301890170556868e-18 -1.427335288869788e-17 2.456460189833992e-17 -4.941929221594703e-17 -4.635593608038579e-19 -4.153873583975942e-17 1.858238280254917e-18 -4.236417554124131e-22 1.666928231835236e-20 8.093758390679026e-21 -1.075036270204272e-20 3.230361072657145e-20 -5.084335993303116e-20 -1.206071580512801e-20 -2.342400149937549e-20 -1.203066276766356e-20 -5.042637074895293e-19 -3.334607430704665e-16 -3.001816955368492e-16 -1.088027014126618e-15 -1.223149437482733e-15 -4.990229968833764e-16 7.714089002915504e-23 -3.716406962781868e-29 2.76582683432787e-29 6.089586563500547e-14 -2.17440886921124e-26 1.379237563069611e-26 2.95486463737367e-07 1.054562722835139e-20 -7.043728077823325e-20 0.0001705422095769546 1.24526564634491e-17 -1.666261080670741e-17 0.003341102530920824 2.09105228302893e-16 2.128308337783355e-16 0.01148158733281532 7.299314899011549e-16 1.589253611316645e-15 0.007433045778300392 3.703360964822243e-16 -1.6868193332227e-16 8.413994443511037e-21 -8.673672109347485e-20 5.417883512556684e-20 -1.970662748711974e-06 1.458398752959295e-21 -8.413624204102965e-18 -2.227155212555151e-16 -8.445959246839214e-16 -0.003529945919214748 2.457672228536137e-18 -1.486045587254164e-17 -1.697753420908474e-15 -5.341775974669304e-16 -0.02283569699395647 2.048804012490685e-17 9.497223383618062e-18 -7.458867303488507e-16 6.949035481550258e-16 -0.01418309573966206 1.234904066507443e-17 2.489604696259234e-22 -2.777756848060909e-20 1.498349030179528e-20 2.537090436554898e-19 1.329701807652466e-06 4.646052275882648e-23 1.23447974033388e-20 1.632145986207372e-18 -1.373890061844643e-18 2.08416512617321e-16 1.17646234847801e-15 0.003722591653193216 -6.352758874862894e-18 1.762486552858954e-15 5.002268475315668e-18 -2.703853091854901e-17 9.108514852061744e-16 5.78905311714652e-15 0.01965519892478369 -1.421715475495489e-17 1.32897393724781e-14 4.408709548073126e-24 -3.68087589402585e-23 7.739583646624533e-21 1.773367788263537e-21 -2.829204796653452e-20 -2.546385658861737e-07 -4.867026618111263e-22 -6.233332979700863e-22 -1.826012286505378e-24 3.17240744730073e-19 -8.599333644810532e-18 1.053581223588942e-16 -6.075514745645291e-16 -5.583351105123974e-15 -0.02338201730931428 2.78107031360343e-17 -3.312499473754858e-14 -4.898225234389591e-20 
1.880202908256923e-14 1.051581289348149e-14 6.38702515044062e-15 1.913154468263028e-15 3.305014007556003e-16 -8.732882669032406e-16 -1.712439959670062e-16 2.85695942236997e-14 0.9999999999999999 2.900080083070453e-14 3.490589227090551e-14 0.614582097417701 2.773720307509959e-14 1.341372618419579e-14 0.2307306049788752 1.431203177659039e-14 3.849666644983013e-15 0.08271995041914024 6.449620870434889e-15 1.483067071207218e-15 0.02861297802707958 1.513182928222063e-15 3.307091399544522e-16 0.009536169185216546 4.536018915886938e-16 1.686093583441921e-16 0.003953035865593434 1.849949457275843e-16 1.64734152424124e-16 0.002906166673014341 2.18109811667125e-16 5.930662460194507e-15 6.409512164379225e-15 -1.557415836452184e-15 1.817258451448043e-16 -4.768725836758236e-15 8.069904290484673e-17 3.537506214364493e-16 -6.262964777708619e-17 -8.115761857004179e-17 -3.026027531803354e-16 5.631872081989884e-17 4.6533451303469e-17 -1.630879179183653e-17 -1.84354612317966e-17 -5.510603659777585e-17 -3.753372644131788e-18 1.834894661413544e-17 -2.12726808899856e-18 3.030262405084317e-18 -4.026375291837345e-18 -1.570848640785557e-12 6.04582499904602e-16 -1.21673859334079e-12 -5.16551208514109e-16 3.845193100474889e-17 -1.915861561797297e-17 -3.043232532631434e-16 -1.966874800592051e-13 9.604803500665446e-17 -1.523379791323142e-13 -6.478680027382678e-17 1.26898479936493e-17 8.103458747481395e-18 -8.066437588579283e-17 -3.943333739367935e-15 2.285530685348367e-18 -3.054227376956755e-15 -1.087826286319027e-18 9.464072421731108e-20 4.939577385747931e-20 -1.232099412086757e-18 1.83944181789031e-17 7.230983435160887e-18 -1.669793019099186e-17 -4.297675892279826e-17 1.7518360937038e-17 -1.309428297107053e-17 3.863743023212548e-18 -7.696141724265165e-17 -1.587586175411286e-20 -5.375266694497149e-21 4.004064475892225e-20 1.860785472146602e-20 -3.1053292992826e-20 6.312384990289462e-21 -1.022425998298669e-20 5.734224341046732e-21 3.183058629989958e-21 9.051214588603981e-21 9.021984767717005e-19 3.1361571623437e-16 9.112254030120964e-17 1.626948783177221e-15 1.415006025292804e-15 8.461750409670414e-16 -3.716406963191061e-29 7.714081304574911e-23 5.878014558879811e-29 -2.172770806805231e-26 6.089586563498383e-14 -2.467811821792426e-26 1.053265402359324e-20 2.954864637373808e-07 -1.940750701494213e-19 1.24611316771671e-17 0.0001705422095770348 -4.66418288151463e-17 2.088002790568244e-16 0.003341102530921304 7.513374757950868e-16 7.296191464871985e-16 0.01148158733281533 -1.699988441577958e-15 3.712548632215477e-16 0.007433045778300437 -2.643753960644626e-16 5.914286999543769e-21 -1.970662748712004e-06 7.93057368151354e-19 -8.741538306086895e-20 -4.996532232192205e-21 1.614065208832382e-18 -0.003529945919214502 8.541256076962988e-16 -2.220615803568249e-16 -2.556472107976782e-18 9.249718435861276e-18 -0.02283569699395313 1.04581426811904e-15 -1.699030640774105e-15 -1.935160387601165e-17 1.425229039545876e-17 -0.01418309573966173 6.12704562367967e-16 -7.44734871070474e-16 -8.764700909676228e-18 -1.299232840986135e-20 -7.427888172734579e-21 1.32970180765249e-06 3.828466498322627e-20 1.496166374891636e-20 7.278412267030457e-21 -1.605055953538054e-22 -1.764095680853611e-15 2.840799266696473e-18 0.003722591653193333 3.489542897970814e-15 2.083334269733863e-16 6.765771224672217e-18 -1.764134281132498e-18 -1.329616893014651e-14 -1.944608822904467e-17 0.01965519892479382 6.966391976410404e-15 9.027002723707668e-16 3.481985280702688e-17 -5.090026596761744e-18 -8.411509769956819e-24 7.793839413417298e-22 9.774670491397991e-22 -2.546385658861456e-07 -3.907103797799168e-20 1.791003334441961e-21 -1.115216730043846e-21 1.008340474145972e-22 -2.327163670718621e-24 2.65485270995539e-19 3.313709651693585e-14 -6.666512988560871e-17 -0.02338201730931523 -8.249862639098285e-15 -6.204634364757228e-16 -2.946381201053976e-17 6.710049595306156e-18 -7.858915977500405e-20 
2.483477942903496e-14 8.995585189513405e-15 6.957461193410958e-15 2.090633269474516e-15 5.378254908398845e-16 6.296036979809669e-16 2.520880371337352e-16 2.539093464231892e-14 2.900080083070453e-14 1 2.963478735872145e-14 2.760622467027047e-14 0.6145820974176962 1.031318904540775e-14 1.411735649114648e-14 0.2307306049788949 3.414664408920626e-15 6.452551604572317e-15 0.08271995041914529 1.273256600437885e-15 1.522143691634175e-15 0.02861297800013654 3.929943499890591e-16 4.537813555375101e-16 0.009536162538599707 1.786485243900324e-16 1.825681100051802e-16 0.003952985918435455 1.201046947963463e-16 2.168623402314809e-16 0.002906134881182945 1.331434211482895e-16 2.563596156848094e-15 1.538916636143333e-15 4.172730795140147e-16 5.248712529847759e-16 -7.511827337343803e-17 -6.922969903190945e-17 3.190265087151246e-16 5.220870936932315e-17 -1.832650817874142e-17 -1.460369575867176e-17 3.632670445124887e-17 5.44947167663503e-17 -1.335363017536092e-17 2.301076341980991e-19 3.053150478264215e-18 1.088885375219327e-17 5.553199239865369e-18 1.139782359832137e-18 -4.285521894710726e-19 5.945017488255543e-17 7.228359268063007e-16 7.003336501471596e-16 1.987373602835427e-12 1.688983777463722e-16 -7.669372727425891e-18 -8.006738127680955e-17 7.759642738723224e-18 1.05429347297005e-16 9.909862437002741e-17 2.488209276363595e-13 5.511220134384587e-17 1.574708311566095e-18 -5.980926384248841e-18 1.206147388795387e-19 2.023003474145018e-18 8.174666437423685e-19 4.990225520679241e-15 1.175349843422911e-18 3.636148224761405e-20 -2.660618502180766e-19 1.68521183621842e-18 1.402644386467578e-17 9.904017910165572e-17 -3.028312544793275e-17 2.637322054052669e-17 4.830429973478962e-17 -6.585300976219697e-18 -2.955776228175967e-17 -3.869789271748288e-18 -3.609112888221765e-21 -2.929434793424635e-20 -1.976990040069001e-20 -2.67419579604662e-20 2.508769405386847e-20 2.256503826526266e-20 1.992125171856639e-21 -2.624144707785784e-20 -2.36272035581968e-20 3.827848269292379e-05 0.003983218140160239 0.01361820560866145 0.01076009620542548 0.004148186955390975 0.001021911340889571 -3.705641789064758e-28 -7.695375007004653e-28 -7.664550680323535e-21 -1.848591307245677e-25 -2.30834483972617e-25 -3.636619032672219e-12 5.965145608925357e-20 1.212675978124309e-19 -8.311562620913e-06 2.188553915981934e-17 4.452003691122438e-17 -0.002413795728251967 3.482448438393791e-16 4.076684202095667e-16 -0.02229497479385648 6.940696885561609e-16 8.10098749030216e-16 -0.01913935870383778 3.649021438041127e-16 3.810122227823026e-16 0.0005561439711905761 8.092444232303737e-21 -5.436451326772439e-19 3.08678034420686e-05 -3.685854429668541e-19 2.817318564723255e-21 -1.014319703262566e-18 -1.031334135808672e-15 0.01944322782578007 -4.206815288042879e-16 2.808650309521246e-19 -1.560954099686255e-17 -1.801901320145388e-15 0.04248670416870317 -1.645221744379732e-15 -1.831218649366735e-18 -6.99400587835716e-18 -7.931788330126265e-16 -0.006300790020463746 -6.399273457805976e-16 -9.150299328700674e-19 5.361421270987622e-22 -1.682821581140218e-20 5.863707319971944e-19 -1.638176128877055e-05 1.611854755211859e-19 5.67169449652125e-22 7.477358103852701e-23 6.342782236034276e-19 1.046528584459103e-17 8.100991089217228e-16 -0.01740626050008026 5.451215609393e-16 -8.340280872441932e-19 -3.879592003502533e-19 1.058448426383677e-18 -7.892124259566241e-18 8.170118616578016e-16 0.01176019174681955 6.553344688976632e-16 -1.214070486496022e-18 -9.450818741017835e-19 3.073986399300034e-24 -4.274134105386235e-22 2.517312621571349e-21 -6.229202948814075e-20 2.85697805815989e-06 -1.431366521021195e-20 -1.036880719033436e-21 -1.809791861751683e-22 5.798561824292628e-24 9.676929892662643e-21 -1.897274754882113e-18 5.071144471241021e-17 -7.439780334147579e-16 -0.01599497482082987 -6.96324624586558e-16 1.636367421978945e-18 1.687449845060155e-18 1.257123586856071e-17 
1.801020213292546e-15 1.103852780967741e-15 4.619887352844538e-15 2.816326511155914e-15 4.394106937037429e-16 5.99432730025264e-16 3.537286045164744e-16 0.6145820974174357 3.490589227090551e-14 2.963478735872145e-14 1 9.407443751999641e-15 6.778121775782828e-15 0.6956074188625074 -2.36285051764635e-16 5.419843194940844e-15 0.32783935043447 -1.331060142570243e-15 -4.338416799881852e-16 0.1282630726909283 -8.198899518682678e-17 3.301777528247364e-17 0.04512212363974425 -2.209217891652156e-16 1.398478816686783e-16 0.01907191210197226 -2.396124234317651e-16 -1.420823579841431e-16 0.01407950613856155 -1.953891019912042e-17 3.459594688375833e-17 -2.382480769467584e-15 -3.28605763900367e-16 -4.437659371475668e-15 -5.668420292475409e-15 1.833415797219077e-15 7.746084243191237e-16 -1.407687732894158e-16 -7.415173919426822e-16 3.447559620597643e-16 7.050026228218016e-16 3.743903854964315e-16 -1.64491941652449e-16 -2.879132757405444e-16 1.017337393584464e-16 1.514616604248818e-16 -5.605769132332893e-18 -3.839993724610684e-18 -6.016166304792766e-17 -2.79908325021014e-18 2.413411590192535e-18 4.185387468794066e-16 1.098245044037163e-16 -4.632821372602259e-18 -2.050811235499175e-16 2.720900219542993e-15 9.754339157890759e-16 -1.341873533661022e-15 -2.294872701296361e-16 1.919285776145007e-16 1.092716358044345e-17 1.167076022616839e-16 9.193932778758855e-16 1.23309249692221e-16 -1.415187898423872e-16 5.479792757282976e-18 2.080006368654843e-19 2.035188152198679e-18 -6.644905425639761e-18 3.083830687966173e-17 3.834915251999024e-18 -1.273834002830447e-17 4.551566904043068e-16 4.012160386058246e-16 -4.493329819635308e-16 -2.161965289312958e-16 1.435960133955095e-16 4.057626630527958e-16 -1.989513909302518e-16 -2.244764402389672e-16 2.315018829938614e-16 -1.390530096188035e-18 -3.081556869066094e-19 -8.794504704900572e-19 6.214148589748882e-19 6.517403463729568e-19 1.892328525224931e-18 -1.852704150456405e-18 -1.096969054284471e-18 1.098937934559154e-18 -1.752250398960641e-17 6.021661337576854e-17 -2.735704170256828e-16 1.416154758127808e-16 1.641153905324578e-15 9.429160703204868e-16 7.887497107027699e-09 4.836686254631061e-23 2.55647590568287e-22 6.681892981611253e-07 1.375766474688408e-20 4.032433549966805e-20 9.733695725268493e-05 2.395267984485774e-19 5.307744583946496e-18 0.002513622991427784 3.089482787396642e-17 2.51353168154852e-16 0.0191482047685423 -6.837705204600127e-17 -6.759874151218116e-16 0.05305808495647948 -4.136689419498669e-16 -3.668125411228669e-15 0.0352135618728192 2.091385982660173e-16 -1.57911347937359e-16 -6.57233151833344e-18 5.78639502030077e-19 -9.800860562056671e-18 -0.0004116740016483718 -4.216034167900335e-19 4.739246533611751e-18 1.557563360753456e-18 -2.869148326482309e-16 -0.0247456368743331 -3.366959765198235e-18 9.534746766908399e-17 -2.309175247527213e-16 -8.120546644930048e-16 -0.1015738365286586 2.99908531704352e-17 5.797328754414815e-17 1.78779038586752e-16 3.352498813101063e-16 -0.06502631979503345 2.660123839979032e-17 -3.013078131334874e-19 1.827594518476626e-18 -3.194069249823391e-18 -1.553378164398153e-18 0.0004923101323981142 9.170380198448653e-19 3.959757835146189e-19 -2.836463501114446e-18 1.169306352023398e-16 -1.051069603590418e-16 6.664304167983132e-16 0.02951205903531437 -6.114565625951064e-17 -2.163083298886432e-18 -3.749494977517186e-18 1.932926435368338e-16 4.493701333354661e-16 2.018142764488841e-15 0.08634820663515273 -3.822643096975984e-17 -2.485181527156461e-17 1.104499395455065e-20 2.746604849664308e-19 1.322178663971575e-18 7.061328374853293e-18 5.151753044137577e-18 -0.0003071735536555717 -1.308163582505533e-19 -8.036975307179127e-19 -2.149265815289898e-20 -5.784462816132388e-18 7.416292676256428e-17 -4.848397869751352e-17 2.796827518292796e-16 -3.716746508319038e-15 -0.09746639567353413 1.459503239678165e-16 5.426054988868661e-17 4.791653950480645e-18 
1.073794121419852e-14 -3.107332110293485e-15 -3.986672088398672e-15 -1.438679704918212e-15 7.333439789534655e-17 6.198796373710348e-16 -1.087985094618612e-16 3.473414023918662e-14 0.614582097417701 2.760622467027047e-14 9.407443751999641e-15 1 2.044558567805286e-15 -6.239782131338632e-17 0.6956074188625073 -1.283067915610304e-15 -1.338418926924202e-15 0.327839350434415 -1.480359101413869e-15 -4.209945533242357e-17 0.1282630726909302 -6.633113263839533e-16 -2.111118595213965e-16 0.04512212363974123 2.320500270715283e-16 -2.387966198179539e-16 0.019071912101973 -9.344960069728915e-17 -1.945477588189919e-17 0.01407950613856203 -3.376130993537448e-17 1.234737478628983e-15 -2.278222166582887e-17 2.044014068077922e-15 -4.509033259134886e-16 -1.181337645994995e-15 4.216840064111461e-15 -9.772049705886668e-16 -3.553352993462359e-16 -1.39483110813457e-16 -1.662630690311094e-15 7.949478514996303e-16 -2.588024472014803e-17 -3.175595191714455e-16 -1.655672974405434e-16 1.434188697769548e-16 9.744179407732288e-17 -2.21305034155294e-17 1.620316880337344e-17 -3.162370162328228e-18 -1.180444689472065e-17 6.112105226073317e-16 9.683587889089806e-16 3.807826449987349e-15 -2.688777605095081e-16 -4.457194692552631e-17 -3.317193838476519e-16 -6.730852034232514e-16 3.42660495194528e-17 1.512893930566971e-16 8.205038753494648e-16 1.136543903450567e-16 1.515705576410978e-17 4.022567738323183e-17 1.738609738526641e-16 7.769306794386398e-18 -3.399133512842076e-18 3.16849441390952e-17 -1.320244961119639e-18 1.976288953262121e-18 5.603718413454038e-18 -1.223913436561397e-17 1.117740583402621e-15 -8.444886389519824e-17 -1.777343432089626e-15 2.496714315327496e-15 1.879678275649042e-17 -2.134589865306484e-16 4.128885891106886e-16 7.691319781900712e-16 2.635822668603861e-16 2.933856631540047e-18 -1.254207927109654e-18 -2.345401784186793e-18 2.685069330303285e-18 1.006686548225119e-18 6.274997781896211e-19 8.867502324282585e-19 -1.772337400562145e-18 1.736795898357158e-18 -7.299665708899164e-17 -4.836619588343718e-17 -4.199869022253155e-16 -7.872438099943429e-16 1.420637480853541e-15 -1.923344876847271e-16 4.76564048325832e-23 7.887497107027812e-09 3.879396802721957e-22 1.378450896675966e-20 6.681892981611314e-07 4.493210956868588e-20 2.155693981408469e-19 9.733695725269194e-05 1.460660157534262e-17 3.107619388594978e-17 0.002513622991427902 3.684507699092532e-16 -7.556616007188718e-17 0.01914820476854498 -9.761909265670831e-16 -4.383175158776844e-16 0.0530580849564792 -2.607719917031228e-15 2.188977783386166e-16 0.03521356187281913 1.319745485903969e-15 -1.379488193132777e-18 -0.0004116740016484075 -1.048931456381416e-16 5.626885919004769e-19 3.226671303326707e-20 -4.51290661737337e-17 -0.0247456368743312 5.951715095551514e-16 5.233330379831898e-18 -4.26424245091039e-17 2.0480340851599e-16 -0.1015738365286473 5.926557547001977e-16 -2.277349464670665e-16 -1.982231499336025e-16 9.618682142825602e-17 -0.06502631979503862 -2.931197917834993e-16 1.791113716403914e-16 -6.027877040638731e-17 -6.479137264703731e-19 3.2046268085338e-18 0.0004923101323981319 2.633458557074563e-17 -3.267707757143459e-18 -3.701638798796057e-19 1.388296765057907e-19 -8.124338020288423e-18 6.287241187946226e-17 0.02951205903531617 4.752488818407008e-15 -1.045612513113033e-16 -2.334435375779108e-17 -1.014867293835775e-17 2.603702033913314e-17 -3.13237849236905e-16 0.08634820663515222 2.620899138431183e-15 4.530613317986281e-16 1.185296270531753e-16 -6.033120242902466e-18 -1.447311230137196e-20 5.47288374638447e-19 -3.104060789580649e-18 -0.0003071735536555922 7.987713919251428e-18 7.00243890711324e-18 -2.934423270287589e-18 -1.469002683220203e-19 -4.583199040302522e-20 7.991490039624871e-18 2.830469604689646e-18 3.288058096197805e-16 -0.09746639567354584 -1.69886076512282e-17 2.612417217307013e-16 1.055406667972867e-16 -2.827288624508838e-17 1.103470694471896e-17 
-2.282583458734724e-15 -5.86457152372079e-15 -3.811512737374538e-16 -2.258366022091372e-15 -6.135908959500306e-16 -1.98798671934535e-16 -5.76762669471722e-16 2.96155156642038e-14 2.773720307509959e-14 0.6145820974176962 6.778121775782828e-15 2.044558567805286e-15 1 5.692254334280468e-15 -8.382300320323029e-16 0.6956074188625291 -2.733603841067508e-16 -1.557710495918655e-15 0.327839350434409 3.065824850502578e-17 -6.074106728545094e-16 0.1282630725701361 1.563306817125794e-16 2.4515681418703e-16 0.0451220921900628 -1.48314083161287e-16 -9.421885510650569e-17 0.01907167112571133 4.958730763905517e-17 -2.705263054132607e-17 0.01407935211667079 2.247734605985579e-16 5.739969814852364e-15 1.385381338727972e-14 8.528658877411374e-15 -1.380661857004865e-16 -2.574543051052198e-16 -3.641260736249951e-16 1.582555701069074e-15 8.007347010465627e-15 -1.012476679826949e-17 -1.6950310877628e-16 4.106929845476479e-16 4.829036526449173e-16 1.604995294632869e-15 2.469957376984486e-17 -3.840540833800995e-18 -3.599466962486933e-17 4.621291379188619e-17 1.975643164729393e-16 -3.391657938324534e-18 5.288188817109848e-17 1.6560777179354e-16 2.210135266076518e-15 7.42537541870395e-15 -8.963202426902568e-16 -4.73137059958286e-16 3.354572539586206e-16 -8.049698204943084e-18 6.738713114424206e-17 4.896865485022127e-16 1.701953465322116e-15 -1.786142176260026e-16 1.74828725279201e-17 4.508407271855584e-17 1.900301322275559e-18 -1.959081952922312e-18 -6.015757277910328e-18 3.036820725858613e-17 -1.259491858439291e-17 -1.955969647891805e-19 1.548848490253999e-18 -1.051222378065687e-17 -2.836062977870629e-16 -7.674253521783746e-16 -1.71976961387373e-16 2.594495798758803e-16 -8.566943728325504e-15 1.16813685098616e-16 1.796225274862472e-15 -7.634833213293884e-18 -6.583374085388105e-20 -5.316352265663476e-19 9.105480988443729e-19 -9.969650717631304e-19 5.679570517222772e-18 -1.051671640208041e-17 -1.806131361934379e-19 6.670898147098321e-18 2.175656852594628e-20 0.001594545624670262 0.02684088799882911 0.06447842484411252 0.04993983606561691 0.01973524788260796 0.004953112692071829 -1.73934265552934e-21 -5.997345552231127e-22 -2.572041395836507e-07 4.48197104733838e-19 5.579011091228188e-19 -1.775735696759071e-05 7.100749023668093e-19 2.373234381284654e-17 -0.001700686748906443 9.010671767950156e-17 1.297168678637773e-15 -0.02676056946533938 5.922370873661451e-18 2.050367524445441e-16 -0.1082999670236853 -1.743289933171546e-16 -2.360957433234129e-17 -0.08130684327877831 1.709046199724248e-16 -1.143054180530692e-16 0.003224232189115596 1.359885794203999e-18 -1.106956194995892e-16 0.003915104217646224 2.885000161124785e-17 1.075915683904462e-18 1.984042490312334e-17 -5.910821560813687e-16 0.1055027012344507 -3.299398225813459e-16 -5.933862842213188e-20 -6.17306722126337e-17 6.053916858467786e-16 0.1601157148500823 -2.492965387000977e-16 -1.841809947206275e-17 4.307517750574615e-18 -4.096179309928942e-16 -0.02999310773694574 9.862607208960825e-17 5.702725501588319e-18 9.867592623513416e-19 2.597513417214741e-18 4.479397693427752e-17 -0.003421430210346126 -6.027123794565351e-17 -2.214545280871379e-18 3.231138308855723e-19 1.745018565881288e-18 -1.155699082054431e-16 2.467782517418665e-16 -0.09910159784668288 2.596240609921991e-16 5.412717218736101e-17 -6.608153335702551e-18 3.840508300738787e-18 2.378659005482451e-16 -6.074980481457844e-17 0.05326876345070582 -8.495521630093387e-16 -6.540111295996335e-18 3.4779229599236e-18 5.206956503955768e-20 -6.580242080793125e-19 -6.976054703240761e-18 1.155013262053171e-17 0.001764047878575876 5.126081827497066e-17 -1.723263903178516e-18 -2.263285650311681e-18 1.741714518941104e-19 -3.481991206903328e-19 4.850430767743338e-18 -3.253991924387765e-17 1.342578343337149e-16 -0.06867277178531377 3.713962712939912e-15 1.165641793527031e-17 -1.317734433761472e-17 1.542077311890462e-18 
6.346441208433619e-15 4.641546876871416e-14 -2.044934046316328e-15 -1.585942140096443e-14 -1.835066394161521e-14 -1.035211540532069e-14 -4.445907145322651e-15 0.2307306049788844 1.341372618419579e-14 1.031318904540775e-14 0.6956074188625074 -6.239782131338632e-17 5.692254334280468e-15 1 1.609417868683175e-15 1.200690378556849e-15 0.7709801579120383 5.694050238910677e-15 4.84208078363963e-16 0.3992619316939929 7.753448235915323e-15 1.915009358771323e-15 0.1613620515674577 1.009548494461064e-14 3.607330796381995e-15 0.07189067163947613 5.000831096485549e-15 2.711657295629204e-15 0.05368262718947175 3.793553972700609e-15 2.871286202102293e-15 -5.922106376454499e-15 3.818100450610455e-15 -1.184462977780022e-14 -3.728151142836056e-15 -4.319197452993979e-16 1.04858206536156e-14 -7.310870116761501e-15 9.84020621198679e-15 -8.141057272761016e-15 -1.506621569039791e-14 8.318270138841416e-15 -2.012421537535761e-15 8.176808077362354e-15 1.325328738193309e-15 -1.286249027132532e-14 3.90845426368864e-15 -7.214070611407986e-16 9.96293362516646e-16 1.191998644381716e-15 -2.715612817069755e-15 1.626409879000657e-14 1.968860323257166e-14 -3.151518217399893e-15 -1.372607573663462e-15 -8.139322549284064e-15 -6.746761420482197e-15 1.685831717821952e-14 1.134774698124795e-14 3.225365937873657e-16 -3.086852334085806e-15 -2.758335687693048e-15 -2.211772431878769e-15 1.340785392869762e-16 -6.204292721978256e-15 9.16309567543832e-16 -3.922622443867269e-16 -3.159036980190756e-16 -7.6882998286412e-16 3.555215782200991e-16 -2.236739269844666e-16 -2.258234585788866e-16 -1.425005540000254e-14 -1.41459258281489e-14 -1.081940255703357e-14 -2.552237602952443e-15 1.857426362782439e-15 1.95711502559733e-14 4.456396189568182e-15 -2.280930977948224e-15 2.469907416612382e-15 4.42531124821232e-16 -5.500006777766939e-17 2.118815495783445e-16 1.64394551659012e-17 -5.818573876189428e-17 -3.081395262274691e-16 2.354600400635689e-16 -6.240731533102429e-17 1.596737691188173e-19 -4.602846068664241e-17 2.630714927583293e-17 -3.028752650156709e-16 -6.366509697298592e-15 -1.086265637868802e-14 -8.708876265110371e-15 0.0001313646846607023 7.709094110938042e-19 1.421739807811488e-18 0.001118963422929817 1.926604823728651e-17 1.782023949159142e-17 0.007218264278491546 2.214965018163073e-17 6.399967785010912e-17 0.0284242997698815 -2.025039783484001e-16 1.373479805841032e-16 0.0850889132934492 -3.296991043894123e-16 2.225484201221239e-15 0.1770024442376248 1.951441937761957e-15 8.758530738841595e-15 0.1263198731010018 4.065015617324e-15 1.190002471478574e-14 -1.605598861821912e-16 7.107597058966421e-17 -1.896639250149784e-16 -0.01496512892544146 2.554998123032292e-17 5.677289150950657e-16 -5.003847135905917e-16 -1.923239128718152e-16 -0.1128540757397871 -7.888519481735702e-16 9.118411321147555e-16 -1.835947301305757e-15 4.466147232857122e-15 -0.2905536170321816 -1.847585534001131e-15 2.227107566312425e-15 -7.400445748192329e-15 1.322755267371716e-15 -0.2135342834406405 -4.968219523964439e-15 -3.462713701768231e-18 1.58950325059066e-16 -1.161464812165129e-17 -6.327575998369119e-17 0.01319566257272309 3.542984383745447e-17 1.126191183867917e-17 1.2302804157781e-16 5.351960736568711e-16 4.09016116603192e-16 -5.890250174548932e-16 0.1137730369461853 9.085156807639716e-16 -7.040402332308267e-16 2.551323433497117e-15 -4.193785702820032e-15 1.275813297529419e-15 -4.709109985673983e-15 0.2530826184930039 8.687755060835324e-15 -6.895257209797531e-16 1.257625550991112e-17 4.481379279730512e-17 1.327520989262976e-16 4.485696051005579e-17 6.355047659125235e-17 -0.006657927975649372 3.599832950367879e-18 -1.172639029624239e-17 -6.77771155770171e-18 1.393776088165963e-15 -4.832219183965035e-15 1.650384508299361e-15 1.08506977095896e-15 2.331536704466503e-15 -0.2488508801637151 -5.066906165916636e-15 1.732917746948822e-15 -4.870068262632461e-16 
8.810359864431691e-16 8.012226949615923e-15 -2.001141765316963e-14 2.446312468846156e-15 7.084477794161898e-15 6.338002803617552e-15 3.292874786197143e-15 1.333788454461545e-14 0.2307306049788752 1.411735649114648e-14 -2.36285051764635e-16 0.6956074188625073 -8.382300320323029e-16 1.609417868683175e-15 1 1.883251042091387e-14 5.978602487212223e-15 0.7709801579118979 1.096987626604904e-14 7.63464678261903e-15 0.3992619316939759 -2.213236107310266e-15 1.00590929571499e-14 0.1613620515674497 -9.323335408029893e-16 5.001578208560482e-15 0.07189067163947968 -1.224828181938454e-15 3.801155613044326e-15 0.05368262718946882 -1.757381084254941e-15 1.659284074054744e-14 -1.260154632552843e-15 -4.45206242821157e-16 3.688008975643075e-15 -3.403529736268067e-15 4.944343071361954e-14 -1.695865670115356e-14 6.239176926841188e-15 -7.130885779865499e-15 -3.68929604748049e-15 -3.917208906547377e-15 -6.401129638656456e-16 2.687628793312461e-15 -2.02966712837502e-15 2.503558380430389e-15 -2.295932417041549e-15 5.26066711164294e-16 4.397325281846478e-17 -7.239651581042416e-16 5.430182019973831e-16 -1.520979793935064e-14 1.752249604095372e-14 6.56280585431667e-14 -2.090558628987045e-15 -3.124879031208673e-15 8.407283116214024e-15 5.257228571747195e-15 -1.244322570336735e-14 9.882909378022901e-16 -6.746339598099319e-15 -2.635939426814264e-15 -3.070433447436297e-15 -3.16917716028853e-15 -3.166927440795625e-15 -7.552318745721398e-16 7.084024247121414e-16 -7.448713761427728e-16 -5.038017056460056e-17 -3.143722121110753e-16 2.856282321945022e-17 -1.236643318375676e-15 4.35422199327228e-15 -5.811621800120797e-15 -2.051817036045469e-14 6.442762989779203e-15 9.414344304128819e-15 -2.614060367250611e-15 3.314118727713322e-14 -1.417875555463557e-14 3.688550658486342e-14 -2.804332677003434e-16 7.703757688699373e-17 -7.887768458829607e-17 -2.769677761252973e-16 -2.19345775733581e-16 1.574730254899274e-17 -1.875462128945951e-16 1.935494155289209e-16 -2.989245431530025e-17 -7.697818646647481e-16 7.263883505112405e-16 3.962216839349119e-16 -1.211921188702118e-15 8.797219925627965e-16 5.649581758386339e-15 7.572509419232268e-19 0.0001313646846607037 1.549853091059363e-18 1.921167530783557e-17 0.001118963422929768 2.942725629973765e-17 2.680354367014554e-17 0.007218264278492092 1.531888731262902e-16 -2.021499185764468e-16 0.02842429976988319 -5.251197697163741e-16 -3.115861518452773e-16 0.08508891329346016 -3.078619173827894e-15 1.940857414052975e-15 0.1770024442376269 -1.683250977849867e-15 4.113777644332792e-15 0.1263198731010051 -5.802358258529378e-15 -1.960893184294953e-17 -0.01496512892544182 -6.476932722388452e-16 7.548890636574513e-17 -7.38316268474387e-18 -2.165355026361667e-17 -0.1128540757397841 3.866021001595465e-15 -5.222229170367459e-16 -8.540802613757751e-16 5.954980432377669e-16 -0.2905536170321512 1.144239867787218e-14 -1.961775739686505e-15 2.957920366975628e-15 -1.127468843225136e-15 -0.2135342834406483 2.75600441493942e-15 -7.28430564288773e-15 1.43288265135634e-15 -2.668640827796405e-17 6.713809125682621e-17 0.01319566257272317 2.033156476701198e-16 -1.806977371611512e-17 -5.538388453095113e-17 -1.204764077637644e-17 6.870860217585644e-16 9.81135203463877e-17 0.1137730369461827 2.279264017108283e-16 3.942946839799246e-16 1.550490421817711e-15 9.618906149022942e-18 -1.714300425014609e-15 2.409215938309932e-15 0.2530826184929899 -1.741717767377237e-15 1.313362280263304e-15 -1.806145615931309e-15 -1.267700451256292e-15 3.403092508448686e-17 1.815173077121039e-17 -4.721585813942679e-17 -0.006657927975649481 8.219358242481072e-17 4.74895227801038e-17 -2.375474783816771e-17 -1.03843666801718e-17 -1.142065110695693e-18 -9.005605502841498e-16 4.422664320087594e-15 -3.923481420217092e-15 -0.2488508801637038 -1.920245702075051e-15 1.224892918200007e-15 1.223308947291882e-15 2.108238077328465e-15 1.252931524166394e-17 
-6.621178207496099e-16 -6.083675230252709e-15 -3.927413949613078e-14 -1.33226763064642e-14 -1.705580758011017e-14 -9.071025442945104e-15 -4.175535667776159e-15 1.046057956139236e-14 1.431203177659039e-14 0.2307306049788949 5.419843194940844e-15 -1.283067915610304e-15 0.6956074188625291 1.200690378556849e-15 1.883251042091387e-14 1 3.750187551993345e-16 1.09944334452561e-14 0.7709801579119374 1.936666299015053e-15 -2.173825360342847e-15 0.3992619313179884 3.63417074969366e-15 -9.462933181179872e-16 0.1613619390996803 2.713079052082508e-15 -1.251014604338304e-15 0.07188976329084462 2.860480150418522e-15 -1.760368455847084e-15 0.05368203993167167 3.662008051008216e-15 -1.103159473941324e-14 1.022359280567196e-14 3.592254481284001e-14 1.541966405014491e-16 -7.255199723337439e-15 -1.344117959295851e-14 -3.40560912803879e-14 5.736962622084556e-14 -3.920664791089133e-15 -2.005177712963123e-15 6.26923644412038e-15 -2.806435668608549e-14 -3.455237133871021e-15 -1.345982807940426e-15 -7.186515246890785e-16 2.413054559701777e-15 -4.118861896915791e-15 -1.439224316013156e-15 -2.386623616366485e-16 3.364292893750251e-15 1.525183787859038e-14 -2.611558430447895e-14 -4.598404990120603e-14 -1.216753850181778e-14 1.084381065844146e-14 3.065647711273225e-15 9.098353581011981e-16 2.861236638244503e-15 1.791210409170152e-15 2.131281262595862e-14 2.130904502338349e-15 -1.910526858248292e-15 1.760195450777706e-15 7.439013973562334e-17 1.377817152306178e-15 -8.265280362821855e-17 2.896238060117919e-15 4.952942320887871e-16 1.462904454712971e-16 -3.856733161196667e-18 3.422521326676348e-16 -1.961034416451009e-14 2.829501363029271e-14 -7.73475250862215e-15 4.096029071477779e-14 -3.876710292691907e-14 2.844729660168311e-15 1.786408071165967e-14 1.985526543527403e-15 -3.454355987981259e-18 1.098794308152048e-16 -1.314436079587602e-16 -2.830869261997157e-17 4.531052087261002e-16 1.004722470472547e-16 -5.79254598866551e-17 1.56282568179671e-16 1.53752709988109e-17 0.04292343025879266 0.1443331739242734 0.221678978603905 0.1694115275716517 0.07160888686026891 0.01890911987834885 -5.354628136982183e-17 -1.800969745768724e-17 -0.001395257258866723 1.514089448978325e-17 -1.133611971702783e-16 -0.01096948574553722 1.302615110414638e-16 -2.986873223662318e-16 -0.05814329964323677 -5.407161873741503e-17 7.52436307705185e-17 -0.1715142164653415 6.496403892263929e-17 3.008606818540214e-15 -0.3268772255098199 2.513248398499191e-15 9.79901923508763e-16 -0.2153068535173044 1.093872670085849e-15 -2.319597969623614e-15 0.01714968511296715 -3.732479798834607e-17 -1.359667451328303e-15 0.06095627167148138 6.284341286071483e-16 1.368635836173883e-17 -2.37216659076345e-16 -1.762912732461953e-15 0.2697674371844995 -3.949748514366051e-16 6.405466435047023e-16 -1.003903449086014e-15 2.692616095368336e-15 0.2911298091373883 -2.903107170893094e-15 9.299202033410686e-16 -1.119371206613385e-15 2.285390345290365e-15 -0.1078708210686375 -9.972985418416898e-16 -1.45201883385976e-16 -4.516231443995514e-17 -6.100323014321136e-17 8.826958930701407e-16 -0.03454461461204172 -5.114453227554307e-16 -2.826760703225465e-18 9.155208549959902e-17 4.069823904968748e-16 8.537956583054547e-16 -3.4085147898609e-15 -0.1801393291527023 7.825263061234344e-16 6.055811234420008e-16 1.017117163063335e-16 5.64191905428452e-17 2.37767581783086e-15 -1.008782686142701e-15 0.1680260988796722 2.651766250703654e-15 6.01203764300534e-16 1.77409419601519e-16 -8.875317100450921e-20 -2.44958222576917e-17 -3.47072176962749e-16 -4.099395942741805e-17 0.01233655191002604 5.962464725340768e-16 8.504475488228289e-18 1.105384282740051e-17 1.034984264294949e-17 4.049496026876229e-17 -2.564273878081754e-16 -1.657963759583978e-15 2.081533100039946e-15 -0.1879837385841504 -4.03429005894712e-15 1.294827341656014e-15 -3.291841359424269e-16 1.604619712940046e-17 
3.388408978844399e-15 -9.177859481521577e-15 -1.469220795372982e-13 -3.629388459425914e-14 -2.368960946806217e-14 -9.4229635356491e-15 -2.296479564270561e-15 0.08271995041915473 3.849666644983013e-15 3.414664408920626e-15 0.32783935043447 -1.338418926924202e-15 -2.733603841067508e-16 0.7709801579120383 5.978602487212223e-15 3.750187551993345e-16 1 1.369888360734074e-13 8.172715976200733e-14 0.7857995011232227 5.854908584003108e-15 -7.998376275922239e-15 0.4105768301123423 -1.645388106755498e-15 -2.198113812977306e-15 0.2039836934749382 -1.818169234616023e-15 -9.484849125279916e-16 0.1561187564823266 -1.593745649723753e-15 -4.282758316493145e-17 8.374704713669582e-16 2.772836832180295e-16 -4.9422959935272e-15 -1.915243137696357e-15 3.771498603161115e-16 1.735109451951325e-13 -2.240904944246309e-14 9.861463859053884e-14 6.488559689547123e-14 -1.841317625717427e-13 3.562254666908109e-15 -9.419548492659696e-16 1.918577079320355e-14 2.788047575948875e-14 -3.030057805590464e-14 -1.716448948953342e-15 1.65344545450489e-16 5.17690349177799e-16 6.927426867907541e-13 1.719496649220598e-15 5.576812069868682e-14 -6.006913716441525e-15 -1.065654183820204e-14 -3.449614183715205e-14 2.252364961209223e-14 -1.334745031514858e-14 -2.655937535873695e-14 1.201234207597885e-13 1.139756691804309e-14 -1.210164780889786e-14 -2.939488930058235e-15 8.118505867604562e-14 -2.848958048645251e-15 -1.10011826038477e-14 -1.8574663904841e-15 -9.361113114961326e-16 1.211635753769696e-16 -1.76948956053967e-16 1.844950161758058e-11 -5.186439473130378e-16 -2.234227299600375e-11 5.06202068109797e-14 -6.912480028483244e-15 4.094706344828021e-15 9.606952396556396e-16 -1.432849065092478e-14 -4.744815651493936e-14 3.928094286476824e-14 -2.762005034408125e-15 -1.409370667047104e-14 -7.432540750600775e-17 -3.811050995404617e-16 -5.629258288996694e-16 -3.812305037497879e-16 2.199929333585728e-16 1.581197269952327e-12 4.045566161949148e-17 -1.09387463705938e-15 1.733184644661698e-16 2.017214672949535e-15 3.661269421322971e-15 -1.434356106112129e-14 -9.571987302360449e-15 -1.810401507495401e-15 -4.206997517408193e-15 0.001385880984745427 7.030405836649404e-18 5.427768059850349e-18 0.00935340999362399 1.634763329625576e-16 8.400924561222009e-17 0.03815860583822659 -8.288308444929327e-16 3.948376585689934e-16 0.09621917702027401 -1.590483929455662e-15 4.526001969043522e-16 0.2047819526114643 1.456517198518129e-15 5.046961112923063e-15 0.3854971804127549 2.770570231616384e-14 2.676960216016589e-14 0.3232402484290307 -3.801215490664573e-15 2.896991393764597e-16 6.403238738396267e-16 -3.539843330806034e-17 -8.622653525035025e-16 -0.03651028925897194 1.392354029246761e-15 6.288155759985433e-15 -6.552917930505889e-16 -3.880359575327675e-15 -0.1816969396447878 -2.442707494611437e-15 1.472259814062185e-14 -2.200388309060332e-14 5.580388581786055e-15 -0.4299196898316899 -3.157175042235943e-14 -4.263951165441168e-15 2.821528457035466e-15 4.461063357824087e-15 -0.4555224795976358 -2.987521296771716e-15 -6.452502174608859e-16 -1.097860578760563e-17 -1.216235550721753e-16 -4.15763279967438e-16 0.01556910305735487 -1.142805867477664e-16 -1.515511349228184e-17 -2.628011198416225e-15 1.254421913566432e-16 1.032648359184358e-15 -3.684118982107796e-15 0.1050621432240875 2.818058286726027e-15 9.3523279398656e-16 -2.403677068143503e-15 2.280510969286797e-15 1.237834021919146e-15 -6.949740663507243e-16 0.4300207689397421 3.391479867562757e-15 -3.918120689613597e-12 3.053013791349276e-17 -2.674085429851134e-16 1.363477934921042e-16 5.465260723865658e-17 3.033372950185766e-16 -0.003686182905035473 -9.693127411024267e-18 -3.709623144150244e-17 8.34905288335067e-17 4.031064585791002e-16 -7.05381992529099e-16 -1.092442177096725e-14 6.788191282949774e-16 -2.045023026815481e-15 -0.3231222294825297 8.163637437639125e-16 2.565213881444672e-12 -1.086370913761019e-16 
-1.708124065571454e-15 1.330316065640323e-16 8.990030941906931e-14 1.626129787718888e-14 -4.756613546040253e-15 -6.519203215641968e-15 -3.878026583014017e-15 3.851574586785995e-15 0.08271995041914024 6.452551604572317e-15 -1.331060142570243e-15 0.327839350434415 -1.557710495918655e-15 5.694050238910677e-15 0.7709801579118979 1.09944334452561e-14 1.369888360734074e-13 1 3.684552662976566e-15 5.908468171434351e-15 0.7857995011231764 4.47385184961255e-15 -1.649508082246651e-15 0.4105768301123073 3.478124253738965e-16 -1.816434443766397e-15 0.2039836934749135 2.567458016536378e-16 -1.593420373381689e-15 0.1561187564823104 1.786831824197439e-16 4.814866845061548e-15 -1.630694277527215e-15 -2.693486845238554e-15 3.180126751885003e-16 -2.431842285358829e-15 -1.287775224998577e-13 1.207367539280361e-14 9.156304187078714e-15 -2.243268504982074e-14 5.990303739159024e-14 -1.304251848704432e-14 3.139155608161144e-14 4.283899668456951e-15 -9.814198084201673e-16 9.292913805163629e-15 -1.323522981483862e-15 6.940316152866187e-13 1.190184980584662e-15 1.648024321866977e-16 -1.699491785470286e-15 -6.166985325186252e-14 2.101834331581147e-14 -4.37289093824386e-14 -6.531233887055295e-15 -1.073121626283024e-14 -3.061353254230955e-15 -4.029643372456396e-14 -3.345934640485342e-14 5.529431079678571e-16 3.76504383227492e-14 -1.570878843678918e-14 -1.210793618149709e-14 -1.8035919979761e-14 -4.830337518888378e-15 2.234147259807967e-11 -3.726447275436454e-16 1.844873831415955e-11 -2.198850998023306e-16 1.254463147303242e-16 5.117590532700437e-16 6.67576537976459e-16 -2.764813118034399e-14 3.030952225314626e-14 -6.488950002328188e-15 -6.299127885969326e-14 -2.072994553793216e-14 9.870549049740625e-16 -1.642045874273433e-14 1.720726425930631e-14 7.54062610963907e-15 -1.272910698935711e-16 1.05495095832952e-16 -3.572497315531964e-16 1.581333449841293e-12 3.666910303689537e-16 -3.811288567385392e-16 5.366982244997242e-16 -7.812925596837126e-16 -8.142769272072468e-17 3.212828150517914e-16 6.554435813547331e-15 1.804459359711754e-14 5.986530717068089e-15 2.498002798699797e-15 -3.60308596202497e-15 6.672956286881609e-18 0.001385880984745286 7.071006205309841e-18 1.630426512310981e-16 0.00935340999362271 1.192983063935689e-16 -8.3904585007849e-16 0.0381586058382244 7.154052978006819e-16 -1.58660790668879e-15 0.09621917702027283 -8.629165090816437e-16 1.435158415719755e-15 0.2047819526114326 3.765217304609491e-15 2.767274257011696e-14 0.3854971804127267 -2.391403047824997e-14 -3.818779578213652e-15 0.3232402484289972 2.033965514484189e-15 3.034432006068645e-15 -0.03651028925896463 -7.855248027568386e-16 -3.484058270295102e-17 1.167407912960659e-15 9.286625288212177e-15 -0.181696939644744 -5.87594209400487e-15 -6.499792024053625e-16 8.300651832553482e-15 7.667477763820079e-16 -0.4299196898316151 -8.812395257966154e-15 -2.210265390851598e-14 1.43860617862813e-14 -4.071396820703524e-15 -0.4555224795975942 3.035769552789092e-17 2.818492690173895e-15 -4.430487035792605e-15 -7.064254780103842e-18 5.805417905823331e-16 0.01556910305735416 5.767447337857323e-17 -1.173894491270743e-16 5.22658291971735e-16 -2.635831006584889e-16 4.809520837147803e-16 5.367884955978121e-16 0.1050621432240751 -2.382209013386201e-15 1.00917538214993e-15 3.872770160120114e-15 -1.987776263035892e-15 3.918411689579309e-12 2.206568377242536e-15 0.4300207689396869 3.348018591093273e-16 1.209970017046167e-15 3.86019410277655e-15 3.395722407498721e-16 4.210325495094709e-16 -5.43964558727039e-18 -2.901236075112965e-17 -0.00368618290503521 1.336086477592792e-16 5.231674017866607e-17 1.935893800949734e-17 -5.443898619107911e-17 3.492570951416917e-17 -4.449566718688638e-16 -2.56850942264403e-12 -5.336443425634633e-15 -0.3231222294824818 3.331537883998454e-15 7.116704612885633e-16 -7.525665644986852e-15 -2.006749969216039e-15 6.084544479067997e-16 
-2.025384478373213e-15 -1.208408373366021e-14 -1.58206781009171e-15 1.287164820234093e-13 1.99386415171482e-12 4.823211161626186e-12 4.804277316064661e-12 3.435457374680578e-15 6.449620870434889e-15 0.08271995041914529 -4.338416799881852e-16 -1.480359101413869e-15 0.327839350434409 4.84208078363963e-16 1.096987626604904e-14 0.7709801579119374 8.172715976200733e-14 3.684552662976566e-15 1 -8.076655680469009e-15 4.376707338969199e-15 0.7857995003835494 -2.167323949264572e-15 3.287306760465332e-16 0.4105765439501525 -9.621583748572388e-16 2.463403006170438e-16 0.2039811161223228 -5.518855267088292e-17 1.903950854421825e-16 0.1561170486403977 3.718438515469955e-16 -3.289179970751711e-15 4.128858713260952e-15 2.509935359779224e-14 1.091338795643405e-15 -2.248537727540639e-14 7.891517300743336e-14 -7.341349750337303e-14 -8.654470369521741e-14 -1.991896231291343e-14 -9.710114681283769e-16 6.748074334519832e-15 8.048284344928034e-13 -2.875867952088724e-14 -2.143250887862589e-15 1.629601901507564e-16 -2.367517045545266e-15 1.341070554098532e-11 -1.926453694140331e-15 5.898453051523885e-17 5.285051909999489e-15 5.368741475694013e-14 -3.339342691256583e-16 1.723066134218967e-13 3.31961563272804e-14 -5.372872285970824e-15 6.443955612169714e-15 -1.26591445660215e-15 4.712029377798023e-14 1.986084907653723e-14 6.031286581307456e-14 1.362408449950709e-15 -4.489637828183165e-14 6.249341322246623e-16 3.876215889663636e-17 -1.528743281456358e-15 -5.917769972326055e-16 -1.27258514521554e-11 -8.917313876400796e-16 -9.064206960461122e-17 -6.69419773504424e-16 1.977205291853829e-15 1.683852710044403e-14 -2.51281200708375e-14 5.780965983694974e-16 1.445232822306475e-13 1.246944306707819e-14 7.044278355075904e-15 2.629949209799075e-15 3.496552006266927e-16 5.529680208323895e-18 -5.939384737645656e-16 -4.318439091885915e-16 1.606734306082419e-16 1.648471600071041e-11 4.728873078681536e-16 -4.202509733658528e-16 -2.985955744336645e-16 -5.402309973116094e-16 0.192766874457903 0.3767679841993838 0.4760189174205695 0.3864548703933507 0.1875770288419157 0.05514110116293435 -3.184316444104053e-16 -1.357427370792745e-16 -0.005062794492616447 -1.942136734365849e-15 -3.966498440767802e-15 -0.03288854273779927 9.993377297422649e-15 7.944511747681497e-15 -0.1213034086281377 2.025539024703475e-14 1.702240778889936e-14 -0.2588001461716437 1.892648364421997e-14 2.957876998890008e-14 -0.4057721620426495 -7.757249703830052e-15 1.694824836057883e-15 -0.2791063397278544 -4.891706802846145e-15 7.42462169996249e-16 0.07187751121071957 -7.73712420087563e-15 -1.476378427064815e-16 0.04593008561711097 1.704293380596027e-15 -2.061339380438935e-17 -1.717679817826263e-14 2.660198450411598e-15 0.1497975790397973 3.72304184009978e-15 1.269991056763328e-14 -1.843924318790206e-14 1.801857274497756e-14 0.1294856178055389 -1.327204405405261e-14 -4.253541963096882e-15 -1.192188949735216e-15 -3.120334652377532e-15 -0.2675781174479532 -7.920098900492656e-17 -1.705234438599928e-15 1.049243428686888e-15 -3.565151537069313e-15 1.851139684248197e-16 -0.007967135931526636 -2.275507849504028e-15 1.595132446270117e-17 1.848565551121517e-15 5.29871285737358e-15 -1.624568535253034e-15 -5.028963356858906e-15 -0.02772445281401963 -7.621670222033315e-15 4.864164626641439e-15 4.446313109365306e-15 -7.428955918321018e-16 6.788190158174032e-16 4.202368983934613e-16 0.3217693400969115 7.177420710435289e-17 7.389923324493169e-16 -2.563488524996849e-15 3.937475006960401e-17 -4.758512513065e-16 3.964558885449175e-16 4.926225036623089e-16 0.0003991613808132331 8.342841551043033e-16 1.116389424481207e-17 1.178679698027393e-16 4.236350582401695e-17 -1.049507939495781e-16 -7.285839209645079e-16 -4.050362728461246e-15 -1.53696533504371e-15 -0.2723930289606307 1.853606648601487e-15 4.549096397342887e-15 -1.059699292188554e-15 -7.231254515048129e-13 
5.517811738079998e-15 -3.855254204393164e-14 -1.716519725061846e-14 6.305719853443463e-15 -6.290109684067944e-15 -1.197847213873654e-14 -7.705745523362319e-15 0.02861297802708174 1.483067071207218e-15 1.273256600437885e-15 0.1282630726909283 -4.209945533242357e-17 3.065824850502578e-17 0.3992619316939929 7.63464678261903e-15 1.936666299015053e-15 0.7857995011232227 5.908468171434351e-15 -8.076655680469009e-15 1 -5.811323668631141e-16 1.902991659249353e-15 0.7839115136574616 -9.818552138693267e-16 1.488394322143398e-15 0.4802596811656653 1.200475270285572e-15 1.396488991620584e-15 0.3869012546747125 -1.285492105742769e-15 2.411355573578428e-16 8.959981370835099e-17 -8.420463403090204e-16 -1.051088938228675e-15 -7.031051103153137e-16 -6.289627239657096e-17 1.054711875581991e-14 -3.246968672895358e-15 4.076193601186933e-14 -6.38378240483769e-15 -1.02519230297043e-13 -1.696386094956948e-14 2.300243338337203e-15 -8.953992173338948e-15 3.088476153841284e-10 3.087157320294001e-15 1.131071661462784e-15 -6.16708050146155e-16 -1.156573126922499e-15 1.071341859274751e-08 2.773140359534238e-15 8.636310001043579e-14 -8.293279274979852e-15 -2.217068764082132e-14 -6.718481037189026e-14 4.012762352953472e-14 -2.694998635232161e-14 2.019868651530453e-16 -1.247829966953029e-14 1.741662373493818e-15 1.359155846252166e-15 -9.093420479977746e-15 1.387633344448755e-10 -1.021535289036277e-14 -1.685399861376733e-10 -1.009659368934574e-15 1.469328297394724e-15 -1.069925874093632e-15 3.712458497459139e-16 1.153924786981636e-07 1.759930713963628e-15 -1.280480913127503e-07 6.907126794581311e-14 -1.669595454939026e-14 2.659135937797613e-14 7.482491289373243e-15 -1.299318728223805e-14 -3.848310567089901e-14 4.655119615418992e-14 -3.196661691987474e-15 7.260251442892445e-15 -1.351844176085789e-15 -1.570825232885747e-15 8.881911401983959e-16 -2.298577751432989e-16 1.908267932548519e-16 1.997060869089067e-08 1.767851428003604e-16 -1.143384691394896e-12 -2.664236044851553e-15 1.953789730498875e-15 5.47337783871359e-15 -1.151075764872247e-14 -5.731526377924334e-15 -1.09808039920594e-15 1.047791971871347e-15 0.001807634988355646 1.544825806201619e-17 9.4189733069152e-19 0.01204230529001403 8.5187770732432e-17 2.288221609542806e-17 0.04782970699085864 -8.947755376659818e-16 7.370664728895463e-16 0.1177177836850587 -4.720345218251166e-15 3.044610807310874e-15 0.250888729847513 -2.018784449356389e-15 7.184547026042824e-15 0.5480048137956159 2.463307341037555e-15 7.361732766498122e-16 0.6223898211045414 -2.348817243597999e-15 8.380892036019368e-15 2.053870248169815e-15 -4.920291581029673e-16 -1.617135824494898e-15 -0.02004303423705056 1.233600999248332e-15 1.347359726586396e-14 -8.130161057791537e-16 -4.703919555303777e-15 -0.1077600966670437 -4.147506999230465e-15 1.407554631327413e-14 -4.002484116337146e-14 4.960441789846182e-15 -0.305633144692898 -1.075094876466861e-14 2.661066355310102e-15 -5.110063000030659e-15 -2.000138458071739e-15 -0.6189109768704875 7.953713038857145e-16 -1.903044173137121e-15 9.294941476965629e-16 -4.19432081625582e-16 -6.678146471652141e-16 0.003688688738918155 6.848907255381741e-16 1.512800846934436e-18 -5.314162749353306e-15 3.499804620043578e-15 -1.838806888349963e-16 -5.2702254562222e-15 0.02857126424197709 3.700199063252671e-15 1.261967963304242e-14 4.024559898715996e-16 2.298508731061559e-15 -9.939968762801816e-16 -4.073784028583304e-15 0.3856675675938849 3.52567702268721e-15 -2.361411580661531e-08 1.264671014850944e-16 -2.593613963431259e-16 6.209053271742048e-16 1.863422062895912e-16 2.56007238509097e-17 -0.0003680402647319399 2.86369134566422e-17 7.566487100005481e-17 5.761380476324662e-17 -7.025631675658921e-16 2.325071758555017e-15 -1.120631437662731e-15 1.054495265211555e-15 2.824131052537706e-15 -0.1810712510839342 -1.02925501713199e-14 1.111670676398085e-08 -1.68615174509493e-15 
1.309521086660979e-16 4.339936622212906e-14 1.342589237017563e-14 -2.137179328594859e-15 -1.387779301504229e-17 -1.119956786787585e-14 -4.01246947220553e-15 1.483073847471174e-15 0.02861297802707958 1.522143691634175e-15 -8.198899518682678e-17 0.1282630726909302 -6.074106728545094e-16 7.753448235915323e-15 0.3992619316939759 -2.173825360342847e-15 5.854908584003108e-15 0.7857995011231764 4.376707338969199e-15 -5.811323668631141e-16 1 -3.844147235092569e-15 -9.714468547116946e-16 0.7839115136574611 1.36696354994055e-15 1.172718616637345e-15 0.4802596811656653 -3.327286814817724e-15 -1.280287684262017e-15 0.3869012546747236 3.868577646820051e-16 3.081906432369894e-15 -3.001613720752362e-16 -1.342047329159393e-15 -8.32909404159851e-16 -1.494160113416066e-15 -3.605362543776023e-14 1.287858711236812e-14 -1.197219409429036e-14 -3.223549905921083e-15 2.589074793266491e-14 -8.444633919879726e-15 3.088409540459582e-10 5.400627928926909e-15 2.326264190580784e-15 9.315465230022455e-15 1.38434844455107e-15 1.071341695513172e-08 1.66064254354035e-15 -6.357904370705053e-16 -3.438451168343344e-15 -7.36049677596819e-14 2.530679664134992e-14 -2.489675137886512e-14 -1.026305778603807e-14 -2.214152260231978e-14 -4.744468716638241e-15 -6.437840725269222e-14 1.685292568729428e-10 1.481453851557484e-15 1.387904793978812e-10 -1.904726380582892e-15 1.351349590594064e-15 -2.487593469714311e-15 3.995935535225987e-15 1.28048088513201e-07 4.475639914142114e-16 1.153924745624466e-07 8.691316388911311e-16 -1.077298691223578e-15 1.354860411636852e-15 -1.899616853923277e-16 -4.889529546606916e-14 2.403546117125591e-14 -8.421865652903509e-15 -3.336914085311181e-14 -2.590028891180205e-14 7.523067555762426e-15 -2.879467503747289e-14 3.78616409843415e-14 -4.842805853886795e-15 1.805277954108781e-16 1.143415917075942e-12 -1.229069185215939e-15 1.997061070669999e-08 -3.97266687776008e-16 -2.296409281856145e-16 1.604673482640492e-15 1.630674454900714e-16 1.804203474944231e-16 1.738869632950162e-15 8.89869776935314e-15 2.36720366022856e-14 3.722716588082798e-15 3.219648058335253e-15 1.561279428285113e-15 1.559733654753611e-17 0.001807634988355645 4.03186267454282e-18 8.692244303618904e-17 0.01204230529001365 5.070171796318068e-17 -8.982521844051947e-16 0.04782970699085603 6.996729328060101e-16 -4.707876893241546e-15 0.1177177836850581 1.170775718387313e-15 -2.010544512828076e-15 0.2508887298475627 6.099287754187695e-15 2.471980958435604e-15 0.5480048137956095 2.327998909605993e-15 -2.27595880620423e-15 0.6223898211045453 1.224455915886002e-14 2.417142351210028e-15 -0.02004303423705009 -1.051201771041207e-15 -4.956600177784723e-16 1.296692248455444e-15 1.312578520820899e-14 -0.1077600966670544 -1.213699282484958e-14 -8.190334278489662e-16 6.111430818545036e-15 -2.0431573142438e-14 -0.3056331446928965 3.125971710195062e-14 -3.99996876729206e-14 7.126244054095761e-15 2.605555192748211e-15 -0.6189109768704686 4.614369729809889e-16 -5.094884165692937e-15 -3.254343655593443e-15 -3.539920100508663e-17 1.240090542187194e-15 0.003688688738918863 -8.163025936213682e-16 -4.194502928339916e-16 5.416707946292709e-16 -1.189683187875036e-15 -1.267562446525805e-14 3.201757442208998e-15 0.02857126424199389 -8.407337343762607e-15 -1.67400815779031e-16 -3.469446959151143e-18 -1.63237479428061e-15 2.361412193192572e-08 5.345117001949733e-16 0.3856675675938775 1.058182043939237e-16 -9.506287752208342e-16 1.195051218028663e-14 -1.713907405142859e-15 1.159247599951084e-15 -5.719124120078909e-17 -1.366933302785189e-16 -0.0003680402647320968 -2.700010698597073e-16 1.884890774733115e-16 4.304409688637202e-16 -2.254860473179738e-16 5.338509864442315e-17 -8.838418120365937e-16 -1.111670998796468e-08 -4.88151217582494e-15 -0.181071251083932 3.365365013466293e-15 1.118246366994847e-15 1.105712969991029e-14 -5.587978476844242e-16 2.576932528126036e-15 
-1.451736962482074e-16 2.720046413413086e-15 2.514932709381391e-13 8.014872392565563e-10 1.354267982812669e-08 3.714945153654137e-08 4.03071514445651e-08 1.256729291580833e-15 1.513182928222063e-15 0.02861297800013654 3.301777528247364e-17 -6.633113263839533e-16 0.1282630725701361 1.915009358771323e-15 -2.213236107310266e-15 0.3992619313179884 -7.998376275922239e-15 4.47385184961255e-15 0.7857995003835494 1.902991659249353e-15 -3.844147235092569e-15 1 1.531763521254808e-15 1.36696450141426e-15 0.7839110052789974 1.425998079834575e-15 -3.320389689541819e-15 0.4802536842548694 2.567514594747325e-16 4.024752607982313e-16 0.3868970949415936 -8.683328605915771e-16 -7.582531485103669e-16 4.983426871257551e-15 7.361503245018857e-15 -9.325673941155685e-18 -3.246968669838194e-15 1.393329897482972e-14 1.095512570789936e-13 -5.372221770751483e-14 -1.174841475436246e-14 2.327998913271811e-15 -1.341288195722135e-14 4.489847712084682e-09 -7.558190207916756e-15 3.802513922715313e-15 -6.331919571244834e-16 1.280254685173804e-15 9.579178319804616e-08 -2.605613193944516e-15 -1.856277874199253e-16 2.126770983956563e-15 6.543442010927052e-14 4.670742964358375e-15 1.704331122608377e-13 3.019372949531503e-14 -1.220464702905901e-14 1.190172094172368e-14 1.08420217372016e-15 -8.484532530614362e-15 -4.492933807885501e-15 -9.645495524383159e-11 -1.943150503823561e-14 -6.734196541379087e-15 -7.777632713399329e-15 -6.486020553349702e-16 1.323609787315809e-15 -1.082503031707738e-15 -6.139059530138414e-08 -2.72707494526372e-15 -1.682733160115517e-16 1.942987099900134e-16 3.661296530522122e-15 4.146986578280778e-14 -1.778937242585921e-14 3.53688433108873e-15 4.062028495948996e-14 3.538239583805766e-14 -1.126963107444988e-14 2.208845088506821e-14 2.056189422447859e-15 -1.489218779359488e-16 3.235327505878811e-16 -2.177109140428409e-16 1.795492807919189e-16 9.322535509139184e-08 -1.160348069465645e-15 -2.275166778920302e-15 1.344439043997898e-15 -8.092368683787206e-13 0.2396637193886905 0.4589386399812027 0.6174325869987199 0.6039429494263328 0.377329105187823 0.1374376525910506 -6.876041849293989e-16 -8.588004965035938e-16 -0.001655327050153234 -5.030519121457748e-15 -6.980242467607594e-15 -0.01074327221214881 1.082678784956322e-14 3.751908727190549e-15 -0.03971007094471535 4.901434081870623e-14 3.479248143534373e-14 -0.08590881539331854 3.209672115062301e-15 4.208092212792521e-14 -0.1396090570203398 3.060052215139844e-15 -1.084549118427097e-14 -0.06972865841801273 -4.463446648513073e-15 4.177217073307266e-15 0.2316948426513761 -1.095543944890262e-14 3.456741461660513e-15 -0.00196445317382703 4.814239133752816e-15 -1.116728238925112e-17 -3.162661108810191e-14 3.476819530665154e-14 -0.02053049014626742 6.81635196108413e-15 7.889522377680928e-15 -2.666616930292151e-14 4.53838356299137e-14 -0.1021381624545655 -8.164855519694586e-15 -3.637368188548586e-14 2.216977052727443e-15 1.137978893274549e-15 -0.444937060173051 -1.506716147088071e-15 1.325329717767672e-15 4.311289286191102e-15 -3.671218462719671e-15 -2.832003840376012e-16 0.001740225775657456 -1.035297879415635e-15 -2.232304513040858e-16 2.595813784964315e-15 1.279705509677801e-14 -4.653815857921719e-15 -1.952431274423642e-15 0.01492771069550444 4.237062094873215e-15 2.096413323092994e-15 -8.010953021136475e-15 -2.033963998621137e-15 3.937822501582307e-16 -3.712309447184204e-15 0.3370658834786834 5.655200372813329e-15 1.483188837933459e-16 -5.846020192198985e-16 -4.221188697423363e-17 6.506792758731925e-16 -2.223816819383116e-15 -2.374692445702556e-15 -0.0002489551152756651 -3.542048796855122e-16 -8.326503287528364e-17 2.173475957205273e-15 -4.847908375809605e-17 1.264613700427779e-15 6.158268862744997e-16 2.9906634624014e-15 1.981054644026529e-15 -0.1748465384751157 -1.492946718927604e-15 2.378306370301578e-15 6.703622601822574e-16 -7.622311430007466e-09 
1.078150182534368e-15 -1.78868193854844e-14 -2.861973501187524e-15 -9.259102822382326e-15 3.112100542942023e-15 7.272098956099819e-15 1.339226920224891e-15 0.009536169185212504 3.307091399544522e-16 3.929943499890591e-16 0.04512212363974425 -2.111118595213965e-16 1.563306817125794e-16 0.1613620515674577 1.00590929571499e-14 3.63417074969366e-15 0.4105768301123423 -1.649508082246651e-15 -2.167323949264572e-15 0.7839115136574616 -9.714468547116946e-16 1.531763521254808e-15 1 -8.02485898792247e-15 -5.554600209629602e-15 0.856690974133157 -6.887131768030806e-16 -2.713183371820466e-15 0.7583354702445406 -4.84012046773947e-16 2.810361785539116e-16 1.149730594379531e-16 -4.847479305386698e-16 -6.290526664556682e-16 -2.314369127162471e-16 3.429749724826734e-16 -9.019710554638503e-15 -4.015891899987664e-16 3.497750771746935e-15 9.828266586855363e-14 -1.229080846415701e-14 -4.045382261079908e-15 -3.766091287959698e-15 1.678131087314554e-15 9.011722031417073e-09 -7.373455199156961e-15 -6.696233546145404e-16 -1.495367853099141e-15 -2.740997463107028e-16 1.002135294541053e-06 2.50511210748617e-15 5.548483480370663e-14 4.079859940510978e-15 -1.169032203629159e-14 -1.419681212584101e-14 4.434307937255838e-14 -7.842996765124069e-15 -9.825274183602671e-15 -1.57474136912871e-14 -1.087847002368187e-14 9.454259548600438e-16 -3.261285862640469e-15 2.412336279245277e-09 -2.356625981054032e-15 -2.877690604886483e-09 -2.378428562001115e-15 -3.670725066528498e-15 -2.345427351978267e-15 1.387837386897628e-16 7.562458324721731e-06 -2.081735398261474e-16 -8.074203466623691e-06 4.385215176664218e-14 -6.007412158219512e-15 3.608448007974731e-15 3.3365258138908e-15 -9.726394771811689e-15 -2.232246089375266e-14 2.312981345944707e-14 -1.160315202852736e-15 6.245557583659995e-16 3.43838287737836e-15 -1.186577961471549e-15 2.449468925743451e-15 -1.84580454174526e-15 2.321151793409015e-15 1.371966506065603e-06 -1.715702549542897e-15 -5.559899867438548e-11 -4.781147595801967e-15 1.76835793640061e-15 1.062519995137243e-17 1.628474523159079e-15 -1.032162281243735e-15 -1.585540672188701e-15 4.302199749404005e-15 0.001043271280285667 7.143921321101295e-18 -1.185844043335892e-19 0.007009314696796862 1.482776421561261e-16 -1.537418436892547e-17 0.02848689456052578 -1.422988627942031e-15 6.20647250315335e-16 0.07296059935284491 -3.648509348607963e-15 1.49160900509944e-15 0.1678949703123185 2.840614680877441e-16 2.119090420403667e-15 0.4671765816888842 7.736880291247863e-16 1.575782205043613e-15 0.8007116193386107 2.515355227278014e-15 -2.884853382725754e-15 1.771207448749453e-15 -5.300436031803687e-16 -9.797960711216342e-16 -0.005010098841670733 1.166842450208121e-15 1.174713432991114e-14 -8.809022597438531e-16 -3.666344505669072e-15 -0.03028705038614361 -4.627925101268739e-15 -5.582349949960813e-15 -9.624906493958784e-15 1.51094680124811e-15 -0.1055340535586414 -1.736027567564819e-15 4.295183737936122e-15 2.001874920386879e-15 2.040040722392069e-15 -0.4490023321695598 -5.884196718661513e-15 -8.199051925007017e-16 5.616680043849087e-16 -1.720653045536967e-16 -5.443382621830895e-16 0.000381480802009459 3.022118807776727e-16 -1.362454888534794e-17 -3.219828609243349e-15 3.432048004700677e-15 -1.647990196539197e-16 -2.6653124342302e-15 0.003362121720716697 2.322011071834666e-15 6.124018306666282e-15 -4.711518905104028e-15 5.690770656275849e-15 -3.434759629234915e-16 -5.568475933996804e-16 0.1475811488291486 4.58401565300013e-15 -5.511955141831285e-07 2.222648003379653e-16 -4.275068819870111e-16 1.231689712475128e-16 1.957429610392258e-16 3.52284797853394e-17 -1.556042244469974e-05 4.660838741820393e-17 2.427304228368362e-17 2.675231207464184e-17 2.203103180311567e-16 4.900602837211912e-15 -1.790237882996743e-15 -9.645081570377866e-16 5.037648011955688e-15 -0.03483921094687749 -4.359368635048449e-15 1.468022837675008e-07 4.562332169603449e-15 
2.671681134069884e-16 1.372846306982209e-14 -2.324099858751219e-15 -2.293308464859853e-15 4.940502980099724e-15 2.935207880181518e-15 2.636819842929843e-16 3.339783753882144e-16 0.009536169185216546 4.537813555375101e-16 -2.209217891652156e-16 0.04512212363974123 2.4515681418703e-16 1.009548494461064e-14 0.1613620515674497 -9.462933181179872e-16 -1.645388106755498e-15 0.4105768301123073 3.287306760465332e-16 -9.818552138693267e-16 0.7839115136574611 1.36696450141426e-15 -8.02485898792247e-15 1 -6.175632962611316e-15 -6.800392073219351e-16 0.8566909741331551 -4.295295414723459e-15 -4.666639447390373e-16 0.758335470244546 -2.602186838462151e-15 1.517357002340864e-15 -1.120118336710053e-16 -5.763803903305399e-16 -4.795432852671581e-16 -8.039075442967729e-17 2.630929612449015e-15 1.032648004416701e-13 2.894391203079768e-15 -4.104796634274669e-16 -8.916494326538978e-16 3.240469152528854e-15 9.01171750725048e-09 -4.672431727184685e-15 -3.741805116595551e-15 -3.615170129406692e-15 -1.061682624414766e-15 1.002135293181e-06 -8.906506946576908e-15 -1.502306915062481e-15 -6.557703439264367e-15 -3.890557908724075e-14 2.864467170563388e-16 -4.204977090958728e-15 -9.797084877610158e-15 -1.166023537316344e-14 -6.910283103066459e-15 -1.834711822623221e-14 2.877694703177755e-09 -7.965864192114057e-15 2.412350295835548e-09 3.316797111366272e-15 9.254765998492521e-16 4.177221466601489e-15 2.489332560050473e-16 8.074203467442585e-06 -2.456402029397148e-15 7.562458321890597e-06 -8.535199929420433e-16 -2.329814300079004e-15 -8.326941593045916e-17 4.130589647063924e-15 -2.710827321368465e-14 1.365316509669579e-14 1.161290986521767e-15 -1.535579917869948e-14 -8.85144208193856e-15 3.306750859435146e-15 -9.392676757012222e-15 1.15577238777149e-14 -9.773991330776256e-15 1.197015229763408e-15 5.560052092900723e-11 -4.600560616906266e-15 1.371966507906212e-06 -2.380134723884287e-15 -1.830191533403426e-15 1.838872297791178e-16 -2.022733776426651e-15 -7.303567263543662e-16 1.382569530850622e-15 7.082454710443413e-15 -1.137980598873351e-15 -8.673632615493595e-16 -6.383796141853868e-16 8.396228543191706e-16 6.938938043924793e-18 0.001043271280285673 2.327642450776457e-18 1.491450129282898e-16 0.007009314696796727 5.89120819260054e-17 -1.422554522794148e-15 0.02848689456052506 6.108600585881675e-16 -3.648455138404023e-15 0.07296059935284235 1.923567767727111e-15 3.048781863597755e-16 0.1678949703123651 4.181558282903222e-15 7.459324047615791e-16 0.4671765816888828 -1.490997446247407e-15 2.50147740533439e-15 0.8007116193386282 2.46678383056887e-15 2.735067414012837e-15 -0.005010098841670848 -6.921694350974556e-16 -5.302603381164111e-16 1.126000143826171e-15 7.524809973724986e-15 -0.03028705038613271 -1.508691656768583e-14 -8.856049949264556e-16 3.825939345755457e-15 -1.374250351261332e-14 -0.1055340535586681 1.621622353394646e-14 -9.612817618504692e-15 2.300247369064157e-15 -7.424631017110923e-16 -0.4490023321695655 3.740074657718803e-15 1.97628769761764e-15 -4.99601608188243e-16 4.561788652591311e-17 6.535693347439575e-16 0.0003814808020095644 -6.774318829646703e-16 -1.726137593502973e-16 3.195251058080509e-16 -4.337866629381376e-16 -9.943452427961047e-15 1.258693170259738e-15 0.003362121720735888 -6.912668352036185e-15 -1.629558727235822e-16 -1.427679928159867e-15 3.731830431900254e-15 5.511955106824442e-07 1.204767633221639e-15 0.1475811488291388 -6.331756124326599e-15 -3.26128692068771e-16 -1.370434197112625e-15 -2.310656546980358e-15 5.523426846531549e-16 -1.903646364852918e-17 -3.908132179179851e-17 -1.556042244477533e-05 -1.880903490274618e-16 1.959642487853451e-16 6.801093588130671e-17 -2.993750036362737e-16 -2.139185465338171e-17 6.487878656980536e-16 -1.468022905034452e-07 -2.081671956972962e-16 -0.03483921094687859 2.962914188849978e-15 -1.0000700585113e-15 -1.040836124563898e-14 -8.28331983988916e-16 4.364573284685287e-15 
-2.110929691502576e-16 4.163340752605169e-17 4.484146974297463e-12 1.726625244137582e-08 4.652144661587741e-07 2.774571833828393e-06 4.812574389649827e-06 3.911454246229528e-16 4.536018915886938e-16 0.009536162538599707 1.398478816686783e-16 2.320500270715283e-16 0.0451220921900628 3.607330796381995e-15 -9.323335408029893e-16 0.1613619390996803 -2.198113812977306e-15 3.478124253738965e-16 0.4105765439501525 1.488394322143398e-15 1.36696354994055e-15 0.7839110052789974 -5.554600209629602e-15 -6.175632962611316e-15 1 -2.737502860235944e-15 -4.260650839505373e-15 0.8566851368731951 3.087960009934232e-16 -2.623031199449765e-15 0.7583336374633233 -4.691152985229699e-16 1.678465325631827e-16 1.567324320824367e-15 3.32663939335724e-15 -7.97997731774166e-17 -4.085278113494098e-16 3.025360946892965e-15 2.494743167973544e-12 -4.196300533563131e-15 -1.564722232854127e-15 -3.757415038706253e-15 7.882591840079325e-15 9.171899814253989e-08 3.629045362994201e-15 -3.792109594402666e-15 -1.498845013316251e-15 -1.214334997203768e-15 6.819516833825906e-06 -2.428669994407534e-16 -8.951779407942595e-16 6.1886325562152e-16 2.925364874597798e-14 5.241472534997975e-15 5.437323022902038e-14 8.932371690480506e-15 -1.951349137119145e-14 5.756794373464681e-15 -3.183220950448152e-16 -8.999754926881451e-15 -2.147589938226324e-15 -1.595525084120443e-09 3.609963377584047e-15 1.450230362159226e-15 -3.967316792193619e-15 -1.301976215643224e-15 -7.285933144560363e-16 -2.015817073543579e-15 -3.899663336717984e-06 -3.790499402489425e-15 -1.070358204576375e-15 1.607303083002586e-15 2.364484812582703e-15 2.825997640228961e-14 -3.102989904675787e-15 -2.021280251323216e-15 9.912220441827385e-15 2.4150188517471e-14 -1.065988705198239e-15 -4.223730877583932e-15 1.130119331634735e-15 2.335479173741946e-16 3.221452834286438e-15 1.720872153498326e-15 2.810339542748862e-16 5.108271418218546e-06 -6.750019235083811e-15 1.465892460959714e-16 2.983790455020287e-15 -3.931760366716764e-11 0.144437223232921 0.2985722449293824 0.4631247030437945 0.5826650997818701 0.5185145399569404 0.2722864555241138 -4.240338714802932e-16 -4.321654338328958e-16 0.0002265864752660561 -2.290765506146989e-15 -1.885707241831693e-15 0.00155020316168354 1.050159802580353e-14 7.760496978446811e-15 0.006604826840486202 2.356082236845288e-14 2.266852303527811e-14 0.01824972431095697 -1.754414445894726e-14 1.895187405092492e-14 0.04779368724376641 -2.626374124811446e-15 -6.022966288867367e-15 0.1827605770283823 -4.510288988041314e-15 4.302121803977914e-16 0.4597649049992097 -8.643048646139452e-15 4.606158188048156e-15 -0.003563239265653937 4.463229061847873e-15 4.312418709241181e-17 -2.111681124227746e-14 3.066126991762226e-14 -0.02206043460885928 7.086285143289206e-15 7.806263911135311e-17 -1.30451343581613e-14 1.711306521851879e-15 -0.08010160728825942 -8.414501974210267e-15 -1.824931029891812e-14 2.706172035947746e-16 2.799847373926149e-15 -0.3938492888960589 9.194046519088342e-17 6.245015749635012e-17 2.190714125311167e-15 -4.195547943992254e-15 2.285663231146874e-15 0.000347199755765981 -1.86989666856225e-15 -9.903011489870158e-17 2.549063651710883e-15 9.035316795809824e-15 -5.370086153951028e-15 1.082728804474326e-14 0.003090962600825478 1.324527829121727e-14 -1.989729934682615e-15 -8.869650528362851e-15 1.399923824125791e-15 7.910347845078847e-16 -1.595947806273598e-15 0.1493576835505075 4.985602168728617e-15 2.720917139205691e-15 -6.453180453219331e-16 8.30093167633584e-19 6.327914566441465e-16 -1.685693488944374e-15 -1.932368802732296e-15 -1.587643444883504e-05 -6.050428661260047e-16 -1.306837696685082e-16 4.556234225011453e-16 5.803875902682328e-18 7.225132559423431e-16 1.125836822859895e-15 -6.765429144720794e-16 -7.927696412711425e-16 -0.03798866609915342 -1.809318896817939e-15 -1.668806089908425e-15 4.753147757528665e-16 -2.468515492399268e-07 
6.133597634460919e-16 -5.485589937943265e-15 5.005413722705177e-16 1.225629736120292e-15 -1.609886508979956e-15 4.441141141041051e-15 -6.078789041855825e-15 0.003953035865593384 1.686093583441921e-16 1.786485243900324e-16 0.01907191210197226 -2.387966198179539e-16 -1.48314083161287e-16 0.07189067163947613 5.001578208560482e-15 2.713079052082508e-15 0.2039836934749382 -1.816434443766397e-15 -9.621583748572388e-16 0.4802596811656653 1.172718616637345e-15 1.425998079834575e-15 0.856690974133157 -6.800392073219351e-16 -2.737502860235944e-15 0.9999999999999998 -5.612266359397263e-15 -9.437509500808253e-16 0.981086249464427 1.717525788003323e-15 -1.040913332870123e-16 6.979621214613926e-17 -1.288774458671295e-16 -4.008675159069237e-16 -1.578659672968001e-16 9.664937695226373e-17 -4.001728791890018e-15 -3.20285760573367e-16 1.33378310213047e-15 1.862783718285556e-13 2.127504127952247e-15 3.084458138043371e-15 3.434885888443495e-16 -3.302174416188282e-15 1.931516135450969e-08 7.121316547470672e-16 -7.876172958269056e-15 1.908312800924294e-15 3.886115185651471e-16 6.949642501504042e-06 -2.137404821220763e-15 2.441733028911105e-14 2.297296782338554e-15 -5.487550048306702e-15 -4.324752269272114e-15 1.253559867787612e-14 8.682221609718957e-16 -3.19857484082383e-15 -2.283418455556936e-15 -8.235052162176444e-15 4.831392515639676e-16 -1.363111909934836e-15 4.077890967607765e-09 -8.42213851285339e-16 -4.821584428008307e-09 9.541825070005981e-17 -6.321653191310936e-15 -1.587385803996205e-15 3.795876005774835e-15 3.64607601951506e-05 4.996350222504408e-16 -3.617296804286599e-05 2.749345329146272e-14 -2.601698364196914e-15 -4.182906011225263e-15 1.743873089399685e-15 -4.367579918367274e-15 -9.471958037808818e-15 1.381470876214442e-14 1.741838437241308e-15 -8.511046543874527e-16 -3.785484180818436e-15 -3.348216939255012e-16 -8.535293202204268e-16 -2.5675676893219e-16 -2.546769198099999e-15 8.207562974199545e-06 -1.318485631790348e-15 -2.070389599983115e-09 7.168517577065745e-15 1.143512873048366e-15 -2.591885953455379e-16 1.257723365826306e-17 2.914448627733783e-16 3.712453893949357e-15 -3.969273402672965e-15 0.0005244658972709302 3.869414595740431e-18 3.489899020105689e-19 0.003541172969349866 4.609726484407757e-17 -1.00349758415853e-18 0.01458640691616599 -5.516840314608924e-16 2.912223887990235e-16 0.03823867963724895 -2.277943021924968e-15 7.653333611186294e-16 0.09205846986170896 1.491920130497806e-16 2.098563276311101e-16 0.2975250941774781 -5.776853528648928e-16 2.819035130319518e-18 0.688767836916016 -3.469584139476822e-15 -3.729804431849735e-16 1.149298090671992e-15 -2.503054687764564e-16 -5.033227129707047e-16 -0.001273190543726608 6.394343352505623e-16 6.062443472139845e-15 -5.443380646914541e-16 -1.313019824151476e-15 -0.008154539179462445 -2.924803159901117e-15 -7.124786018549569e-15 -3.261677857971416e-15 1.487583153373983e-15 -0.03162217153047052 1.59470648832531e-15 1.547433750322001e-15 2.930062495845708e-15 2.227473996611265e-15 -0.2144290980639463 3.608367636639117e-16 -3.71804305232285e-16 3.410211912626741e-16 -1.119164570321851e-17 -2.747314859376028e-16 4.780698727599229e-05 1.07635915670543e-16 -2.321976892782305e-17 -1.413217548758776e-15 2.80583445618076e-15 -6.246873424317653e-16 -1.276409638354761e-15 0.0004467232500107227 1.021635950190522e-15 3.203941850014779e-15 8.500478174277269e-16 -1.094653083427889e-15 -3.257938272178937e-15 1.375690081440721e-15 0.03779826210617804 2.570960496959835e-15 -1.33468398968654e-06 1.238147674161227e-16 -1.845188146797803e-16 1.379539375499302e-16 1.215761312141823e-16 1.115829248558851e-17 -9.57332993820069e-07 -2.302007315498707e-18 1.848919736550649e-18 1.43234069549713e-17 6.331988027417877e-16 -4.97885015504102e-16 4.059410840684818e-16 3.504278280365957e-16 4.389022757145996e-15 -0.004682711380067873 -4.382082573799264e-15 1.764422269930139e-07 -4.413309289668932e-15 
1.379604759409426e-16 6.423673007369758e-15 -1.780329109213019e-15 1.4051805891825e-16 -3.067111366246295e-15 -7.48054710944102e-15 3.469628448547845e-16 1.680721332780523e-16 0.003953035865593434 1.825681100051802e-16 -2.396124234317651e-16 0.019071912101973 -9.421885510650569e-17 5.000831096485549e-15 0.07189067163947968 -1.251014604338304e-15 -1.818169234616023e-15 0.2039836934749135 2.463403006170438e-16 1.200475270285572e-15 0.4802596811656653 -3.320389689541819e-15 -6.887131768030806e-16 0.8566909741331551 -4.260650839505373e-15 -5.612266359397263e-15 0.9999999999999999 -3.317007015725254e-15 1.714056038936641e-15 0.9810862494644552 -2.796587154311063e-15 7.669112375698258e-16 -7.396240127321847e-17 -2.361144191685415e-16 -1.292039632793559e-16 -2.772396280498417e-16 1.3952055406427e-15 1.877355961420643e-13 -1.219883240423519e-15 -3.300439591013309e-16 5.309327394636919e-15 1.675807964763721e-15 1.931516682257081e-08 -4.546886863582604e-15 3.139971443476068e-16 -3.205893539519075e-15 -6.696481854387347e-15 6.949642501170959e-06 -4.635580257169969e-15 1.906577971105271e-15 2.95628069428586e-15 -1.966081839413763e-14 6.860013565157649e-16 3.710717626899852e-15 -3.802336268634808e-15 -5.493676028493432e-15 -4.106683638278706e-15 -8.044577548130856e-15 4.821586604303184e-09 5.256416273729645e-16 4.077886727778865e-09 1.932557006258233e-15 4.579847842473588e-16 4.309220469953913e-15 -1.80938685595138e-15 3.617296804358962e-05 4.926864726488215e-16 3.646076020182637e-05 4.732700979777764e-15 -1.587385803996201e-15 8.743612889382714e-16 -9.12545452149658e-16 -1.60152231893588e-14 1.610970152538507e-15 5.932442582860889e-16 -9.121530286227153e-15 -4.482049008321689e-15 1.731126442572482e-15 -6.034036271980042e-15 5.381104366030883e-15 -5.177266441224353e-15 1.561382109411821e-16 2.070392406933896e-09 -1.422548867034045e-15 8.207562973320015e-06 -2.900679904102997e-15 -2.758400422987705e-16 -6.245458255849017e-16 1.752175703962467e-15 -6.280259832763309e-16 7.359981815405264e-16 3.704645858927562e-15 5.551330718129901e-17 1.995009477317768e-15 3.913689712499884e-15 -8.271632685290515e-15 3.72964808779445e-18 0.0005244658972709288 6.454619061457609e-19 4.571778311134278e-17 0.003541172969349788 2.786289966460762e-17 -5.512333924316492e-16 0.01458640691616494 3.681750516217649e-16 -2.275611896720994e-15 0.03823867963724881 1.34139991820375e-15 1.424696985082708e-16 0.09205846986173601 1.704215160694831e-15 -5.655418169187931e-16 0.2975250941774755 7.496464958088134e-16 -3.462644971197832e-15 0.6887678369160241 4.945894155908648e-15 1.144279225543678e-15 -0.001273190543726767 -5.372159350714112e-16 -2.500485960591349e-16 4.339281142635977e-16 3.411466205376258e-15 -0.008154539179456379 -7.569326173712871e-15 -5.469097565952036e-16 1.645449120670955e-15 -9.262048345029498e-15 -0.03162217153046856 5.648479005697594e-15 -3.260159915978435e-15 3.63265203867631e-15 -2.671578447865338e-15 -0.2144290980639488 -4.163502797404234e-16 2.917918956786547e-15 -2.498100671519389e-15 8.36901054307951e-18 2.845714527903432e-16 4.780698727605452e-05 -2.151775952658899e-16 -1.04271687786105e-17 1.521753789538808e-16 -1.899172447187909e-16 -6.455590448388174e-15 3.247684330221591e-16 0.0004467232500193531 -3.957925322941933e-15 -6.211635485188974e-16 -7.129990391098891e-16 1.85839469743666e-15 1.334683992535052e-06 -2.845057142348237e-16 0.03779826210617809 3.903282072183634e-16 -3.264877437827886e-15 -4.454943695136879e-15 -3.882463296741376e-15 2.619839126321455e-16 -9.680480236737416e-18 -1.721121324350998e-17 -9.573329938839781e-07 -1.606407432366758e-16 1.214895187315891e-16 6.081212757117903e-17 -1.719106366473852e-16 -2.196695854390608e-17 -1.628968974724763e-15 -1.76442222007225e-07 -1.561311861801853e-15 -0.00468271138006685 2.040114925851261e-15 3.599691797900658e-16 -2.685456779192898e-15 -2.687191250926314e-15 -7.633082104773311e-16 
-2.710558252417422e-19 6.956423409669383e-16 7.527922216461579e-12 3.332088992458326e-08 1.734236656532737e-06 1.324769273836339e-05 1.364459336041761e-05 1.782788569561651e-16 1.849949457275843e-16 0.003952985918435455 -1.420823579841431e-16 -9.344960069728915e-17 0.01907167112571133 2.711657295629204e-15 -1.224828181938454e-15 0.07188976329084462 -9.484849125279916e-16 2.567458016536378e-16 0.2039811161223228 1.396488991620584e-15 -3.327286814817724e-15 0.4802536842548694 -2.713183371820466e-15 -4.295295414723459e-15 0.8566851368731951 -9.437509500808253e-16 -3.317007015725254e-15 1 -1.457276194882791e-16 -2.810461232988253e-15 0.9810892795462943 -1.198627946649764e-16 2.935186624017193e-16 8.162358873728102e-16 1.765311999306726e-15 -1.361135554158954e-17 -3.211490981833246e-16 -9.706032163864988e-16 4.10281178857647e-12 -2.852827505536374e-15 -1.496238202204467e-15 3.348104043525165e-16 8.385873024179246e-15 1.694014860577e-07 -6.189655554462351e-15 2.10427474488852e-15 1.896156007006438e-15 1.360089392977566e-15 3.363827439925602e-05 3.677792746316886e-16 1.64640547585887e-15 7.313135270918364e-16 1.189016045837921e-14 2.572011784977541e-15 1.791669350999034e-14 2.548944779360101e-15 -1.19798805389816e-14 2.079554254947614e-15 1.097241348289738e-16 4.63183304334592e-16 4.89204838287683e-16 -2.629246926092754e-09 1.630682794292302e-15 -4.02466391781859e-16 -7.502875622693052e-16 1.283792970129512e-16 3.545909950221377e-15 1.047834875718167e-15 -1.454152473025781e-05 4.933845010831887e-15 3.563324197523281e-15 3.304032042718437e-15 1.776593124765781e-15 1.219542557854621e-14 -1.228216402505118e-15 9.991726922039073e-16 7.601757451663583e-15 1.353932938407674e-14 4.857353004257731e-16 -2.28355223882071e-15 1.973191234921372e-15 1.604733558385404e-17 -3.400218799364786e-15 1.762550472217309e-15 -6.113509603419454e-15 2.493183689363975e-05 -1.069343734264397e-14 -1.00620000536027e-15 5.395245135726779e-15 -1.464007896031095e-09 0.07447477149499353 0.1609975155977204 0.2720292266530902 0.403183880507468 0.4716127341729356 0.356522587263547 -1.678938786528367e-16 -1.470765556296893e-16 0.0003226406690030811 -9.688983882428259e-16 -8.401904133033131e-16 0.00218188336020801 5.259407727240077e-15 4.019395234832381e-15 0.009025517187272335 1.332142614299945e-14 1.112355522586679e-14 0.02383487423585451 -1.599023261312447e-14 7.398789486844229e-15 0.05820270254559248 -8.097901365802636e-15 1.27678993256869e-15 0.1971373779753025 1.8804908430329e-15 1.915186246040907e-15 0.5010748551064174 -3.93324295048578e-15 2.664343336582477e-15 -0.001189905414776109 2.33492369787811e-15 1.918410484800979e-17 -1.283859115938003e-14 1.986917594080926e-14 -0.007656280582132005 8.457181498109722e-15 1.05473950949609e-15 -9.055493815079757e-16 2.70493845424581e-15 -0.02994730851983102 -4.78969701598414e-15 -9.19774486734779e-15 2.636849306488453e-16 5.051648419523499e-15 -0.2112047089514016 -1.006166237405092e-15 -1.925594937162308e-15 1.910546424865969e-15 -2.149382092604606e-15 9.328550510541393e-16 5.109829025049338e-05 -3.538882029354951e-16 -3.670374634268756e-17 1.072698772609139e-15 5.46278736085996e-15 -2.62332299723817e-15 1.303548743294401e-14 0.0004785036671761753 8.535713674401659e-15 -9.801444455020754e-16 -6.906982495161957e-15 1.387815635845465e-17 2.619501221908523e-16 2.817265656477923e-15 0.04152822043375417 -3.660363630029819e-15 2.844154167692784e-15 5.320538193922611e-15 -4.692685484721291e-18 1.026882830580395e-15 -4.795661978291621e-16 -8.123127514847231e-16 -1.095117698613948e-06 -7.006321575134039e-16 4.866247083243059e-17 2.549270154417163e-16 -9.188007121444396e-18 -4.007317131648368e-16 -4.157374089345535e-15 -2.189278526249577e-15 1.793751465067106e-15 -0.005451590020192775 -8.465674225848585e-16 -1.429449888121576e-15 1.809364145707232e-15 -6.042933128410778e-07 
5.91478258397426e-16 -5.121692853662863e-15 -2.648671039136942e-15 6.280001912232891e-16 6.363275025015162e-15 -7.785948751010084e-15 2.234461724863638e-15 0.002906166673014563 1.64734152424124e-16 1.201046947963463e-16 0.01407950613856155 -1.945477588189919e-17 4.958730763905517e-17 0.05368262718947175 3.801155613044326e-15 2.860480150418522e-15 0.1561187564823266 -1.593420373381689e-15 -5.518855267088292e-17 0.3869012546747125 -1.280287684262017e-15 2.567514594747325e-16 0.7583354702445406 -4.666639447390373e-16 3.087960009934232e-16 0.981086249464427 1.714056038936641e-15 -1.457276194882791e-16 0.9999999999999997 4.226194089543474e-15 -3.074192940570709e-15 1.542667241445583e-17 -9.56324952676466e-17 -1.098972633120389e-16 -1.59405737288417e-16 5.800718176749997e-17 -6.525043417944662e-16 -2.165256182391837e-16 2.382134183334796e-15 1.871024214588482e-13 -8.032292667091822e-16 -3.049790989082814e-15 5.25646569474561e-16 -3.267943015306238e-15 2.031284102048974e-08 3.981382486353203e-16 3.650137373985761e-15 -3.544290636687076e-15 -1.644674922486339e-15 9.485057956704992e-06 1.172807825678575e-14 2.521538813892969e-14 7.098071906873959e-16 -6.133735978672019e-15 -4.95059749783812e-15 1.233100926945568e-14 4.464146728568678e-16 -3.691994905689359e-15 5.464642543475063e-17 -4.845316388519267e-15 1.769503299787656e-16 -2.484243848332374e-15 4.041972625419351e-09 1.7405265989952e-15 -4.768794636437152e-09 2.276180394673206e-15 -7.105854795114331e-15 3.469728361977408e-16 2.990928587364678e-15 4.092664019977155e-05 4.580030756371622e-16 -3.80510962919515e-05 2.333142144976225e-14 -9.996284112949486e-16 -3.369754476342172e-15 8.703297947903158e-16 -5.399993870495789e-15 -5.30330547787389e-15 7.468114405296061e-15 1.776225677513315e-15 -1.251338087179854e-15 3.206068068449547e-15 -2.133857796808208e-15 1.318472319218134e-16 -4.423891319674748e-16 -1.988164125458826e-15 1.102560014907921e-05 -1.013161640805951e-15 -6.03128373887232e-09 1.42608345564494e-15 9.052482394157495e-16 7.787657751643013e-17 1.151478250225357e-15 -1.405193797230198e-15 5.815075901360514e-15 -5.690270604412926e-15 0.0004016530184000873 3.907145926672785e-18 3.21886915949376e-19 0.002715155171813199 4.762685848845279e-17 -1.706219947669009e-17 0.01122002899488302 -6.333890624981272e-16 1.798034466218353e-16 0.02957962998373414 -2.005044030839231e-15 7.035659508778359e-16 0.07200591106368694 6.622626320506912e-16 -8.101710365572108e-16 0.2418383827083656 2.983868309484269e-16 9.706246041513674e-16 0.61017685948155 -2.029725801069713e-15 -1.460709233783009e-15 7.525107225175483e-16 -1.504767852314116e-16 -3.977731536400335e-16 -0.0007663278051024802 2.390814995708377e-16 4.908311573395405e-15 -2.616983702166001e-16 -1.452684142798484e-15 -0.004974941673125254 -2.60502979660253e-15 -7.627947067782596e-15 -5.606137752156294e-16 1.016596993796021e-15 -0.01979478351473352 -1.527280850534334e-15 7.473550740796297e-15 1.071243693866083e-15 1.491935859972736e-15 -0.1519427778453816 2.380157180015343e-15 -4.112152619983994e-16 2.072234242859693e-16 -5.873228594228266e-17 -2.804103100254735e-16 2.248323984402658e-05 1.163030219267872e-16 -6.895180788631908e-18 -3.726514857470955e-16 2.375899720115576e-15 1.578132385313613e-16 -1.092138188826654e-15 0.0002129180087352863 4.120624416896102e-16 2.157015848397908e-15 -5.273815624985394e-16 -8.63934009349558e-16 -4.111494295153201e-16 -3.920666846875653e-16 0.02125750154939001 1.578674793858055e-15 -1.497764056372145e-06 1.671093441415769e-16 -2.549838940949897e-16 2.278481361641041e-16 8.58292174510939e-17 -1.798986233052813e-17 -3.514437967079041e-07 2.009108185079919e-17 -5.266324035495362e-18 9.898957450220436e-18 -4.284974642633533e-16 5.233913630200242e-15 -2.060951030572194e-15 -2.467763718737041e-15 1.50581326662204e-15 -0.002080903891231094 -1.054762965025173e-15 1.522361210637441e-07 6.55757308591427e-16 
-1.163978537946519e-16 5.451550170682513e-15 -2.448463450714973e-15 -2.966520240308922e-16 3.899847943357186e-15 -5.107360321518228e-15 3.608447505990986e-15 1.641950163918165e-16 0.002906166673014341 2.168623402314809e-16 -1.953891019912042e-17 0.01407950613856203 -2.705263054132607e-17 3.793553972700609e-15 0.05368262718946882 -1.760368455847084e-15 -1.593745649723753e-15 0.1561187564823104 1.903950854421825e-16 -1.285492105742769e-15 0.3869012546747236 4.024752607982313e-16 -4.84012046773947e-16 0.758335470244546 -2.623031199449765e-15 1.717525788003323e-15 0.9810862494644552 -2.810461232988253e-15 4.226194089543474e-15 0.9999999999999999 -6.203901780745435e-15 3.794292347250073e-16 3.82504648269549e-17 -1.945022419149468e-17 -9.584838906809421e-17 5.31256169160192e-17 -6.70069264255537e-17 1.87199570659621e-13 -8.375865803193588e-16 -2.00261801145606e-16 3.172094885931859e-15 2.378420617765961e-15 2.031284304674498e-08 1.452467307002077e-15 5.308509909545001e-16 6.949637577486281e-15 -3.844441264616201e-15 9.48505795329087e-06 -8.327467961956187e-16 -3.55643455957344e-15 -3.067343544082442e-15 -1.34032827304352e-14 2.083774458752889e-15 2.265658146582722e-15 -4.879904106204722e-15 -6.123272923008215e-15 -3.633336738705134e-15 -5.268988823806295e-15 4.768797233009548e-09 -2.873708054988259e-15 4.041969919120144e-09 3.273581104611183e-15 1.795525407137511e-16 -5.187073398385373e-16 -1.280721383403393e-15 3.805109629438769e-05 1.998521661125916e-15 4.092664019499749e-05 -1.74875638982808e-15 3.556471571026854e-16 1.748739016069174e-15 -1.578753170085836e-15 -1.398452444699798e-14 6.388427354357468e-16 1.654897601995265e-15 -8.337483194852081e-15 -2.838578210066119e-15 8.607002597528048e-16 -3.646998345064211e-15 4.779285291118899e-15 -3.300416402799701e-15 1.57874563976683e-15 6.031284981020464e-09 -3.122697598148228e-17 1.102560014766454e-05 1.23175962397537e-15 -4.753514594474046e-16 -1.387892658638296e-17 2.133857796808219e-15 -6.037433607839923e-16 8.464431362367307e-16 2.592235593822236e-15 -2.346326679366935e-15 3.427978942378872e-15 3.337770296604322e-15 -1.068660576926335e-15 3.873686357219439e-18 0.000401653018400088 8.962009396695829e-19 4.776239061652109e-17 0.002715155171813046 9.866262397508358e-18 -6.320987573216825e-16 0.01122002899488251 1.859646776633243e-16 -2.006372242568487e-15 0.02957962998373255 1.303355195517724e-15 6.611783775776845e-16 0.07200591106370621 1.385677216373046e-15 2.879779880083717e-16 0.2418383827083583 4.415084213700165e-16 -1.942985382220569e-15 0.6101768594815573 3.02550701154107e-15 5.920673198155917e-16 -0.0007663278051026607 -4.330732603973664e-16 -1.499405345694987e-16 2.294384113524378e-16 3.246691593667913e-15 -0.004974941673118549 -6.806949580899336e-15 -2.658303962469515e-16 1.545279474784794e-15 -8.606378304132285e-15 -0.01979478351473758 3.153879410786991e-15 -5.562767573240555e-16 -2.123403959737651e-15 3.372465793896954e-15 -0.1519427778453854 -1.040885483701914e-16 1.078182924271699e-15 -9.298573239710134e-16 -1.057656355366829e-17 2.21699756820531e-16 2.248323984403403e-05 -2.866823886159209e-16 -5.930850789946669e-17 1.196894112385514e-16 -2.30771705524589e-16 -3.820695911623711e-15 3.573128850191695e-16 0.0002129180087374845 -3.263389112550395e-15 1.558615804801345e-16 -1.712037812717563e-16 1.7688527470978e-15 1.497764052187779e-06 -2.926619826852835e-15 0.02125750154939597 8.674041696627595e-18 -4.163538526737446e-16 4.545195560338599e-16 -2.394034724499988e-16 2.953680716639675e-16 -9.491462006957755e-19 -7.864180281678207e-18 -3.514437967024278e-07 -1.236825171644786e-16 8.550364992760207e-17 5.563665471473689e-17 -1.248614586064514e-16 7.963340859209233e-18 -2.886719759247869e-15 -1.522361253712718e-07 2.911006590319999e-15 -0.002080903891230274 -1.491934803335209e-15 -2.480774775250595e-15 3.372465796067346e-15 -9.966467950116167e-16 -1.373967694191569e-15 
-5.438795480878849e-17 -2.064397932810596e-16 7.448906343374716e-12 3.442910045963924e-08 2.154873867842773e-06 1.460566750837719e-05 8.300257592554612e-06 1.206464551972098e-16 2.18109811667125e-16 0.002906134881182945 3.459594688375833e-17 -3.376130993537448e-17 0.01407935211667079 2.871286202102293e-15 -1.757381084254941e-15 0.05368203993167167 -4.282758316493145e-17 1.786831824197439e-16 0.1561170486403977 2.411355573578428e-16 3.868577646820051e-16 0.3868970949415936 2.810361785539116e-16 -2.602186838462151e-15 0.7583336374633233 -1.040913332870123e-16 -2.796587154311063e-15 0.9810892795462943 -3.074192940570709e-15 -6.203901780745435e-15 1 -1.02066526861823e-16 1.767593532591325e-16 6.996888634405961e-16 7.973323542927724e-16 -7.890498841933064e-18 -2.010185802222218e-16 -1.628098705834172e-15 4.038427279809424e-12 -1.757123576634833e-15 -4.128795865621239e-16 5.291103958788559e-16 -5.481930655644348e-16 1.728187517631351e-07 3.381102167041342e-15 -3.538967939790775e-16 -3.601522002268949e-15 7.772025624736991e-16 3.771846524325485e-05 -5.051816656079041e-15 -1.113808265260602e-15 -2.354432831458753e-16 9.00794183071708e-15 2.327218341903455e-15 7.411015099971729e-15 6.157413792242393e-16 -5.662131767185751e-15 5.351550471044318e-16 3.061901135657312e-16 1.331449927253884e-15 1.249047488763709e-16 -2.589784444940312e-09 1.20090711680096e-15 -2.619530150040152e-16 -6.704956311227257e-16 -2.860808239705054e-15 -1.52663179046067e-16 2.262238144123648e-15 -1.246965502936721e-05 -6.092776351351408e-15 1.779947026665051e-15 -3.487097975625911e-16 3.570004329579536e-16 6.031858497799695e-15 -1.162850201123521e-16 -9.016019438174911e-16 5.700513955643325e-15 8.19488184918317e-15 -9.361350710024146e-16 -2.556915139206979e-15 1.425209807106525e-15 2.689042826618627e-16 2.942262791308426e-15 -2.914485875084092e-16 -2.741047773005916e-16 2.866878726262754e-05 -3.022091911757143e-15 1.313279061543881e-15 -1.203968382764179e-15 -4.264841823866775e-09 0.05738403042399175 0.1254101492215035 0.216498185319371 0.3351846981063434 0.4251535477873791 0.3650397144516693 -8.760720645494337e-17 -1.112438042361043e-16 0.0002809539250622368 -1.523896848096354e-15 -2.130631842938079e-15 0.001900845140631514 2.91350495762906e-15 1.702294783060822e-15 0.007872936366343971 1.186524638551569e-14 8.975143491711851e-15 0.02083834351768226 -7.316902841270678e-15 2.413090356756357e-15 0.05112418007305825 -1.117203587186386e-15 -1.287212828714729e-15 0.1763508874236143 4.205129503547386e-15 -4.191251188354205e-15 0.4714631013728474 -3.86829133098136e-15 2.638911833786666e-15 -0.0007528883373698072 2.047057356953789e-15 2.021434819319086e-17 -9.638916818638312e-15 1.296569842433191e-14 -0.004900886107204852 6.090759977684836e-15 -3.228440800807414e-15 -3.950112683200976e-15 3.502103636017558e-16 -0.0196004022597202 -5.653024129247612e-15 -3.648259540084366e-15 3.025471195149279e-15 -1.859693404479496e-15 -0.154211467217284 -2.803418415707895e-15 5.811544699087896e-15 9.047598004243164e-16 -2.064410638778614e-15 -3.499240557871033e-16 2.479445355065322e-05 -2.106353039498759e-16 3.078444306114255e-17 9.721022784542576e-16 4.468380651627549e-15 -2.236250386776154e-15 1.848416804545863e-15 0.0002351053926821629 7.394317763750602e-15 1.940794275068844e-16 -4.43476913066289e-15 -1.01832102181618e-15 -4.146143964995991e-16 2.657696352210385e-15 0.02384537916959765 4.083692697848078e-15 5.447235852190068e-16 2.064398664329247e-16 -7.979559737131022e-18 5.190286323835841e-16 -2.600843906274645e-16 -6.129791017582352e-16 -4.112986342384245e-07 -5.087322981869707e-16 6.613879931795725e-18 3.023397816953736e-16 -2.019740690239268e-17 -8.231571763722616e-16 -1.341858768772015e-15 -1.883980079653922e-15 -3.101801940488258e-15 -0.002463162097938657 2.817296617087756e-15 -4.454936946183172e-15 -5.66408387852698e-16 -6.680756092934643e-07 
-5.052916662610892e-15 -1.275624285815911e-15 6.008349797936706e-15 -2.590810774953272e-15 5.477164416002516e-16 1.911478189121435e-15 -4.097668303328784e-16 2.02198971252533e-15 5.930662460194507e-15 1.331434211482895e-16 -2.382480769467584e-15 1.234737478628983e-15 2.247734605985579e-16 -5.922106376454499e-15 1.659284074054744e-14 3.662008051008216e-15 8.374704713669582e-16 4.814866845061548e-15 3.718438515469955e-16 8.959981370835099e-17 3.081906432369894e-15 -8.683328605915771e-16 1.149730594379531e-16 1.517357002340864e-15 -4.691152985229699e-16 6.979621214613926e-17 7.669112375698258e-16 -1.198627946649764e-16 1.542667241445583e-17 3.794292347250073e-16 -1.02066526861823e-16 1 4.318260076993616e-15 -1.351556292722216e-15 1.935436989093692e-15 -2.793449686707666e-16 0.2969923426754584 2.28018404708999e-15 7.583426911937661e-16 4.368065065964292e-16 -2.934428963665971e-16 0.07212128655273178 5.813474937400764e-16 -2.475540850028011e-16 3.320120740735747e-16 -2.261416538641637e-17 0.007826251172847427 6.842674493947121e-17 1.346777372051035e-17 4.999173034790922e-17 8.999527015122429e-18 4.884728113057074e-15 -7.17484340169517e-16 -3.011839509855986e-15 5.366251683721168e-16 -7.16857790560137e-16 -5.419836993876865e-16 -1.687065696595241e-16 8.89796476387175e-16 -5.116079001417022e-16 -6.213531399653869e-16 6.499998513178904e-16 -1.197041916489699e-16 -4.921945005612709e-17 -5.118827358663563e-16 4.510485628712738e-17 -2.646162461917327e-17 -2.633492597550729e-17 5.136009747696007e-18 -7.300397966771214e-18 -1.721403324609763e-18 -1.112763828787957e-17 -6.344242827442729e-16 2.244818470494312e-15 1.705368702156983e-15 -7.309001038357471e-16 -8.023101370350276e-17 -1.75385502203608e-16 1.154601032878253e-16 3.450003178300869e-16 -5.305972691562841e-16 4.92487350358186e-18 -5.182867574075252e-19 1.562374643991151e-17 -6.014167612315865e-19 -1.947495597607728e-19 -1.83902138682545e-18 -3.109582542523608e-19 3.2618809899131e-18 9.171463180496815e-19 9.568610861060057e-18 -1.964440163713028e-16 -3.787218599946916e-16 -1.898613125241653e-15 -1.225794243293584e-15 4.997065246429039e-16 -1.042236215356857e-22 -1.129171359360757e-22 -1.693371706071441e-23 1.136506956618339e-19 1.31490566663885e-19 -1.02544033835393e-19 -1.275019645791063e-17 -5.092296654076993e-19 5.22388047019952e-18 -3.470404612036576e-16 1.798302852604677e-18 -8.738643898655653e-17 1.020808009869192e-16 -1.357847068337015e-16 1.418284067708121e-15 3.384279112652322e-16 1.028020015667105e-15 -8.99755447653753e-16 3.25864987517245e-17 4.990516354341159e-16 -3.319477759700683e-15 0.0001690417663941292 6.780756571091008e-18 -1.60277763060785e-18 5.835943840520336e-17 -5.000000002887103e-20 0.007468836807844763 6.905925131670008e-17 -2.434498020679776e-16 3.333141252029324e-16 1.2339508146794e-18 0.02900252625309352 -1.515048870892694e-15 3.022182792129799e-15 -2.292581347037462e-15 -3.701401630603822e-18 0.01869451156900124 -1.170187921150916e-15 -1.908940334710783e-15 -1.082087413595162e-15 -1.434715890090856e-17 2.802920469600149e-19 -0.0003226183688214996 -4.840061148445982e-18 9.625182990996212e-18 -2.529750672018265e-17 4.810478949722906e-19 -4.001968562920599e-19 -4.805193301151339e-18 -0.01412149877799738 1.02781186805679e-16 2.935219797962324e-17 -4.267921042517414e-16 -3.161141434814533e-18 -8.121325428496579e-19 8.330639292273174e-17 -0.03896052326434975 1.211190820737764e-15 -7.272123550339825e-16 2.362932276675183e-17 -1.626024788607488e-18 -8.939739109115171e-17 2.066356946881614e-20 1.503827346918353e-18 0.0002799737922670629 3.266321061145217e-18 3.208423887964443e-18 -1.292391049185773e-17 -2.772521347575125e-20 1.208343393484583e-18 2.085524667574675e-19 1.319944643202282e-17 -3.995753295905769e-16 0.05846766389017946 6.17705371833828e-16 7.673482757390929e-16 1.073598848756269e-15 4.991128849739194e-18 6.690054051719926e-17 1.601444910046163e-18 
-1.042326830576676e-15 4.615041318068417e-15 4.91261803465733e-15 -3.674019176023601e-16 1.598043977175175e-15 1.544148387933119e-15 1.17384519198342e-16 1.536924414104692e-16 6.409512164379225e-15 2.563596156848094e-15 -3.28605763900367e-16 -2.278222166582887e-17 5.739969814852364e-15 3.818100450610455e-15 -1.260154632552843e-15 -1.103159473941324e-14 2.772836832180295e-16 -1.630694277527215e-15 -3.289179970751711e-15 -8.420463403090204e-16 -3.001613720752362e-16 -7.582531485103669e-16 -4.847479305386698e-16 -1.120118336710053e-16 1.678465325631827e-16 -1.288774458671295e-16 -7.396240127321847e-17 2.935186624017193e-16 -9.56324952676466e-17 3.82504648269549e-17 1.767593532591325e-16 4.318260076993616e-15 1 1.166403811921089e-15 2.293721990089033e-15 -1.075629961580995e-15 2.052136360849298e-15 0.2969923426754051 -3.057617944812456e-16 5.008821171452328e-16 1.079741114650364e-15 5.81922374690756e-16 0.07212128650935155 -8.247160464170317e-16 -2.425151037446502e-16 -6.918067588780058e-17 6.29928181739793e-17 0.007826205881838879 1.148393721598752e-17 5.346062160146736e-17 -7.202536625476245e-18 1.375605064444907e-16 1.607178226054923e-14 4.316534109317026e-15 1.204124488353036e-15 -5.500606134891055e-16 -1.801064578713517e-15 -9.192056964705384e-17 -3.822077355830823e-17 2.814404338791709e-15 7.168744764500754e-16 -5.625432735154442e-16 7.153682467290708e-16 -3.701974436639178e-16 -3.611815306764516e-16 -3.39919676875547e-18 1.03357831425941e-16 3.654220247315878e-17 -1.30042191283161e-17 2.752531584815687e-17 -1.194104766453347e-17 -9.753214185869229e-18 -3.436662392837859e-17 -1.35967412171258e-15 -1.69551324882257e-15 7.843877457281949e-15 -8.854611909450816e-16 -4.623447791109993e-16 -1.561491050461721e-15 1.024207202717242e-15 3.141489823760192e-16 2.748284785900419e-18 4.960025122828529e-18 -1.09817051172785e-17 7.345690676252707e-18 -2.34067870518894e-20 -8.052775066453846e-19 -3.339156500484039e-18 -2.836898476534265e-18 5.010618199579805e-19 3.583977004600102e-16 7.308618756127743e-16 -9.524020459478565e-16 3.23420292752695e-15 2.747662682802295e-16 2.597265288491039e-16 2.797020723820114e-21 3.096419552852968e-07 1.435791799299374e-20 4.513134543497501e-19 1.315964723766037e-05 8.505764117577992e-19 2.593575367231763e-18 0.0007383053146192123 -1.810991399950611e-16 -5.537224796088057e-17 0.009312165406815683 -1.599989783175529e-15 -6.032282958706654e-16 0.03691183476794419 2.524755182227584e-15 1.811636416810514e-16 0.0383341888265679 -4.672805484326564e-16 7.060496984852122e-17 0.009219847531631773 -1.385894625685015e-15 4.116985868671655e-18 -0.002762427071817376 4.386054908390834e-16 -1.617515491587309e-17 5.147830329229679e-19 1.212437352415598e-16 -0.0603761278380711 2.823103082609774e-15 -5.6396742871907e-16 -6.870543639021799e-17 -7.468977379339328e-17 -0.1059359857465027 -3.996820173417503e-15 7.500983644217569e-17 -1.633827028882498e-16 4.473896086096786e-17 -0.003664688986755775 5.673632152135031e-16 6.167866365866671e-16 6.327899310393963e-17 6.019579639982477e-18 1.515914653898455e-17 0.003407868075163445 -1.280597773148637e-16 1.187374168763275e-17 -1.898825769750161e-17 4.576123463355419e-19 4.327973077511845e-17 -1.624262372546857e-16 0.07857376650358873 -2.427882882786173e-15 -2.86081898296548e-16 -7.8304066688062e-16 7.149006051303618e-18 -2.434805010588839e-17 -3.88249691599478e-16 -0.01278580944719564 9.620054348929716e-16 -5.621955973007821e-16 9.189557373480131e-17 -1.578967994091487e-17 1.350211427417006e-19 -1.227638237533581e-18 -7.240872524913336e-17 -0.002316675001368763 -7.20269100363251e-17 7.009240016111812e-17 1.947464867354291e-17 -4.621285283174596e-18 -2.94302952031965e-19 7.38681635192699e-18 -1.131391266879046e-17 -5.685153349095503e-16 0.03415156994865242 -3.025322211427466e-15 6.989724122434158e-16 1.308365405821326e-16 6.442695098666752e-17 4.483068847522903e-18 
7.172159275563377e-15 3.825509787420966e-14 2.832066178794054e-14 1.604185535729569e-14 6.992889781465968e-15 3.421909471275554e-15 2.338709807898006e-15 -2.19525390159974e-15 -1.557415836452184e-15 1.538916636143333e-15 -4.437659371475668e-15 2.044014068077922e-15 1.385381338727972e-14 -1.184462977780022e-14 -4.45206242821157e-16 1.022359280567196e-14 -4.9422959935272e-15 -2.693486845238554e-15 4.128858713260952e-15 -1.051088938228675e-15 -1.342047329159393e-15 4.983426871257551e-15 -6.290526664556682e-16 -5.763803903305399e-16 1.567324320824367e-15 -4.008675159069237e-16 -2.361144191685415e-16 8.162358873728102e-16 -1.098972633120389e-16 -1.945022419149468e-17 6.996888634405961e-16 -1.351556292722216e-15 1.166403811921089e-15 1 -5.533766220862551e-15 1.096653047192812e-15 7.209105818239476e-16 -2.899848264568164e-16 0.2969923426754618 -1.363145518329529e-15 2.615611271342657e-19 -2.520103986743374e-16 -8.287601188342329e-16 0.07212128712045829 -6.292469973091575e-16 -9.692218324651408e-17 1.338562642596038e-17 1.149663939622609e-17 0.007826400007544873 -4.189618682050771e-17 -2.159611791722572e-17 8.946551247825833e-16 3.154002295373636e-16 4.856035214694033e-15 1.789800946339617e-15 2.219385179713371e-14 5.08861051703089e-16 -1.434638345347971e-15 2.60323466416072e-16 1.43900385100152e-16 3.946759282169471e-16 8.161873954512287e-16 6.168914872631435e-15 1.400521597381705e-16 -1.833932280245898e-16 2.845559286855791e-17 -3.84293201825824e-19 1.693901046055094e-17 6.009433755691819e-17 2.204292582657609e-16 4.024313559269914e-18 -3.938024405227204e-18 2.81131831652343e-16 -9.313875026337115e-17 -4.219415006478622e-16 -6.254829036915202e-16 1.818857564562326e-15 1.075908914154836e-15 1.016292100033107e-16 -1.541574002939703e-16 1.328100650966464e-15 4.352910709298034e-19 3.627916956315689e-19 6.852238874427113e-18 9.819103763804368e-18 -1.721574812707418e-17 1.38004322843999e-17 -3.003544741952056e-19 -3.845352168978575e-19 2.178587908227184e-17 0.004751342953604897 0.03621005931296246 0.04137963767494508 0.01485127862390559 0.002569323243722136 0.0002554359611466202 -1.682741269000941e-20 -1.695355831431398e-20 -5.013955760164647e-06 3.998871844654113e-18 1.525217582240809e-18 -0.0001757343733809441 2.37383872975968e-17 3.369255816952938e-17 -0.006539557923021775 7.893028335721042e-18 -1.388728695145055e-15 -0.04938989171336625 -6.769438510802851e-18 1.097270832071053e-16 -0.09596649269170403 -3.113105298936133e-16 -1.857373846770296e-17 -0.01128701874197917 -2.38396469872764e-16 -3.713991417469909e-16 0.005825929868639701 5.464459364208743e-19 -7.387449961858973e-18 0.0132059517330183 4.862676315952042e-17 1.021284953938656e-18 -5.571902337357733e-17 3.233889736301197e-17 0.1224375357446968 3.960211472303505e-17 -4.698984096322272e-17 -6.650749590710995e-17 -1.869621704928966e-15 0.05835825721127531 1.436787313016655e-16 5.842780330602694e-18 1.606698964422703e-16 5.540851563110924e-16 -0.002203664710165847 8.525629307773194e-16 -2.509690334735453e-17 5.386121728360287e-18 8.409822321049696e-18 -5.330313277766744e-16 -0.01185721202776334 -1.093793781923251e-16 -8.019289494614533e-18 -1.452781881938921e-18 -9.47869572647289e-18 1.003623080353426e-16 -5.142965750358349e-16 -0.1279977231633853 3.890520658352564e-16 -2.987273446730279e-18 2.76780340506578e-18 7.203036732586391e-17 -9.921251378572325e-17 -2.89592516182771e-16 -0.01339892938488151 -1.919348743185557e-16 -3.473245984233881e-18 -4.395643261810321e-18 -9.848194369769895e-21 9.879051530691225e-18 2.622193221995568e-18 1.185991260940847e-16 0.006650709450867601 -8.181481604138482e-17 -4.258988324703623e-18 -7.952313104357132e-18 -1.345083344232584e-18 -1.404397176478937e-18 -1.158047032003539e-16 1.601039138710173e-16 -1.290563287740543e-15 0.03529262312175585 -1.040181588235894e-15 -2.082337831974495e-16 2.492381648738229e-17 8.385440015887156e-17 
3.196580424827078e-15 6.884072011469572e-16 4.175483286154523e-15 -3.82237241262235e-15 6.710824457266813e-16 6.870518705231112e-16 -1.200086911647191e-16 9.952037896698262e-15 1.817258451448043e-16 4.172730795140147e-16 -5.668420292475409e-15 -4.509033259134886e-16 8.528658877411374e-15 -3.728151142836056e-15 3.688008975643075e-15 3.592254481284001e-14 -1.915243137696357e-15 3.180126751885003e-16 2.509935359779224e-14 -7.031051103153137e-16 -8.32909404159851e-16 7.361503245018857e-15 -2.314369127162471e-16 -4.795432852671581e-16 3.32663939335724e-15 -1.578659672968001e-16 -1.292039632793559e-16 1.765311999306726e-15 -1.59405737288417e-16 -9.584838906809421e-17 7.973323542927724e-16 1.935436989093692e-15 2.293721990089033e-15 -5.533766220862551e-15 1 6.52822291685952e-16 3.81837158666435e-16 4.192159467333185e-16 -1.358142375951378e-15 0.2969923426754335 1.118908692372484e-15 3.309303271701295e-16 -2.503707668996389e-16 -6.317606622734617e-16 0.07212128650935148 4.251415724975059e-16 4.750490266917351e-17 5.416464132268062e-17 -4.175823720193438e-17 0.007826205881839399 3.389632534284276e-17 -1.91661334238597e-15 2.368076083372077e-15 -5.240759620818133e-16 -2.036813672972402e-15 1.602125550281958e-15 5.619045360587869e-15 -3.799848564293846e-16 -2.697831847064601e-16 2.183415092285841e-16 7.192798415707835e-16 -1.865317468965961e-16 1.438790493002272e-15 1.110430074551535e-15 -1.952487374921847e-16 -7.186185494105096e-18 -1.763804839334394e-17 2.766594965347354e-17 7.997598072770895e-18 5.174863777214296e-17 3.248725187630934e-17 -1.801894289931924e-18 9.65549181811827e-16 -1.581544381831651e-15 -2.273633590584261e-15 -5.257056163396885e-16 2.409215712614285e-16 9.623920584068756e-15 -1.077579136671534e-15 -1.13789154113583e-15 3.093348346379472e-16 1.127701674471831e-18 4.025442478539059e-18 -3.994152136035773e-18 -8.226419668940864e-19 4.342525224650044e-19 1.815585031766632e-17 -7.081017166256276e-18 -9.233200403305416e-18 9.274598420960177e-19 2.989666234335501e-17 -1.061427727144945e-16 -8.321260557747328e-16 1.336632539548292e-15 -4.853922985286353e-16 1.184997201448282e-15 3.096419552853009e-07 2.838250697337722e-21 9.933473685193536e-21 1.315964723766084e-05 4.5153686469859e-19 1.312495212042283e-18 0.0007383053146192378 2.552742799905534e-18 1.770849369845777e-17 0.009312165406816172 -5.521697954246206e-17 -1.652702354713096e-16 0.03691183476794235 -5.991323158530878e-16 6.075507347790188e-16 0.03833418882656636 1.820896621050137e-16 1.670283980416376e-16 0.009219847531631607 7.336088529808562e-17 5.781876299376328e-17 6.187715261252153e-17 -1.625803148238202e-17 7.307829185510822e-18 -0.002762427071817512 2.562259220431726e-19 -1.023303282905086e-16 -5.58945913832443e-16 -3.09185533500495e-16 -0.06037612783807784 6.158095169458381e-17 4.066540328808351e-17 7.960127283135326e-17 1.123991029849513e-15 -0.1059359857465113 -7.773629322432163e-17 1.296551509822296e-16 6.187533499870977e-16 -2.472693019883429e-15 -0.003664688986755132 2.488729852017461e-17 2.300651851356763e-18 -5.578592119201443e-17 1.200992721552577e-17 3.331160538059341e-17 0.00340786807516366 -6.204009084669083e-20 -3.836603784737903e-18 -9.701571076847589e-18 -1.006556839350301e-15 -2.939600939397174e-16 -4.842916997064065e-16 0.0785737665035922 -1.775381330415093e-16 1.43149229830505e-17 1.131598936892022e-17 -3.217154519330462e-16 -5.769347973756057e-16 4.155648924798478e-15 -0.01278580944719656 -5.820876012215826e-17 -1.059718332737102e-17 -2.268671818403725e-19 4.150727422902408e-18 -4.826666587220511e-17 7.017475240952317e-17 6.837545099633107e-18 -0.002316675001368779 -2.625728945998251e-18 7.513243375965679e-20 6.674044009353069e-20 -4.113900985628764e-18 -1.596301360392739e-17 -1.164827001735892e-16 7.168147991426891e-16 1.576983727122786e-15 0.03415156994865681 -1.523588164748644e-16 3.320377703284892e-17 1.244592693145432e-17 
-5.175232802783527e-17 -4.578486909780846e-16 2.571275581649862e-16 -6.093835607225194e-17 -2.592658175306584e-16 2.033757992551025e-16 1.051623374499279e-16 4.177684494110991e-15 -4.768725836758236e-15 5.248712529847759e-16 1.833415797219077e-15 -1.181337645994995e-15 -1.380661857004865e-16 -4.319197452993979e-16 -3.403529736268067e-15 1.541966405014491e-16 3.771498603161115e-16 -2.431842285358829e-15 1.091338795643405e-15 -6.289627239657096e-17 -1.494160113416066e-15 -9.325673941155685e-18 3.429749724826734e-16 -8.039075442967729e-17 -7.97997731774166e-17 9.664937695226373e-17 -2.772396280498417e-16 -1.361135554158954e-17 5.800718176749997e-17 5.31256169160192e-17 -7.890498841933064e-18 -2.793449686707666e-16 -1.075629961580995e-15 1.096653047192812e-15 6.52822291685952e-16 1 -2.847030846854133e-16 1.042801584304148e-15 -1.008224640606069e-17 1.038437540692539e-15 0.2969923426753996 -2.462310349579794e-17 -7.391834198745693e-17 -9.962857215707099e-17 4.180238239367868e-16 0.07212128749106954 8.176512640552876e-18 -5.958375352637212e-18 -2.11802708325046e-17 3.822965193292858e-17 0.007826551855317367 3.306390303810967e-15 -5.564048472507232e-16 4.907500579226885e-16 -2.301375547498487e-16 -1.222542415978295e-15 6.782768791070203e-16 1.070518717114291e-15 1.305003346286948e-15 -4.840978416580837e-17 9.299784368594635e-16 3.281563529914926e-16 -1.23236936942962e-17 -8.496892425781753e-16 1.461340891514916e-15 4.654077555566304e-17 -1.633879645185941e-18 2.983282586914758e-17 1.07265777748437e-17 4.876520694959318e-18 -1.147425869901171e-17 3.755986786887892e-17 5.000140258339247e-16 1.338021550830917e-15 1.384978584156715e-16 3.571249591953606e-16 -8.648833725245482e-17 7.603528822668473e-16 5.083593593824199e-15 1.420478546440302e-15 5.628903849675651e-16 7.955189436886343e-19 1.831358589238311e-18 -3.075670098282758e-19 2.611139907217804e-18 -8.851729504892257e-19 -4.225932472916524e-19 4.038260255719646e-17 1.336679190583885e-17 1.583946765422519e-18 -3.766470007646493e-18 -2.595277186652614e-17 1.359392324439087e-16 1.434263684581434e-16 1.708807594250122e-17 4.385930064805834e-17 -4.221387061285941e-23 -3.45091000914953e-23 -2.164475259466121e-24 -1.65783601860299e-21 4.564889429829278e-21 -1.601349423019818e-22 -3.908119982769055e-19 9.207357738087513e-20 2.007423158746137e-18 6.414112532126914e-18 1.789172474362504e-17 -7.33164488357807e-17 -2.26793288348733e-16 9.52662190942108e-17 -5.553817158229345e-16 -7.387257063461338e-16 -4.517843983042776e-16 -1.89680825970536e-16 -3.629604282123339e-16 -5.538470170230164e-16 2.8420011602038e-16 -5.123811411466256e-20 6.488592494866348e-18 -4.574364777207307e-18 8.57707045014214e-19 0.0001690417663941454 -2.83270895901031e-19 1.399857735307452e-16 3.998702254156684e-17 2.114038279714692e-16 0.007468836807844157 -5.495622553680792e-19 8.525339497908383e-16 -3.217790286951751e-16 8.080461051875384e-18 0.02900252625309765 -1.414272710283577e-17 1.441017328238645e-15 -1.097304114702351e-16 -3.59153086375507e-16 0.01869452162416482 -8.025805713286415e-19 5.741416352527668e-19 -2.641372706458656e-18 2.751105316835138e-18 -3.016456605831697e-18 -0.0003226183688215212 -2.920699416175343e-19 8.937486671801967e-17 -3.438656394423232e-18 4.872724202283369e-17 -2.601791399412367e-17 2.512916918493557e-16 -0.01412149877800064 -4.609163283300598e-18 1.765202001279212e-16 -2.532832545233233e-18 8.05027263627059e-16 -5.583840805188077e-16 3.614868408400633e-16 -0.03896052816220557 -1.570667109626131e-17 -2.84538908446165e-19 -1.288710533122142e-18 -1.30361144184597e-19 5.784988400681843e-18 1.342181458932996e-18 -2.212788135640192e-19 0.0002799737922670701 -2.253220611647266e-20 -1.804656064999218e-20 -5.232453470668642e-17 -3.390118166841423e-16 5.982278251479307e-18 2.809413485839441e-16 1.343805120147766e-16 7.091480423229265e-16 0.05846767209590063 -5.666467795543233e-17 1.070021981668126e-17 
3.899753207774599e-17 9.191818584491724e-15 1.505279191225428e-13 4.069531173730126e-14 5.792894369186343e-15 -2.344085509615924e-16 8.976230731596575e-16 3.471281396416883e-16 8.069904290484673e-17 -7.511827337343803e-17 7.746084243191237e-16 4.216840064111461e-15 -2.574543051052198e-16 1.04858206536156e-14 4.944343071361954e-14 -7.255199723337439e-15 1.735109451951325e-13 -1.287775224998577e-13 -2.248537727540639e-14 1.054711875581991e-14 -3.605362543776023e-14 -3.246968669838194e-15 -9.019710554638503e-15 2.630929612449015e-15 -4.085278113494098e-16 -4.001728791890018e-15 1.3952055406427e-15 -3.211490981833246e-16 -6.525043417944662e-16 -6.70069264255537e-17 -2.010185802222218e-16 0.2969923426754584 2.052136360849298e-15 7.209105818239476e-16 3.81837158666435e-16 -2.847030846854133e-16 1 3.73928318864355e-14 -4.00645228798769e-14 -1.397319759899973e-14 7.383541477879953e-14 0.6550295344002325 2.263814140500937e-16 -1.281711295570967e-14 6.974889429439828e-15 3.36894146289742e-14 0.1322550827250897 1.34010398804453e-16 4.818693267708522e-16 -5.954572089272294e-16 -6.424326163654422e-17 -5.179180923109116e-14 1.042568809062484e-14 9.003106420105963e-15 2.114638759238404e-14 -6.435715675658952e-15 -2.006641380836851e-15 1.743559723683189e-14 -1.659737885334001e-13 2.147587663260364e-14 3.789763641807873e-14 2.690772951688566e-15 -1.701199944810379e-14 1.636364654891737e-14 1.327713980434324e-14 1.067992350019243e-17 2.837000581553251e-14 -3.035865870742661e-18 -5.099209193147986e-16 3.056466389151266e-16 1.306774574054556e-16 -2.620647218270555e-16 -4.581599856447411e-14 5.502759706235106e-15 6.44623243673256e-15 3.556444858934655e-15 2.631911615731599e-14 -2.372095439995862e-15 -1.946549475427073e-14 -1.430930027246948e-14 -1.551056917452899e-14 -3.026144600280873e-16 -1.136267835898655e-16 1.400465785893161e-12 -7.345690676254801e-17 -2.086083803754884e-16 -4.782830700461822e-16 -2.82986336554414e-17 -5.256322966065536e-16 2.235195586468472e-16 -3.581363520566611e-16 -1.96685116110709e-15 1.440774582973151e-14 3.039929420049445e-14 6.131816244933711e-15 8.910134940997429e-16 -2.993851738510308e-18 -3.316361018305993e-18 -7.686796994871822e-20 -6.603626537037008e-17 -1.438513139053682e-17 -2.090058514257597e-17 5.69441192198001e-16 5.823902083791571e-16 4.044436739353251e-18 2.074946117703723e-15 2.261347576208451e-15 2.113516609990089e-17 6.655266615588562e-15 4.493584324086525e-15 -3.527722818726599e-15 3.040449836395894e-14 -2.135791543658677e-14 -1.067032746889737e-13 -8.998884361812184e-16 -2.293306048446426e-15 -2.395981018368247e-15 0.02168425177872212 2.285172601311293e-16 1.360690667128938e-16 1.602429635110594e-16 -1.744040838397392e-18 0.1094044591081966 1.106699367565096e-15 3.331102754746006e-15 5.970701363880748e-16 2.988061187371803e-16 0.2560043457566624 6.009732642089485e-15 -2.050009467736617e-15 -7.328773005136441e-15 3.27342319916968e-15 0.2500855383044571 1.036725225138988e-14 -3.580039665467884e-15 -1.085742017923558e-14 1.431147926597134e-15 6.492560480266471e-16 -0.01668412564521059 -1.909457902666737e-16 1.842746646532315e-17 -6.572975670696383e-17 -3.763711491787721e-18 -1.735146992451222e-17 2.452153606038815e-15 -0.1119313654046163 -1.903208493581922e-15 5.26298839579034e-16 1.360673726469945e-17 2.635966531856801e-16 5.147791914963935e-16 -3.434103178005063e-15 -0.3919322806674912 2.51730142076875e-15 -3.078594167554993e-15 -2.136312653752585e-14 -8.529989217067906e-15 3.07913526095046e-15 2.206520827598316e-19 2.862232854870511e-17 0.006079559653789667 7.84009890948533e-18 1.231741547611787e-16 -9.186352892645758e-17 -3.772472988834085e-18 1.858580868690283e-17 -7.686612238103516e-18 -1.627604668151977e-15 6.174098208816384e-15 0.4182365425730145 -1.662841234732371e-15 -9.524720226154602e-16 7.053604032680322e-15 -2.12069987921325e-15 -1.911231749815877e-15 -1.010476738148905e-16 
1.391444713469765e-15 -4.739589797022272e-16 -1.138759225805506e-14 1.10102899110851e-14 7.599826384099601e-15 -1.281982750494712e-15 -7.572169999935217e-16 -7.392819202689071e-17 3.537506214364493e-16 -6.922969903190945e-17 -1.407687732894158e-16 -9.772049705886668e-16 -3.641260736249951e-16 -7.310870116761501e-15 -1.695865670115356e-14 -1.344117959295851e-14 -2.240904944246309e-14 1.207367539280361e-14 7.891517300743336e-14 -3.246968672895358e-15 1.287858711236812e-14 1.393329897482972e-14 -4.015891899987664e-16 1.032648004416701e-13 3.025360946892965e-15 -3.20285760573367e-16 1.877355961420643e-13 -9.706032163864988e-16 -2.165256182391837e-16 1.87199570659621e-13 -1.628098705834172e-15 2.28018404708999e-15 0.2969923426754051 -2.899848264568164e-16 4.192159467333185e-16 1.042801584304148e-15 3.73928318864355e-14 1 -3.653761321277581e-15 1.109346989270188e-13 -1.105365798892875e-14 2.177077967844603e-16 0.6550295340062138 4.488597040749828e-15 1.948224571527024e-14 -7.070732997917622e-15 1.34228020895955e-16 0.1322543173570171 1.264239489260848e-16 -7.565732709202029e-16 -6.674793563451869e-16 9.522330840507907e-15 -2.944378681841483e-14 -1.16504028646636e-13 -1.337862112760669e-14 -1.906092471360324e-14 6.106226635439763e-16 1.729627725766557e-14 7.20170451056308e-15 -4.767974209897924e-14 -3.605449272484209e-14 -8.845355004050935e-15 -4.261348218753655e-15 5.056371987785346e-14 1.397146287560592e-14 -2.849425274974889e-16 -1.108067825282464e-15 7.345234104748631e-13 1.240811184486056e-15 -5.874400459886399e-16 1.756461157409791e-16 -2.41247002923101e-16 3.480072133244821e-15 -3.068205411961058e-14 1.337992217021336e-14 3.931577285955065e-14 8.249477490010922e-15 -3.211718543027562e-15 1.512245190183324e-14 -3.068877617308028e-14 -1.778893872484324e-14 -3.987333130609709e-17 1.257448415302035e-12 -2.359257711258601e-16 5.546112473693891e-13 3.521621722762539e-16 -1.048031509006225e-16 -7.849889182581358e-17 -8.29432151204558e-17 -3.222411488228753e-16 6.370578859811714e-15 8.457210626259894e-15 2.268150944840394e-14 1.41553435674508e-14 5.580607641261645e-15 6.175727503518598e-16 3.276338527247591e-17 0.003753518234373063 2.262586460903513e-17 6.56600235467873e-16 0.02475443233653512 2.206371664341887e-16 -1.268651220047068e-15 0.09470794510296623 2.618322835564941e-16 -7.874966954579704e-15 0.2132693892744355 1.18557507561342e-15 -1.113930996055529e-14 0.3669526640455806 8.090750291959282e-15 -3.131089138016872e-14 0.3829651594106901 1.94575258684324e-14 -7.975396791022076e-16 0.1357761326638911 -1.770287255889971e-15 4.639126607279834e-15 -0.0817271427803611 4.874437442225189e-16 -5.478060913707061e-16 3.046892707755589e-15 2.103525686970447e-14 -0.3079921954892809 -1.301736496373457e-14 -9.522547680944053e-16 8.127179484955224e-15 6.19036072402496e-15 -0.4416386567851488 -2.233283002973416e-14 1.938466748230978e-14 -9.311995619046598e-15 -1.633242482612757e-15 -0.003005723265044522 7.121048008113418e-16 2.679606356271876e-15 -2.478921681341917e-15 -1.34034493573569e-17 9.988728012984006e-17 0.03024498625225307 -1.084053094687248e-15 -3.488060500970747e-16 -2.822923643974577e-16 -1.681318048653004e-15 -3.355822564278402e-15 2.611571982975465e-15 0.1477904134289535 -2.8102520310835e-15 -8.803721640585459e-17 1.114386360967979e-14 -3.697996769915139e-15 2.483153452357407e-13 -1.125401914100637e-15 -0.1960957628717573 6.088883551677041e-16 -1.60613761940151e-15 4.057518933330553e-15 -2.558718033747287e-17 1.827382104143366e-15 -1.006419136939688e-16 -1.360941600639367e-15 -0.005683371420191065 -4.501454954228731e-16 3.871669546685795e-16 3.185394453091745e-16 -7.496272023451186e-17 1.099279358947592e-16 -7.071168162593951e-16 -5.661183802074846e-14 5.453103586666061e-15 0.3176107037746663 -1.427244360353848e-15 -5.777714637730847e-16 -3.826800763635108e-15 -1.308198450945988e-15 -3.655930859482549e-16 
4.231178986830976e-15 -6.217248937903567e-15 -8.909539772621338e-15 9.521550222777051e-14 8.215931003724812e-13 1.963921244609087e-12 1.945664310929583e-12 -3.758467350910439e-17 -6.262964777708619e-17 3.190265087151246e-16 -7.415173919426822e-16 -3.553352993462359e-16 1.582555701069074e-15 9.84020621198679e-15 6.239176926841188e-15 -3.40560912803879e-14 9.861463859053884e-14 9.156304187078714e-15 -7.341349750337303e-14 4.076193601186933e-14 -1.197219409429036e-14 1.095512570789936e-13 3.497750771746935e-15 2.894391203079768e-15 2.494743167973544e-12 1.33378310213047e-15 -1.219883240423519e-15 4.10281178857647e-12 2.382134183334796e-15 -8.375865803193588e-16 4.038427279809424e-12 7.583426911937661e-16 -3.057617944812456e-16 0.2969923426754618 -1.358142375951378e-15 -1.008224640606069e-17 -4.00645228798769e-14 -3.653761321277581e-15 1 7.299391126261536e-16 7.748988083148391e-14 -1.28379295365797e-14 4.566659559286031e-15 0.6550295395558293 1.066724835515256e-14 1.060414793293601e-14 4.809927768172059e-16 1.2728819433367e-16 0.1322575978593108 5.122157172749915e-16 3.587322044295202e-16 -4.744647600156295e-14 -1.025698623258526e-14 3.719203764408577e-14 1.57068802408903e-13 -3.638498465193984e-14 -3.594130201790395e-15 4.452438851638861e-14 -5.542246349389954e-14 -1.245314615317381e-15 2.871747978317065e-14 2.264854970246969e-14 -3.009159761658464e-14 1.015160178143298e-14 4.210878607634708e-15 1.27989666972157e-15 -1.975982007414247e-16 -1.225188726406768e-16 6.494897553610447e-12 6.565059945480502e-17 1.091824929328223e-16 -2.468986883286675e-16 -5.297445696083538e-14 4.461925620648277e-15 2.155822178760072e-14 2.06020096815767e-15 1.483257960899838e-13 5.636380847729976e-15 -1.15202986039665e-14 -1.886444017489621e-14 3.23200667618023e-15 9.627471411722311e-17 -1.640161420568285e-16 -3.969863101918044e-16 1.213258725716385e-16 -1.646246261499367e-12 -2.040258808862196e-16 8.58717159199537e-16 1.732591604738469e-16 1.025156885127033e-11 0.267229405579353 0.4209584576554181 0.3676496693083939 0.1696774215031658 0.03961943010499547 0.004798799526157641 -8.106616973975124e-16 -7.195882955232463e-16 -0.007360732424328144 -3.218774634670011e-15 -4.040740143662691e-15 -0.04592407517578098 7.069680237888818e-15 4.02075698040037e-15 -0.151405949108174 1.951551713200229e-14 1.86285448872193e-14 -0.2637696810695682 1.83821057334139e-14 2.02685090933255e-14 -0.2690934232561537 3.189397530854229e-14 1.770979196654468e-14 0.04051798195787326 5.894486097573573e-15 5.846022226372072e-16 0.09438519614555813 -5.900555177385858e-15 5.627646243978023e-15 0.04819076407178898 7.763229094565226e-15 -1.295079495034423e-16 -1.942543348399791e-14 5.555668772252405e-15 0.08368870760849836 -4.439130269972292e-16 3.850218754932495e-15 -1.941936195182844e-14 -4.445228907191962e-16 -0.04046562507035326 -1.975356727149878e-14 6.372506689003138e-15 -6.078038606961914e-16 4.513751641687825e-15 -0.001991775567988499 -5.312646217297371e-15 2.993484413132115e-15 3.466567039934323e-16 -2.814523777055206e-15 1.184348571905708e-15 -0.008662732147743346 -4.055902918480894e-16 -1.471956915080267e-16 2.939606667623484e-15 9.323705002510189e-15 -5.920496027030501e-15 -2.962907696969516e-15 -0.01974012454861435 -4.575333167890629e-15 4.147290150193473e-15 2.159947568026619e-15 -4.221884755683121e-16 5.742111189680365e-15 2.167537686450388e-15 -0.1874307745501374 -6.296885630377602e-15 -1.166612587498172e-14 -5.816746716548588e-16 -4.005872917451031e-17 6.498352068044013e-17 -2.462486137445674e-15 1.607186572143134e-15 0.001552178438492334 -2.144273765969125e-16 -3.532127390050398e-17 1.053493787076798e-15 1.273878260365317e-16 -8.241022570358549e-16 7.190429410470832e-15 6.323609565220075e-16 -5.287465413427065e-15 0.317377731621005 6.702959421068763e-15 -1.667882750095838e-15 2.745742231908525e-17 1.320708384015893e-12 
2.313142587616757e-15 5.313823925152305e-15 9.262187371243856e-14 -3.55835153302558e-15 -3.624706055598301e-15 -5.416767440351485e-16 -1.539587829311002e-17 4.997274395542711e-16 -8.115761857004179e-17 5.220870936932315e-17 3.447559620597643e-16 -1.39483110813457e-16 8.007347010465627e-15 -8.141057272761016e-15 -7.130885779865499e-15 5.736962622084556e-14 6.488559689547123e-14 -2.243268504982074e-14 -8.654470369521741e-14 -6.38378240483769e-15 -3.223549905921083e-15 -5.372221770751483e-14 9.828266586855363e-14 -4.104796634274669e-16 -4.196300533563131e-15 1.862783718285556e-13 -3.300439591013309e-16 -2.852827505536374e-15 1.871024214588482e-13 -2.00261801145606e-16 -1.757123576634833e-15 4.368065065964292e-16 5.008821171452328e-16 -1.363145518329529e-15 0.2969923426754335 1.038437540692539e-15 -1.397319759899973e-14 1.109346989270188e-13 7.299391126261536e-16 1 -7.462563553220805e-15 6.937159197936725e-15 1.948051099179133e-14 1.074205839621769e-14 0.6550295340061337 -6.417067497972144e-15 -5.93725882412158e-16 -7.515858288935029e-16 5.107104677779525e-16 0.1322543173570128 -3.327638311603937e-16 -3.923321086411282e-15 5.999649561884831e-14 -1.902948285060213e-14 3.656802508371228e-14 -1.047634201612168e-13 -4.8695314273939e-14 4.473635004110816e-15 -1.101332566817716e-15 9.409487078397112e-14 -4.196296088404216e-15 1.09956748567959e-13 -2.431388423938587e-14 -1.200454666230028e-13 -1.103891283944853e-14 -1.538017409646838e-16 -1.25985793833486e-15 -5.862473843965652e-16 1.518107112861024e-15 7.328372038312283e-13 -2.765369193520135e-15 -1.070269288024241e-15 -4.271431298942195e-15 2.800079504199892e-14 2.006207699967818e-15 -3.409497348079818e-15 1.041701447324481e-15 9.665879208145524e-14 -2.310586617871593e-14 -7.92118107218146e-15 1.421535415422151e-14 9.31913752755691e-17 -7.935443025707417e-16 -4.889821818831028e-16 -1.07514161395244e-16 1.126203350810794e-15 5.546424733312294e-13 -8.405832646444444e-16 -1.258422049382798e-12 -4.279019831189369e-16 3.361598397568245e-15 9.74209862087309e-15 1.704626023669154e-14 -8.052586377464064e-15 -3.106457299841254e-15 -2.497179702616585e-15 0.00375351823437308 3.292601634725161e-17 1.662889240807797e-17 0.02475443233653562 6.557329397913463e-16 1.789667263872773e-16 0.09470794510296296 -1.233918210528424e-15 5.861875828130923e-16 0.2132693892744233 -7.92351210685303e-15 8.232719790182867e-16 0.3669526640456252 -1.109702607583012e-14 -6.176862406978443e-15 0.3829651594106566 -3.135946363749645e-14 -2.517506602507548e-14 0.1357761326638845 -8.027438531909764e-16 -2.894389305685864e-15 3.862510897062331e-15 -5.634848035732758e-16 -1.946630790589871e-15 -0.08172714278036976 2.297315983280329e-15 1.196135204773463e-14 -9.439606214748454e-16 -8.796999587116022e-15 -0.307992195489291 7.092308511317334e-15 1.208061428670588e-14 1.931115857501376e-14 3.09344563853686e-15 -0.4416386567852041 1.186637593742332e-14 6.522561587492279e-16 2.641984531241483e-15 7.89321767793353e-15 -0.003005723265045951 -1.649940086890368e-15 -2.056764979007168e-15 1.256522555275369e-15 -3.62986228667058e-16 -7.821718360699997e-16 0.03024498625225303 3.884704854346731e-16 -1.783842916588705e-16 -4.887502078403578e-15 6.152522068205878e-15 -8.651933336437349e-17 -2.592435814631085e-15 0.1477904134289347 -2.178297689795879e-15 3.008010507345076e-15 -9.207048111263463e-16 -3.050077711703198e-15 -1.644301548254578e-15 2.756911163676e-15 -0.1960957628717586 -1.879437695851646e-15 -2.5037012592115e-13 1.257858326233098e-15 -3.172021920438835e-16 9.082437831879615e-17 3.856311515863062e-16 6.095374025800898e-16 -0.005683371420191346 -2.344324617786157e-16 -1.665976164396192e-17 1.182976802048233e-16 7.116704664101012e-16 2.535949093952163e-15 -4.729290171194015e-15 -5.874208652134724e-16 -2.102052085881227e-15 0.3176107037746708 1.405516613198669e-14 5.52871596953997e-14 8.057793044980538e-16 
5.296010412498256e-16 -1.056443886364921e-14 -8.706013340802418e-14 -4.149545294125175e-14 -1.027303625807811e-14 -7.553549920625024e-15 -6.236414925491074e-16 1.818972418719226e-16 -3.026027531803354e-16 -1.832650817874142e-17 7.050026228218016e-16 -1.662630690311094e-15 -1.012476679826949e-17 -1.506621569039791e-14 -3.68929604748049e-15 -3.920664791089133e-15 -1.841317625717427e-13 5.990303739159024e-14 -1.991896231291343e-14 -1.02519230297043e-13 2.589074793266491e-14 -1.174841475436246e-14 -1.229080846415701e-14 -8.916494326538978e-16 -1.564722232854127e-15 2.127504127952247e-15 5.309327394636919e-15 -1.496238202204467e-15 -8.032292667091822e-16 3.172094885931859e-15 -4.128795865621239e-16 -2.934428963665971e-16 1.079741114650364e-15 2.615611271342657e-19 1.118908692372484e-15 0.2969923426753996 7.383541477879953e-14 -1.105365798892875e-14 7.748988083148391e-14 -7.462563553220805e-15 1 3.375847786921844e-14 -7.070732901671494e-15 1.06021963145137e-14 -6.368386732985351e-15 0.6550295429215148 -7.017696811382187e-17 -6.70485684633245e-16 3.61327452655403e-16 -3.296048643733932e-16 0.1322601639150089 6.335708867268452e-14 -2.010137932843139e-15 -1.635844237846688e-14 -7.398595625043995e-16 6.142008017637612e-14 4.251807239620354e-14 -5.548473735584743e-14 9.338883832980462e-14 1.633198784545991e-14 -1.986952269391662e-14 1.067375354774039e-14 7.316098681765594e-14 1.446759378967065e-14 1.096150080433313e-14 -6.929481328906193e-16 1.304310757157412e-16 -7.429197480831267e-16 2.924211608317956e-16 -4.319061320036675e-16 2.805653955436054e-14 -7.063658032779123e-16 7.264559776217001e-14 -1.409419456144735e-14 -1.948669090674092e-14 1.83551090993173e-14 -2.651481464944823e-14 -3.489835034995195e-14 9.055256544602658e-15 1.877366534800517e-14 -3.663226406243083e-14 -3.979472310705929e-16 -1.372628893366046e-16 -2.897571798409441e-17 -1.224643190971119e-16 4.333719835554991e-16 6.844232087653966e-18 1.34767123008242e-11 -3.763616150155521e-16 -4.533820201221144e-16 6.217218543648716e-17 2.093377554636103e-15 -3.277760007859389e-15 -7.285838600894175e-15 -1.352911376879138e-14 -1.89088285922349e-15 -1.013267829167564e-19 -1.567018168409614e-19 -3.005963786949319e-21 -1.557868051762207e-17 5.796744660504874e-18 -8.386146715073271e-19 3.716561402778178e-16 2.499848337232567e-16 3.795554636647974e-18 7.934598074066846e-16 5.796144814110059e-16 1.71303943252794e-17 -5.38794269616928e-15 5.553717208343271e-15 3.389432831625809e-15 -2.391413889869802e-14 1.789193793152563e-14 9.005383244729193e-15 -2.383836993531969e-15 7.268496477299535e-16 2.184756518617682e-14 -1.379393154604145e-18 -1.543632843076792e-17 -3.192297771613434e-17 5.807202299840531e-17 0.02168425177872247 3.036850285133459e-16 -1.79110198894679e-16 -3.676746407334338e-15 2.513898919761824e-15 0.1094044591081849 3.260412773099488e-15 -1.983569558606339e-14 1.445111391663121e-14 2.793815526148696e-14 0.2560043457566515 1.433857662809005e-15 -7.715618318338737e-15 8.822380001769724e-15 3.312631509494299e-14 0.2500856728138248 3.57813821974677e-16 -4.522970649882599e-18 2.523819369639882e-17 3.161126959154557e-18 -4.659898819762203e-17 -0.0166841256452084 5.5350384377891e-16 6.123140189331773e-15 2.724329008914145e-16 -4.195862407520579e-16 -3.284915742198007e-15 -2.66361368725486e-15 -0.1119313654046078 2.757668225718204e-15 2.321060833324754e-15 -8.509496722599785e-15 7.189997459716213e-15 -3.176280849892094e-15 1.656273854628527e-14 -0.3919323299364174 1.554095944734557e-15 -6.31672702832738e-17 2.170776037224612e-17 -2.157234097979983e-18 3.794961713586957e-17 6.183340514955924e-20 -2.469503712770782e-17 0.006079559653789333 3.197612903357939e-17 -8.885375616705844e-19 2.108773700743017e-16 -1.192926066307749e-14 -2.102810244619728e-15 9.161076675356231e-15 -4.419643657358501e-15 -2.356240174922618e-14 0.4182366012716411 -1.081388758466643e-14 1.461504981786102e-15 
3.848598329618761e-16 3.015875046462933e-14 7.39274095196555e-15 2.356621849999677e-15 -4.487731318254104e-15 1.984557875867745e-15 -3.608273456953947e-16 1.379676859095322e-17 5.631872081989884e-17 -1.460369575867176e-17 3.743903854964315e-16 7.949478514996303e-16 -1.6950310877628e-16 8.318270138841416e-15 -3.917208906547377e-15 -2.005177712963123e-15 3.562254666908109e-15 -1.304251848704432e-14 -9.710114681283769e-16 -1.696386094956948e-14 -8.444633919879726e-15 2.327998913271811e-15 -4.045382261079908e-15 3.240469152528854e-15 -3.757415038706253e-15 3.084458138043371e-15 1.675807964763721e-15 3.348104043525165e-16 -3.049790989082814e-15 2.378420617765961e-15 5.291103958788559e-16 0.07212128655273178 5.81922374690756e-16 -2.520103986743374e-16 3.309303271701295e-16 -2.462310349579794e-17 0.6550295344002325 2.177077967844603e-16 -1.28379295365797e-14 6.937159197936725e-15 3.375847786921844e-14 1 -1.474514961134555e-15 1.227566241611295e-14 -1.138672494692594e-14 1.888463378135214e-15 0.4711936556444314 -1.110247967006296e-15 -1.996110553689186e-15 1.025244607032376e-15 -8.576610984424409e-17 -1.104983078313747e-13 1.240674233149295e-14 2.531753025424612e-14 1.78961121547482e-14 -3.404145463694546e-14 4.122516140952624e-15 -6.382915045962833e-15 -2.654387133479852e-14 1.454614210534552e-12 -5.349019851691256e-15 -6.270158019770289e-15 8.465450584158823e-16 1.317522483330717e-15 1.003884478087029e-14 -1.353151732169302e-15 6.099300074775021e-09 9.263727880381114e-16 -3.143446168418721e-15 7.771816648709234e-16 -5.355038073046326e-16 1.221306178778441e-15 -7.953078320161777e-14 1.168683208714586e-14 9.166278870191568e-15 2.010432705381184e-16 1.330077544518171e-14 2.663152908050545e-15 -2.134284507988617e-14 -1.981617999695565e-14 -3.386283232857833e-14 5.928684599098258e-16 1.103307397640928e-15 1.028764978250733e-07 5.525260484227054e-16 -1.117204135557251e-15 -6.288561775611612e-16 6.272321690029016e-16 -1.037386515391942e-15 -1.209163290962219e-15 -9.459150754702531e-16 -2.25535736489584e-15 7.91988004955708e-15 -1.727784586857002e-15 -3.927415521198058e-15 1.523114820721959e-15 -2.601250166122962e-18 -1.801223861367797e-18 -7.369160774006456e-20 -5.565958262458451e-17 -7.939609402200503e-17 -1.365895478629739e-17 6.107980009052069e-16 6.916943062533368e-16 -1.815045762060458e-16 3.019936738861727e-15 6.227819924798285e-15 -3.844445388063554e-16 8.399964772745997e-15 4.299512146059012e-15 -3.773511460749639e-15 -1.674702047961508e-14 -5.53029845546012e-15 1.081166409138108e-15 -2.449431277289001e-15 5.748877657886569e-15 -3.289798281540819e-15 0.02099908922630248 4.032399881950686e-16 4.195667600528675e-16 3.946455683740742e-16 3.921762555683658e-18 0.1122654142311724 3.093770906994315e-16 3.362544626231688e-15 2.40085729681042e-15 6.440160920815986e-16 0.3153080534045546 1.896790021506215e-14 1.075008140775575e-14 -1.64664289563928e-14 -5.230191293267981e-15 0.6182091233872087 3.451450089451094e-15 3.053116815079521e-16 -9.928692385235072e-15 -1.094177644822564e-15 7.289158986649563e-16 -0.006344788324709487 -2.007290213138978e-16 2.856306807819311e-16 1.906654228421784e-16 -2.555921924789745e-19 2.419024459508828e-16 1.428056895092918e-15 -0.04880977396992636 -4.6711766517239e-15 1.581363082669234e-15 2.696410809775666e-16 -5.42914239242163e-17 1.222980053649843e-15 9.610371486593327e-16 -0.6231284346935538 -2.081668851783121e-17 -6.460114644916252e-15 -3.122503277674686e-15 1.597707715160155e-16 4.510282647137714e-16 -2.324681929605432e-17 1.697636672061056e-17 0.000882554818316345 -7.817926187454069e-17 1.054168504417847e-16 -1.676979920706126e-16 2.363327807920655e-18 1.232457293562495e-16 -2.602540500743041e-17 -4.562323781550238e-16 5.431853353038155e-15 0.4025232570096399 6.982263531782066e-16 3.235260697387877e-15 -3.449498393279149e-15 8.45677868077551e-17 4.665539191375994e-15 1.595946096896892e-15 
1.001653358350078e-15 -4.161818467301871e-15 4.551914409712227e-15 1.144917497286913e-16 6.973590988995164e-15 -1.623729170187887e-15 2.33149977078329e-15 -1.728709625763687e-17 4.6533451303469e-17 3.632670445124887e-17 -1.64491941652449e-16 -2.588024472014803e-17 4.106929845476479e-16 -2.012421537535761e-15 -6.401129638656456e-16 6.26923644412038e-15 -9.419548492659696e-16 3.139155608161144e-14 6.748074334519832e-15 2.300243338337203e-15 3.088409540459582e-10 -1.341288195722135e-14 -3.766091287959698e-15 9.01171750725048e-09 7.882591840079325e-15 3.434885888443495e-16 1.931516682257081e-08 8.385873024179246e-15 5.25646569474561e-16 2.031284304674498e-08 -5.481930655644348e-16 5.813474937400764e-16 0.07212128650935155 -8.287601188342329e-16 -2.503707668996389e-16 -7.391834198745693e-17 2.263814140500937e-16 0.6550295340062138 4.566659559286031e-15 1.948051099179133e-14 -7.070732901671494e-15 -1.474514961134555e-15 1 5.538972127016333e-15 6.990935635056484e-15 -9.221790159263801e-15 -1.092906666584159e-15 0.4711909684489072 2.469712447831875e-15 -2.82766278926839e-16 -3.792358351590398e-15 1.151205868957535e-14 -4.800782176862077e-14 -3.888556151222989e-14 -1.752721235408695e-14 -5.732502157599568e-15 2.065535246815193e-14 1.131267390967227e-14 2.15799600827555e-15 -2.111158474321407e-14 3.363201390530351e-11 1.12791720625329e-14 -6.038572431502557e-15 7.494005430632373e-16 -9.619041692836436e-15 1.832199538238606e-12 2.126796330969518e-15 6.448782854606164e-08 1.734793690136875e-17 -8.474402746899425e-16 3.226684206479128e-15 2.255252885592348e-17 7.217262825563342e-15 -4.554950175800204e-14 1.020516138835054e-14 4.837796839101948e-14 -2.06171885516104e-15 -2.284702650646315e-14 8.907805066261349e-15 -5.076364685594082e-14 -5.963545641000358e-15 -2.040560425894623e-16 8.658917254541145e-08 1.072074462029081e-15 4.721960670873823e-08 -2.616061856222056e-15 5.499238845985812e-16 1.864890803865335e-15 -1.288926723198344e-15 -1.843236722919113e-16 7.556072007600352e-15 2.153225518694862e-14 -6.262351760312001e-15 -1.387778783789384e-16 -5.981328935046775e-15 -2.747851793362707e-15 3.613459199611214e-17 0.003638307952593145 9.459630744207297e-18 2.684497593033507e-16 0.02392112267149789 3.404622394571817e-17 -5.154196340981359e-15 0.09171543518103485 1.042171552612781e-15 -8.699746668961476e-15 0.2125998190952225 5.035793840222423e-15 -1.569664540254548e-14 0.4050728923065359 7.475790834090729e-15 8.25381431469667e-15 0.6289501557753849 -3.625572071784244e-16 2.085139088902626e-15 0.3874744259386745 1.856156166038393e-15 5.181835873136311e-15 -0.01887720674872688 -1.395232673398914e-15 -9.714976644568915e-16 2.508247520757301e-15 2.626024402981074e-14 -0.08162053407564533 -2.496093614380408e-14 -4.211583347114636e-16 3.67067488222225e-15 -1.668457042401067e-14 -0.1457544375501054 -2.515349045000853e-14 2.168230876790664e-14 -8.874845320154209e-15 1.040834297876493e-16 0.144500396398968 -2.761682935615394e-15 9.560497226384974e-16 6.140925660471078e-15 4.948027674190647e-17 2.22339711631182e-15 -0.000344306419416599 -2.28268603460194e-15 -7.409624008255264e-16 7.895363523121951e-16 -2.697139256489846e-15 -3.37889439300179e-14 9.349644557452951e-15 -0.006767552126874768 -1.977498030240478e-14 2.591243197220622e-16 1.775489481074807e-15 -1.460637169579858e-15 1.643880090063103e-08 -2.479136822473466e-15 -0.4437412305006744 -5.533771671559559e-16 -1.668804528509061e-15 1.432881849239549e-15 -1.353084793327468e-16 2.19292510597562e-15 -7.704696406329372e-17 -4.198318811134945e-16 0.0004443270138056734 -9.936187769494465e-16 7.24686292136224e-16 4.54594113335439e-16 -5.210788941637928e-16 -1.963693426053741e-16 -5.134782655994718e-16 3.200457968345935e-10 3.642919533642112e-16 0.3862425386031959 3.580470817904657e-15 9.201625863135355e-16 2.213507608241873e-15 -2.688821618249927e-17 -3.893588056881013e-15 
1.291384549685251e-15 -6.637052088080984e-15 6.01435574267168e-13 1.829884875280928e-09 3.027335774654914e-08 8.192656212041106e-08 8.845485039323522e-08 -6.814915077407071e-18 -1.630879179183653e-17 5.44947167663503e-17 -2.879132757405444e-16 -3.175595191714455e-16 4.829036526449173e-16 8.176808077362354e-15 2.687628793312461e-15 -2.806435668608549e-14 1.918577079320355e-14 4.283899668456951e-15 8.048284344928034e-13 -8.953992173338948e-15 5.400627928926909e-15 4.489847712084682e-09 1.678131087314554e-15 -4.672431727184685e-15 9.171899814253989e-08 -3.302174416188282e-15 -4.546886863582604e-15 1.694014860577e-07 -3.267943015306238e-15 1.452467307002077e-15 1.728187517631351e-07 -2.475540850028011e-16 -8.247160464170317e-16 0.07212128712045829 -6.317606622734617e-16 -9.962857215707099e-17 -1.281711295570967e-14 4.488597040749828e-15 0.6550295395558293 1.074205839621769e-14 1.06021963145137e-14 1.227566241611295e-14 5.538972127016333e-15 0.9999999999999997 2.043504279870066e-15 -4.089393860213699e-15 -1.954871762448255e-15 2.498708481351571e-15 0.4712023548542699 1.620051294296414e-15 -1.040849276777162e-15 -4.565895235440143e-14 -3.043463950021274e-15 2.574416401284764e-14 7.559231097496089e-14 -5.869442362991696e-14 5.685556251615721e-16 2.056639385399286e-14 4.145121788960558e-15 -3.772589918597499e-15 -7.650130608609315e-15 2.724472342753668e-10 3.406563261373418e-15 1.779826304856077e-15 -2.088173405926564e-15 2.928576007499596e-16 -5.811392960128648e-16 5.872232045305348e-16 2.284587925274622e-07 7.025861088179206e-17 5.677055997405695e-16 -3.929344483960932e-16 -4.302074962814147e-14 3.165870376567287e-16 3.039224719482851e-14 3.535583321228148e-15 6.181860643252794e-14 1.215282227772006e-14 -1.851513753243794e-14 -9.671246109430466e-15 5.488502504718245e-15 1.42307948017004e-16 4.022474918896514e-16 -7.329311715942582e-17 -2.180613024598047e-15 -3.504342737972282e-08 5.629347068274169e-16 -1.120669273958027e-15 3.436993394313194e-16 2.978674255789272e-07 0.2607304977081963 0.4456359638866836 0.4895180752760522 0.3358582678557591 0.1214860668507564 0.02059265863526181 -4.366102299523843e-16 -5.796171565248215e-16 1.855310939866696e-05 -3.640187228400902e-15 -4.618165519031122e-15 0.0004742435200654456 2.209067751578525e-14 9.628914790418745e-15 0.005350602308918098 3.566710765923936e-14 3.836904792137889e-14 0.02564881249003092 3.019589817935352e-14 2.702178786619353e-14 0.09217352837647289 6.22765734359671e-16 2.605554688045155e-15 0.3075896889561314 -3.119035036284328e-15 1.181347530428059e-15 0.3052229365712413 -1.431134007656933e-14 1.080235359016125e-14 -0.006928226931891378 8.924479408995518e-15 1.325572694914657e-16 -3.464893338847776e-14 3.24712048821819e-14 -0.03463344648463412 1.950279151173139e-14 3.05918488168629e-15 -1.112825121407068e-14 -1.545465160813028e-14 -0.07471078914259667 7.536723060161447e-15 1.542689603222695e-14 2.47154779744123e-15 2.084270812398836e-15 0.1075921764963148 -1.892150136183129e-15 3.52149129841365e-15 2.940186915755065e-15 -7.427049233010857e-15 1.352291502480577e-15 -0.001115095979016225 -1.417169144717013e-15 -2.521210534370037e-16 3.150254476989563e-15 1.010042754387108e-14 -1.08530264897254e-14 1.387084905810058e-14 -0.01081608186428929 1.307027416561532e-14 5.006845684585554e-16 -3.156763078224182e-15 2.203099618059518e-15 2.563054096906408e-15 1.873068300338367e-15 -0.4198371280626653 7.071168936563355e-16 1.840541955114912e-15 3.577868474210873e-15 -1.67651538926907e-16 1.208274088852124e-15 -1.043415852855829e-15 -1.752534903010517e-15 0.0004767581546333353 -2.001236696162271e-15 9.651940534292678e-17 1.380143428383777e-15 -2.028474523172033e-17 1.07292672285222e-15 2.221747301130939e-15 8.727286022178169e-15 -3.949098895707949e-15 0.3885076194495493 2.055647788892553e-15 1.257403737465854e-15 -1.722580573900462e-15 4.143601011993845e-08 
5.951226243058247e-16 2.4496186105412e-14 2.7029160212015e-15 1.955033362791406e-15 4.302115834006889e-15 9.437058425023444e-16 -1.375654254636246e-15 1.510211114981465e-16 -1.84354612317966e-17 -1.335363017536092e-17 1.017337393584464e-16 -1.655672974405434e-16 1.604995294632869e-15 1.325328738193309e-15 -2.02966712837502e-15 -3.455237133871021e-15 2.788047575948875e-14 -9.814198084201673e-16 -2.875867952088724e-14 3.088476153841284e-10 2.326264190580784e-15 -7.558190207916756e-15 9.011722031417073e-09 -3.741805116595551e-15 3.629045362994201e-15 1.931516135450969e-08 3.139971443476068e-16 -6.189655554462351e-15 2.031284102048974e-08 5.308509909545001e-16 3.381102167041342e-15 3.320120740735747e-16 -2.425151037446502e-16 -6.292469973091575e-16 0.07212128650935148 4.180238239367868e-16 6.974889429439828e-15 1.948224571527024e-14 1.066724835515256e-14 0.6550295340061337 -6.368386732985351e-15 -1.138672494692594e-14 6.990935635056484e-15 2.043504279870066e-15 1 5.933838593591264e-16 1.068619851771158e-15 -2.810315164794302e-16 1.635379438521709e-15 0.4711909684488997 5.278248071689651e-16 -5.514848571054666e-15 7.867621499978932e-14 -5.783568080021952e-15 4.834490022469561e-14 -1.222633108218138e-14 -5.94496241572797e-14 -6.865168169371919e-16 -6.660470798853555e-15 -2.681882499014656e-14 -6.047246048898938e-15 1.356813969349423e-14 3.362604645653457e-11 -3.986828236331143e-15 -6.94062864076427e-15 3.408901477068391e-16 1.283710672852703e-15 -8.509098356917299e-16 -1.089450437405938e-15 6.448782872647751e-08 -5.412502539900374e-15 -1.832311433477886e-12 -7.265564032440268e-15 4.127470942410977e-14 -9.801187658105863e-17 -2.284968280179111e-14 -1.146684745889741e-14 4.030109587134647e-14 -2.797935499780461e-14 -5.559788751190908e-15 8.383159633986261e-15 -6.353710996674959e-17 1.696595336861315e-15 2.68192090339309e-15 5.529597420056635e-16 2.636879324573908e-16 4.721960781205448e-08 -2.838537281697302e-16 -8.658916999357783e-08 6.522889485341871e-16 7.040256319675997e-15 1.275997539250723e-14 -2.243344403444691e-14 8.545247861182978e-15 4.673346911547481e-15 5.05507583703206e-15 0.003638307952593073 3.600584239500031e-17 2.696943435669366e-18 0.02392112267149836 2.65197156343119e-16 -1.415802615279247e-16 0.09171543518103607 -5.133190770881939e-15 9.586254106118314e-16 0.2125998190952232 -8.708203445923235e-15 4.182851989488612e-15 0.4050728923064383 -1.567235927383732e-14 -6.32794599187402e-16 0.6289501557754054 8.285039337324493e-15 -1.857211219995366e-15 0.3874744259386533 2.105955785297645e-15 2.863272674585691e-15 3.167310305755275e-15 -9.663561744571382e-16 -3.470304155966081e-15 -0.01887720674872762 2.493346517120519e-15 3.341424365848892e-14 -3.763536798473606e-16 -1.254725492585528e-14 -0.08162053407560568 -1.957635446402521e-15 -2.497307920815691e-14 2.167450251224763e-14 1.449187994616327e-14 -0.1457544375501255 -2.360611710646135e-14 1.575129237453064e-15 9.590854895055566e-16 2.799846895780882e-15 0.1445003963989652 -1.263746989732514e-15 -3.317765380333559e-15 2.333676147575029e-15 -7.316662142115169e-16 -2.261432495606781e-15 -0.0003443064194166493 1.236490546086266e-15 -2.612520664896461e-16 -1.001472127638788e-14 1.204483563816026e-14 2.688821392931777e-16 -7.29703300055814e-15 -0.00676755212691421 -9.996835328639797e-16 2.153312254868699e-14 -2.94903095981619e-16 -1.044303589349426e-15 -1.68615176893012e-15 -2.602086992896297e-15 -0.4437412305006709 -6.863000987958668e-16 -1.643879449602956e-08 7.026832877995796e-16 -8.542739159250435e-16 1.126176257076427e-15 7.295017803297222e-16 1.914082706235728e-18 0.0004443270138056811 -3.489500463685071e-17 1.789789091318013e-16 1.502431045827779e-16 -2.142383979781541e-15 -4.922278285021966e-17 4.624773084137949e-15 9.346908986224673e-16 1.590742122101992e-15 0.3862425386031871 2.264248280295966e-15 -3.200442013225331e-10 7.632785676220158e-17 
3.485546873505633e-16 -5.795955168761427e-15 2.126771014584874e-15 4.836409130129823e-15 7.504416673889355e-15 -2.442532802077289e-15 5.186893161855273e-15 3.758320647616628e-17 -5.510603659777585e-17 2.301076341980991e-19 1.514616604248818e-16 1.434188697769548e-16 2.469957376984486e-17 -1.286249027132532e-14 2.503558380430389e-15 -1.345982807940426e-15 -3.030057805590464e-14 9.292913805163629e-15 -2.143250887862589e-15 3.087157320294001e-15 9.315465230022455e-15 3.802513922715313e-15 -7.373455199156961e-15 -3.615170129406692e-15 -3.792109594402666e-15 7.121316547470672e-16 -3.205893539519075e-15 2.10427474488852e-15 3.981382486353203e-16 6.949637577486281e-15 -3.538967939790775e-16 -2.261416538641637e-17 -6.918067588780058e-17 -9.692218324651408e-17 4.251415724975059e-16 0.07212128749106954 3.36894146289742e-14 -7.070732997917622e-15 1.060414793293601e-14 -6.417067497972144e-15 0.6550295429215148 1.888463378135214e-15 -9.221790159263801e-15 -4.089393860213699e-15 5.933838593591264e-16 0.9999999999999999 -9.107555678839628e-17 -3.778312661875965e-15 -1.036600499556495e-15 5.065506415370896e-16 0.4712112879515467 4.185692656160655e-14 4.125660380937867e-15 -2.305707743911081e-14 7.762887675584112e-15 5.361534325035381e-14 3.133604535681246e-14 -2.898750078440178e-14 7.495740256178505e-15 1.333135011997027e-15 1.128958055706827e-14 4.513750554629313e-15 7.077021370640807e-15 1.458250209923689e-12 3.74526804283504e-15 5.919171500295447e-15 -5.560939299564881e-16 -1.768608744742387e-15 -1.857964067427117e-15 -4.220937863708987e-15 6.094929900732137e-09 -3.61881352567885e-15 1.105615995718141e-13 -6.388986661268095e-15 -2.13829066284616e-14 1.113903908303982e-14 -2.53807395712797e-14 -1.876615753946463e-14 -5.60315691444405e-15 3.045442634656302e-14 -4.232183246039111e-15 -5.577387339894673e-16 -1.457198468673286e-15 6.235336079140131e-16 -7.251362362497268e-16 1.301091789704131e-16 -1.405168304694441e-16 4.003031213257949e-07 -4.015969589260306e-16 3.504318335038607e-16 8.587554422622075e-17 -8.599891765745954e-16 4.198030877075553e-15 -2.029626498919159e-15 8.17748984443532e-15 -5.372536060532427e-15 -1.588194114274551e-19 4.817522146632825e-20 -6.51816043178389e-22 1.855371279587336e-19 -6.327196858980046e-18 -1.283664638802245e-18 3.900764659618998e-16 2.919519326629706e-16 8.794319711477739e-18 1.889412050286137e-15 2.138046717353712e-15 1.676718685794974e-16 -1.790668335893265e-14 5.296110854427709e-15 3.417405300760226e-16 -5.699434068949905e-15 -1.262878710149281e-15 2.405194136820186e-15 -9.614711778331602e-16 -5.037640596170549e-15 3.783436124518407e-15 3.110305030632891e-18 1.468094467645277e-16 -2.167387939102401e-17 9.417450096716821e-17 0.02099908949950988 6.281867484963653e-16 -1.792836740271804e-15 -1.177877258485292e-15 1.750654498843367e-15 0.1122654156918079 -5.241467064084006e-15 -7.514822214665542e-15 9.995476823847576e-15 5.491484088943326e-17 0.3153080575064347 -1.075095108149074e-15 -3.034032184451268e-15 -1.259410702605841e-15 3.429467929331908e-16 0.6182093518815004 9.561985683499449e-16 3.732238981815532e-19 1.479935988431872e-17 1.062179332356766e-17 -5.437697495957112e-17 -0.006344788407257771 1.071361169647548e-15 5.838211949090345e-15 -5.42236619937385e-17 -2.910866037906194e-15 -1.28326171128795e-15 -1.08897267896045e-15 -0.0488097746049584 3.111660283369878e-15 8.67362058811271e-16 1.879871169674343e-16 1.76247965077375e-15 -1.488393780196659e-15 2.121567532378248e-15 -0.6231284693365982 1.779826944680749e-15 -2.421438534918521e-16 2.620114350948633e-16 4.798547599854254e-18 -1.054047815937283e-17 -1.986292292165262e-18 -5.439260536469764e-17 0.0008825548297987738 1.025213755173305e-16 6.108801710494768e-18 -3.799045327600418e-16 -6.18082035885854e-15 2.125036423550465e-17 -2.079933933795523e-15 4.383648197676354e-15 3.533361495800089e-15 0.402523352753471 -4.994703064339997e-15 -1.960238166257432e-15 
2.953109301978141e-17 3.875747703569446e-15 -1.966473033110017e-15 -1.0738241680509e-15 3.082691853131474e-15 9.350584891774164e-16 -1.658464840170345e-15 8.623527577793768e-18 -3.753372644131788e-18 3.053150478264215e-18 -5.605769132332893e-18 9.744179407732288e-17 -3.840540833800995e-18 3.90845426368864e-15 -2.295932417041549e-15 -7.186515246890785e-16 -1.716448948953342e-15 -1.323522981483862e-15 1.629601901507564e-16 1.131071661462784e-15 1.38434844455107e-15 -6.331919571244834e-16 -6.696233546145404e-16 -1.061682624414766e-15 -1.498845013316251e-15 -7.876172958269056e-15 -6.696481854387347e-15 1.896156007006438e-15 3.650137373985761e-15 -3.844441264616201e-15 -3.601522002268949e-15 0.007826251172847427 6.29928181739793e-17 1.338562642596038e-17 4.750490266917351e-17 8.176512640552876e-18 0.1322550827250897 1.34228020895955e-16 4.809927768172059e-16 -5.93725882412158e-16 -7.017696811382187e-17 0.4711936556444314 -1.092906666584159e-15 -1.954871762448255e-15 1.068619851771158e-15 -9.107555678839628e-17 1 1.242124999991314e-15 3.495731784779299e-15 3.157356843553337e-15 -7.743022645007474e-16 -1.430630274126844e-14 2.307247402799474e-15 3.841897616665726e-15 6.417845013637874e-16 -4.417706552023463e-15 4.941933111822979e-16 9.508179557729814e-16 -3.476917749690681e-15 4.676635743769471e-11 1.84146099103792e-15 -1.903045414197899e-15 -1.74084418700573e-15 1.444198092355705e-16 1.299344590005464e-15 4.538390930620355e-15 2.245814906062272e-06 1.867110256379779e-15 -4.470689627894437e-15 2.912778741427775e-15 -2.478631876817847e-16 -1.007606059825798e-14 -1.171079849512961e-14 3.579960524596257e-15 5.380396856979486e-15 6.130438615402159e-16 2.004881980123109e-15 -4.55547188243634e-16 -2.862361044548147e-15 -1.18213902409411e-15 -2.764536139981327e-15 4.003167859927962e-15 1.471118085568884e-15 2.113307442370541e-05 3.539042319997533e-16 -6.132652454339358e-15 -1.519706407998934e-15 -7.364358226591642e-16 -3.150413258718271e-15 1.325433070411819e-15 -1.976864528074882e-16 -9.146587918242347e-16 2.220508778634126e-16 -1.717424758896511e-16 -7.043179082841563e-16 3.282249025981726e-15 -3.83877355994402e-19 -4.540775179098055e-19 -2.212928316788796e-20 -1.408976437841121e-17 -1.953685771114111e-17 -2.696582976821065e-18 1.83387707905081e-16 1.732076724798101e-16 -3.318489578514353e-17 9.021223500502263e-16 1.751347692269641e-15 -7.670565899033632e-17 6.735254166443681e-16 -1.311271150820714e-15 -6.891841100654804e-16 -3.764456288840133e-16 3.105242745172226e-16 -4.120084647884318e-18 8.049349984786547e-16 1.533539953998143e-15 1.961596144739988e-15 0.004456611162321073 7.329021978170414e-17 9.508509909913068e-17 6.151205273553571e-17 1.01392708130841e-18 0.0279878683803953 2.056281391396059e-16 1.237543320279827e-15 8.684298157260227e-16 4.012203484051223e-16 0.1045965740369393 1.421103933669746e-15 3.755782426361907e-16 -9.736681620766572e-16 6.765612684900958e-17 0.598747563556143 -6.88704852437126e-16 -1.67926168320715e-15 3.421839600584963e-15 -3.027180223202639e-16 1.758498546421981e-16 -0.0003523752824540567 -4.773419616789652e-17 6.38729590738328e-17 5.841007751231731e-17 3.188904435182624e-19 6.724064545103068e-17 -1.189945500269093e-17 -0.003228613606273763 -6.992217340533159e-16 2.416416093057843e-16 -2.182018514160824e-16 -2.496615438135894e-17 -7.928994481520095e-16 2.019275886099967e-15 -0.2166077031178515 -7.979956012162185e-16 -2.897072022155557e-16 -8.430997004153974e-16 3.014167726849632e-16 1.568234880613738e-15 -1.946536702461641e-18 2.006917298974757e-17 1.26264284082973e-05 -5.052927209653496e-17 3.670540975224014e-17 -6.033830322748619e-17 -1.28366175545507e-18 8.149944503091221e-18 1.897354462564296e-18 -1.474556943135142e-16 1.120663118126369e-15 0.04706154148011828 -2.465112236606787e-15 9.922902918496283e-16 -4.365555906700177e-15 -1.632854930866189e-16 -4.670007916402753e-15 -1.150501467749439e-14 
9.494594770243311e-17 -9.560167406619616e-17 -1.396483767476824e-16 -9.922841188244589e-16 -3.275232716543902e-15 1.596008964193439e-15 3.497328210188576e-15 3.075553217475715e-18 1.834894661413544e-17 1.088885375219327e-17 -3.839993724610684e-18 -2.21305034155294e-17 -3.599466962486933e-17 -7.214070611407986e-16 5.26066711164294e-16 2.413054559701777e-15 1.65344545450489e-16 6.940316152866187e-13 -2.367517045545266e-15 -6.16708050146155e-16 1.071341695513172e-08 1.280254685173804e-15 -1.495367853099141e-15 1.002135293181e-06 -1.214334997203768e-15 1.908312800924294e-15 6.949642501170959e-06 1.360089392977566e-15 -3.544290636687076e-15 9.48505795329087e-06 7.772025624736991e-16 6.842674493947121e-17 0.007826205881838879 1.149663939622609e-17 5.416464132268062e-17 -5.958375352637212e-18 1.34010398804453e-16 0.1322543173570171 1.2728819433367e-16 -7.515858288935029e-16 -6.70485684633245e-16 -1.110247967006296e-15 0.4711909684489072 2.498708481351571e-15 -2.810315164794302e-16 -3.778312661875965e-15 1.242124999991314e-15 1 4.406504887885263e-16 8.257654726064381e-15 2.699470329033622e-15 9.50649819350461e-16 -3.200961977267957e-15 -3.497281087245688e-15 -1.549359707860351e-15 1.64179001933331e-16 5.326371239211975e-15 2.017610039443224e-15 -1.945536081036515e-15 -1.878747726928309e-15 7.878153155613248e-10 3.139920023782345e-15 7.190590330697298e-16 3.452177263704426e-15 -2.270804039301762e-15 1.607033190147963e-09 -4.274505602080721e-15 1.589406284723903e-05 -2.289979106544958e-15 2.77571114710548e-17 4.163557010509814e-17 2.564106642711302e-15 2.10276248035019e-15 -9.486331580092805e-15 1.283724208612045e-15 4.253637512860431e-15 2.14676852453719e-17 -3.71467189422612e-15 3.719764370697961e-15 -3.03843642078912e-15 -1.526319894149913e-15 -1.096419261622147e-15 1.698559192252693e-05 1.984596654901325e-15 9.506777870139653e-06 8.465960618317475e-16 -6.037154902398066e-16 5.065677638886652e-16 1.269872885364199e-15 -4.406519000156897e-16 1.196253600628186e-15 3.220369632111548e-15 -2.78255896028881e-15 -2.591735092077422e-15 -5.134898876261455e-15 -2.026239258284968e-15 5.264452264776324e-18 0.000713132009548061 2.778320717405256e-19 5.75777865339355e-17 0.004790804534445826 -7.073555151422369e-17 -5.390960646383026e-16 0.01946454261047284 2.065144478630456e-16 -2.503180889804018e-15 0.04981545125227172 2.46890577870224e-15 -1.370896021426724e-15 0.1143784380372245 1.745713131998716e-15 1.032183654238837e-15 0.3133531991359312 1.5146915646524e-15 2.393973856834944e-15 0.4963088280669242 -1.311481851339249e-15 1.274604847053037e-15 0.002198741163234541 -6.523045610494804e-16 -3.482652076117741e-16 5.976459912296356e-16 7.147221269570793e-15 0.01417511268579497 -1.016006994430928e-14 -6.36752686795028e-16 2.418258847034429e-15 -4.760188146528802e-15 0.0555149997744092 -2.220495928410188e-15 3.467356435085717e-16 -1.26290705928322e-15 -5.696961017340145e-15 0.3811976815726579 -4.038531585762751e-15 -5.169593408662915e-16 8.326865892639814e-17 4.14987703417468e-17 6.356228253423181e-16 -0.0003325724214479269 -4.441656792620618e-16 -1.156103122852386e-16 2.584825688484207e-16 -5.901207814869023e-16 -7.880592092800975e-15 1.124885022326932e-15 -0.003067372220594554 -6.053887239194825e-15 -5.697610402243732e-16 6.141059052009658e-16 2.538391146286191e-15 7.93429234194264e-07 -1.04779657120613e-15 -0.2211213552469246 -1.235151702222495e-15 -6.592099426149242e-17 -2.688882267447713e-16 2.532754065823046e-15 5.021065754835508e-16 3.407690093992437e-18 -6.671000178905604e-17 1.482700571153167e-05 -1.701735887578214e-16 1.542733114382049e-16 1.020473160672029e-16 -2.134051097953213e-16 8.692447363798654e-18 -2.583061861369786e-15 2.188524771247645e-07 -4.302211129482238e-16 0.05762311280681305 6.869662265099323e-16 -9.749367062744884e-16 -2.01232484298646e-16 8.500336688256803e-16 -7.393559829686359e-15 
6.802289226016896e-17 6.024112008862403e-16 9.988893687984871e-12 4.112707435700634e-08 1.927892355027796e-06 1.487902276138299e-05 1.663012008930302e-05 -2.033166583833006e-18 -2.12726808899856e-18 5.553199239865369e-18 -6.016166304792766e-17 1.620316880337344e-17 4.621291379188619e-17 9.96293362516646e-16 4.397325281846478e-17 -4.118861896915791e-15 5.17690349177799e-16 1.190184980584662e-15 1.341070554098532e-11 -1.156573126922499e-15 1.66064254354035e-15 9.579178319804616e-08 -2.740997463107028e-16 -8.906506946576908e-15 6.819516833825906e-06 3.886115185651471e-16 -4.635580257169969e-15 3.363827439925602e-05 -1.644674922486339e-15 -8.327467961956187e-16 3.771846524325485e-05 1.346777372051035e-17 1.148393721598752e-17 0.007826400007544873 -4.175823720193438e-17 -2.11802708325046e-17 4.818693267708522e-16 1.264239489260848e-16 0.1322575978593108 5.107104677779525e-16 3.61327452655403e-16 -1.996110553689186e-15 2.469712447831875e-15 0.4712023548542699 1.635379438521709e-15 -1.036600499556495e-15 3.495731784779299e-15 4.406504887885263e-16 0.9999999999999997 -3.82533199912874e-16 1.914051743738704e-15 -1.142178305038664e-14 -5.618601229287579e-16 2.9367546043201e-15 -1.942982131008064e-16 -5.74375118044328e-15 9.02966249276415e-16 1.846456470174752e-15 -1.015186478389336e-15 -2.951337812837178e-16 1.165789278608972e-15 4.610236998359474e-09 7.72422137352162e-16 1.096830761010187e-15 3.69459353317509e-15 -1.516295530111756e-15 -2.107813770165471e-15 4.857614995518118e-16 3.872651249350824e-05 7.376635343193927e-15 1.303312412368353e-15 -3.442025551191886e-15 -1.218480606589002e-14 9.377165714298175e-16 2.611478577923751e-15 2.007712060260899e-15 1.31185989952533e-14 1.564787761067163e-15 -5.03982675298652e-15 -2.325777801405503e-15 1.298901715823589e-15 3.365457393027015e-15 -2.498172558728972e-16 -2.881553155562101e-15 -2.737605385056568e-15 -5.678765614157141e-06 -8.674288292321152e-17 -1.833751396727185e-15 1.466808957225935e-15 4.548398376507284e-05 0.05696891721900641 0.1175488549217916 0.1811582459158226 0.2223470189244653 0.1812229435971407 0.07301662939579126 -9.160628277322211e-17 -4.114760682046213e-17 0.0006122609374794514 -1.27400125166765e-15 -2.290774938456816e-15 0.004117915753381922 2.504722393109376e-15 1.768468154554409e-15 0.01678268664792319 9.206897267648053e-15 8.178957258396716e-15 0.04318233084593628 7.286074565938709e-15 -5.867979516193178e-16 0.1001726088115129 5.629443763593576e-16 1.318452160348551e-15 0.2836727283999545 -1.240386786529882e-15 3.573701790561656e-15 0.4782322243227305 -4.660919994664805e-15 2.820135313431917e-15 0.00182746969592613 2.733439722826242e-15 -2.798729143786035e-18 -6.511158645720442e-15 1.887412787848596e-14 0.0118434888862483 1.076777493981523e-14 7.624470058733581e-16 6.904525786974654e-16 -1.476102607786951e-15 0.04683281215733186 -1.141935703335786e-14 -2.567512101689206e-15 1.652402547945044e-16 1.804198155622785e-16 0.3350349438857038 1.932573793619021e-15 3.328226764664916e-15 1.029256360670926e-15 -1.934789346977355e-15 2.726524642509877e-16 -0.0003262906958777337 -2.267167550935811e-16 -1.136782534829146e-17 9.977206804971765e-16 2.673335235610302e-15 -3.906646396028009e-15 1.346100622570606e-14 -0.003013396724572722 8.788632957205555e-15 -1.549723415094906e-15 -1.818292987556253e-15 2.472098676600004e-16 1.127623617351216e-16 -2.220551727282314e-16 -0.2206596343844004 1.944717567408968e-15 3.964031214711882e-16 -7.685190973570625e-16 -1.222771031260137e-17 3.894489786904729e-16 -2.652168575850893e-16 -6.45983232291274e-16 1.541788218722302e-05 -2.874346290353669e-17 5.168881710603199e-17 3.158925754006534e-16 -3.256953275243896e-17 -4.337014662726157e-17 4.088936845132615e-15 2.428727815160127e-17 -1.419071187431575e-15 0.06051886789827678 -7.893366629356526e-16 4.601572452750617e-16 -7.719885006720447e-17 9.158623286288283e-07 
4.389451100510236e-17 1.151648476517791e-15 3.121488172799514e-16 -3.608305886634394e-16 3.098286881222143e-15 1.026997072611429e-15 -3.379362774527451e-15 9.445159374723559e-18 3.030262405084317e-18 1.139782359832137e-18 -2.79908325021014e-18 -3.162370162328228e-18 1.975643164729393e-16 1.191998644381716e-15 -7.239651581042416e-16 -1.439224316013156e-15 6.927426867907541e-13 1.648024321866977e-16 -1.926453694140331e-15 1.071341859274751e-08 -6.357904370705053e-16 -2.605613193944516e-15 1.002135294541053e-06 -1.502306915062481e-15 -2.428669994407534e-16 6.949642501504042e-06 1.906577971105271e-15 3.677792746316886e-16 9.485057956704992e-06 -3.55643455957344e-15 -5.051816656079041e-15 4.999173034790922e-17 5.346062160146736e-17 -4.189618682050771e-17 0.007826205881839399 3.822965193292858e-17 -5.954572089272294e-16 -7.565732709202029e-16 5.122157172749915e-16 0.1322543173570128 -3.296048643733932e-16 1.025244607032376e-15 -2.82766278926839e-16 1.620051294296414e-15 0.4711909684488997 5.065506415370896e-16 3.157356843553337e-15 8.257654726064381e-15 -3.82533199912874e-16 1 -5.09360211185264e-15 -3.807803564734052e-16 6.017023537257814e-15 1.633929377008696e-16 1.129219217870738e-14 6.245144798652705e-17 -1.459236088324413e-14 -5.937766578094074e-16 -9.922841180141646e-16 -7.620811416801529e-15 7.173242706256416e-16 -1.570393702502191e-15 7.87814552265861e-10 -2.964654805593653e-15 1.959414180589257e-15 2.203258075942739e-15 -5.551305976728206e-16 5.898386187599152e-17 -5.718008435736499e-15 1.58940628371354e-05 -4.579912711560792e-15 -1.607043559339701e-09 -9.918233217339496e-16 1.305624229185232e-14 1.359077952276349e-15 -3.708681542661549e-15 9.212672804541661e-16 1.153443549062322e-14 -4.223360487078958e-15 -1.503822193703435e-15 1.720531970896212e-16 -3.920739764661473e-16 2.914462359852258e-16 1.415586425174371e-15 -5.881021585956759e-16 9.090498696717939e-16 9.50677787971578e-06 3.067163721079313e-15 -1.698559191858112e-05 -6.132694750218355e-16 1.161088256504968e-15 1.338857127537857e-15 5.98059352593246e-16 -2.692351313858204e-15 7.077833586198217e-16 5.065598145712417e-15 0.0007131320095480531 5.244122923769966e-18 -4.167481076107882e-19 0.004790804534445893 5.687304313713717e-17 -1.552833220896929e-17 0.01946454261047357 -5.390950058233343e-16 2.427082508042812e-16 0.04981545125227527 -2.504834335258601e-15 1.312885666943264e-15 0.1143784380371947 -1.360487446762516e-15 -2.778303371168503e-15 0.313353199135928 1.051266041123907e-15 -6.787258062471337e-16 0.4963088280669235 2.414791020807445e-15 -1.02698049734502e-15 1.148011235338583e-15 -3.482574782624977e-16 -7.473848746252823e-16 0.002198741163234558 4.330540514586487e-16 5.748352203733374e-15 -6.44091545103311e-16 -3.598114154307505e-15 0.01417511268578522 -3.492618913177906e-15 -9.669565863247642e-15 3.445671904534562e-16 -2.161514005311791e-15 0.05551499977440803 -5.338297731015503e-15 1.970690534621925e-15 -5.117550521998523e-16 -4.78794981817233e-15 0.38119768157266 6.605980274827581e-15 -1.095323543700819e-15 6.682500497683812e-16 -1.164099293493001e-16 -5.486144935589242e-16 -0.0003325724214479411 2.660437253593301e-16 -5.408553915896473e-17 -1.48258490659529e-15 4.552233498546364e-15 -5.675925871692779e-16 -1.37683216166497e-15 -0.003067372220607077 -1.598488722389827e-16 4.178392191849357e-15 9.57589208448154e-16 1.908238788620435e-15 -4.857336419267851e-17 8.36156068077587e-16 -0.2211213552469308 6.730879482385239e-16 -7.934292249028815e-07 2.632081659334217e-16 -5.135270993188755e-16 3.966712103400156e-16 1.544173896850158e-16 -1.48313506685207e-17 1.482700571152917e-05 -1.134912000076289e-17 8.479757907037545e-18 6.117875239466374e-17 6.418622489636133e-17 1.170964747872113e-15 -1.235150937173932e-15 -9.523847895813099e-16 -3.816479036166288e-15 0.05762311280680518 -1.1345348683734e-15 -2.188524768350584e-07 2.407851019147034e-15 
6.815291582454371e-18 -1.605315772077534e-15 5.745570352945954e-16 2.732371636409059e-16 2.56756287462052e-16 1.485047900326017e-15 -3.804553480723484e-15 2.534365191009679e-18 -4.026375291837345e-18 -4.285521894710726e-19 2.413411590192535e-18 -1.180444689472065e-17 -3.391657938324534e-18 -2.715612817069755e-15 5.430182019973831e-16 -2.386623616366485e-16 1.719496649220598e-15 -1.699491785470286e-15 5.898453051523885e-17 2.773140359534238e-15 -3.438451168343344e-15 -1.856277874199253e-16 2.50511210748617e-15 -6.557703439264367e-15 -8.951779407942595e-16 -2.137404821220763e-15 2.95628069428586e-15 1.64640547585887e-15 1.172807825678575e-14 -3.067343544082442e-15 -1.113808265260602e-15 8.999527015122429e-18 -7.202536625476245e-18 -2.159611791722572e-17 3.389632534284276e-17 0.007826551855317367 -6.424326163654422e-17 -6.674793563451869e-16 3.587322044295202e-16 -3.327638311603937e-16 0.1322601639150089 -8.576610984424409e-17 -3.792358351590398e-15 -1.040849276777162e-15 5.278248071689651e-16 0.4712112879515467 -7.743022645007474e-16 2.699470329033622e-15 1.914051743738704e-15 -5.09360211185264e-15 1 1.263586346492325e-14 4.902682496156794e-16 -3.575720307594228e-15 1.525465734961059e-15 5.427220595360347e-15 1.140656729816515e-15 -4.126477518535448e-16 -3.857414811805956e-15 1.413893893232869e-16 -1.875361102564506e-15 -2.168548916011562e-16 9.330181711128481e-16 4.677750844125185e-11 7.190908205503259e-16 -3.580886379053181e-15 -2.73023562185183e-16 -1.283823157062336e-16 -1.318531104714036e-16 -3.990261163842389e-15 2.242006478306098e-06 -1.075653854172946e-15 1.501843460550298e-14 -1.78872757336351e-15 -2.867377357613271e-15 2.550762439161727e-15 -3.112409831690904e-15 -4.158717741872693e-15 3.697809611565349e-15 -8.027425949807161e-16 4.686505276092746e-16 2.74116932770896e-16 3.650178502401737e-15 -6.798498204310744e-16 -3.025650458876887e-15 -2.177305382417555e-16 4.233134816318561e-16 6.252758048361439e-05 -6.314947599212131e-15 -2.666582326622981e-15 1.661141474411974e-17 -6.867794416976745e-16 2.628281286193417e-16 -1.547476506838387e-15 4.684067521109673e-17 3.285844870259302e-15 -4.839020596825882e-20 -3.983985775833142e-20 4.045168666807615e-22 -3.796106486796207e-19 -5.022784768793845e-20 -2.656443053042031e-19 6.215110959762856e-17 5.730051674765025e-17 1.01073650769968e-18 1.784986826483532e-17 5.124823225740126e-16 -1.028705392028181e-17 -4.882325243208452e-15 1.710985094725376e-15 -7.066758780019585e-16 -1.554632717906829e-15 2.085276637661016e-15 1.141090439607578e-15 -6.037244428988792e-16 7.35572309738872e-15 9.342119013530604e-16 9.207861998801888e-19 3.676452793100226e-17 -4.137184728808801e-18 3.089120696371871e-17 0.004456782384125275 4.024284650869751e-16 -2.498168351233451e-16 3.530397635250035e-16 -8.848538578900845e-17 0.02798894366678546 7.611606695163811e-17 3.64749927671383e-16 2.342032829281437e-16 -9.006695203266292e-16 0.1046005925975068 -2.832125456499745e-16 2.057519738990104e-15 -2.342035506184595e-15 2.482555435493118e-15 0.5987666086791682 2.207049130154492e-16 1.23606229350296e-18 5.556059507832761e-18 -1.654365637871382e-18 -6.212765580930505e-18 -0.0003523888206179647 1.941312943555172e-16 1.509526900428506e-15 -2.517380339286217e-17 -2.253122323725283e-16 7.020677115554238e-17 8.636246057975021e-17 -0.003228737648740128 6.04916720118593e-16 -1.748718465520994e-15 2.884170209640845e-16 4.933884094391235e-15 -3.96411012091721e-16 -2.820849345105541e-15 -0.2166154103968143 7.910869248785539e-16 -1.168944222146151e-16 6.690089880660407e-17 -1.267378130510162e-18 -2.042226706198136e-17 1.358519657826299e-18 -2.527065946483556e-17 1.262691351228995e-05 2.487856625834267e-17 2.533644456157465e-18 2.810440028531186e-16 -1.677589581997352e-15 -1.819412653942082e-16 1.795558894195309e-16 2.147731780132432e-15 3.504375812825611e-16 0.04706438482768725 2.978719040630244e-15 3.566830363265124e-15 
-1.162365449951786e-15 7.709761648546534e-16 1.37472498662519e-14 8.744415788941976e-14 5.54910057770924e-14 5.335852037213612e-14 2.434749730376919e-14 5.120403054438166e-16 -1.570848640785557e-12 5.945017488255543e-17 4.185387468794066e-16 6.112105226073317e-16 5.288188817109848e-17 1.626409879000657e-14 -1.520979793935064e-14 3.364292893750251e-15 5.576812069868682e-14 -6.166985325186252e-14 5.285051909999489e-15 8.636310001043579e-14 -7.36049677596819e-14 2.126770983956563e-15 5.548483480370663e-14 -3.890557908724075e-14 6.1886325562152e-16 2.441733028911105e-14 -1.966081839413763e-14 7.313135270918364e-16 2.521538813892969e-14 -1.34032827304352e-14 -2.354432831458753e-16 4.884728113057074e-15 1.375605064444907e-16 8.946551247825833e-16 -1.91661334238597e-15 3.306390303810967e-15 -5.179180923109116e-14 9.522330840507907e-15 -4.744647600156295e-14 -3.923321086411282e-15 6.335708867268452e-14 -1.104983078313747e-13 1.151205868957535e-14 -4.565895235440143e-14 -5.514848571054666e-15 4.185692656160655e-14 -1.430630274126844e-14 9.50649819350461e-16 -1.142178305038664e-14 -3.807803564734052e-16 1.263586346492325e-14 1 2.664027039332481e-15 2.911234621428206e-14 1.880223407524769e-15 -2.687239130218891e-14 -1.293279719427745e-14 1.387203137190665e-14 0.6334229585633834 8.421052483805792e-15 1.332050789120702e-14 -2.710288590792774e-15 -5.123890678088088e-14 -1.128958038167385e-14 6.850463664256525e-15 0.04283444732308848 8.418523618280609e-16 2.277441521961954e-15 -5.827009357063401e-16 -4.512530004432522e-15 -3.308001846454695e-16 -5.181863643965862e-16 -3.191003632323926e-14 1.443636876708133e-14 1.444953504721389e-14 -2.862564785905391e-15 2.1633085947609e-15 -3.993013263245179e-15 -1.594449398901006e-14 -4.459567480922454e-15 2.446800357811299e-14 -5.487825577689583e-15 1.167927206898612e-15 1.031775443399302e-15 -2.319144325265198e-16 9.321780406849494e-17 1.246192357345882e-16 -1.021352984805348e-15 3.184267279507592e-16 1.026791278382318e-16 -3.722369020696704e-17 5.909986042220519e-16 3.973167281291145e-15 2.232871006695664e-14 5.502566737853668e-14 2.723023108336557e-14 -3.048670904502442e-20 -1.069273375185622e-13 4.552786098889962e-21 4.300943872819125e-18 -1.699837815067087e-18 6.758246481151652e-19 -1.689789701614288e-17 -1.845430682183319e-17 8.46821189017661e-18 -7.439130386733658e-17 4.909267437015656e-16 3.171426879792661e-16 1.313355077904286e-15 -4.834674327549572e-15 5.32234846473295e-16 2.416312592760922e-14 -2.281855260337856e-14 -1.409245983806517e-14 5.206838517470789e-14 -2.829054086824792e-14 -5.072467131568666e-14 5.590878026044556e-17 1.009570099503112e-16 -4.195862407520034e-17 1.561808689471336e-17 1.008579070954861e-16 3.134851997130277e-16 -6.14818525951499e-15 -2.18791998407625e-16 -3.181557393841718e-16 1.937469282232281e-15 -6.706386748018744e-15 5.22368606703597e-15 -6.362965709884627e-15 -1.213416032149895e-14 5.86856951923076e-15 -3.651425603328647e-14 4.167002013986212e-14 -4.771481636629494e-14 -5.942960864392589e-14 1.416359398021966e-14 0.006051728948665095 -6.689403823453593e-18 -7.460030924706977e-17 6.467943585235778e-18 -1.900641348476591e-17 -1.886427076830636e-17 -6.100860681718853e-18 0.04453952249039413 8.276308105647093e-16 1.137219658720299e-15 -1.356336917779715e-15 5.530278112624625e-18 -1.541627069057608e-15 1.797166744848938e-16 0.1077391905375395 5.642299532442371e-14 3.041133870352165e-15 9.740804218896941e-15 -3.214493788217836e-14 -4.769427890684466e-14 -6.574468778342118e-16 8.170530101797515e-17 -0.005182617440506063 -1.564095967942187e-17 1.869465242062685e-17 7.955439319728783e-18 8.969642573656704e-19 -3.929947001639593e-17 -9.467793072409872e-18 4.263265054299858e-17 -1.591516990707269e-14 -0.2047155344849415 -1.268741592848881e-14 -2.709519398387136e-14 -3.431149001900829e-15 4.426231940317864e-14 5.112258224928917e-15 9.419820314462175e-16 5.002510375341157e-16 
-1.713385176872473e-15 -1.121570216800133e-14 -2.371090520107272e-14 -3.093055328298615e-14 -1.554204394203109e-14 -1.032536056138832e-14 -3.171659350058583e-15 8.641311948232482e-16 6.04582499904602e-16 7.228359268063007e-16 1.098245044037163e-16 9.683587889089806e-16 1.6560777179354e-16 1.968860323257166e-14 1.752249604095372e-14 1.525183787859038e-14 -6.006913716441525e-15 2.101834331581147e-14 5.368741475694013e-14 -8.293279274979852e-15 2.530679664134992e-14 6.543442010927052e-14 4.079859940510978e-15 2.864467170563388e-16 2.925364874597798e-14 2.297296782338554e-15 6.860013565157649e-16 1.189016045837921e-14 7.098071906873959e-16 2.083774458752889e-15 9.00794183071708e-15 -7.17484340169517e-16 1.607178226054923e-14 3.154002295373636e-16 2.368076083372077e-15 -5.564048472507232e-16 1.042568809062484e-14 -2.944378681841483e-14 -1.025698623258526e-14 5.999649561884831e-14 -2.010137932843139e-15 1.240674233149295e-14 -4.800782176862077e-14 -3.043463950021274e-15 7.867621499978932e-14 4.125660380937867e-15 2.307247402799474e-15 -3.200961977267957e-15 -5.618601229287579e-16 6.017023537257814e-15 4.902682496156794e-16 2.664027039332481e-15 1 9.674878086176608e-16 -1.657300598840082e-14 8.774448181926761e-16 1.204068854170274e-14 -2.243853974154699e-14 8.493151928326808e-15 0.6334229585595255 5.629828200869769e-15 -8.444492934815306e-14 -4.534133485351797e-16 1.817621574087868e-14 -1.47859155475813e-14 8.356498010802704e-16 0.04283282364582703 6.81443464200514e-17 -3.394069635927725e-15 5.152298077773804e-16 2.391484209342021e-15 -1.196043006402052e-15 -8.528551129207037e-15 6.212515040166664e-14 -1.981748098956412e-14 -1.301225227286361e-14 -4.913983716466292e-15 -2.43090459871016e-14 2.581485372688755e-16 -2.510838759129422e-14 -2.633283131478998e-15 -7.74155229165237e-17 -3.588568018374743e-15 -8.422203079529273e-16 1.604543812990775e-15 -2.317840775195554e-16 -2.136020458116132e-15 1.314504060460151e-16 6.24296774723602e-16 4.662711239465304e-16 -8.259723065923731e-16 -1.728950099409027e-15 -5.904890292009316e-15 -4.95322099430436e-14 -3.227974727652794e-14 -9.529767712811343e-15 -2.993639979297853e-18 -3.644164278399729e-18 -4.819600540034518e-19 -1.488268749116034e-16 -5.36878887480485e-17 -4.624989711285322e-17 5.046584183259837e-16 6.173764807489329e-16 -7.261802715737226e-17 1.835229017366755e-15 2.292653913938597e-15 -3.552930519236344e-16 4.248554633103238e-15 4.134496564558376e-15 4.849094216443193e-16 -1.116034348288336e-14 8.951606817058821e-15 3.142776837405918e-14 -4.515488384345667e-15 5.43185670514119e-16 1.457635531256743e-14 0.03819377323168275 2.206029019092996e-16 3.604607999348185e-16 -4.729323757700925e-16 -1.248907729079455e-17 0.1673106711675456 -9.22818679111312e-16 1.531869249505218e-15 9.48676900925144e-16 -1.2487298521607e-15 0.2599785375642616 1.97780160304849e-15 3.192541717101872e-15 1.114061100316087e-14 -1.353084311262277e-16 0.06601160525363879 -6.157727817295245e-15 -3.502410701188822e-15 4.611655122962464e-15 3.130093987943352e-15 3.887256541099809e-16 -0.03975854324547247 -3.67401811421073e-16 -7.181060623529845e-17 -1.624971299419168e-16 1.936582015220071e-18 -9.572742853397201e-17 3.653347969199049e-15 -0.2155510919048763 -1.773917384512666e-15 -9.648857234037841e-16 -3.000908983114899e-15 2.229119666631018e-16 8.046948524190364e-16 1.100845065917424e-15 -0.03518856657426724 3.616980936036559e-14 1.667243869377905e-14 -2.404023941036276e-14 8.979906093765569e-17 -2.05347964233774e-15 -7.37299828937669e-18 1.645866431767688e-17 0.01986905265701785 1.43168417112072e-16 6.326367322055005e-17 1.834949178857769e-16 3.131216108202803e-18 -7.511456412519251e-17 -3.657832373381865e-18 -2.806349535733987e-15 -5.590851601251643e-15 -0.06074456817662584 -4.975898167143091e-14 2.402026562872721e-14 7.695126598103245e-15 -1.775619941812134e-14 4.903196315728306e-15 3.028719708174342e-15 
-7.007746625817575e-16 1.233740757125975e-15 2.322339369421424e-14 9.00750828833428e-14 2.921058583091724e-14 9.667780606910068e-15 4.504920725906167e-15 3.800554462168271e-17 -1.21673859334079e-12 7.003336501471596e-16 -4.632821372602259e-18 3.807826449987349e-15 2.210135266076518e-15 -3.151518217399893e-15 6.56280585431667e-14 -2.611558430447895e-14 -1.065654183820204e-14 -4.37289093824386e-14 -3.339342691256583e-16 -2.217068764082132e-14 -2.489675137886512e-14 4.670742964358375e-15 -1.169032203629159e-14 -4.204977090958728e-15 5.241472534997975e-15 -5.487550048306702e-15 3.710717626899852e-15 2.572011784977541e-15 -6.133735978672019e-15 2.265658146582722e-15 2.327218341903455e-15 -3.011839509855986e-15 4.316534109317026e-15 4.856035214694033e-15 -5.240759620818133e-16 4.907500579226885e-16 9.003106420105963e-15 -1.16504028646636e-13 3.719203764408577e-14 -1.902948285060213e-14 -1.635844237846688e-14 2.531753025424612e-14 -3.888556151222989e-14 2.574416401284764e-14 -5.783568080021952e-15 -2.305707743911081e-14 3.841897616665726e-15 -3.497281087245688e-15 2.9367546043201e-15 1.633929377008696e-16 -3.575720307594228e-15 2.911234621428206e-14 9.674878086176608e-16 1 -2.352718714294186e-17 4.786915221850198e-15 9.49457526489159e-15 2.975023656246452e-15 1.339423363896938e-14 5.572799166577298e-15 0.6334229585618266 1.412064909452239e-15 5.545390535676319e-14 5.306519113021242e-15 -5.932754287877946e-15 2.269944552672478e-15 6.827844549624111e-17 0.04283372112946287 -3.767755038525646e-16 6.792749885785488e-16 2.67589267684387e-16 4.679378664563155e-16 1.50501898270343e-14 -4.281297538711695e-15 9.371924894129968e-14 -4.159173006003009e-14 1.376503078188039e-15 3.775629033596119e-15 7.984498479054568e-15 -3.810970636287416e-17 -6.93271395152537e-15 1.218454191393778e-15 -5.623875252676794e-16 -6.769855307489751e-16 -1.11979768714902e-15 -8.670692400532666e-16 -2.177617803333996e-16 1.010185324780463e-15 1.99416089425213e-16 2.00573972132798e-16 3.473375347251306e-16 5.51685433447745e-15 1.333308463636106e-14 4.931124954023637e-14 5.292383221119654e-14 1.759735387519336e-14 4.219937575684174e-17 0.004052900340290547 3.792661402119225e-17 8.978543413981982e-16 0.02728145686975329 4.801347774646061e-16 -8.895142965372936e-16 0.1055029330192512 9.320411738409861e-16 -4.255222476463707e-15 0.2216789433625451 -1.327551350100369e-15 -3.202624797306069e-15 0.298847944519556 -8.91908075173795e-15 -8.175751742415307e-15 0.139831258854776 -1.006963609724738e-14 -7.439258439585948e-15 0.01678046850282087 -2.949271680069016e-14 5.205832306574256e-15 -0.128916608813042 -1.782953531994048e-15 5.226486569718378e-16 1.508348838625826e-15 9.941266559957994e-15 -0.3490727230964773 -3.184952301894328e-15 -1.892474892074087e-15 4.595282487864443e-15 1.045734679405938e-14 -0.2312474822579677 -1.12366713156434e-14 3.389703882168289e-15 6.461844948015314e-15 8.300328248896459e-15 0.0378577156771607 2.232374824711407e-14 1.279429364682887e-14 -6.399833319027321e-15 4.939896148388529e-18 -4.501099729788348e-16 0.07146481306798091 8.283761995583722e-16 7.124790107260764e-16 5.639647006774865e-16 8.192248555961687e-17 -4.291272198698956e-15 1.062518129036131e-17 0.2359190382762679 -6.586745038285999e-15 -5.210133539880607e-16 2.331902032582664e-15 -1.799558765892086e-15 3.10949293253671e-15 -1.337032768265164e-14 -0.04510153769052518 -1.569687291390026e-14 4.940846428253414e-15 1.49422601633634e-14 1.446976732135125e-15 5.904156337960271e-16 -1.624139089548792e-16 -5.134299738904095e-16 -0.02233765283693107 -1.920079695824088e-16 -2.388337309995366e-16 4.405439534492802e-16 -5.948372251901906e-17 -2.040282141370967e-16 3.971921343951707e-15 -1.568385310102206e-14 8.332365265512661e-16 -0.02445161112536234 -2.008067979699625e-14 -1.098836431047705e-14 -6.389475748042571e-15 9.114075276200857e-16 -3.562689443730378e-16 
3.249765770288148e-15 2.60555466091816e-15 -1.941502514314116e-14 -1.589006705302313e-14 -9.540982678052299e-15 -5.270180779435549e-15 -1.183097351650798e-15 -4.477484130898716e-16 -5.16551208514109e-16 1.987373602835427e-12 -2.050811235499175e-16 -2.688777605095081e-16 7.42537541870395e-15 -1.372607573663462e-15 -2.090558628987045e-15 -4.598404990120603e-14 -3.449614183715205e-14 -6.531233887055295e-15 1.723066134218967e-13 -6.718481037189026e-14 -1.026305778603807e-14 1.704331122608377e-13 -1.419681212584101e-14 -9.797084877610158e-15 5.437323022902038e-14 -4.324752269272114e-15 -3.802336268634808e-15 1.791669350999034e-14 -4.95059749783812e-15 -4.879904106204722e-15 7.411015099971729e-15 5.366251683721168e-16 1.204124488353036e-15 1.789800946339617e-15 -2.036813672972402e-15 -2.301375547498487e-16 2.114638759238404e-14 -1.337862112760669e-14 1.57068802408903e-13 3.656802508371228e-14 -7.398595625043995e-16 1.78961121547482e-14 -1.752721235408695e-14 7.559231097496089e-14 4.834490022469561e-14 7.762887675584112e-15 6.417845013637874e-16 -1.549359707860351e-15 -1.942982131008064e-16 1.129219217870738e-14 1.525465734961059e-15 1.880223407524769e-15 -1.657300598840082e-14 -2.352718714294186e-17 1 -5.481265398164631e-15 1.965842853085961e-14 -9.804508008424485e-15 -2.820226691087014e-15 -8.433347336442693e-14 1.351783268660159e-15 0.6334229585626108 -5.780965983715173e-15 1.733162224851193e-14 -1.289794009451237e-14 -5.788030621816763e-16 -3.401968803409357e-15 -3.773689701113754e-16 0.04283404678683514 -2.440077193609104e-16 2.672694182761071e-15 -4.007004292933351e-16 -7.579250812033204e-17 5.854691731423306e-15 2.163579645304099e-15 -6.036746216842774e-15 -4.532485498033894e-14 -1.021438725160127e-14 -3.15871460932035e-15 1.765959340566609e-14 -6.343937961757335e-15 -4.269594165998356e-16 -3.036209574674046e-15 6.620504319564613e-17 3.164474752764794e-16 -8.97753320950534e-16 -3.005549650749242e-15 -1.349877352529507e-17 5.83394385306386e-16 1.89236710987522e-17 0.2067317620305555 0.2670906291404982 0.1424229585032662 0.03082400011650481 0.002944961971162594 0.0001331291814847305 -4.72199325610584e-16 -1.389682533956417e-16 -0.009821147340476545 2.719417042345595e-15 1.449712506487329e-15 -0.06063357442593544 1.270955864347629e-15 1.006039242662611e-15 -0.1867948627937227 6.254830095706779e-17 8.917291818153464e-16 -0.2671032263617749 -7.00836415811209e-15 3.660266534313132e-16 -0.1589499223256875 -1.243785890274494e-14 -1.296792534488178e-14 0.05159150128060608 -1.862568485351885e-14 -8.015295459035843e-15 0.01476070122651915 -1.146015460602922e-15 2.408211654317136e-15 0.1070873935846673 1.383937526070748e-15 -3.214998254599472e-17 1.773741201659918e-15 2.008701364964582e-15 0.1318068000646178 2.907681148808539e-15 -5.457873736294548e-16 7.71756790418834e-15 -9.69276742202296e-16 0.006400932214431786 1.559424247719022e-14 -9.898332153926791e-15 1.02881591236621e-14 4.980175535868516e-15 0.03577813310675495 2.806509542590151e-14 2.6528278384829e-15 9.146695868840562e-16 6.759696672379586e-16 -3.601678959416511e-15 -0.04334263176260039 2.088117268275021e-15 2.794086407285246e-17 7.786203195663132e-16 5.805902633661977e-16 -1.021237131318786e-15 3.994241461019387e-15 -0.103614765904036 2.997193896608374e-15 -1.052868729701108e-15 -1.028325103021455e-15 -3.465111371125468e-16 -1.721810718462477e-14 5.179560719027066e-15 -0.05253441453869782 -5.294830420897411e-14 -3.814766023654157e-15 -5.352165921014101e-15 -7.122011839193662e-17 3.682107675904645e-16 5.025019253818718e-16 -4.235851957928042e-16 0.01416640941936956 -1.629389924544438e-15 8.855835342661582e-18 -2.804849218194959e-16 -1.117026816774935e-16 -4.923905276053342e-16 -1.984415402591089e-15 3.407522957288588e-14 -6.974240416338337e-15 -0.007657097652518416 2.50574355560988e-14 -3.012868343735878e-14 6.391995758690339e-15 4.888127010669277e-16 
-8.893205529450373e-15 1.044191724189294e-15 1.414024604872382e-14 3.591126964726358e-14 2.259868483502623e-14 2.427657253871248e-14 1.201550721266784e-14 -1.21676801718499e-12 3.845193100474889e-17 1.688983777463722e-16 2.720900219542993e-15 -4.457194692552631e-17 -8.963202426902568e-16 -8.139322549284064e-15 -3.124879031208673e-15 -1.216753850181778e-14 2.252364961209223e-14 -1.073121626283024e-14 3.31961563272804e-14 4.012762352953472e-14 -2.214152260231978e-14 3.019372949531503e-14 4.434307937255838e-14 -1.166023537316344e-14 8.932371690480506e-15 1.253559867787612e-14 -5.493676028493432e-15 2.548944779360101e-15 1.233100926945568e-14 -6.123272923008215e-15 6.157413792242393e-16 -7.16857790560137e-16 -5.500606134891055e-16 2.219385179713371e-14 1.602125550281958e-15 -1.222542415978295e-15 -6.435715675658952e-15 -1.906092471360324e-14 -3.638498465193984e-14 -1.047634201612168e-13 6.142008017637612e-14 -3.404145463694546e-14 -5.732502157599568e-15 -5.869442362991696e-14 -1.222633108218138e-14 5.361534325035381e-14 -4.417706552023463e-15 1.64179001933331e-16 -5.74375118044328e-15 6.245144798652705e-17 5.427220595360347e-15 -2.687239130218891e-14 8.774448181926761e-16 4.786915221850198e-15 -5.481265398164631e-15 1 -7.978657339848879e-15 1.056050863077058e-14 -5.13386127232919e-14 -5.045876910748926e-16 5.565827746627391e-14 -5.78812171806001e-15 0.6334229585618467 -1.704078501574051e-14 3.222216330581827e-14 -4.51507996833065e-15 5.120205777784563e-16 6.788141875088507e-16 -2.489090113670481e-16 0.04283372112945811 -3.131542554251997e-16 3.615858871339695e-16 -3.443374600211206e-14 -1.773720872868696e-15 3.018115271591952e-14 3.754988534737351e-15 1.492236239089968e-14 -2.674249710566288e-14 -2.089241323347485e-14 5.477823056266743e-15 1.148904647634169e-14 -2.161284996619406e-15 1.316350837681556e-16 1.374110405241737e-15 -2.174398981312478e-16 1.101116675130114e-15 -1.413842161156318e-16 -2.74847768781319e-15 1.116209672764696e-16 -2.401967849938063e-17 2.731274928174365e-15 5.848132308280242e-15 3.610610074811949e-15 1.711196289254364e-14 2.839645881120429e-14 2.661390518811037e-14 0.004052900340290364 4.18165151016393e-17 2.345256586159371e-17 0.02728145686975249 8.998060133471956e-16 2.582633325966522e-16 0.1055029330192431 -9.354117296963002e-16 -9.137699055450531e-16 0.2216789433625148 -4.275862975322333e-15 2.047380277467975e-16 0.2988479445195015 -3.182350216680931e-15 -7.411606051113203e-16 0.1398312588548226 -8.172499135897263e-15 -2.461542796868584e-14 0.01678046850285599 -7.437306874302379e-15 -2.016905574520928e-14 -1.470750740162989e-15 5.265335735843837e-16 -2.130944948153988e-15 -0.1289166088130443 2.172171947520886e-15 9.483407982516723e-15 -1.770258202180447e-15 -3.775137754486797e-15 -0.3490727230964858 6.117448127925792e-15 5.800047941929389e-15 3.388565469886745e-15 -5.663438468196834e-15 -0.2312474822579366 3.972516759987744e-16 -5.274969895548933e-15 1.27870837005328e-14 -3.332516026573637e-14 0.0378577156771251 1.432549258941603e-14 -1.521241527115942e-16 -2.2851784246624e-16 7.118905345859235e-16 -7.766594779980714e-16 0.07146481306797674 5.358493213476952e-17 1.360063862747595e-16 -2.58938649602065e-15 -1.551601729044422e-15 -5.099544918286743e-16 1.721441999364314e-16 0.2359190382762693 -1.738145489084257e-15 1.160530005428844e-15 -1.180844306814634e-14 1.820961012339463e-14 4.955130796509957e-15 1.886385672382387e-14 -0.04510153769053946 -2.990678035654576e-14 5.177934570156298e-15 3.79138088179955e-16 -7.002621172159433e-16 -2.477669838299548e-16 -2.482622995808792e-16 8.604551372153991e-16 -0.02233765283692976 -3.100971738029733e-16 -5.105115218707135e-17 1.422770241229189e-16 -6.490686188620052e-15 2.445256929876312e-14 6.03350415083189e-15 -1.098676511192324e-14 1.330383051406136e-14 -0.02445161112534507 4.445961644780586e-15 -9.333084133395058e-15 9.436627585473757e-16 
-6.770536641755687e-16 -5.200646770871252e-16 -1.214219697010377e-14 -3.332750744788716e-14 -1.855460922262473e-14 -6.043013411837291e-15 -3.539967790633637e-15 -3.499347375997854e-17 -1.915861561797297e-17 -7.669372727425891e-18 9.754339157890759e-16 -3.317193838476519e-16 -4.73137059958286e-16 -6.746761420482197e-15 8.407283116214024e-15 1.084381065844146e-14 -1.334745031514858e-14 -3.061353254230955e-15 -5.372872285970824e-15 -2.694998635232161e-14 -4.744468716638241e-15 -1.220464702905901e-14 -7.842996765124069e-15 -6.910283103066459e-15 -1.951349137119145e-14 8.682221609718957e-16 -4.106683638278706e-15 -1.19798805389816e-14 4.464146728568678e-16 -3.633336738705134e-15 -5.662131767185751e-15 -5.419836993876865e-16 -1.801064578713517e-15 5.08861051703089e-16 5.619045360587869e-15 6.782768791070203e-16 -2.006641380836851e-15 6.106226635439763e-16 -3.594130201790395e-15 -4.8695314273939e-14 4.251807239620354e-14 4.122516140952624e-15 2.065535246815193e-14 5.685556251615721e-16 -5.94496241572797e-14 3.133604535681246e-14 4.941933111822979e-16 5.326371239211975e-15 9.02966249276415e-16 -1.459236088324413e-14 1.140656729816515e-15 -1.293279719427745e-14 1.204068854170274e-14 9.49457526489159e-15 1.965842853085961e-14 -7.978657339848879e-15 1 1.520291325555525e-14 -1.12665952956699e-14 1.823812368490423e-14 5.299580219129065e-15 1.734680107898549e-14 -1.708827307093441e-14 0.6334229585603567 2.981068083376066e-14 -3.258189859702605e-16 2.394800745240487e-15 2.686741295606619e-16 2.673750769785235e-15 -3.118606768692292e-16 0.04283362123390166 -2.49934605668783e-16 -4.510782481044997e-15 3.24579772781382e-14 1.515172536048779e-16 1.387540256303755e-14 -8.981964477741264e-15 3.107726275213651e-14 -1.664640647547728e-14 3.184079519145103e-14 2.62749891288861e-14 -3.660228150638931e-16 3.440571301198806e-15 1.337382530715585e-16 -1.627138249464188e-15 -1.373736059956763e-16 3.401722265145384e-15 -1.193530112180173e-15 -2.808549423106186e-16 2.533637296472939e-16 3.26141393466767e-17 4.00872911254927e-15 1.195224474948246e-14 -1.387258364079529e-14 -2.422889242321773e-14 -1.344001371727646e-15 5.505739510627357e-20 -4.612115636210167e-19 -2.160919041558884e-20 -1.60481501093924e-18 3.841838775564929e-18 -7.506399495167866e-19 3.749243639651729e-16 -3.747612571832675e-17 -8.014625746921812e-18 1.213818542206423e-15 4.174178364070276e-16 4.933661985896826e-16 2.468782556858848e-15 3.989863994748467e-16 8.055405301135208e-15 1.17072150586934e-14 -5.729791641246703e-15 6.662639190404508e-15 -3.35967384532035e-15 -6.140925424734059e-15 1.906419830515857e-14 -9.664645928173445e-18 1.891322927265521e-16 2.561427632497687e-18 8.241156767731122e-17 0.03819377323167972 -1.268462331699839e-15 8.125878442346235e-15 -5.958341459112686e-15 -4.706575840869509e-15 0.1673106711675377 -1.435483676371024e-16 1.097125862381698e-14 -8.732597978069549e-15 -2.155789652694637e-14 0.2599785375642955 3.139579075295595e-15 5.516855748837578e-15 -9.297044255414851e-15 5.315532906320816e-15 0.06601164075910892 -3.656099132211427e-16 -1.747773077320842e-18 1.177782372498399e-16 1.938180789907865e-17 -6.700729414964486e-17 -0.03975854324547098 2.321331908433542e-16 3.996802888651564e-15 2.308537475765355e-16 1.440904687233551e-15 -3.51628448580588e-15 7.935004649880121e-17 -0.2155510919048784 2.97776126673233e-15 -1.269384353352079e-15 1.129467672460683e-16 -8.850562045832801e-15 -2.086440083127813e-15 7.600937321462989e-15 -0.0351885709979372 -1.91903852531022e-17 -1.416061210890486e-16 -6.451849959238679e-18 -1.162605659666e-18 -5.601471231844228e-17 -2.296983946363623e-17 1.236952983995173e-17 0.01986905265701904 1.869046026927623e-16 5.787776128592952e-18 -4.293875251630405e-15 4.117800196164625e-15 -1.777393718525783e-14 -6.946484834666348e-15 -2.202232410171957e-15 2.728518690352385e-14 -0.06074457670187745 -5.286353395592268e-15 3.652027730450606e-15 
1.825736156366399e-15 -5.272127881290167e-15 -7.435539814071191e-15 1.43071860899991e-14 -5.890635231506264e-15 -5.850347364169208e-15 -4.951753566860023e-15 1.570498948476052e-12 -3.043232532631434e-16 -8.006738127680955e-17 -1.341873533661022e-15 -6.730852034232514e-16 3.354572539586206e-16 1.685831717821952e-14 5.257228571747195e-15 3.065647711273225e-15 -2.655937535873695e-14 -4.029643372456396e-14 6.443955612169714e-15 2.019868651530453e-16 -6.437840725269222e-14 1.190172094172368e-14 -9.825274183602671e-15 -1.834711822623221e-14 5.756794373464681e-15 -3.19857484082383e-15 -8.044577548130856e-15 2.079554254947614e-15 -3.691994905689359e-15 -5.268988823806295e-15 5.351550471044318e-16 -1.687065696595241e-16 -9.192056964705384e-17 -1.434638345347971e-15 -3.799848564293846e-16 1.070518717114291e-15 1.743559723683189e-14 1.729627725766557e-14 4.452438851638861e-14 4.473635004110816e-15 -5.548473735584743e-14 -6.382915045962833e-15 1.131267390967227e-14 2.056639385399286e-14 -6.865168169371919e-16 -2.898750078440178e-14 9.508179557729814e-16 2.017610039443224e-15 1.846456470174752e-15 -5.937766578094074e-16 -4.126477518535448e-16 1.387203137190665e-14 -2.243853974154699e-14 2.975023656246452e-15 -9.804508008424485e-15 1.056050863077058e-14 1.520291325555525e-14 1 6.767725485967983e-15 -1.469831201195567e-14 -5.981434965407883e-15 -1.281033655895793e-14 3.214832913779317e-14 2.99110237446837e-14 0.6334229585633721 -5.189792267376651e-16 -1.18976343255732e-15 4.679705921912976e-16 -4.019164592355167e-16 3.603328835063282e-16 -2.561776913376258e-16 0.04283444732310027 2.159839147808668e-15 -4.479503248369068e-15 4.286826969791334e-15 -4.259483263946283e-15 -1.102739319129886e-14 -7.548256182426871e-15 1.082329213232808e-14 5.348152476437504e-15 -3.030126876410225e-14 -6.373227502847409e-16 3.19605822675516e-16 1.350122088669327e-16 -2.447768029712004e-16 1.572423615589847e-16 2.969515785277588e-16 -2.619521031093165e-16 6.026122740384885e-16 -1.358899164938311e-15 -2.004925925451519e-18 -6.334315667477286e-16 -8.183178527161931e-15 -1.636061078682671e-15 1.109464524266092e-15 -9.023219277129089e-15 1.069273376641481e-13 -7.318266015388154e-20 -9.876501820629916e-21 2.3111537926564e-19 -5.845738174177847e-18 -6.195473290846603e-19 1.919196663977374e-17 -3.239869259512889e-17 -7.083901974011802e-18 -1.212002503567534e-16 -3.34334068676733e-16 1.149559234696028e-16 3.073279478128381e-15 -5.531057382937423e-16 1.623050652211318e-15 -8.558691949743249e-15 -1.594037402101635e-14 2.126077092172084e-14 -1.880875251911855e-15 -3.087864169476375e-14 -7.693778135477619e-16 4.075414322420215e-17 -1.163090056632673e-17 2.153475389276269e-18 -8.358436420212553e-17 7.906417287910312e-17 -6.305719835177924e-16 4.317293050838363e-16 -5.629177679546126e-16 1.085340584766938e-15 1.82308595303505e-16 4.517219931444377e-15 5.453428507385776e-15 3.695719945352387e-15 2.099774347453203e-14 -9.000938015759433e-15 -1.1149937394575e-15 5.388963227783351e-14 3.321126469733653e-14 8.17553699781571e-15 -5.594622874795785e-15 -5.222275757179309e-18 -2.863691339725411e-17 -2.444050041831786e-17 1.553500776912242e-17 3.247767841746108e-17 1.532017903787512e-17 0.006051728948665239 1.808212054481079e-16 1.827639602159322e-15 4.512991542971993e-17 -3.816527172421581e-16 -3.465652244350787e-16 1.965604328608227e-15 0.04453952249039282 -6.57230037322881e-16 -3.165762089578127e-15 -4.887896687475898e-14 -1.218538362880692e-14 3.950888208437588e-15 1.946555243299013e-14 0.1077391905375419 -2.227019024921396e-17 -9.592498821558553e-18 -2.416015898255692e-17 -8.208417620835401e-18 7.212498780758466e-18 -1.489887279085124e-17 -3.151088295238628e-17 -0.0051826174405058 1.725754191160094e-17 -3.066666536015767e-15 9.503168363456606e-16 -4.097417105679608e-15 4.651786698986903e-14 1.389945078898917e-14 -1.245829883158164e-14 -1.925881584231465e-14 -0.2047155344849571 -7.210380364145945e-15 
-6.384844896686672e-16 2.834267109220952e-15 2.977501058229121e-14 -1.145611384484607e-14 -4.50507854819081e-15 8.129921732380469e-15 8.93394627718169e-16 1.050594816727685e-16 -1.966874800592051e-13 7.759642738723224e-18 -2.294872701296361e-16 3.42660495194528e-17 -8.049698204943084e-18 1.134774698124795e-14 -1.244322570336735e-14 9.098353581011981e-16 1.201234207597885e-13 -3.345934640485342e-14 -1.26591445660215e-15 -1.247829966953029e-14 1.685292568729428e-10 1.08420217372016e-15 -1.57474136912871e-14 2.877694703177755e-09 -3.183220950448152e-16 -2.283418455556936e-15 4.821586604303184e-09 1.097241348289738e-16 5.464642543475063e-17 4.768797233009548e-09 3.061901135657312e-16 8.89796476387175e-16 -3.822077355830823e-17 2.60323466416072e-16 -2.697831847064601e-16 1.305003346286948e-15 -1.659737885334001e-13 7.20170451056308e-15 -5.542246349389954e-14 -1.101332566817716e-15 9.338883832980462e-14 -2.654387133479852e-14 2.15799600827555e-15 4.145121788960558e-15 -6.660470798853555e-15 7.495740256178505e-15 -3.476917749690681e-15 -1.945536081036515e-15 -1.015186478389336e-15 -9.922841180141646e-16 -3.857414811805956e-15 0.6334229585633834 8.493151928326808e-15 1.339423363896938e-14 -2.820226691087014e-15 -5.13386127232919e-14 -1.12665952956699e-14 6.767725485967983e-15 1 -3.773023560273455e-15 -7.278880623311988e-12 1.103284130733442e-15 -3.13984949154893e-16 7.372574772957119e-16 -3.155462002840598e-15 0.2201361590327275 -3.019322191648671e-15 -4.398426642871382e-09 -9.432940672048959e-17 1.311710903730674e-15 2.428687032482291e-17 9.806013008761751e-16 -9.542142263574636e-14 2.955621858387693e-14 3.800318349965664e-14 -1.869782540615021e-14 2.294822318297349e-14 1.026545656211831e-14 -3.709792889573575e-14 -1.390164025569586e-15 1.108401564982252e-14 -1.507542619940906e-15 1.181990906670101e-11 -9.560631662684724e-16 -7.745773312394156e-16 -1.1180715272581e-15 -1.17596104907932e-15 -1.018317116066881e-15 3.482530810045583e-16 1.066908783457582e-16 1.716596062756498e-16 2.442924335059999e-15 6.587612400063157e-15 -6.031633527490058e-15 -7.858300470956004e-15 1.890882859234626e-16 -3.60255359327371e-20 -2.016898040667242e-13 1.113050322438862e-20 7.4392237897929e-18 -2.85160332487504e-18 -2.31833765560437e-19 -1.454044285836633e-16 5.559924265812085e-18 3.033944962141846e-17 -5.272509046148103e-16 -8.288725608704146e-16 3.634516732737726e-16 4.87191667220325e-15 -1.388125725485697e-14 -1.63259163133907e-15 -5.935356373189497e-15 7.496284843037434e-12 -3.356689926058967e-16 -9.270368776829847e-15 1.466895092963136e-09 3.190159983930428e-15 3.688053450168843e-16 9.080193194622839e-19 -1.070073662932083e-16 -5.494623319534293e-17 2.245450461867372e-16 1.611785114022639e-16 -5.636983935222152e-15 -2.974617080449958e-15 -1.030236009356579e-15 4.86763407362217e-15 -3.290250016905677e-14 2.213420419186378e-14 -6.230259364010162e-15 -2.322122529000634e-14 2.287059430742173e-14 -1.371299184825338e-14 -7.612225598164465e-10 -1.36175948511626e-15 2.838008334298579e-15 -4.857229326661029e-17 0.01013028605900859 3.066407499845648e-17 -4.519937213166751e-17 -2.044483424800721e-17 -2.648460267844046e-17 1.613580823870785e-16 -7.920689793119488e-17 0.07033681114487664 1.031062713513083e-15 3.762181538548361e-15 -1.408161781633077e-15 3.82489585796351e-16 1.820592288049258e-15 4.042989901224197e-16 0.3911885832788209 1.717376331354529e-16 -5.280104344226887e-10 -8.053459227586504e-15 -7.966720148125032e-15 -4.275226768385022e-15 3.135947474938402e-15 2.671868023341387e-16 -0.003859949364259949 -1.88230837913589e-17 5.944477223871195e-18 -3.122311674363272e-17 2.322193102728222e-17 9.020392668543147e-17 -2.661549573857688e-18 -5.132172627448786e-18 -6.453172785036687e-16 -0.5389153007048084 -2.598355720482358e-14 6.390024132560135e-10 3.399192128994205e-15 5.637852526999235e-17 -4.243134482278827e-15 -2.568041480962272e-15 1.651457261327671e-15 
-6.778912682570531e-16 -6.662002221584474e-15 -2.712023314256599e-15 -2.166669623278047e-15 6.395927842541933e-15 2.931733218316832e-15 9.471717800606581e-16 1.731339660631295e-16 9.604803500665446e-17 1.05429347297005e-16 1.919285776145007e-16 1.512893930566971e-16 6.738713114424206e-17 3.225365937873657e-16 9.882909378022901e-16 2.861236638244503e-15 1.139756691804309e-14 5.529431079678571e-16 4.712029377798023e-14 1.741662373493818e-15 1.481453851557484e-15 -8.484532530614362e-15 -1.087847002368187e-14 -7.965864192114057e-15 -8.999754926881451e-15 -8.235052162176444e-15 5.256416273729645e-16 4.63183304334592e-16 -4.845316388519267e-15 -2.873708054988259e-15 1.331449927253884e-15 -5.116079001417022e-16 2.814404338791709e-15 1.43900385100152e-16 2.183415092285841e-16 -4.840978416580837e-17 2.147587663260364e-14 -4.767974209897924e-14 -1.245314615317381e-15 9.409487078397112e-14 1.633198784545991e-14 1.454614210534552e-12 -2.111158474321407e-14 -3.772589918597499e-15 -2.681882499014656e-14 1.333135011997027e-15 4.676635743769471e-11 -1.878747726928309e-15 -2.951337812837178e-16 -7.620811416801529e-15 1.413893893232869e-16 8.421052483805792e-15 0.6334229585595255 5.572799166577298e-15 -8.433347336442693e-14 -5.045876910748926e-16 1.823812368490423e-14 -1.469831201195567e-14 -3.773023560273455e-15 1 2.851885394517055e-15 -2.785618957737887e-14 5.556319293575589e-15 1.688579831518604e-14 4.635181127839623e-15 -3.018569241069394e-15 0.2201278230875206 -8.205511753492415e-16 -6.939174747213417e-16 -3.209343920499141e-16 -5.236856413759006e-16 2.512004747740494e-15 -5.354440849038406e-15 -5.627703164591968e-14 -9.22734111341908e-14 3.453875098252491e-15 7.654467337750911e-16 -1.967093751342672e-14 1.008850121498159e-15 -2.98424479572389e-14 8.275281501715278e-15 5.889651547375308e-16 -4.468741901182778e-15 2.188102099268586e-10 8.131760896222426e-16 -1.609884216120074e-15 -8.715079211178075e-16 1.134113823892318e-16 -1.040856032884188e-17 -1.558294007699369e-15 -1.470960026127295e-15 -8.296965545166749e-15 -2.762200190798842e-14 -1.399227956066938e-14 3.36189543325006e-15 1.812818887971112e-15 -6.379034500698674e-18 -7.715658646509689e-18 -8.402537321115464e-19 -3.231797171771497e-16 -2.938321470405059e-16 -3.945154824855277e-17 2.158684641902047e-15 2.528623740516656e-15 -2.099708649460472e-16 7.497149602522944e-15 1.232542713725492e-14 -8.214525522476103e-16 2.059030029811615e-14 1.167295426985513e-14 3.77822773067923e-15 -1.180305853074464e-14 -9.273831702727781e-15 -8.690964614705986e-16 -1.330186897086665e-14 -6.24500890651023e-16 -4.052752181845261e-15 0.06295323449887803 9.343318685677921e-16 1.270232630559723e-15 4.056466195390735e-16 7.172674997352124e-18 0.2675122571559865 1.656010398255011e-15 6.30398511170217e-15 4.495969568864872e-15 -1.253337711393886e-15 0.5062920371066751 -1.896052759243246e-15 -7.40379979547217e-15 2.444051905304685e-14 1.36279876272788e-14 0.2672706919254867 -4.946998940885189e-15 -1.035804571411613e-14 -1.001889800406151e-14 6.886857295260849e-16 3.125941210525346e-15 -0.02395151955774315 -6.332621601582808e-16 7.463361881773943e-16 2.945345315841148e-16 -1.269596508816385e-18 5.405493218835879e-16 1.104986328132508e-14 -0.1387646851788937 -1.069110078244915e-14 1.099652053443881e-15 -2.142600333266698e-15 5.727569026700457e-16 3.474651122383151e-15 -2.102485597899515e-14 -0.03451060999869251 -9.870579780634424e-15 -3.560522361771385e-16 -1.207194458584096e-14 3.930233575599553e-16 -2.560452757838053e-15 -1.16509381894866e-17 5.028111982868557e-16 0.003587635649530476 -2.673844786467841e-16 3.356761923815325e-16 -4.220271779480268e-16 -1.42407414257128e-18 4.127860484933353e-16 -3.191726024375511e-17 -1.66360018839076e-15 -6.695165816577129e-15 -0.2709322432435411 -5.048046416452595e-16 -5.52509667301995e-15 7.361300676363057e-15 1.479502584444881e-15 7.500944938691393e-15 -2.669740257529698e-14 
-2.423158643834524e-16 1.260238658226063e-14 -1.038232000376267e-15 -6.588479767204786e-15 -3.368834247426047e-15 5.575497374972321e-15 -2.759982238245005e-15 1.258523941975521e-17 -1.523379791323142e-13 9.909862437002741e-17 1.092716358044345e-17 8.205038753494648e-16 4.896865485022127e-16 -3.086852334085806e-15 -6.746339598099319e-15 1.791210409170152e-15 -1.210164780889786e-14 3.76504383227492e-14 1.986084907653723e-14 1.359155846252166e-15 1.387904793978812e-10 -4.492933807885501e-15 9.454259548600438e-16 2.412350295835548e-09 -2.147589938226324e-15 4.831392515639676e-16 4.077886727778865e-09 4.89204838287683e-16 1.769503299787656e-16 4.041969919120144e-09 1.249047488763709e-16 -6.213531399653869e-16 7.168744764500754e-16 3.946759282169471e-16 7.192798415707835e-16 9.299784368594635e-16 3.789763641807873e-14 -3.605449272484209e-14 2.871747978317065e-14 -4.196296088404216e-15 -1.986952269391662e-14 -5.349019851691256e-15 3.363201390530351e-11 -7.650130608609315e-15 -6.047246048898938e-15 1.128958055706827e-14 1.84146099103792e-15 7.878153155613248e-10 1.165789278608972e-15 7.173242706256416e-16 -1.875361102564506e-15 1.332050789120702e-14 5.629828200869769e-15 0.6334229585618266 1.351783268660159e-15 5.565827746627391e-14 5.299580219129065e-15 -5.981434965407883e-15 -7.278880623311988e-12 2.851885394517055e-15 1 -1.004404892599248e-14 -1.178918074282599e-14 -8.913009219614655e-15 2.703566537336562e-15 -4.398501259024367e-09 -8.292077033062813e-16 0.2201324304979422 1.215222977609996e-15 -4.358636000152578e-16 -6.418672871544854e-16 -2.010210981667451e-15 3.041647879756623e-14 -9.334547024266818e-15 -4.411835480294984e-14 3.622102617853489e-14 -3.335873244316473e-14 4.418638848927204e-15 9.905271047866081e-15 8.991071776022186e-15 -6.328488080821851e-15 -4.314234813528763e-16 5.1348897622466e-16 -1.01916463630097e-15 1.722509475536228e-09 6.210544713071125e-16 -5.118672425493341e-16 -9.818866911285589e-16 1.296733140972748e-16 -8.343356797445414e-16 6.369928338874859e-15 2.386198877389437e-14 5.995898222389297e-14 -7.438494266843533e-15 8.496678963940318e-15 -6.106337306871399e-16 7.275707707793493e-17 0.007729683701109552 1.301038036822425e-17 1.974769048987526e-16 0.0492807418498859 3.546173773670381e-16 -3.848600922016108e-15 0.1738961699964232 2.066856953064457e-15 -1.499288974227405e-14 0.3498831364769066 6.464121772601481e-15 -2.402505278063575e-14 0.5126777323192381 2.042289948275574e-14 -7.66400831702117e-15 0.3776531664919276 -3.671542236944011e-15 2.39565480553352e-15 0.07714057409466575 -1.342677448372047e-15 1.179116618801216e-14 -0.05245799448391796 -3.756475924606734e-15 -1.432951047864045e-15 4.779190281388921e-15 5.857987706049457e-14 -0.1397594389095226 -2.265375387286909e-14 -1.832816667539646e-15 1.201816424161548e-14 9.429956815445829e-15 -0.05766847594673213 -8.472389456703943e-15 -1.719707275894569e-15 -2.289834988298228e-16 1.318390108114791e-16 0.1815382232296655 3.087811316561904e-16 -3.706562917345333e-15 -2.491064754667289e-15 2.862158210101308e-16 4.959831492336452e-15 0.001464616172048628 -1.529446735281669e-15 -1.663101758095223e-15 1.798156079337914e-15 -2.615061758727279e-15 -2.731495585283753e-14 9.244287193407969e-15 -0.01557378853864336 -2.533303428152637e-14 6.314393452580131e-16 1.195224474952751e-15 1.222980050568488e-16 -7.395685037858022e-10 -9.417814245354791e-15 -0.1046284011031158 -2.419073536422678e-15 3.204902661649534e-15 -2.024422657209691e-15 -8.062997573491094e-15 3.202594304131038e-15 2.786738396477994e-19 -8.924029965280266e-16 0.0009973318180714721 -1.059133385382168e-15 6.086855521357092e-16 9.491139699289075e-16 -1.262722412937492e-15 -9.503370855056192e-17 -4.605691866728781e-16 5.065541709545444e-10 1.199561358419879e-15 -0.1709916599442635 -1.068590125774625e-15 8.720239975874124e-16 -6.591950544816288e-17 4.075191047230264e-15 -9.506287596695173e-15 
1.317947311130016e-15 -6.735931257252636e-15 1.500882751422965e-14 4.646526223188595e-11 6.740425665381891e-10 1.667162596943126e-09 1.677991175411199e-09 -5.843828805281906e-17 -6.478680027382678e-17 2.488209276363595e-13 1.167076022616839e-16 1.136543903450567e-16 1.701953465322116e-15 -2.758335687693048e-15 -2.635939426814264e-15 2.131281262595862e-14 -2.939488930058235e-15 -1.570878843678918e-14 6.031286581307456e-14 -9.093420479977746e-15 -1.904726380582892e-15 -9.645495524383159e-11 -3.261285862640469e-15 3.316797111366272e-15 -1.595525084120443e-09 -1.363111909934836e-15 1.932557006258233e-15 -2.629246926092754e-09 -2.484243848332374e-15 3.273581104611183e-15 -2.589784444940312e-09 6.499998513178904e-16 -5.625432735154442e-16 8.161873954512287e-16 -1.865317468965961e-16 3.281563529914926e-16 2.690772951688566e-15 -8.845355004050935e-15 2.264854970246969e-14 1.09956748567959e-13 1.067375354774039e-14 -6.270158019770289e-15 1.12791720625329e-14 2.724472342753668e-10 1.356813969349423e-14 4.513750554629313e-15 -1.903045414197899e-15 3.139920023782345e-15 4.610236998359474e-09 -1.570393702502191e-15 -2.168548916011562e-16 -2.710288590792774e-15 -8.444492934815306e-14 1.412064909452239e-15 0.6334229585626108 -5.78812171806001e-15 1.734680107898549e-14 -1.281033655895793e-14 1.103284130733442e-15 -2.785618957737887e-14 -1.004404892599248e-14 1 -1.138499017293431e-14 3.651592916954416e-14 -2.521420572360281e-15 -1.194850324595605e-16 -6.748154740304138e-16 1.226056116661336e-15 0.2201341024712786 -6.643125067902363e-16 3.035858790599251e-17 1.568485008675129e-15 8.51288440785559e-16 -2.200887042069764e-14 3.716319786647402e-15 7.671814572546284e-15 -1.04888320252001e-13 -5.648387031564188e-14 -4.698064853838198e-15 2.670606791279776e-14 -2.850150671044171e-15 3.523002630780466e-16 -1.240353439192841e-15 -8.378834371642054e-16 3.339443141397762e-15 5.564141393496443e-09 -9.708238275349165e-16 1.170977944368529e-17 1.974156942379654e-15 9.604618629117764e-16 0.3359868048110334 0.4385896710159258 0.3039167531466864 0.1010124610917025 0.01438853904336283 0.0008474183281463114 -1.088110310969616e-15 -6.20058077763577e-16 -0.00192360714085534 4.914479634147779e-15 5.770063829223649e-15 -0.01059511427076261 5.029106081933918e-15 1.117693347005848e-14 -0.02254302148280663 -2.657315150271553e-14 -4.029764328780729e-15 -0.0002261632413151548 -5.106158551564159e-15 -1.28664440213886e-14 0.1014063909371073 7.140121827274265e-15 -8.486267244661113e-15 0.2224435939800457 -4.073133586820842e-15 3.771291489671467e-15 0.07111660244699873 -1.279921162822956e-14 3.018193537450943e-15 0.0009462529757339001 4.439942151072836e-15 -1.511174540545151e-16 1.571616101156281e-14 -8.364402920333918e-15 0.001206633973493246 -4.934149876898357e-15 -8.764690362418656e-16 3.332056852673013e-14 -7.547781844013065e-15 0.05073637028959424 1.9856078587001e-14 1.315267339492303e-14 -4.050580134805002e-15 5.375909430306134e-15 0.1713739513900163 3.5093464916132e-15 -8.916485263931422e-16 3.751495370881325e-15 -4.860242228843294e-15 7.017684908696495e-16 -0.008136893564572341 5.804134875928566e-15 -1.48400172359723e-17 9.191205332680101e-16 2.857414825600206e-16 1.056424912831853e-14 2.47350561258462e-14 -0.05626935517734794 2.575991178192082e-14 -2.259694167905996e-15 -8.994270172443209e-15 -2.378306728328245e-15 3.116430888156303e-15 6.036839654968335e-15 -0.1307255914106288 -9.324141708464037e-16 1.294103943684898e-15 6.05331971444311e-15 -1.172780642950527e-16 1.709229372460278e-15 1.167261376266281e-15 -2.142606368387657e-15 0.002365713861001581 -3.367854879070089e-16 1.250580619155818e-16 4.074810811466007e-17 5.890665220724755e-16 -4.423545860705368e-16 4.648191943413146e-15 -9.062196003460752e-15 -7.768093420268507e-15 -0.1332716467409547 1.326196386734088e-15 -3.989864803446316e-16 -2.513614527339292e-15 4.501842025030772e-10 
-1.255566612172898e-15 2.670993038300775e-15 2.506176689797195e-14 2.337539885810581e-16 2.149323188754345e-15 -3.68288143343697e-15 -2.107717422669851e-16 -1.523309003801421e-13 1.26898479936493e-17 5.511220134384587e-17 9.193932778758855e-16 1.515705576410978e-17 -1.786142176260026e-16 -2.211772431878769e-15 -3.070433447436297e-15 2.130904502338349e-15 8.118505867604562e-14 -1.210793618149709e-14 1.362408449950709e-15 1.387633344448755e-10 1.351349590594064e-15 -1.943150503823561e-14 2.412336279245277e-09 9.254765998492521e-16 3.609963377584047e-15 4.077890967607765e-09 4.579847842473588e-16 1.630682794292302e-15 4.041972625419351e-09 1.795525407137511e-16 1.20090711680096e-15 -1.197041916489699e-16 7.153682467290708e-16 6.168914872631435e-15 1.438790493002272e-15 -1.23236936942962e-17 -1.701199944810379e-14 -4.261348218753655e-15 -3.009159761658464e-14 -2.431388423938587e-14 7.316098681765594e-14 8.465450584158823e-16 -6.038572431502557e-15 3.406563261373418e-15 3.362604645653457e-11 7.077021370640807e-15 -1.74084418700573e-15 7.190590330697298e-16 7.72422137352162e-16 7.87814552265861e-10 9.330181711128481e-16 -5.123890678088088e-14 -4.534133485351797e-16 5.545390535676319e-14 -5.780965983715173e-15 0.6334229585618467 -1.708827307093441e-14 3.214832913779317e-14 -3.13984949154893e-16 5.556319293575589e-15 -1.178918074282599e-14 -1.138499017293431e-14 1 -1.666332002945014e-14 7.260803937330872e-12 1.326587452033537e-15 -3.209276675976243e-16 -4.666559538471896e-16 -6.620406407286537e-16 0.2201324304979469 3.401246080749412e-16 4.398500963239322e-09 -7.556151884775304e-14 3.079811796228436e-15 8.102047678624415e-14 4.469406615654235e-15 4.991298173404255e-14 1.604272270589491e-14 -3.628721672116762e-14 3.935220205268501e-15 1.769894994458966e-14 -2.621718969367356e-16 -5.251986065946562e-16 -1.548696560098222e-15 -5.193484625738951e-16 -4.510451467593624e-16 1.722510349863178e-09 5.961145127898522e-16 -1.28372244056167e-16 -2.300793128548335e-16 7.889965428007452e-15 2.078328828489255e-14 -2.551778233171738e-15 -1.317175535637683e-14 -1.443290505920468e-15 5.19038671084077e-15 0.007729683701109642 7.372608723181035e-17 -2.927335582850501e-18 0.04928074184988792 2.074517682114421e-16 -1.699066619963641e-16 0.173896169996417 -3.845239895281452e-15 1.862718254066708e-15 0.3498831364768932 -1.508656480997787e-14 4.034416233722413e-15 0.5126777323191888 -2.400944026935607e-14 1.731470869466227e-15 0.377653166491905 -7.688294445685333e-15 -1.118855984435505e-15 0.07714057409467609 2.352286688127109e-15 2.730566177103562e-16 8.971999982182107e-15 -1.44400271024338e-15 -5.287797990833667e-15 -0.05245799448392054 4.957334862724423e-15 5.570890970774236e-14 -1.846992610944891e-15 -2.087999911867625e-14 -0.1397594389094847 2.229987028377156e-15 3.095440570544849e-14 -1.687831732023264e-15 -5.514685930151977e-15 -0.05766847594677248 -5.464812630217125e-14 -1.845746151360736e-15 -3.690841981813902e-15 -1.90386119097008e-15 0.1815382232296684 -3.323298958045914e-15 -6.941921199687835e-15 4.947322933287902e-15 -1.672656289740284e-15 -2.453129917398188e-15 0.001464616172048408 1.897046540655564e-15 -3.748493486111653e-16 -1.733780220093546e-14 1.333644566314486e-14 6.223320470091015e-16 -1.300454427309138e-14 -0.01557378853864199 7.303507706411338e-15 1.924242015734917e-14 -3.440391552845585e-15 -5.247376159902963e-15 3.213576281843488e-15 2.158105895594037e-15 -0.1046284011031173 -9.896219723157842e-15 7.395663180334678e-10 9.103351075378872e-16 -1.156871934831817e-15 2.790899445830932e-16 6.069915921203165e-16 8.253851144659052e-16 0.0009973318180718331 -5.637919059580141e-16 1.18684456624745e-16 2.229348365535807e-16 9.887926041564769e-16 -2.942524942715071e-15 2.501471408302953e-15 8.258369749625081e-16 -7.116272473147768e-15 -0.1709916599442614 2.834538734271048e-15 -5.065522127768432e-10 -2.084270902815589e-15 
-1.353498739266958e-16 -6.417826339821301e-15 -1.379191899577733e-14 -6.245004518663314e-17 3.139850663144837e-15 -2.425185230302916e-15 -1.523107734238593e-15 -2.174667196605493e-17 8.103458747481395e-18 1.574708311566095e-18 1.23309249692221e-16 4.022567738323183e-17 1.74828725279201e-17 1.340785392869762e-16 -3.16917716028853e-15 -1.910526858248292e-15 -2.848958048645251e-15 -1.8035919979761e-14 -4.489637828183165e-14 -1.021535289036277e-14 -2.487593469714311e-15 -6.734196541379087e-15 -2.356625981054032e-15 4.177221466601489e-15 1.450230362159226e-15 -8.42213851285339e-16 4.309220469953913e-15 -4.02466391781859e-16 1.7405265989952e-15 -5.187073398385373e-16 -2.619530150040152e-16 -4.921945005612709e-17 -3.701974436639178e-16 1.400521597381705e-16 1.110430074551535e-15 -8.496892425781753e-16 1.636364654891737e-14 5.056371987785346e-14 1.015160178143298e-14 -1.200454666230028e-13 1.446759378967065e-14 1.317522483330717e-15 7.494005430632373e-16 1.779826304856077e-15 -3.986828236331143e-15 1.458250209923689e-12 1.444198092355705e-16 3.452177263704426e-15 1.096830761010187e-15 -2.964654805593653e-15 4.677750844125185e-11 -1.128958038167385e-14 1.817621574087868e-14 5.306519113021242e-15 1.733162224851193e-14 -1.704078501574051e-14 0.6334229585603567 2.99110237446837e-14 7.372574772957119e-16 1.688579831518604e-14 -8.913009219614655e-15 3.651592916954416e-14 -1.666332002945014e-14 1 -5.982193906951507e-15 1.734809908662686e-18 -5.256274771992293e-16 -6.48807906090889e-16 4.857422323055314e-17 3.039118584179075e-16 0.2201319193620434 -3.88163717063274e-17 -2.090000264870851e-14 4.353201826796706e-14 9.878165993530952e-16 -2.021625054863089e-14 -2.770353391139515e-15 6.778182615890119e-14 -5.849487561003228e-14 -4.454574729924299e-14 3.272208892739996e-14 7.836966381531779e-16 9.367704295969107e-17 1.140597018495938e-16 -4.445362623273679e-16 5.117627626681043e-17 -9.407905239547693e-16 2.188220813934292e-10 1.107644294995607e-15 -2.511138965931074e-16 1.361892733410376e-16 2.12503625807525e-15 -3.055194985895153e-14 -7.008282844678056e-16 3.375773226580286e-15 -6.540026036037728e-15 -4.506236030242772e-19 -8.923533191467634e-19 -8.900432126475932e-21 1.724198414476936e-17 4.459045687863241e-17 -5.020270518845368e-18 1.204058605073312e-15 4.084121821123575e-16 -2.049565622474478e-17 5.650482252243176e-15 5.53550261185108e-15 1.017957419748364e-15 -5.971351885191181e-15 1.096345236819355e-15 -3.055715402938282e-15 -2.497915069277846e-14 -6.980527267456434e-15 -1.561251128392201e-17 -4.617620300843614e-15 5.155601797269731e-15 -1.021753252053406e-15 2.175180608552472e-18 2.824278896693367e-16 -7.37664053106041e-17 2.701780991861317e-16 0.06295323449895479 -1.298874202639863e-15 9.442099879756991e-15 -1.162611673601526e-14 -3.593859151252293e-15 0.2675122571563821 1.364013069162654e-14 2.879987914821112e-14 2.060157600073446e-14 -1.284953046744993e-14 0.5062920371072709 6.964916163248477e-16 2.095546496220424e-15 -6.938901834954785e-18 -4.40480284795422e-15 0.2672708350441891 1.495250321131488e-15 5.074150870535054e-18 5.972124379238527e-16 -3.411848711546049e-18 -4.132978681521371e-16 -0.02395151955777057 1.608457968598076e-15 1.58553725704539e-14 5.747897817441326e-16 -8.337081025557884e-15 -8.559992992221555e-15 -1.427243739862221e-15 -0.1387646851790771 1.692526327426517e-14 -3.809454103129509e-15 3.9589644406008e-16 4.839880068190443e-15 -2.706170467415412e-16 -6.367087743829578e-15 -0.03451061430242595 -3.773024897225308e-16 -1.145480771056377e-15 -5.940580872283982e-17 -1.343500133465896e-17 -1.23015441962951e-16 1.34212370492595e-17 -1.95430326796906e-16 0.00358763564953472 6.184542242961437e-17 -3.119791751333678e-17 -2.735659538159986e-15 -6.921547249170958e-16 1.428111190624611e-15 -8.448105171186982e-15 7.806259035673496e-17 7.352247586256605e-15 -0.2709322807601662 2.325288594188114e-15 4.51028243637796e-16 
5.130598694130399e-16 2.658728001230992e-15 6.420428425066126e-15 6.017322062282225e-15 -4.179817775073664e-15 -1.30973880464047e-16 3.963896552108969e-16 1.966078035324807e-13 -8.066437588579283e-17 -5.980926384248841e-18 -1.415187898423872e-16 1.738609738526641e-16 4.508407271855584e-17 -6.204292721978256e-15 -3.166927440795625e-15 1.760195450777706e-15 -1.10011826038477e-14 -4.830337518888378e-15 6.249341322246623e-16 -1.685399861376733e-10 3.995935535225987e-15 -7.777632713399329e-15 -2.877690604886483e-09 2.489332560050473e-16 -3.967316792193619e-15 -4.821584428008307e-09 -1.80938685595138e-15 -7.502875622693052e-16 -4.768794636437152e-09 -1.280721383403393e-15 -6.704956311227257e-16 -5.118827358663563e-16 -3.611815306764516e-16 -1.833932280245898e-16 -1.952487374921847e-16 1.461340891514916e-15 1.327713980434324e-14 1.397146287560592e-14 4.210878607634708e-15 -1.103891283944853e-14 1.096150080433313e-14 1.003884478087029e-14 -9.619041692836436e-15 -2.088173405926564e-15 -6.94062864076427e-15 3.74526804283504e-15 1.299344590005464e-15 -2.270804039301762e-15 3.69459353317509e-15 1.959414180589257e-15 7.190908205503259e-16 6.850463664256525e-15 -1.47859155475813e-14 -5.932754287877946e-15 -1.289794009451237e-14 3.222216330581827e-14 2.981068083376066e-14 0.6334229585633721 -3.155462002840598e-15 4.635181127839623e-15 2.703566537336562e-15 -2.521420572360281e-15 7.260803937330872e-12 -5.982193906951507e-15 1 9.28014875519643e-16 2.517113760461041e-15 -2.008875816194677e-15 1.565868151560206e-15 4.398426390027337e-09 -2.753957617189879e-17 0.2201361590327355 1.789844314437132e-14 -1.367016309186932e-15 -1.995799359123909e-14 -1.106202498044694e-14 -2.330882882554562e-14 -5.073022622672976e-15 1.34669293946366e-14 3.711614349223317e-14 -7.198527798197319e-14 -1.609028515529644e-16 3.52589981141619e-16 4.527693107663123e-16 -5.490564957162091e-16 -2.240046329824816e-16 2.474223782038673e-16 2.730113392521865e-16 1.182130381378568e-11 1.220222708234983e-15 1.098075991234768e-16 -2.116362640705379e-15 -1.971079549591083e-15 -2.894386120396223e-15 1.934217444838054e-16 -6.455890422607356e-15 2.01689805965949e-13 -1.749925187739441e-19 -1.265251020513205e-20 5.024361931161098e-19 -5.130603407839781e-18 -1.18982521056438e-18 1.657643477787141e-18 -9.210382158617294e-17 1.408316351911062e-19 6.896067918137829e-16 -3.172375556712826e-16 2.211094805526847e-16 -5.451368523292091e-16 9.207044848807431e-16 3.40396114075734e-15 -7.502491683635121e-12 -3.540570614549226e-15 -2.311952712638405e-15 -1.466894072945073e-09 -8.179226942880876e-15 -8.33535547731728e-15 2.142976415907967e-16 -6.666947027916086e-17 -7.494124000880285e-17 -1.195205840230735e-17 2.683137796704973e-16 4.939625097875837e-16 6.888478502930402e-16 2.342960894756045e-15 4.109776755049849e-15 1.083985332058021e-15 1.130345816953576e-14 3.968223319408734e-14 1.51588810949201e-14 5.243635387042195e-15 -8.749945212882358e-15 -1.876971180241733e-15 -1.150642376613902e-14 -4.75574984515467e-15 7.612318614061475e-10 -2.571729455991192e-15 -7.996838055078663e-17 2.71622290362497e-17 -7.81570005930694e-17 -1.675856009642367e-17 2.903163075085163e-17 6.272339854951486e-17 0.01013028605900916 4.027811070809308e-16 -3.937822290492466e-16 -2.270319349199039e-16 9.568084172245562e-17 -3.189180690386368e-15 1.743939194454133e-15 0.07033681114488309 3.111227656646242e-15 -3.382710955698486e-15 -4.344616355139927e-15 1.624135961621592e-15 5.280215470649086e-10 4.727122314404452e-16 0.391188583278847 1.318368665926964e-16 -1.64280716632065e-18 2.142209851090777e-17 2.571365711266116e-17 -8.465882549619563e-18 4.308750723593835e-19 -3.203160969179597e-18 -0.00385994936425992 1.156997242771667e-16 -2.196160415552919e-15 -2.523589188165203e-15 1.163132163156197e-14 7.755516672333297e-15 -1.128004430660165e-15 -6.390033435017098e-10 -5.020290757038244e-15 -0.5389153007048416 -8.975462048434666e-15 
-2.488638463448389e-17 8.817815137881951e-16 -6.478972880751255e-16 -1.242991300577662e-15 -9.758309377486503e-16 1.405220252412006e-15 -5.988644495593291e-15 1.290819753997676e-18 -3.943333739367935e-15 1.206147388795387e-19 5.479792757282976e-18 7.769306794386398e-18 1.900301322275559e-18 9.16309567543832e-16 -7.552318745721398e-16 7.439013973562334e-17 -1.8574663904841e-15 2.234147259807967e-11 3.876215889663636e-17 -1.009659368934574e-15 1.28048088513201e-07 -6.486020553349702e-16 -2.378428562001115e-15 8.074203467442585e-06 -1.301976215643224e-15 9.541825070005981e-17 3.617296804358962e-05 1.283792970129512e-16 2.276180394673206e-15 3.805109629438769e-05 -2.860808239705054e-15 4.510485628712738e-17 -3.39919676875547e-18 2.845559286855791e-17 -7.186185494105096e-18 4.654077555566304e-17 1.067992350019243e-17 -2.849425274974889e-16 1.27989666972157e-15 -1.538017409646838e-16 -6.929481328906193e-16 -1.353151732169302e-15 1.832199538238606e-12 2.928576007499596e-16 3.408901477068391e-16 5.919171500295447e-15 4.538390930620355e-15 1.607033190147963e-09 -1.516295530111756e-15 2.203258075942739e-15 -3.580886379053181e-15 0.04283444732308848 8.356498010802704e-16 2.269944552672478e-15 -5.788030621816763e-16 -4.51507996833065e-15 -3.258189859702605e-16 -5.189792267376651e-16 0.2201361590327275 -3.018569241069394e-15 -4.398501259024367e-09 -1.194850324595605e-16 1.326587452033537e-15 1.734809908662686e-18 9.28014875519643e-16 1 -3.393328620119784e-15 -2.672683792022809e-05 1.268197369901769e-15 1.80426161041488e-15 -7.910974765109251e-16 -1.887567224067307e-15 -1.369434037887021e-14 2.585300466381143e-15 1.235875868289216e-15 -1.560420853232825e-15 2.982138232987514e-15 7.407672192985856e-16 -1.978713339256252e-15 6.054418815212754e-16 -2.860918390619478e-15 -2.310870909987438e-15 7.554884058253583e-07 4.857537302863579e-16 -2.964794093123298e-08 -9.004003647471272e-16 -2.619641760647085e-16 9.054279095028238e-15 2.671663593541319e-15 -5.732101231124899e-15 1.40351807468967e-17 2.128937034784558e-16 -1.435555199416515e-16 3.04675990283297e-16 -1.632456773170712e-15 4.031771299650393e-15 -2.011812747174308e-21 -1.799020817083222e-14 8.222556075641774e-22 1.167464497303946e-18 -4.843937538372405e-19 3.149802118617918e-20 -2.01254467370052e-17 -1.453580958623705e-18 2.181694992858553e-18 -1.468883371221379e-16 -2.453671764561784e-16 5.163431288687441e-17 5.195755676438572e-16 -1.122422010903602e-15 -5.052633858974088e-17 -4.163543780853594e-17 8.714188463966347e-09 -5.384416254041474e-16 -1.602965483192901e-15 3.441808310938587e-06 2.481214603074522e-15 4.70226239975985e-17 -6.888838663174263e-19 -1.356802622654822e-17 -6.829238984992204e-18 3.364582498632543e-17 -4.130033487823443e-16 -4.174115278666132e-16 -4.946376752068265e-16 -1.03990333802153e-16 4.306665598250237e-16 -5.47766228659513e-15 -5.14637864941258e-13 5.575245343957906e-16 3.691214676747583e-16 1.517958670077909e-16 -6.307770102310321e-15 -5.147595904354176e-07 -4.510510917947828e-16 8.327089696393622e-16 4.926863786014209e-16 0.001065823258207553 8.715437105744414e-18 -2.698357892596637e-18 -4.467050807286044e-18 -4.153685943718769e-18 1.582791684425775e-17 -1.313061779559807e-17 0.009583077578684119 1.18014509997358e-16 6.451324347831208e-16 -2.181794524188873e-16 -6.820776174814823e-17 1.103501740337101e-16 1.122340691688961e-16 0.520494518594999 -3.302210834432926e-15 -8.693167397945186e-07 -5.043963248069466e-16 -2.588337223458438e-15 -7.35559532343232e-16 -2.810393047891538e-16 4.024475217916595e-17 -7.293474254426531e-05 -1.035747904985265e-18 6.133353513135497e-20 -5.530553659003405e-18 7.038517834975501e-18 1.346727722580437e-17 -9.040310279368459e-19 2.375304606994711e-18 8.951621146130025e-16 -0.2113583379023341 -1.460710034148673e-15 2.739905412492022e-07 6.661672945413698e-16 -1.298939202505761e-15 -2.324645748772137e-16 5.841972856960343e-16 -3.705555114149571e-15 
-3.041803782573378e-17 -1.535113045129035e-16 -1.306479187343947e-16 1.000080002819222e-15 1.852707442643577e-15 6.324986212436555e-15 5.922496324884904e-15 2.676427832904291e-18 2.285530685348367e-18 2.023003474145018e-18 2.080006368654843e-19 -3.399133512842076e-18 -1.959081952922312e-18 -3.922622443867269e-16 7.084024247121414e-16 1.377817152306178e-15 -9.361113114961326e-16 -3.726447275436454e-16 -1.528743281456358e-15 1.469328297394724e-15 4.475639914142114e-16 1.323609787315809e-15 -3.670725066528498e-15 -2.456402029397148e-15 -7.285933144560363e-16 -6.321653191310936e-15 4.926864726488215e-16 3.545909950221377e-15 -7.105854795114331e-15 1.998521661125916e-15 -1.52663179046067e-16 -2.646162461917327e-17 1.03357831425941e-16 -3.84293201825824e-19 -1.763804839334394e-17 -1.633879645185941e-18 2.837000581553251e-14 -1.108067825282464e-15 -1.975982007414247e-16 -1.25985793833486e-15 1.304310757157412e-16 6.099300074775021e-09 2.126796330969518e-15 -5.811392960128648e-16 1.283710672852703e-15 -5.560939299564881e-16 2.245814906062272e-06 -4.274505602080721e-15 -2.107813770165471e-15 -5.551305976728206e-16 -2.73023562185183e-16 8.418523618280609e-16 0.04283282364582703 6.827844549624111e-17 -3.401968803409357e-15 5.120205777784563e-16 2.394800745240487e-15 -1.18976343255732e-15 -3.019322191648671e-15 0.2201278230875206 -8.292077033062813e-16 -6.748154740304138e-16 -3.209276675976243e-16 -5.256274771992293e-16 2.517113760461041e-15 -3.393328620119784e-15 0.9999999999999999 -2.484235277501164e-15 -2.727128175229142e-15 -3.670839278765678e-15 1.004447535714789e-15 -1.013141060403856e-15 7.60034780355107e-17 -7.362091536813816e-15 -1.982812562501457e-15 2.730993822532639e-15 -3.905884873366151e-16 -4.894329892143039e-15 2.512397424790405e-16 9.759020054175001e-16 8.460130372483563e-16 -2.952667568399871e-15 -1.373946336921003e-15 6.023929775964988e-06 3.379383254103603e-15 2.664667699146774e-15 1.502333623230856e-15 3.257092282700853e-16 1.776415465918065e-15 1.686256416519528e-15 -2.240588597799021e-16 -1.166723861826411e-15 3.187592374100111e-16 -1.318405553693006e-15 -5.828742658921177e-16 -3.074022345987087e-15 -8.859052206397731e-19 -8.720348269617786e-19 -2.530532197723384e-20 -5.441025166400463e-17 -1.879053451363449e-17 2.180024667562364e-19 2.612355915324203e-16 3.249934741960946e-16 -7.126699863762818e-17 1.276310902374641e-15 1.905968817768821e-15 -2.06696290051121e-16 8.897069055057243e-16 -2.890951124592784e-15 4.449618742621868e-16 1.158809091664721e-15 1.332283506584568e-15 1.691375545452381e-17 6.793262866805658e-15 1.117176017932301e-15 -1.275038353146709e-15 0.006815002494221531 1.239375378785418e-16 1.747017802842859e-16 1.539115852902326e-16 -3.269586140525814e-19 0.04066303885217019 3.065618176111714e-16 1.432356559667963e-15 1.712937873107666e-15 3.597425679342132e-16 0.1379762811208894 -1.836877210952451e-15 -1.770306404228248e-15 -2.178188122301833e-16 -1.552596013507289e-16 0.5011746001567937 -1.842298758730474e-15 3.948282196324848e-15 4.1633870253796e-16 1.516384351375982e-15 3.177955141894597e-16 0.0003912918529576444 -5.351109710921642e-17 1.345630046127949e-16 7.352090076100741e-17 3.904656660956023e-18 1.317854975392303e-16 4.930874717129737e-16 0.003664795772244895 -6.692859770517202e-16 3.0860149725532e-16 4.993352611877102e-16 1.451492956063606e-17 -9.233175733959027e-16 -3.899706229193707e-15 0.2840928051361934 -7.632876732691052e-17 -2.185779118073433e-16 -2.817225412247793e-15 -8.106677696639967e-16 4.857285338853427e-16 6.795402801131285e-19 4.586303960635699e-17 -6.518198879371154e-05 -4.077049772492073e-17 8.806743561508944e-17 -5.89451032168373e-17 -5.774186534116137e-19 2.742843160582227e-17 4.498275012540245e-18 -3.431324700382023e-15 -3.892766196944244e-15 -0.2106648492787237 1.637598834099981e-15 1.71045847470236e-15 -1.554331096772857e-15 3.957385892390853e-16 -8.257382842002922e-16 -9.714570248255769e-16 
-8.437436459841978e-18 3.619592402228516e-16 -9.216021393325935e-18 1.039133518897386e-15 2.04704175097393e-15 -3.521665124569905e-15 -1.262937219024078e-15 1.06684870372705e-19 -3.054227376956755e-15 8.174666437423685e-19 2.035188152198679e-18 3.16849441390952e-17 -6.015757277910328e-18 -3.159036980190756e-16 -7.448713761427728e-16 -8.265280362821855e-17 1.211635753769696e-16 1.844873831415955e-11 -5.917769972326055e-16 -1.069925874093632e-15 1.153924745624466e-07 -1.082503031707738e-15 -2.345427351978267e-15 7.562458321890597e-06 -2.015817073543579e-15 -1.587385803996205e-15 3.646076020182637e-05 1.047834875718167e-15 3.469728361977408e-16 4.092664019499749e-05 2.262238144123648e-15 -2.633492597550729e-17 3.654220247315878e-17 1.693901046055094e-17 2.766594965347354e-17 2.983282586914758e-17 -3.035865870742661e-18 7.345234104748631e-13 -1.225188726406768e-16 -5.862473843965652e-16 -7.429197480831267e-16 9.263727880381114e-16 6.448782854606164e-08 5.872232045305348e-16 -8.509098356917299e-16 -1.768608744742387e-15 1.867110256379779e-15 1.589406284723903e-05 4.857614995518118e-16 5.898386187599152e-17 -1.283823157062336e-16 2.277441521961954e-15 6.81443464200514e-17 0.04283372112946287 -3.773689701113754e-16 6.788141875088507e-16 2.686741295606619e-16 4.679705921912976e-16 -4.398426642871382e-09 -8.205511753492415e-16 0.2201324304979422 1.226056116661336e-15 -4.666559538471896e-16 -6.48807906090889e-16 -2.008875816194677e-15 -2.672683792022809e-05 -2.484235277501164e-15 0.9999999999999999 -5.031067061032299e-16 9.732438492983922e-16 -1.210913765615422e-15 1.833754348277424e-15 3.422776133589943e-15 -3.109160346764319e-15 -2.789201768744404e-16 9.888248836131721e-17 -4.826918310699364e-15 -3.475659832820592e-16 4.770646368309384e-18 2.080110240363859e-16 2.295819352858109e-15 2.548507368811418e-15 -4.399696321774498e-08 1.92216431617495e-15 2.136571997990062e-05 -4.20526682455932e-15 3.218114623562171e-16 1.478082967144316e-15 7.078053676603552e-16 1.297681304743263e-15 9.318578583791854e-16 3.350728531051123e-15 2.333279769227583e-16 2.187558207969068e-15 1.658450815131396e-15 3.282264189234697e-15 1.779682914719915e-18 0.0007068474451792022 1.860138960338653e-18 7.781113722586289e-17 0.004717346341827962 6.749343742945113e-17 -4.973229426804408e-16 0.0188255245875384 3.544310933358326e-16 -2.441730656270888e-15 0.04669873793715765 3.063859535724808e-15 -1.182036061529824e-15 0.1008668681087061 2.856532936806535e-15 3.278735140455556e-16 0.2243658678489154 -4.78365722207348e-16 -5.551301497223978e-17 0.2254867214739655 2.629930129224034e-15 1.341076807184581e-15 0.00589997317652647 -7.223395591334614e-16 -6.106920764345899e-16 5.893577916168023e-16 4.380537603919443e-15 0.03572325078107014 -1.249562392397539e-14 -1.366451360204772e-15 2.665056539387696e-15 -2.591762063364962e-15 0.124424466339808 -2.740953186156026e-16 -5.481906372311873e-16 2.326340647237351e-15 2.4599192425517e-15 0.4997982647273993 -3.56324321472376e-15 -1.224755345273919e-15 1.894381705008482e-15 -5.141658994253915e-17 4.856938568621087e-16 0.0001573438132194574 -5.399728769787098e-16 -1.320176005726015e-16 2.784591640396093e-16 -4.384522177874285e-16 -7.813451361042138e-15 1.566425471467263e-15 0.00157594989547699 -5.25199374449381e-15 -1.043145197943286e-15 1.417153030840732e-15 2.268225500569072e-15 -6.066103417073017e-07 2.91790095003711e-15 0.1852082951609888 -2.10255539643384e-15 9.45455677909216e-17 -1.471094124074762e-15 -1.113729474087581e-15 6.2174389032464e-16 -7.995671501681575e-18 -2.045958866970115e-17 -5.828155709903294e-05 -1.813019267418597e-16 1.291410615423645e-16 -5.091597701573034e-17 -2.22781752441659e-16 4.999352781565427e-18 8.457056831620353e-16 4.378750193016235e-07 4.380321029413587e-15 -0.2006246963797939 -4.362974848181178e-16 -9.73212071465764e-16 -5.585994334354087e-16 3.12260515728898e-16 1.817183134787492e-15 
1.523016652582867e-17 -3.730890672681487e-16 1.145950063501246e-11 4.235993139052204e-08 1.768001583851585e-06 1.339170195442521e-05 1.526745149489743e-05 -1.582798134852233e-18 -1.087826286319027e-18 4.990225520679241e-15 -6.644905425639761e-18 -1.320244961119639e-18 3.036820725858613e-17 -7.6882998286412e-16 -5.038017056460056e-17 2.896238060117919e-15 -1.76948956053967e-16 -2.198850998023306e-16 -1.27258514521554e-11 3.712458497459139e-16 8.691316388911311e-16 -6.139059530138414e-08 1.387837386897628e-16 -8.535199929420433e-16 -3.899663336717984e-06 3.795876005774835e-15 4.732700979777764e-15 -1.454152473025781e-05 2.990928587364678e-15 -1.74875638982808e-15 -1.246965502936721e-05 5.136009747696007e-18 -1.30042191283161e-17 6.009433755691819e-17 7.997598072770895e-18 1.07265777748437e-17 -5.099209193147986e-16 1.240811184486056e-15 6.494897553610447e-12 1.518107112861024e-15 2.924211608317956e-16 -3.143446168418721e-15 1.734793690136875e-17 2.284587925274622e-07 -1.089450437405938e-15 -1.857964067427117e-15 -4.470689627894437e-15 -2.289979106544958e-15 3.872651249350824e-05 -5.718008435736499e-15 -1.318531104714036e-16 -5.827009357063401e-16 -3.394069635927725e-15 -3.767755038525646e-16 0.04283404678683514 -2.489090113670481e-16 2.673750769785235e-15 -4.019164592355167e-16 -9.432940672048959e-17 -6.939174747213417e-16 1.215222977609996e-15 0.2201341024712786 -6.620406407286537e-16 4.857422323055314e-17 1.565868151560206e-15 1.268197369901769e-15 -2.727128175229142e-15 -5.031067061032299e-16 1 -4.126342415401827e-15 1.840672311281452e-15 3.095026139404573e-15 -7.276476918152326e-16 -5.834815928654328e-15 5.985038219471122e-17 4.138838250593485e-16 -3.204163939525787e-15 -6.310373024587061e-15 -2.988182125518678e-16 1.803887266610396e-15 -2.820801640893229e-16 -1.305165777128223e-15 3.580689671321786e-15 -9.368020056239245e-16 1.596058201134701e-15 3.604690913487548e-05 -5.107386243631021e-15 6.722552867864144e-17 -1.165805939500117e-15 2.479842911130602e-08 0.03860088556191926 0.07498058392884265 0.1027648880725682 0.09984040160981099 0.0531118883605167 0.01066912552401341 -1.060261992720143e-16 -2.665902262150749e-17 0.0006807194267113405 1.019499570133176e-15 4.568441649419485e-16 0.004548146522613423 9.063956068986905e-16 1.938552744216629e-15 0.01820564225813661 -2.37519006567159e-15 -2.97582172050029e-15 0.04539731526041169 2.325680680219463e-15 -1.95240186989212e-15 0.09903206383735472 1.652390986707271e-15 1.460696284312335e-15 0.2272114919717535 -1.457227721987535e-16 -1.637646392328867e-15 0.2411720103660825 -2.348843310086801e-16 4.893827154921332e-16 0.005700784781988025 2.264540532283627e-16 -1.80154258451816e-17 2.142455803059383e-15 -1.333075102472637e-14 0.03459789459275477 -5.283883402338171e-15 1.25332067333714e-15 -5.282446776315612e-16 -7.416243011083503e-17 0.1210388667859127 6.613900930937565e-15 2.754852374643562e-15 1.037406834305854e-15 -2.076548575470094e-15 0.4960696049258614 -1.55437554187235e-15 -8.032100712902481e-16 9.06106968740139e-16 -3.636496677085119e-16 2.270470532309843e-16 8.980709145617147e-05 1.31264661503299e-16 4.43141103645994e-17 1.04108586122136e-16 2.522498445217467e-16 5.835683325498306e-16 1.61640757075463e-15 0.0009728309801625479 2.974961100194643e-15 -2.751274362664796e-16 5.148542388616261e-16 6.713653946908922e-16 1.387835022275217e-17 2.498103719459145e-16 0.1561519051994097 -1.054754903771641e-15 -1.8904917570653e-15 -6.696306003893729e-16 -3.559800033589011e-19 1.631306159786069e-16 1.089668608065868e-16 -1.257975307765853e-16 -5.568588444116959e-05 -2.024730902397051e-17 -1.515487980985609e-17 2.329279498287612e-16 9.935039772512032e-19 2.469913068234617e-16 5.703134723277546e-16 6.869783427983868e-16 1.554375482501801e-15 -0.1962271105788561 -7.68513770924436e-16 -1.51620998957664e-15 -7.468287447516282e-16 1.033216412780961e-06 
-1.120491437455794e-17 3.92654182063837e-16 2.77456455829659e-16 -9.059891155995973e-16 -1.157099023643736e-15 -3.140006835207643e-16 -1.805930831049537e-15 -3.054606690890678e-15 9.464072421731108e-20 1.175349843422911e-18 3.083830687966173e-17 1.976288953262121e-18 -1.259491858439291e-17 3.555215782200991e-16 -3.143722121110753e-16 4.952942320887871e-16 1.844950161758058e-11 1.254463147303242e-16 -8.917313876400796e-16 1.153924786981636e-07 -1.077298691223578e-15 -2.72707494526372e-15 7.562458324721731e-06 -2.329814300079004e-15 -3.790499402489425e-15 3.64607601951506e-05 -1.587385803996201e-15 4.933845010831887e-15 4.092664019977155e-05 3.556471571026854e-16 -6.092776351351408e-15 -7.300397966771214e-18 2.752531584815687e-17 2.204292582657609e-16 5.174863777214296e-17 4.876520694959318e-18 3.056466389151266e-16 -5.874400459886399e-16 6.565059945480502e-17 7.328372038312283e-13 -4.319061320036675e-16 7.771816648709234e-16 -8.474402746899425e-16 7.025861088179206e-17 6.448782872647751e-08 -4.220937863708987e-15 2.912778741427775e-15 2.77571114710548e-17 7.376635343193927e-15 1.58940628371354e-05 -3.990261163842389e-15 -4.512530004432522e-15 5.152298077773804e-16 6.792749885785488e-16 -2.440077193609104e-16 0.04283372112945811 -3.118606768692292e-16 3.603328835063282e-16 1.311710903730674e-15 -3.209343920499141e-16 -4.358636000152578e-16 -6.643125067902363e-16 0.2201324304979469 3.039118584179075e-16 4.398426390027337e-09 1.80426161041488e-15 -3.670839278765678e-15 9.732438492983922e-16 -4.126342415401827e-15 1 -4.441173696239934e-16 2.672683792894039e-05 -6.168391542332764e-15 3.817398037868645e-16 5.771397867843123e-15 -3.475930892273434e-16 1.522337651478315e-15 7.979990288807801e-17 -4.130132881473292e-15 2.104830862454184e-15 2.726607364619133e-15 3.398588111301264e-15 -5.985118917716225e-16 4.448040890498701e-15 3.235462950373834e-16 -3.990145914392086e-15 2.136571999389017e-05 1.866686939726856e-15 4.399696633954823e-08 1.870187762718228e-15 9.333605434253468e-16 2.436824480176477e-16 4.974483076773295e-16 2.586557722507434e-15 -2.251745981213962e-15 5.273828295599079e-16 0.0007068474451792068 1.728859033290507e-18 9.182106707682584e-19 0.004717346341828132 7.781113701056622e-17 1.901003727858883e-18 0.01882552458753902 -4.903728088999044e-16 3.080757577891388e-16 0.0466987379371572 -2.439155591469885e-15 1.9898982662475e-15 0.1008668681086706 -1.176831720037307e-15 -2.273971960967257e-15 0.2243658678489248 3.191996115575721e-16 -9.979324812321901e-16 0.2254867214739763 -6.071736012588778e-17 -7.074442656316351e-15 1.358767671780128e-15 -6.087363189534624e-16 -8.304041864565173e-16 0.005899973176527007 7.271114760929168e-16 5.513132421268635e-15 -1.374786438376609e-15 -3.257484079306504e-15 0.03572325078106034 -2.553922163762288e-15 -3.24056996945498e-15 -5.546960640970188e-16 6.071731741484857e-16 0.1244244663398134 -6.48222417672129e-15 4.961473225456874e-16 -1.190059726427631e-15 -2.730547624135923e-15 0.4997982647274005 -4.581558683999442e-15 -8.063662953627609e-16 6.013199443847803e-16 -1.272677071936404e-16 -4.919643831827389e-16 0.0001573438132194181 2.844849956745451e-16 -5.681660247768946e-18 -9.501311467339067e-16 5.46066547594629e-15 -1.054854966301849e-15 -1.771265099906542e-15 0.001575949895463111 -1.995810750560477e-16 3.456441717621477e-15 -8.448384016832473e-16 3.303022240707876e-15 1.075564257438003e-16 1.731312116865485e-15 0.1852082951609978 6.678906105763941e-15 6.066103459388722e-07 3.2797314956555e-16 -4.622054964558654e-16 9.929834226782771e-17 1.321670538607757e-16 -8.758656213983153e-17 -5.828155709894204e-05 4.023496398640267e-17 -6.497465817985734e-18 3.775259940054901e-17 1.490610478475851e-15 9.003511536849897e-16 1.491911320909179e-15 -9.784164140939257e-16 -1.559568345333945e-15 -0.2006246963797926 -1.138883627485544e-15 -4.378750179207362e-07 8.743296419407104e-16 
-5.847366555012138e-18 -1.62953786466956e-16 3.207167965196745e-16 1.254243375656134e-15 3.677727450065208e-15 1.058231879793998e-15 -8.396431159906771e-16 -1.131237167933272e-19 4.939577385747931e-20 3.636148224761405e-20 3.834915251999024e-18 5.603718413454038e-18 -1.955969647891805e-19 -2.236739269844666e-16 2.856282321945022e-17 1.462904454712971e-16 -5.186439473130378e-16 5.117590532700437e-16 -9.064206960461122e-17 1.759930713963628e-15 1.354860411636852e-15 -1.682733160115517e-16 -2.081735398261474e-16 -8.326941593045916e-17 -1.070358204576375e-15 4.996350222504408e-16 8.743612889382714e-16 3.563324197523281e-15 4.580030756371622e-16 1.748739016069174e-15 1.779947026665051e-15 -1.721403324609763e-18 -1.194104766453347e-17 4.024313559269914e-18 3.248725187630934e-17 -1.147425869901171e-17 1.306774574054556e-16 1.756461157409791e-16 1.091824929328223e-16 -2.765369193520135e-15 2.805653955436054e-14 -5.355038073046326e-16 3.226684206479128e-15 5.677055997405695e-16 -5.412502539900374e-15 6.094929900732137e-09 -2.478631876817847e-16 4.163557010509814e-17 1.303312412368353e-15 -4.579912711560792e-15 2.242006478306098e-06 -3.308001846454695e-16 2.391484209342021e-15 2.67589267684387e-16 2.672694182761071e-15 -3.131542554251997e-16 0.04283362123390166 -2.561776913376258e-16 2.428687032482291e-17 -5.236856413759006e-16 -6.418672871544854e-16 3.035858790599251e-17 3.401246080749412e-16 0.2201319193620434 -2.753957617189879e-17 -7.910974765109251e-16 1.004447535714789e-15 -1.210913765615422e-15 1.840672311281452e-15 -4.441173696239934e-16 0.9999999999999999 4.996405114805816e-16 -9.636683189541022e-16 8.152581935058499e-15 2.465822090888307e-16 -3.91465859281278e-15 -2.208587270150531e-16 7.176400863298938e-15 2.040964495498886e-15 1.016958483081736e-15 1.124189352506271e-15 -2.473902676934435e-15 -3.414112046403921e-15 3.083609299455502e-16 3.205963317922795e-15 2.291726286991431e-15 1.609920973502349e-15 6.128630056633532e-06 5.509766188708768e-15 -2.494734444167084e-15 -1.307858117418441e-18 -9.510911896790374e-16 -9.038185313683599e-16 8.760621083552565e-16 -1.136279027728376e-15 -7.633154731242432e-16 -1.162593576324776e-19 -7.602387867041829e-20 8.234805543002681e-22 -3.852728965763045e-18 -6.978686811684063e-18 -4.550130353647236e-19 1.692561158103171e-16 1.268479045058188e-16 1.83684703889035e-18 4.452412186977344e-16 3.911920898725135e-16 -1.339030573704488e-17 -6.877195972429198e-15 -6.574802752182323e-16 -1.766056639658727e-15 -2.650304724224072e-15 3.781812664904849e-16 -1.073392929535465e-16 6.245199619471287e-16 -8.604497253493865e-16 -6.557462205831639e-16 -7.170352863364854e-19 8.012286971875243e-17 -1.02968469470844e-17 7.577465211888151e-17 0.006815129396075453 3.580144902325762e-16 2.409170797385532e-16 8.036351912790945e-16 -7.175502980956626e-16 0.04066379603678306 -1.552624924327545e-16 5.169633826252613e-16 -1.994992919527238e-17 -2.908356956674337e-15 0.1379788503603027 1.516845466473238e-15 3.438327808880853e-15 -1.30802293967513e-15 -9.367795241148634e-16 0.5011817597103386 1.592487512130387e-16 3.721129371383681e-18 2.609703501091668e-17 -1.587176453364592e-18 -2.305344680865154e-17 0.0003912991391855476 1.996246566572366e-16 1.806986521567419e-15 1.273298809711841e-17 -1.24166624534918e-15 7.052950511698128e-17 2.974057379490782e-16 0.003664864014241022 1.145494575804676e-15 -3.414041266833052e-15 -8.231514695598239e-16 4.114891078579675e-15 6.089069496810313e-16 6.383979413648071e-16 0.2840975213302375 1.478030060641155e-15 -1.168620340259433e-16 1.193190869404871e-16 -3.083823495946681e-19 -3.241778788351892e-17 6.954352865705721e-19 -1.901817773480462e-17 -6.518320254456886e-05 5.32811376571069e-17 1.142682340541586e-18 4.201629513097648e-15 6.019674792053933e-16 4.055040208775155e-16 -1.01137489203452e-15 3.015042783951269e-15 -2.428687562347036e-15 -0.2106677884273017 -1.752124363105031e-15 -4.98227951468006e-15 
4.008028282441584e-20 -1.463339264360016e-16 3.907659319258204e-16 -8.517916658529361e-16 -2.119938499429056e-15 -2.482555779261197e-15 -2.213647270097624e-15 3.942451854784002e-15 -1.232099412086757e-18 -2.660618502180766e-19 -1.273834002830447e-17 -1.223913436561397e-17 1.548848490253999e-18 -2.258234585788866e-16 -1.236643318375676e-15 -3.856733161196667e-18 -2.234227299600375e-11 6.67576537976459e-16 -6.69419773504424e-16 -1.280480913127503e-07 -1.899616853923277e-16 1.942987099900134e-16 -8.074203466623691e-06 4.130589647063924e-15 1.607303083002586e-15 -3.617296804286599e-05 -9.12545452149658e-16 3.304032042718437e-15 -3.80510962919515e-05 -1.578753170085836e-15 -3.487097975625911e-16 -1.112763828787957e-17 -9.753214185869229e-18 -3.938024405227204e-18 -1.801894289931924e-18 3.755986786887892e-17 -2.620647218270555e-16 -2.41247002923101e-16 -2.468986883286675e-16 -1.070269288024241e-15 -7.063658032779123e-16 1.221306178778441e-15 2.255252885592348e-17 -3.929344483960932e-16 -1.832311433477886e-12 -3.61881352567885e-15 -1.007606059825798e-14 2.564106642711302e-15 -3.442025551191886e-15 -1.607043559339701e-09 -1.075653854172946e-15 -5.181863643965862e-16 -1.196043006402052e-15 4.679378664563155e-16 -4.007004292933351e-16 3.615858871339695e-16 -2.49934605668783e-16 0.04283444732310027 9.806013008761751e-16 2.512004747740494e-15 -2.010210981667451e-15 1.568485008675129e-15 4.398500963239322e-09 -3.88163717063274e-17 0.2201361590327355 -1.887567224067307e-15 -1.013141060403856e-15 1.833754348277424e-15 3.095026139404573e-15 2.672683792894039e-05 4.996405114805816e-16 1 -1.347893086219411e-15 6.032869223378525e-16 7.331198248379693e-16 -9.257234313469628e-16 -1.67555530771787e-15 4.544930896641946e-16 1.074145503913903e-15 2.903638084620337e-15 -2.102691258314403e-15 1.222749112131485e-14 2.666025342451038e-15 -1.148460605177026e-15 2.296957411322342e-15 1.564857666670336e-15 2.964794033790986e-08 -4.337171438507468e-16 7.554884082680184e-07 -4.316424898014126e-15 7.202676195960047e-18 -4.609444140121111e-16 5.399595840705593e-17 6.470840960892195e-16 2.36107722453276e-15 -1.188366325413298e-15 1.799020866054963e-14 -2.118359409113472e-20 -1.174650867948819e-22 8.512347564197551e-20 -1.300226955862276e-18 3.190539577205564e-21 -1.188340552056654e-18 -1.379864243632889e-17 2.345375721297313e-18 1.847437020699317e-16 1.092523646383807e-16 -1.654708364721327e-18 -1.960118345547913e-15 -4.764221711659971e-16 2.700323106946535e-16 -8.714187314654877e-09 -9.740957637288512e-16 2.853762299765824e-16 -3.441808316503806e-06 5.3432182773097e-16 -1.859718269180824e-15 2.320604729136089e-17 -7.487641381433003e-18 -1.545255666809727e-17 -1.859171129224519e-18 3.85126952647475e-17 -6.72889393321762e-16 1.219872924541988e-16 6.480599265039865e-16 2.923154696093088e-16 -3.705445539279986e-16 1.433820389507791e-15 -3.580756077094288e-16 -1.107242424202603e-15 5.150266249992648e-13 7.258010955358194e-16 1.436422894585511e-15 1.269881178700021e-15 -6.939247566073545e-16 5.147595898620598e-07 1.984624003943741e-15 -1.307354610731891e-17 7.474273476711178e-18 4.71831447386588e-18 -3.61724913343147e-18 6.381122994715839e-19 1.339961709814752e-17 0.001065823258207567 1.120578775375416e-16 -3.289226693225226e-16 -2.247663087908239e-16 -1.613678162108562e-17 -5.280056595437183e-16 6.654283553942585e-17 0.009583077578684046 -2.567519574616918e-16 1.162322699800393e-15 8.413830786711353e-16 1.313685698916796e-15 8.693167363908172e-07 1.174466517444258e-15 0.5204945185949985 4.489868894157719e-18 -8.440905343619507e-19 4.894598754058958e-18 3.099481065334038e-18 -1.132552712052142e-18 -7.570138559787268e-19 -1.303701599143912e-19 -7.293474254425841e-05 8.621424999568907e-18 -3.788825694408502e-15 5.681502926962159e-16 1.984622659223364e-15 1.022670664276655e-15 -1.195284546716149e-15 -2.739905430573055e-07 -6.522886578644169e-16 -0.2113583379023277 3.608405729134395e-16 
1.791473109625997e-16 7.490781608824693e-15 1.657457808155212e-14 5.415741644325209e-14 3.088429645417443e-14 4.333340767372315e-14 2.220711785057352e-14 -2.10245504286791e-17 1.83944181789031e-17 1.68521183621842e-18 4.551566904043068e-16 1.117740583402621e-15 -1.051222378065687e-17 -1.425005540000254e-14 4.35422199327228e-15 3.422521326676348e-16 5.06202068109797e-14 -2.764813118034399e-14 1.977205291853829e-15 6.907126794581311e-14 -4.889529546606916e-14 3.661296530522122e-15 4.385215176664218e-14 -2.710827321368465e-14 2.364484812582703e-15 2.749345329146272e-14 -1.60152231893588e-14 1.776593124765781e-15 2.333142144976225e-14 -1.398452444699798e-14 3.570004329579536e-16 -6.344242827442729e-16 -3.436662392837859e-17 2.81131831652343e-16 9.65549181811827e-16 5.000140258339247e-16 -4.581599856447411e-14 3.480072133244821e-15 -5.297445696083538e-14 -4.271431298942195e-15 7.264559776217001e-14 -7.953078320161777e-14 7.217262825563342e-15 -4.302074962814147e-14 -7.265564032440268e-15 1.105615995718141e-13 -1.171079849512961e-14 2.10276248035019e-15 -1.218480606589002e-14 -9.918233217339496e-16 1.501843460550298e-14 -3.191003632323926e-14 -8.528551129207037e-15 1.50501898270343e-14 -7.579250812033204e-17 -3.443374600211206e-14 -4.510782481044997e-15 2.159839147808668e-15 -9.542142263574636e-14 -5.354440849038406e-15 3.041647879756623e-14 8.51288440785559e-16 -7.556151884775304e-14 -2.090000264870851e-14 1.789844314437132e-14 -1.369434037887021e-14 7.60034780355107e-17 3.422776133589943e-15 -7.276476918152326e-16 -6.168391542332764e-15 -9.636683189541022e-16 -1.347893086219411e-15 1 -1.601870593364984e-16 9.498695233147439e-15 -4.738604697703669e-15 1.543510870332259e-14 8.410325658560932e-15 -1.795803360616934e-14 -3.353545739715527e-15 -1.196674595353891e-15 0.02614485907575523 3.003100052690214e-16 1.212236702902188e-15 -7.093233382762566e-16 1.101069239492689e-15 4.786100345987781e-16 -1.424622067380777e-15 6.897297555408101e-16 -1.616118783164004e-16 -6.05416478756428e-19 1.242766740211951e-16 4.518304133617011e-15 1.321929762160381e-14 2.918174675699344e-14 1.984226226515419e-14 -1.842139707056386e-21 3.379048362517004e-21 9.564242236267399e-23 2.359440639259854e-19 8.783467592408923e-20 5.062271885168017e-22 8.800672321974059e-18 2.409761089335717e-17 -3.550523886874382e-19 -2.407470924004646e-16 -5.652081450440045e-17 7.274657764201206e-17 3.624487862620165e-16 -8.993999121857715e-16 -1.437313267537327e-15 2.651004416031935e-14 -1.367341569852858e-14 -1.264469757208098e-14 4.596944550863838e-14 -1.758739791266331e-14 -2.757268750742211e-14 2.095559511507577e-18 -1.423343576654561e-17 -2.218167530622822e-19 7.559980812483068e-18 -4.5582654540027e-17 3.153727279326933e-15 7.497393548010664e-16 2.549230358057156e-17 1.993332799169495e-15 3.819102152581581e-16 2.923442737890397e-15 8.198465777793625e-15 -2.982531756291203e-15 -1.169713197829723e-14 7.690571270093114e-15 -2.481316435297369e-14 3.142002438349049e-14 -5.75897139350667e-14 -8.460026299799835e-14 3.792330585901496e-14 7.008006498449001e-17 -3.774378812966077e-18 4.810405986576625e-18 3.203280083169748e-18 4.028488697142403e-18 -2.680495318591197e-18 -2.375419197280511e-17 2.710979769664941e-16 -7.252228331757511e-16 -1.059807623604828e-16 -1.257945570626644e-16 -4.056271377812391e-17 2.735916419632254e-16 1.486224338043596e-15 -1.718306553461498e-14 3.598651513704227e-14 1.075809441443995e-14 2.221396240552151e-14 -4.173136173374132e-14 -5.990241109695943e-14 -2.803747811554972e-16 0.002099541725112127 3.577359611179836e-17 3.181402810328733e-18 -1.926768344433483e-19 -2.400014916485276e-19 2.416717347416382e-18 -2.845421897843162e-18 -5.714825416008825e-19 2.118376461525413e-19 0.0795585518192725 4.190552539727239e-14 5.781345814847199e-15 -2.840764810506483e-14 -2.992460283402798e-15 9.090158995779902e-14 2.905169099102865e-14 3.320044170799228e-15 -4.066030458414257e-16 
1.330040319309504e-16 -7.373387924533211e-16 9.000179074240227e-15 1.628037983543821e-15 1.614594477744853e-15 2.715973266228878e-15 2.481446947143543e-15 2.865343195448923e-17 7.230983435160887e-18 1.402644386467578e-17 4.012160386058246e-16 -8.444886389519824e-17 -2.836062977870629e-16 -1.41459258281489e-14 -5.811621800120797e-15 -1.961034416451009e-14 -6.912480028483244e-15 3.030952225314626e-14 1.683852710044403e-14 -1.669595454939026e-14 2.403546117125591e-14 4.146986578280778e-14 -6.007412158219512e-15 1.365316509669579e-14 2.825997640228961e-14 -2.601698364196914e-15 1.610970152538507e-15 1.219542557854621e-14 -9.996284112949486e-16 6.388427354357468e-16 6.031858497799695e-15 2.244818470494312e-15 -1.35967412171258e-15 -9.313875026337115e-17 -1.581544381831651e-15 1.338021550830917e-15 5.502759706235106e-15 -3.068205411961058e-14 4.461925620648277e-15 2.800079504199892e-14 -1.409419456144735e-14 1.168683208714586e-14 -4.554950175800204e-14 3.165870376567287e-16 4.127470942410977e-14 -6.388986661268095e-15 3.579960524596257e-15 -9.486331580092805e-15 9.377165714298175e-16 1.305624229185232e-14 -1.78872757336351e-15 1.443636876708133e-14 6.212515040166664e-14 -4.281297538711695e-15 5.854691731423306e-15 -1.773720872868696e-15 3.24579772781382e-14 -4.479503248369068e-15 2.955621858387693e-14 -5.627703164591968e-14 -9.334547024266818e-15 -2.200887042069764e-14 3.079811796228436e-15 4.353201826796706e-14 -1.367016309186932e-15 2.585300466381143e-15 -7.362091536813816e-15 -3.109160346764319e-15 -5.834815928654328e-15 3.817398037868645e-16 8.152581935058499e-15 6.032869223378525e-16 -1.601870593364984e-16 1 -8.123005306589273e-15 2.56552591670962e-14 -1.785464137649698e-15 -2.224434557992815e-14 -2.472848315005651e-15 5.664238067298765e-15 -8.481930435790179e-15 2.998801144838438e-16 0.02614423244404003 -3.41779300272121e-16 3.077512346446946e-15 -1.854218407999363e-15 -2.893429609158718e-15 -1.864890800281627e-15 -2.183154870535568e-16 -1.190514069338802e-16 1.832503989927755e-16 -3.8467493079801e-16 -1.578598363139283e-16 6.982261992522723e-16 -4.584008608030107e-16 1.404284105083694e-15 3.470204085785038e-20 -3.771018223900851e-13 2.989751103893307e-20 1.132110078020855e-17 -5.902160562715679e-18 1.866068692220747e-18 -2.675046514460013e-17 7.635663206320576e-17 -5.107566320297394e-17 -8.245154233847271e-16 -1.370431546022112e-16 6.071532165921064e-16 -1.603629880796719e-15 -1.133641791551423e-14 3.356039404712825e-15 -6.309731383319309e-15 -5.879845221921529e-15 8.726092765093846e-15 -1.050083068788481e-14 5.86683892272649e-15 2.117666014333689e-15 1.966914265061018e-16 -2.908406209010942e-16 -2.542284687889879e-17 9.320027595733348e-17 3.483982037329446e-16 9.687659813352251e-16 -1.779392605483722e-15 -7.643625316024972e-16 1.60612015766162e-15 4.093513722437937e-15 1.003017113809998e-14 -1.342242289537335e-14 -4.320762497790618e-15 4.703431654569345e-15 1.179611963664538e-15 7.689759672101889e-15 -1.396886437151706e-14 -4.755099323078809e-15 1.088804889845866e-14 -2.574765224304744e-15 0.01870505549448714 1.254131076862712e-16 1.435297329122785e-16 2.751501825861842e-17 2.680059890716636e-17 -9.295678376350971e-17 -6.846207323655808e-17 0.1090966468036988 -9.641809919916624e-16 -3.824848424095419e-15 -3.075447882473337e-15 -1.232195769030131e-16 -6.327403878627672e-16 4.585768613800637e-16 0.05504506888516877 -1.270470882897706e-14 2.457529335607235e-14 -4.412272169142295e-15 -2.34139227171752e-14 4.959358461104987e-15 8.614802464680538e-16 7.917291073370505e-17 -0.01580241718236139 -3.518492806578616e-17 -2.439031371620716e-17 7.864700915254612e-18 7.331055145163791e-17 -4.736460010279734e-17 8.159921675880225e-18 5.515370332756081e-17 4.260237871648365e-15 -0.0454328519295044 3.718808262435449e-14 9.792516158375219e-15 6.93629483424425e-15 1.381273869106507e-16 -3.717838423215157e-14 2.94171179100692e-16 -3.383145508282485e-15 
3.904941249739297e-17 -6.286478634748117e-15 2.954450920024257e-16 3.796225489864483e-15 2.604254590077395e-15 -5.730107270267489e-15 -3.15452872491561e-15 6.301890170556868e-18 -1.669793019099186e-17 9.904017910165572e-17 -4.493329819635308e-16 -1.777343432089626e-15 -7.674253521783746e-16 -1.081940255703357e-14 -2.051817036045469e-14 2.829501363029271e-14 4.094706344828021e-15 -6.488950002328188e-15 -2.51281200708375e-14 2.659135937797613e-14 -8.421865652903509e-15 -1.778937242585921e-14 3.608448007974731e-15 1.161290986521767e-15 -3.102989904675787e-15 -4.182906011225263e-15 5.932442582860889e-16 -1.228216402505118e-15 -3.369754476342172e-15 1.654897601995265e-15 -1.162850201123521e-16 1.705368702156983e-15 -1.69551324882257e-15 -4.219415006478622e-16 -2.273633590584261e-15 1.384978584156715e-16 6.44623243673256e-15 1.337992217021336e-14 2.155822178760072e-14 2.006207699967818e-15 -1.948669090674092e-14 9.166278870191568e-15 1.020516138835054e-14 3.039224719482851e-14 -9.801187658105863e-17 -2.13829066284616e-14 5.380396856979486e-15 1.283724208612045e-15 2.611478577923751e-15 1.359077952276349e-15 -2.867377357613271e-15 1.444953504721389e-14 -1.981748098956412e-14 9.371924894129968e-14 2.163579645304099e-15 3.018115271591952e-14 1.515172536048779e-16 4.286826969791334e-15 3.800318349965664e-14 -9.22734111341908e-14 -4.411835480294984e-14 3.716319786647402e-15 8.102047678624415e-14 9.878165993530952e-16 -1.995799359123909e-14 1.235875868289216e-15 -1.982812562501457e-15 -2.789201768744404e-16 5.985038219471122e-17 5.771397867843123e-15 2.465822090888307e-16 7.331198248379693e-16 9.498695233147439e-15 -8.123005306589273e-15 1 2.345197061722565e-15 -3.175367954689755e-14 1.246507237706886e-15 1.564259789408272e-14 4.179382534498191e-15 3.197529047094943e-15 1.208208019243096e-15 -3.418019420486619e-16 0.02614405554736928 6.417314640601714e-17 1.66892125516072e-16 2.065636679325669e-17 1.385481045351713e-15 2.153813030546128e-16 -2.483002499534979e-15 -1.410376873659079e-15 -9.087782609777391e-16 -5.567594996149103e-15 5.287437156076996e-15 -7.047533763935243e-15 -5.915514266010553e-16 -9.647326177891658e-18 -1.097632699207249e-17 -2.270040324656023e-19 -2.898714084254535e-16 -1.657040400836773e-16 -1.373705548715459e-16 2.217112974603502e-16 9.561288850367974e-16 6.049505338825027e-17 3.214984702072281e-15 5.547781201447316e-15 4.106991710694621e-16 3.278844210031918e-15 7.281284949982092e-15 2.32452945780982e-16 1.036757485434892e-14 2.600350490532715e-15 -8.586881206145988e-16 2.801580384448098e-15 2.870318850537142e-15 -7.599560862978851e-15 0.07533146514401294 -5.517726143137672e-16 3.754126255197641e-16 5.76791320597718e-16 -6.033415683294206e-18 0.2437730783643772 2.396303641628225e-15 2.50385649713881e-15 2.654885859766226e-15 2.401507812056443e-16 0.2385292708102711 2.963775058707084e-15 4.106524148507538e-15 3.847616669717782e-15 1.710871028182626e-16 0.01801116899331379 -6.879264548065697e-16 2.492366802839595e-14 6.674350284931823e-16 -4.468434139906475e-15 1.283921530020167e-15 -0.07580175404916092 -3.67030810990183e-16 2.791575748689931e-16 -7.744098246646136e-16 7.946704292465365e-18 7.494903271146183e-16 6.13029592366961e-15 -0.3001091085056473 -1.673140792580144e-15 -5.900228222668128e-16 1.333677092374844e-15 1.192622389734519e-17 3.173676599300797e-15 5.112638471181034e-15 0.02362272373047329 -1.495982642939186e-14 -1.646101912601284e-14 2.995011894971477e-14 1.135040614609409e-14 -5.21761638373091e-15 -7.303118071228345e-18 -1.607278222513581e-16 0.03682885403304117 -9.996661005935412e-17 4.61151206264765e-18 2.092478429163261e-16 -1.907412318098117e-18 -4.545235969692809e-16 -1.69451270438969e-16 3.529946228729293e-15 -1.462079278181772e-14 -0.05055418169045388 1.694955310087645e-14 -1.488038313100628e-14 -3.503253140015463e-14 -5.067805926847686e-15 1.646686397560654e-15 6.648329783613905e-16 
-1.836471565142373e-16 -1.509006136193015e-16 -8.181552223904935e-15 -1.102156561368773e-14 -8.332638905928279e-15 -7.02488382696631e-15 -2.501504957595897e-15 -1.427335288869788e-17 -4.297675892279826e-17 -3.028312544793275e-17 -2.161965289312958e-16 2.496714315327496e-15 -1.71976961387373e-16 -2.552237602952443e-15 6.442762989779203e-15 -7.73475250862215e-15 9.606952396556396e-16 -6.299127885969326e-14 5.780965983694974e-16 7.482491289373243e-15 -3.336914085311181e-14 3.53688433108873e-15 3.3365258138908e-15 -1.535579917869948e-14 -2.021280251323216e-15 1.743873089399685e-15 -9.121530286227153e-15 9.991726922039073e-16 8.703297947903158e-16 -8.337483194852081e-15 -9.016019438174911e-16 -7.309001038357471e-16 7.843877457281949e-15 -6.254829036915202e-16 -5.257056163396885e-16 3.571249591953606e-16 3.556444858934655e-15 3.931577285955065e-14 2.06020096815767e-15 -3.409497348079818e-15 1.83551090993173e-14 2.010432705381184e-16 4.837796839101948e-14 3.535583321228148e-15 -2.284968280179111e-14 1.113903908303982e-14 6.130438615402159e-16 4.253637512860431e-15 2.007712060260899e-15 -3.708681542661549e-15 2.550762439161727e-15 -2.862564785905391e-15 -1.301225227286361e-14 -4.159173006003009e-14 -6.036746216842774e-15 3.754988534737351e-15 1.387540256303755e-14 -4.259483263946283e-15 -1.869782540615021e-14 3.453875098252491e-15 3.622102617853489e-14 7.671814572546284e-15 4.469406615654235e-15 -2.021625054863089e-14 -1.106202498044694e-14 -1.560420853232825e-15 2.730993822532639e-15 9.888248836131721e-17 4.138838250593485e-16 -3.475930892273434e-16 -3.91465859281278e-15 -9.257234313469628e-16 -4.738604697703669e-15 2.56552591670962e-14 2.345197061722565e-15 1 1.084202172485878e-19 6.345110255356317e-15 -4.881511861400268e-15 -1.530415740967666e-15 6.290595214870857e-15 -7.096050222726235e-16 3.069386860722141e-15 6.516826002175135e-17 0.02614446759464363 9.027679454787646e-17 1.002564800895178e-15 8.582563576935856e-16 7.377558422534738e-16 -1.131947255562303e-16 2.774858138385036e-15 4.619134935659201e-15 5.117651094567471e-15 -6.947133842125739e-15 -6.29824134458571e-15 -5.365976435048753e-15 6.766807969615921e-17 0.006887003371283752 4.68238168458897e-17 7.171420743913545e-16 0.04466712801308464 5.731938605968945e-16 -1.093319423371821e-15 0.1551001185631642 5.86865083439415e-16 -5.964975421156089e-15 0.2698403634378888 2.604795719397453e-16 -5.025439699798089e-15 0.261954575560635 -3.338258489084143e-15 4.375867073279031e-15 0.05673679619683964 1.026511774894814e-14 4.651962428808742e-15 0.002609109628995926 1.053363201185757e-14 2.079289702656855e-15 -0.1746558948027153 -2.020722456552034e-15 6.288389474902203e-17 2.162373470387203e-15 4.84394425612413e-15 -0.2982733483095449 -2.388931066855299e-15 -1.134177116373918e-17 5.964846672148834e-15 6.081289985472615e-16 -0.05921605307333282 2.499302848014451e-15 -4.195848854993063e-15 2.344478777783329e-15 7.367561826396816e-16 0.01608696771051771 2.019328854310391e-15 -7.551212569258816e-15 7.114539919946174e-15 -3.07178192387764e-16 -3.055884093805521e-15 0.09287318375615689 -5.129817875822386e-16 -2.474596167492352e-16 -6.471230073071703e-16 -1.864643083493127e-15 -7.411172370244385e-15 -3.472225220021791e-16 0.186377858705511 -2.449429548080076e-15 1.262390799533894e-15 -2.607072543959646e-15 -3.6266562669654e-15 -4.720997402646981e-15 -3.132693921582114e-15 0.01333096278561427 -3.981247301626545e-15 1.235757265865032e-14 -8.515034000684962e-15 -3.753387278412676e-15 5.902002756692015e-16 1.420033795413596e-16 -5.858303268152425e-16 -0.02937982926876016 6.824298816472012e-16 -4.775978936280268e-16 -9.885679175756699e-17 9.444618863087391e-17 -5.091769155833997e-17 -4.673942408852042e-15 5.211756044709843e-15 -1.194321951090444e-14 -0.04934542661686175 -1.672030212267241e-15 -6.43772285422871e-16 1.426508126765275e-14 7.505254642687572e-15 1.639558138784327e-15 
3.572930766071531e-12 -5.33427468863098e-15 2.264508025541252e-14 3.124236982805246e-14 1.139713748996485e-14 6.592062857753806e-15 2.599518154617019e-15 2.456460189833992e-17 1.7518360937038e-17 2.637322054052669e-17 1.435960133955095e-16 1.879678275649042e-17 2.594495798758803e-16 1.857426362782439e-15 9.414344304128819e-15 4.096029071477779e-14 -1.432849065092478e-14 -2.072994553793216e-14 1.445232822306475e-13 -1.299318728223805e-14 -2.590028891180205e-14 4.062028495948996e-14 -9.726394771811689e-15 -8.85144208193856e-15 9.912220441827385e-15 -4.367579918367274e-15 -4.482049008321689e-15 7.601757451663583e-15 -5.399993870495789e-15 -2.838578210066119e-15 5.700513955643325e-15 -8.023101370350276e-17 -8.854611909450816e-16 1.818857564562326e-15 2.409215712614285e-16 -8.648833725245482e-17 2.631911615731599e-14 8.249477490010922e-15 1.483257960899838e-13 1.041701447324481e-15 -2.651481464944823e-14 1.330077544518171e-14 -2.06171885516104e-15 6.181860643252794e-14 -1.146684745889741e-14 -2.53807395712797e-14 2.004881980123109e-15 2.14676852453719e-17 1.31185989952533e-14 9.212672804541661e-16 -3.112409831690904e-15 2.1633085947609e-15 -4.913983716466292e-15 1.376503078188039e-15 -4.532485498033894e-14 1.492236239089968e-14 -8.981964477741264e-15 -1.102739319129886e-14 2.294822318297349e-14 7.654467337750911e-16 -3.335873244316473e-14 -1.04888320252001e-13 4.991298173404255e-14 -2.770353391139515e-15 -2.330882882554562e-14 2.982138232987514e-15 -3.905884873366151e-16 -4.826918310699364e-15 -3.204163939525787e-15 1.522337651478315e-15 -2.208587270150531e-16 -1.67555530771787e-15 1.543510870332259e-14 -1.785464137649698e-15 -3.175367954689755e-14 1.084202172485878e-19 1 2.485707969210936e-15 1.319343939654677e-14 1.026500932866163e-14 1.123103346434609e-14 1.101395740513285e-15 -1.853320062302688e-15 1.668611037512456e-16 9.103845146691656e-17 0.02614466906314934 3.105439015716786e-16 1.066457320440231e-15 1.881699652574297e-15 2.50837411084894e-15 0.2234969905022947 0.2033714619932544 0.0647477244177363 0.007102958540205248 0.0003064774049665409 5.546360757435177e-06 -4.41543368015429e-16 -8.627578516839266e-16 -0.01266056034331888 4.120819885025136e-15 4.115149717193973e-15 -0.07378170802322452 -2.767866978858849e-15 -4.299156381372216e-15 -0.1921796498100245 -5.055756703046274e-15 -4.437422651550536e-15 -0.1986794636144456 -1.286091459024616e-14 -1.066768201552592e-14 -0.04112465181616926 -8.226058723220302e-15 -2.94365226643448e-14 0.03335071640612251 -1.023509254847866e-14 -2.10187917821475e-14 0.002596872948318976 2.480984278222432e-15 -9.16540470906299e-16 0.1125075572447395 -1.42256790623335e-15 1.703213850339586e-17 6.091156225243819e-15 -6.253244450029841e-15 0.0953756240075017 4.196187668172487e-15 -2.420806610726869e-15 6.518440301419375e-15 -4.008078591245662e-15 0.04565889392150425 2.771654433743027e-15 -1.678431699181972e-14 6.149270704085947e-15 3.846316613194585e-15 0.01608944077001703 7.754649606554555e-15 -6.425420509230761e-15 -7.000507080493265e-16 -1.800072597253767e-15 7.014245954897519e-16 -0.05972375797215887 1.644133884603738e-15 6.961086167128536e-17 -5.754390324974779e-16 -4.738830855501587e-15 8.514781761618466e-16 3.864313383174301e-15 -0.1426419207350382 3.515633964502873e-15 -4.412702842018039e-15 -4.383971484447152e-15 3.717513726319018e-15 -1.285473531246939e-14 -9.712719893105799e-15 0.009237263342711136 6.045621695386154e-15 1.715771927740079e-14 -3.978156020943156e-15 2.209379563795131e-18 -7.250021810932106e-16 -3.229938989346969e-16 -1.576848393071296e-15 0.02554855965251488 4.316554907949803e-16 6.227354464478021e-17 -4.558112657201536e-16 1.230035835015392e-16 1.273558368934568e-15 -1.315711972630979e-14 3.178609917331147e-15 1.448104105599383e-14 -0.04655104300648497 -1.677591808507115e-14 -3.876348812960404e-15 7.802515798239391e-15 -1.440037772112953e-15 
-3.552693488832909e-16 -7.559839993256411e-16 -6.371674055616143e-15 -1.184287586507527e-14 -9.306344299712566e-15 -6.74874463137692e-15 -1.851201473239299e-15 -4.941929221594703e-17 -1.309428297107053e-17 4.830429973478962e-17 4.057626630527958e-16 -2.134589865306484e-16 -8.566943728325504e-15 1.95711502559733e-14 -2.614060367250611e-15 -3.876710292691907e-14 -4.744815651493936e-14 9.870549049740625e-16 1.246944306707819e-14 -3.848310567089901e-14 7.523067555762426e-15 3.538239583805766e-14 -2.232246089375266e-14 3.306750859435146e-15 2.4150188517471e-14 -9.471958037808818e-15 1.731126442572482e-15 1.353932938407674e-14 -5.30330547787389e-15 8.607002597528048e-16 8.19488184918317e-15 -1.75385502203608e-16 -4.623447791109993e-16 1.075908914154836e-15 9.623920584068756e-15 7.603528822668473e-16 -2.372095439995862e-15 -3.211718543027562e-15 5.636380847729976e-15 9.665879208145524e-14 -3.489835034995195e-14 2.663152908050545e-15 -2.284702650646315e-14 1.215282227772006e-14 4.030109587134647e-14 -1.876615753946463e-14 -4.55547188243634e-16 -3.71467189422612e-15 1.564787761067163e-15 1.153443549062322e-14 -4.158717741872693e-15 -3.993013263245179e-15 -2.43090459871016e-14 3.775629033596119e-15 -1.021438725160127e-14 -2.674249710566288e-14 3.107726275213651e-14 -7.548256182426871e-15 1.026545656211831e-14 -1.967093751342672e-14 4.418638848927204e-15 -5.648387031564188e-14 1.604272270589491e-14 6.778182615890119e-14 -5.073022622672976e-15 7.407672192985856e-16 -4.894329892143039e-15 -3.475659832820592e-16 -6.310373024587061e-15 7.979990288807801e-17 7.176400863298938e-15 4.544930896641946e-16 8.410325658560932e-15 -2.224434557992815e-14 1.246507237706886e-15 6.345110255356317e-15 2.485707969210936e-15 1 1.35516801231254e-15 -2.787280497553508e-15 -1.904582719835027e-14 4.783003965977364e-16 -2.893434078678745e-15 2.169621259484622e-17 1.007057598790315e-15 3.108525085948105e-16 0.02614446759463994 -7.866017235286694e-16 -1.062520204349766e-15 -4.86902499652933e-16 2.489733446656262e-16 1.797824042416171e-15 -2.036673781014514e-15 2.344858249119326e-16 -1.268090141439402e-15 -4.463105958857105e-15 0.00688700337128354 6.482881218236916e-17 3.816378241332024e-17 0.04466712801308326 7.232131708309816e-16 3.204470283121586e-16 0.1551001185631563 -1.059400624273693e-15 -1.584189119735229e-16 0.2698403634378652 -5.935905250406323e-15 2.178766734290276e-15 0.2619545755606479 -5.024030236974501e-15 2.822150726409976e-16 0.05673679619680938 4.420183837079913e-15 1.77161887591897e-14 0.002609109628998102 4.665609833254953e-15 5.277983300597702e-15 2.311912478543667e-15 1.004466097338688e-16 -1.76700411335547e-15 -0.1746558948027226 8.35199473464908e-16 1.371082067325699e-15 -5.189601461239121e-17 -9.736948660551914e-16 -0.2982733483095253 -1.745213131996308e-15 5.584779600582595e-15 -4.290872399147401e-15 -1.621966450038828e-15 -0.05921605307332915 -6.67060807632741e-15 3.258746470655667e-15 -7.619964557147354e-15 -4.401164083944684e-15 0.01608696771051154 -8.469495482496167e-15 -1.138824150880709e-15 3.052396516088424e-16 -2.77343574403073e-16 -1.574467042657274e-16 0.09287318375615718 -1.825541190529211e-16 1.442763924552849e-16 -5.565643432238777e-15 7.713556356150517e-16 1.192161603811073e-15 -1.347136445906703e-15 0.1863778587055155 1.233957597560502e-16 1.528779273313725e-15 2.710831652448217e-15 5.321264541816487e-16 1.241598406964308e-14 -3.494941638154179e-15 0.01333096278558069 6.881033462397685e-15 -8.181121442011503e-16 -1.973873699513812e-16 -1.407241728481823e-16 4.400177871705326e-16 -5.028839111851234e-16 6.928182907589995e-16 -0.02937982926875864 -2.445733519813617e-17 4.043084133615729e-17 1.0107554162343e-16 3.166596117522466e-15 -2.38086751270949e-15 3.438639561578452e-14 -6.614176796298471e-16 1.297480042265531e-14 -0.04934542661684357 -4.359943737486782e-14 3.995366655577179e-15 -1.723461860429647e-15 
7.111005601472332e-17 3.070623182806049e-15 2.265028442583976e-14 4.883420061240853e-14 3.404135883322957e-14 1.804837420317591e-14 9.542625578097066e-15 -4.635593608038579e-19 3.863743023212548e-18 -6.585300976219697e-18 -1.989513909302518e-16 4.128885891106886e-16 1.16813685098616e-16 4.456396189568182e-15 3.314118727713322e-14 2.844729660168311e-15 3.928094286476824e-14 -1.642045874273433e-14 7.044278355075904e-15 4.655119615418992e-14 -2.879467503747289e-14 -1.126963107444988e-14 2.312981345944707e-14 -9.392676757012222e-15 -1.065988705198239e-15 1.381470876214442e-14 -6.034036271980042e-15 4.857353004257731e-16 7.468114405296061e-15 -3.646998345064211e-15 -9.361350710024146e-16 1.154601032878253e-16 -1.561491050461721e-15 1.016292100033107e-16 -1.077579136671534e-15 5.083593593824199e-15 -1.946549475427073e-14 1.512245190183324e-14 -1.15202986039665e-14 -2.310586617871593e-14 9.055256544602658e-15 -2.134284507988617e-14 8.907805066261349e-15 -1.851513753243794e-14 -2.797935499780461e-14 -5.60315691444405e-15 -2.862361044548147e-15 3.719764370697961e-15 -5.03982675298652e-15 -4.223360487078958e-15 3.697809611565349e-15 -1.594449398901006e-14 2.581485372688755e-16 7.984498479054568e-15 -3.15871460932035e-15 -2.089241323347485e-14 -1.664640647547728e-14 1.082329213232808e-14 -3.709792889573575e-14 1.008850121498159e-15 9.905271047866081e-15 -4.698064853838198e-15 -3.628721672116762e-14 -5.849487561003228e-14 1.34669293946366e-14 -1.978713339256252e-15 2.512397424790405e-16 4.770646368309384e-18 -2.988182125518678e-16 -4.130132881473292e-15 2.040964495498886e-15 1.074145503913903e-15 -1.795803360616934e-14 -2.472848315005651e-15 1.564259789408272e-14 -4.881511861400268e-15 1.319343939654677e-14 1.35516801231254e-15 1 -7.507449523160861e-15 6.62707735910211e-15 -1.421019388437006e-15 -1.865626016441418e-15 1.38724299211121e-15 8.583615743355564e-16 1.067220523927085e-15 -7.861955846152881e-16 0.02614456528264427 -2.341112905213653e-15 1.049018544704348e-17 2.722701265218448e-17 3.647039267808454e-15 1.16998424837293e-14 2.313253755783782e-14 2.165195967497896e-14 1.491845859505172e-14 -6.081724567124544e-19 3.480897925988638e-18 -4.56469745787019e-20 4.780153455132039e-17 -4.572120735745961e-17 -1.886795997283712e-18 9.08653323617928e-16 4.05667795362741e-16 1.263010827651306e-17 1.794178412611122e-15 1.177443559319716e-15 1.362625290380383e-15 3.660754425290236e-15 7.34828864424204e-15 5.325167390382083e-15 9.703392603473585e-15 -4.536301889755394e-15 -1.327887452782803e-14 1.747095451742917e-14 -9.95645239414285e-15 -3.329436748298803e-14 -7.049855219999822e-18 1.247781175259639e-16 -8.563503096744365e-17 9.330766716190677e-17 0.0753314651440195 2.825430861498532e-16 5.689893001205976e-16 -5.942295266960665e-15 -5.226084864343914e-15 0.2437730783643717 1.843143693225873e-16 1.278144257100071e-14 -1.217775880136197e-14 -5.684634620669419e-15 0.238529270810315 -4.468377526364905e-15 1.579466129806545e-14 -9.03228178227639e-15 -3.115347321105247e-14 0.01801117868092692 2.015938414465967e-16 4.475457395497304e-18 1.475395868845921e-16 3.056433686873719e-17 -3.89529276618708e-18 -0.07580175404916083 1.070777547304842e-15 4.977789014317337e-15 -2.954450920024142e-18 -1.231653667943962e-15 -5.356826093818431e-15 -2.365729140364224e-15 -0.3001091085056975 7.051325669196999e-15 -4.479491283148384e-15 1.135262733376886e-14 -9.2187572230641e-15 5.597956473293971e-15 -2.269344303475972e-15 0.02362272670015792 -6.990395984146465e-16 6.094696399445591e-16 -1.034481338482239e-16 1.024348706850518e-17 -1.238616278771047e-16 3.09006089487802e-17 6.726227919095373e-17 0.03682885403304088 2.565183363351642e-16 -4.580415365576364e-17 -5.25328597028772e-15 1.227772327051434e-14 -5.085125346385636e-15 4.427232117040772e-15 -5.87838410451574e-15 8.31938324016405e-15 -0.05055418878553387 -2.834158926483808e-15 -7.548217865871157e-16 
4.384106158692272e-16 4.401860820292633e-15 3.544690582725543e-15 1.8425799096118e-14 1.046504853447274e-14 1.235816626073066e-14 4.996775668699785e-15 -4.153873583975942e-17 -7.696141724265165e-17 -2.955776228175967e-17 -2.244764402389672e-16 7.691319781900712e-16 1.796225274862472e-15 -2.280930977948224e-15 -1.417875555463557e-14 1.786408071165967e-14 -2.762005034408125e-15 1.720726425930631e-14 2.629949209799075e-15 -3.196661691987474e-15 3.78616409843415e-14 2.208845088506821e-14 -1.160315202852736e-15 1.15577238777149e-14 -4.223730877583932e-15 1.741838437241308e-15 5.381104366030883e-15 -2.28355223882071e-15 1.776225677513315e-15 4.779285291118899e-15 -2.556915139206979e-15 3.450003178300869e-16 1.024207202717242e-15 -1.541574002939703e-16 -1.13789154113583e-15 1.420478546440302e-15 -1.430930027246948e-14 -3.068877617308028e-14 -1.886444017489621e-14 -7.92118107218146e-15 1.877366534800517e-14 -1.981617999695565e-14 -5.076364685594082e-14 -9.671246109430466e-15 -5.559788751190908e-15 3.045442634656302e-14 -1.18213902409411e-15 -3.03843642078912e-15 -2.325777801405503e-15 -1.503822193703435e-15 -8.027425949807161e-16 -4.459567480922454e-15 -2.510838759129422e-14 -3.810970636287416e-17 1.765959340566609e-14 5.477823056266743e-15 3.184079519145103e-14 5.348152476437504e-15 -1.390164025569586e-15 -2.98424479572389e-14 8.991071776022186e-15 2.670606791279776e-14 3.935220205268501e-15 -4.454574729924299e-14 3.711614349223317e-14 6.054418815212754e-16 9.759020054175001e-16 2.080110240363859e-16 1.803887266610396e-15 2.104830862454184e-15 1.016958483081736e-15 2.903638084620337e-15 -3.353545739715527e-15 5.664238067298765e-15 4.179382534498191e-15 -1.530415740967666e-15 1.026500932866163e-14 -2.787280497553508e-15 -7.507449523160861e-15 1 1.089056687713022e-14 6.864935340979966e-16 -2.164180932436139e-16 2.18253022645371e-16 7.391685948822805e-16 1.883574291048577e-15 -1.063427642969674e-15 -2.336805754248264e-15 0.02614423244404356 -4.918595866390584e-16 2.496374181449511e-17 7.480181838523664e-16 4.049386694017146e-15 -2.109206906871714e-15 1.824712981862522e-15 5.572358059047031e-15 3.771018170166972e-13 -3.459086727157856e-19 -3.6713455343958e-20 6.044713588793659e-19 -2.133214847227032e-17 -2.329889631866383e-18 -3.493862676659148e-17 -2.187394823649033e-16 1.164483690528784e-17 -1.010801685408534e-15 -8.082998246425196e-16 -3.305664661273774e-16 9.340184875531506e-15 8.877447388315931e-16 -1.934325095932095e-15 2.042766997257537e-14 2.103829263612907e-14 -1.604055430160177e-14 -6.42281818787546e-16 2.021214479838804e-14 -1.430736445748028e-14 -7.04036845099013e-17 -3.245766726408232e-17 -8.839169969427832e-17 1.690842934144749e-16 1.076862631997849e-16 -2.029626466893676e-15 1.718568863607284e-15 -7.241928411119048e-16 -1.16389103216359e-15 5.367234434674477e-15 -5.283100346088513e-15 2.452465314162746e-16 2.137613003273126e-15 -7.224472756142058e-15 8.63610398471838e-15 -8.692267413437461e-15 -1.920285170103437e-14 -7.183931805992176e-15 4.754227745195814e-16 6.713276399011579e-15 -6.895716399423014e-17 1.40473638038589e-16 -2.299990913327585e-17 -2.394538319087135e-17 -5.944498399656074e-17 1.160480401061943e-16 0.01870505549448717 4.580889704024268e-16 1.110006184191019e-15 4.784042086093655e-16 1.215607475791137e-15 2.301327531318418e-15 -1.656850654938645e-15 0.1090966468036998 8.591492109712063e-16 4.35762560034008e-15 5.201461610016377e-15 2.277785633985797e-14 -1.187212606062333e-14 -4.510200526061904e-15 0.05504506888517478 -1.201092719206864e-17 7.238149651558918e-18 5.375175792070829e-17 6.373962632763191e-18 2.171292197925142e-17 2.834415763487548e-17 -6.896245795012248e-17 -0.01580241718236113 2.833947248388578e-17 1.091358152785439e-15 2.950385409113674e-16 -8.708312392257658e-15 -8.9433688316216e-15 1.219375608463131e-15 7.842794966213374e-15 2.274930380014388e-14 -0.04543285192949963 3.884914429328905e-15 
3.018414745196295e-12 -7.622551136297392e-16 6.982533041352323e-15 2.734368723279988e-14 2.105347932221309e-14 4.929193317467459e-15 2.49513518400618e-15 1.858238280254917e-18 -1.587586175411286e-20 -3.869789271748288e-18 2.315018829938614e-16 2.635822668603861e-16 -7.634833213293884e-18 2.469907416612382e-15 3.688550658486342e-14 1.985526543527403e-15 -1.409370667047104e-14 7.54062610963907e-15 3.496552006266927e-16 7.260251442892445e-15 -4.842805853886795e-15 2.056189422447859e-15 6.245557583659995e-16 -9.773991330776256e-15 1.130119331634735e-15 -8.511046543874527e-16 -5.177266441224353e-15 1.973191234921372e-15 -1.251338087179854e-15 -3.300416402799701e-15 1.425209807106525e-15 -5.305972691562841e-16 3.141489823760192e-16 1.328100650966464e-15 3.093348346379472e-16 5.628903849675651e-16 -1.551056917452899e-14 -1.778893872484324e-14 3.23200667618023e-15 1.421535415422151e-14 -3.663226406243083e-14 -3.386283232857833e-14 -5.963545641000358e-15 5.488502504718245e-15 8.383159633986261e-15 -4.232183246039111e-15 -2.764536139981327e-15 -1.526319894149913e-15 1.298901715823589e-15 1.720531970896212e-16 4.686505276092746e-16 2.446800357811299e-14 -2.633283131478998e-15 -6.93271395152537e-15 -6.343937961757335e-15 1.148904647634169e-14 2.62749891288861e-14 -3.030126876410225e-14 1.108401564982252e-14 8.275281501715278e-15 -6.328488080821851e-15 -2.850150671044171e-15 1.769894994458966e-14 3.272208892739996e-14 -7.198527798197319e-14 -2.860918390619478e-15 8.460130372483563e-16 2.295819352858109e-15 -2.820801640893229e-16 2.726607364619133e-15 1.124189352506271e-15 -2.102691258314403e-15 -1.196674595353891e-15 -8.481930435790179e-15 3.197529047094943e-15 6.290595214870857e-15 1.123103346434609e-14 -1.904582719835027e-14 6.62707735910211e-15 1.089056687713022e-14 1 -1.603387021924953e-16 -1.178823668492895e-16 -2.483509059470776e-15 -1.0520296247801e-16 2.508301635994327e-15 -4.872822187712338e-16 1.127608390867927e-17 -4.924685633711928e-16 0.02614500068132068 1.304132486150296e-14 -2.287558163728008e-15 -1.081708507489022e-15 -3.417079987862301e-15 1.026566393194678e-14 7.349831315589541e-15 -7.014523895751394e-22 -9.462989783891071e-22 -8.147621890220534e-16 1.268450019122669e-20 4.562522985876397e-20 4.414036322780241e-20 3.327494487034143e-18 -3.723980352604377e-18 -3.717309968144759e-18 -2.327985352234314e-17 1.007223818239323e-16 7.380435238654454e-16 -1.666147688567637e-15 -3.996369207783493e-16 3.169502420936534e-15 -1.064073959171057e-14 -1.149471143288284e-15 4.202259200366065e-15 3.357451229303369e-15 -8.564986347160215e-15 -1.198673557304408e-14 -5.622432650307882e-18 1.669501939038571e-18 8.732486169720776e-18 -8.406418189696621e-18 6.052897441080698e-18 1.392928741101255e-16 -6.233728810924267e-15 1.213330651228836e-15 1.889581427526205e-15 2.094787017460034e-15 -6.06069014419505e-16 -7.404233476339334e-15 1.3419170288857e-15 1.092588476289962e-14 -8.187461125743436e-15 -1.386640648657312e-14 5.865372626532857e-15 -4.764830048698767e-15 -1.473805179998393e-14 -6.555091185003379e-15 1.305785991487571e-17 -1.443459947407454e-17 1.42110952725623e-18 -6.759322919091508e-18 5.952682855508689e-18 -6.140988867595727e-20 3.318622147783959e-18 -1.262553429859721e-15 -2.233727525863898e-16 -2.699663409489572e-16 -3.000529512354477e-15 -5.087347643846426e-16 -1.525472456687606e-16 -5.542848081562394e-16 -8.358117509387982e-16 2.985006604400834e-14 -5.955334730179696e-15 1.626087526852619e-15 4.600515255895969e-15 2.390666216329888e-15 -1.754781837974394e-14 -1.422221257999433e-19 -2.765139056312885e-18 -1.65086721419906e-18 -7.422126200321547e-19 -2.505364639300037e-19 2.236018088242839e-19 8.060047888715538e-19 -1.103221122720121e-18 0.002099541725112063 -4.180820044615127e-16 -2.196810625979198e-15 -2.324669193752514e-14 1.098128988975781e-14 2.778106644448735e-15 -5.318853073167799e-15 -7.313351711526115e-15 2.325464777052757e-14 0.07955855856352881 
3.463571927310352e-18 3.420786559878695e-16 -2.032970664825022e-17 6.505506132790379e-19 -2.421350284149364e-15 -1.970768632817622e-15 -2.05381595751496e-15 -4.236417554124131e-22 -5.375266694497149e-21 -3.609112888221765e-21 -1.390530096188035e-18 2.933856631540047e-18 -6.583374085388105e-20 4.42531124821232e-16 -2.804332677003434e-16 -3.454355987981259e-18 -7.432540750600775e-17 -1.272910698935711e-16 5.529680208323895e-18 -1.351844176085789e-15 1.805277954108781e-16 -1.489218779359488e-16 3.43838287737836e-15 1.197015229763408e-15 2.335479173741946e-16 -3.785484180818436e-15 1.561382109411821e-16 1.604733558385404e-17 3.206068068449547e-15 1.57874563976683e-15 2.689042826618627e-16 4.92487350358186e-18 2.748284785900419e-18 4.352910709298034e-19 1.127701674471831e-18 7.955189436886343e-19 -3.026144600280873e-16 -3.987333130609709e-17 9.627471411722311e-17 9.31913752755691e-17 -3.979472310705929e-16 5.928684599098258e-16 -2.040560425894623e-16 1.42307948017004e-16 -6.353710996674959e-17 -5.577387339894673e-16 4.003167859927962e-15 -1.096419261622147e-15 3.365457393027015e-15 -3.920739764661473e-16 2.74116932770896e-16 -5.487825577689583e-15 -7.74155229165237e-17 1.218454191393778e-15 -4.269594165998356e-16 -2.161284996619406e-15 -3.660228150638931e-16 -6.373227502847409e-16 -1.507542619940906e-15 5.889651547375308e-16 -4.314234813528763e-16 3.523002630780466e-16 -2.621718969367356e-16 7.836966381531779e-16 -1.609028515529644e-16 -2.310870909987438e-15 -2.952667568399871e-15 2.548507368811418e-15 -1.305165777128223e-15 3.398588111301264e-15 -2.473902676934435e-15 1.222749112131485e-14 0.02614485907575523 2.998801144838438e-16 1.208208019243096e-15 -7.096050222726235e-16 1.101395740513285e-15 4.783003965977364e-16 -1.421019388437006e-15 6.864935340979966e-16 -1.603387021924953e-16 1 -1.609929863020162e-15 5.221827693444874e-16 1.230011357116691e-15 -9.574298287986706e-16 -8.570177861997781e-16 2.755825587259245e-15 -7.216926972159346e-16 -6.195723026762765e-16 -5.28148557883902e-19 3.113155744735391e-17 -4.667700646437554e-17 3.920651693765935e-16 -7.067150966584836e-16 -1.525785690466602e-15 -1.688566275696716e-22 -4.611760924438079e-23 6.477157883796785e-24 -1.115807338098738e-20 8.686017535993115e-21 -5.330775252353911e-22 1.948157669901581e-18 2.098248082265597e-18 1.986811907054067e-20 3.154831643363948e-17 -1.799856695258278e-17 -1.482903862545504e-19 3.413764340374031e-16 -3.784036064128078e-16 9.76321455715523e-17 2.376678238596873e-16 8.413787924959597e-17 1.532588818532954e-16 1.231710026563043e-16 1.639388697326884e-15 6.403593580239357e-16 8.206001381453984e-20 6.21511956242436e-19 1.731731001208898e-19 1.309333697841487e-18 -1.843883216218309e-17 -2.247110241519913e-16 2.551934074771291e-19 -5.901036183098102e-17 -5.760083550337215e-18 -1.477292016439533e-16 -2.602202450975539e-17 3.017606123488044e-17 -3.686453472215764e-18 -1.387841307187065e-16 -8.288014806357542e-16 1.411261414376841e-15 1.785328189279738e-15 3.289621358418166e-16 -3.352505017158355e-16 1.229975268561186e-15 8.228978185322382e-18 4.100750658090279e-19 -7.12598571576591e-20 -2.897314084528013e-19 -7.890467392851195e-19 -4.01691047139572e-18 7.982692259989829e-18 -4.305831868099017e-17 -2.28912496859279e-17 3.339493145418838e-17 4.247849850596005e-18 -4.04561162300136e-17 -2.485645466192635e-17 9.633570323717129e-17 -3.955349127059268e-16 1.14063213420392e-15 -1.803326883581417e-15 -4.016068520561264e-16 -9.281191752920248e-16 1.399551467605998e-15 -2.539750492111769e-15 0.0001972832803222866 1.974358969070976e-18 -7.986292312208904e-20 -7.507432425146606e-19 -2.799305309962477e-20 -6.93182113469564e-19 -1.504040933845072e-18 1.835523683198476e-18 -1.301710057849104e-20 0.4524733951007862 5.638105782909865e-16 -4.423744442422454e-17 -1.459402192994138e-15 1.398684425476472e-16 -9.714891269856923e-17 7.182080220381331e-16 1.860574908360251e-15 -8.272837857820328e-17 
2.540605957622514e-19 1.435242889094221e-17 1.639890364309843e-16 1.192647538660753e-16 -1.536130601732046e-15 1.292418522494226e-15 -3.729784372888027e-15 1.666928231835236e-20 4.004064475892225e-20 -2.929434793424635e-20 -3.081556869066094e-19 -1.254207927109654e-18 -5.316352265663476e-19 -5.500006777766939e-17 7.703757688699373e-17 1.098794308152048e-16 -3.811050995404617e-16 1.05495095832952e-16 -5.939384737645656e-16 -1.570825232885747e-15 1.143415917075942e-12 3.235327505878811e-16 -1.186577961471549e-15 5.560052092900723e-11 3.221452834286438e-15 -3.348216939255012e-16 2.070392406933896e-09 -3.400218799364786e-15 -2.133857796808208e-15 6.031284981020464e-09 2.942262791308426e-15 -5.182867574075252e-19 4.960025122828529e-18 3.627916956315689e-19 4.025442478539059e-18 1.831358589238311e-18 -1.136267835898655e-16 1.257448415302035e-12 -1.640161420568285e-16 -7.935443025707417e-16 -1.372628893366046e-16 1.103307397640928e-15 8.658917254541145e-08 4.022474918896514e-16 1.696595336861315e-15 -1.457198468673286e-15 1.471118085568884e-15 1.698559192252693e-05 -2.498172558728972e-16 2.914462359852258e-16 3.650178502401737e-15 1.167927206898612e-15 -3.588568018374743e-15 -5.623875252676794e-16 -3.036209574674046e-15 1.316350837681556e-16 3.440571301198806e-15 3.19605822675516e-16 1.181990906670101e-11 -4.468741901182778e-15 5.1348897622466e-16 -1.240353439192841e-15 -5.251986065946562e-16 9.367704295969107e-17 3.52589981141619e-16 7.554884058253583e-07 -1.373946336921003e-15 -4.399696321774498e-08 3.580689671321786e-15 -5.985118917716225e-16 -3.414112046403921e-15 2.666025342451038e-15 3.003100052690214e-16 0.02614423244404003 -3.418019420486619e-16 3.069386860722141e-15 -1.853320062302688e-15 -2.893434078678745e-15 -1.865626016441418e-15 -2.164180932436139e-16 -1.178823668492895e-16 -1.609929863020162e-15 1 6.384008418955173e-16 -1.762854960307549e-05 -8.396555934022976e-16 1.375706104567889e-15 -3.400244690932415e-16 8.179566131232403e-16 3.594604249324191e-15 3.32094564095257e-17 2.921986467315729e-16 -3.198463851050127e-17 1.537431098950055e-16 -2.234371839054693e-15 -1.616825674468807e-15 -7.226435482980644e-21 -3.156655736294977e-14 1.273880529466704e-21 6.375956334440898e-19 -4.97893389674593e-19 1.103325966098643e-19 -3.742008413449597e-17 4.678685138049672e-18 4.112246380529966e-18 -1.581274448395288e-16 -5.307823655192203e-16 1.088053703906624e-16 -4.862749278630964e-17 -1.14667639622763e-15 1.394313394051157e-16 7.511511037437301e-16 7.746641713737468e-09 1.743433855092743e-16 7.841120963488092e-16 1.704565388713015e-06 -3.894540609981989e-16 7.187755512729706e-17 -5.40926645995919e-18 -1.57830977056731e-17 -1.325564368142436e-17 6.742270316526575e-17 -6.551565297611716e-16 -1.097398368420516e-15 -1.039446540339617e-15 5.895643033919775e-17 6.10201849278407e-16 -9.005139444502001e-15 2.908902039601795e-13 -1.166626136857692e-15 -1.514662372853292e-16 -1.089429314418718e-15 -1.110246659390457e-15 4.00747775512155e-07 7.112524354192065e-16 1.013100131736595e-15 -2.622959143612484e-15 0.001819211346711555 1.668975971429746e-17 -3.788858264233956e-18 -1.029759667299274e-17 5.44256614484936e-18 2.71297668043885e-17 -2.069641591754118e-17 0.0156012484891137 1.986029206495414e-16 9.272292492942882e-16 -3.698562648100152e-16 -2.60425770923041e-16 1.974915899894393e-16 1.671061834044594e-16 0.4889535283335777 1.561284131261292e-15 -7.931616551140146e-07 -7.832446987095219e-16 1.807620563557041e-15 2.012322022156672e-15 1.764251600900396e-15 7.470739305483288e-17 4.732629952765577e-05 2.14621498479836e-18 -6.951110693245422e-20 -5.419695773030468e-18 1.379215441333271e-17 6.75883015982058e-18 -6.529504388724363e-18 8.905574551381254e-18 -2.248249537721514e-15 0.2058681633979098 -3.885862765001166e-16 -1.860906883160114e-07 -4.701201792370717e-16 -6.435961207500214e-16 1.873541238927138e-15 -7.693661487782695e-16 -5.273672202203756e-15 
-4.50451576579148e-18 -5.472419422592323e-17 -8.104527293961379e-17 -1.292387497303961e-16 3.845938454110315e-15 2.137246773412061e-15 1.077293220351379e-15 8.093758390679026e-21 1.860785472146602e-20 -1.976990040069001e-20 -8.794504704900572e-19 -2.345401784186793e-18 9.105480988443729e-19 2.118815495783445e-16 -7.887768458829607e-17 -1.314436079587602e-16 -5.629258288996694e-16 -3.572497315531964e-16 -4.318439091885915e-16 8.881911401983959e-16 -1.229069185215939e-15 -2.177109140428409e-16 2.449468925743451e-15 -4.600560616906266e-15 1.720872153498326e-15 -8.535293202204268e-16 -1.422548867034045e-15 1.762550472217309e-15 1.318472319218134e-16 -3.122697598148228e-17 -2.914485875084092e-16 1.562374643991151e-17 -1.09817051172785e-17 6.852238874427113e-18 -3.994152136035773e-18 -3.075670098282758e-19 1.400465785893161e-12 -2.359257711258601e-16 -3.969863101918044e-16 -4.889821818831028e-16 -2.897571798409441e-17 1.028764978250733e-07 1.072074462029081e-15 -7.329311715942582e-17 2.68192090339309e-15 6.235336079140131e-16 2.113307442370541e-05 1.984596654901325e-15 -2.881553155562101e-15 1.415586425174371e-15 -6.798498204310744e-16 1.031775443399302e-15 -8.422203079529273e-16 -6.769855307489751e-16 6.620504319564613e-17 1.374110405241737e-15 1.337382530715585e-16 1.350122088669327e-16 -9.560631662684724e-16 2.188102099268586e-10 -1.01916463630097e-15 -8.378834371642054e-16 -1.548696560098222e-15 1.140597018495938e-16 4.527693107663123e-16 4.857537302863579e-16 6.023929775964988e-06 1.92216431617495e-15 -9.368020056239245e-16 4.448040890498701e-15 3.083609299455502e-16 -1.148460605177026e-15 1.212236702902188e-15 -3.41779300272121e-16 0.02614405554736928 6.516826002175135e-17 1.668611037512456e-16 2.169621259484622e-17 1.38724299211121e-15 2.18253022645371e-16 -2.483509059470776e-15 5.221827693444874e-16 6.384008418955173e-16 0.9999999999999999 -1.173158837944069e-15 -1.769510145415647e-16 1.841057030341055e-15 1.079917346146554e-16 -3.469569792910421e-17 1.171014213856685e-15 -4.368869844415694e-16 -1.293959611903442e-15 6.860929594137788e-16 1.797199256958775e-15 1.634133564497923e-15 -1.665388567961685e-16 -5.560876535975177e-19 -8.660016981671965e-19 5.717534183770397e-21 -4.321274475765067e-17 -3.760120609504768e-17 -1.168944983955252e-18 3.075869493024903e-16 3.929295995581461e-16 -5.72071083421047e-17 1.734124891925451e-15 1.880196121313983e-15 -2.527480863493398e-16 1.020465697535267e-15 -2.225248403762978e-15 -1.520615321709751e-17 1.6549498945424e-15 -1.283713754676474e-16 7.867083618110375e-16 5.377723565923639e-15 -2.380076365305584e-15 -7.442078472282629e-16 0.007576203430948977 1.268314475160765e-16 1.795693210371257e-16 1.172342679760042e-16 2.368338034480897e-18 0.04245673624935608 2.852983345571282e-16 1.555310288051678e-15 2.459421850386015e-15 2.039413490293181e-16 0.1281710324087487 -2.57610125089614e-15 -2.640286938629201e-15 -5.616247676617449e-17 1.040848990261122e-17 0.274417884452934 -1.904754140501363e-15 -1.720872297490284e-15 1.221263128336028e-15 -4.471317095686597e-16 3.425403702735706e-16 0.001479950035221257 -7.596130838919004e-17 1.325412724975588e-16 -4.120154309878516e-17 7.027827120828141e-19 1.531101739759296e-16 9.085744310821455e-17 0.01291448861787221 -5.980544823208781e-16 2.648066200613678e-16 1.305289686849373e-15 5.768038154364274e-17 -1.452851715572953e-15 -3.816447649980669e-16 0.4753712697345532 -1.550865498638025e-15 -3.226634069514295e-16 1.616785956074543e-15 6.641918802643915e-16 -4.024617521797842e-16 -5.018742079505889e-20 1.096773950293983e-16 -1.093409211121246e-05 -8.906795450307436e-17 1.027898200440927e-16 -9.970177493994605e-17 -4.190226113847695e-19 6.845435816178392e-17 -1.670870530255389e-17 9.202841896285474e-16 -1.040849077482298e-17 0.08732613692740634 -2.029655973829663e-15 -1.169220874044591e-15 -1.526578852111192e-15 -2.688860436495279e-17 2.428647847458689e-17 -1.401677074938202e-15 
-1.761141760968015e-18 -4.527696702342539e-17 -4.008009416400058e-16 5.061207985971688e-16 2.047036040118339e-16 2.90753412929027e-15 2.040123662236803e-15 -1.075036270204272e-20 -3.1053292992826e-20 -2.67419579604662e-20 6.214148589748882e-19 2.685069330303285e-18 -9.969650717631304e-19 1.64394551659012e-17 -2.769677761252973e-16 -2.830869261997157e-17 -3.812305037497879e-16 1.581333449841293e-12 1.606734306082419e-16 -2.298577751432989e-16 1.997061070669999e-08 1.795492807919189e-16 -1.84580454174526e-15 1.371966507906212e-06 2.810339542748862e-16 -2.5675676893219e-16 8.207562973320015e-06 -6.113509603419454e-15 -4.423891319674748e-16 1.102560014766454e-05 -2.741047773005916e-16 -6.014167612315865e-19 7.345690676252707e-18 9.819103763804368e-18 -8.226419668940864e-19 2.611139907217804e-18 -7.345690676254801e-17 5.546112473693891e-13 1.213258725716385e-16 -1.07514161395244e-16 -1.224643190971119e-16 5.525260484227054e-16 4.721960670873823e-08 -2.180613024598047e-15 5.529597420056635e-16 -7.251362362497268e-16 3.539042319997533e-16 9.506777870139653e-06 -2.737605385056568e-15 -5.881021585956759e-16 -3.025650458876887e-15 -2.319144325265198e-16 1.604543812990775e-15 -1.11979768714902e-15 3.164474752764794e-16 -2.174398981312478e-16 -1.627138249464188e-15 -2.447768029712004e-16 -7.745773312394156e-16 8.131760896222426e-16 1.722509475536228e-09 3.339443141397762e-15 -5.193484625738951e-16 -4.445362623273679e-16 -5.490564957162091e-16 -2.964794093123298e-08 3.379383254103603e-15 2.136571997990062e-05 1.596058201134701e-15 3.235462950373834e-16 3.205963317922795e-15 2.296957411322342e-15 -7.093233382762566e-16 3.077512346446946e-15 6.417314640601714e-17 0.02614446759464363 9.103845146691656e-17 1.007057598790315e-15 8.583615743355564e-16 7.391685948822805e-16 -1.0520296247801e-16 1.230011357116691e-15 -1.762854960307549e-05 -1.173158837944069e-15 1 6.262776767545838e-16 -2.810421102928171e-16 -1.585638571628672e-15 -1.22998187659349e-15 -2.057547772419549e-15 1.082736614046081e-15 1.411294209409164e-15 1.266386230238277e-16 1.007904657464511e-15 -7.008496444577469e-16 -2.269127686208479e-15 4.792678648098021e-18 0.0006036854556330814 1.507758703193515e-18 7.794010245675814e-17 0.003996153061642588 -4.539209597978046e-17 -7.087029738610685e-16 0.01559890768112112 2.341801417591947e-16 -1.126235331191938e-15 0.03723980158005338 2.666250233237802e-15 -2.942613209646446e-16 0.07466805021635989 2.509895106488792e-15 5.529597409521856e-17 0.1295674609910335 -9.020833420936767e-16 -2.142449444543366e-16 0.07756021857458538 -2.949121864627964e-16 1.019560181168296e-15 0.008018282249197244 -5.357271843105479e-16 -1.987974127474649e-16 4.911481934306898e-16 2.021338911843802e-15 0.04550933631995616 -6.491747358672039e-15 -1.564889619803892e-15 -3.033688931684305e-16 -1.687503021183886e-15 0.1404907895810508 -1.081198928761733e-15 3.673387455520086e-16 -5.343109026210896e-16 -1.929070921290257e-15 0.3265781132433196 -1.457213218170746e-15 1.246436629722964e-15 -2.879729722779435e-15 -3.160713813350358e-17 6.234875196661512e-16 0.001253265622197122 -4.359194016578826e-16 -2.488022363794614e-18 2.443327325910534e-16 -8.602420440427963e-16 -1.456127317816875e-15 1.197672850665285e-15 0.0110470394480558 -4.762663933438806e-15 -1.649392168450394e-15 -1.015019948001348e-15 9.622583727196874e-16 -8.464874398395722e-07 -5.794151001327683e-16 0.446226178354915 -1.110257177930444e-16 1.422516500954311e-16 -2.720996104215582e-15 1.160565326354624e-15 4.625811479905486e-16 -4.957832971416353e-18 4.859134782360586e-17 -3.460250593754681e-05 -7.533525882368806e-17 1.426827169779754e-16 1.30616197630909e-16 -2.689229446001935e-16 -2.200615439619919e-17 -5.906912446266474e-16 -6.927769602277529e-08 -8.777965375968738e-16 0.03226502129186631 3.101780224751609e-15 5.941607924483943e-16 -1.249038726819109e-15 -2.157193711318487e-15 1.977644863313263e-15 
3.093880581797356e-15 1.479991887798973e-17 -3.000618953306264e-11 -9.622348189148189e-08 -3.885909872922899e-06 -2.914903454217168e-05 -3.419553378751973e-05 3.230361072657145e-20 6.312384990289462e-21 2.508769405386847e-20 6.517403463729568e-19 1.006686548225119e-18 5.679570517222772e-18 -5.818573876189428e-17 -2.19345775733581e-16 4.531052087261002e-16 2.199929333585728e-16 3.666910303689537e-16 1.648471600071041e-11 1.908267932548519e-16 -3.97266687776008e-16 9.322535509139184e-08 2.321151793409015e-15 -2.380134723884287e-15 5.108271418218546e-06 -2.546769198099999e-15 -2.900679904102997e-15 2.493183689363975e-05 -1.988164125458826e-15 1.23175962397537e-15 2.866878726262754e-05 -1.947495597607728e-19 -2.34067870518894e-20 -1.721574812707418e-17 4.342525224650044e-19 -8.851729504892257e-19 -2.086083803754884e-16 3.521621722762539e-16 -1.646246261499367e-12 1.126203350810794e-15 4.333719835554991e-16 -1.117204135557251e-15 -2.616061856222056e-15 -3.504342737972282e-08 2.636879324573908e-16 1.301091789704131e-16 -6.132652454339358e-15 8.465960618317475e-16 -5.678765614157141e-06 9.090498696717939e-16 -2.177305382417555e-16 9.321780406849494e-17 -2.317840775195554e-16 -8.670692400532666e-16 -8.97753320950534e-16 1.101116675130114e-15 -1.373736059956763e-16 1.572423615589847e-16 -1.1180715272581e-15 -1.609884216120074e-15 6.210544713071125e-16 5.564141393496443e-09 -4.510451467593624e-16 5.117627626681043e-17 -2.240046329824816e-16 -9.004003647471272e-16 2.664667699146774e-15 -4.20526682455932e-15 3.604690913487548e-05 -3.990145914392086e-15 2.291726286991431e-15 1.564857666670336e-15 1.101069239492689e-15 -1.854218407999363e-15 1.66892125516072e-16 9.027679454787646e-17 0.02614466906314934 3.108525085948105e-16 1.067220523927085e-15 1.883574291048577e-15 2.508301635994327e-15 -9.574298287986706e-16 -8.396555934022976e-16 -1.769510145415647e-16 6.262776767545838e-16 1 -3.556424480185294e-16 -3.660528630178419e-16 2.395794162166474e-15 -2.914356636904611e-05 0.02449883718373782 0.04419423623418265 0.05258882538363223 0.03883989622604948 0.01278526478562362 0.001198614087736321 -7.083528591204592e-17 -3.71151689410004e-17 0.0006167865130689621 6.716796928123274e-16 4.296761687014733e-16 0.004087756714509796 -8.843493386461051e-16 -6.587865561526909e-16 0.01600741028809468 -1.971757141030041e-15 -3.444965732676648e-15 0.03842300753021096 1.087279022040181e-15 -1.165778225466481e-15 0.07782930160269974 6.314632054712381e-16 -2.695862146434858e-15 0.1392894506433073 1.040874147787707e-15 -1.43640632394705e-15 0.08776082199272979 1.010900975142142e-15 -7.556274687960918e-16 0.008170746409598773 -8.442640080904107e-16 -2.661478085773874e-18 1.191041090657343e-15 -1.377910396050732e-14 0.04647313633322071 -8.782311843665004e-15 7.307798771989646e-17 -5.360498090312998e-16 9.320154042138062e-16 0.144036190559139 5.341306986713398e-15 1.308898320110478e-15 -2.178895456868832e-15 -1.47110147118826e-15 0.3406287970194481 2.70627157435576e-15 1.255988184131548e-15 -1.023144346105586e-16 6.82999987277922e-16 4.29792922358165e-16 0.00117133398132529 -6.880184500692474e-17 1.017261479999453e-17 -4.283190293380418e-16 -2.213373948536821e-15 2.667431258271384e-15 -7.730111475503467e-15 0.01036879665876501 -6.235211244512533e-15 -1.505471601618268e-16 8.771527012669623e-16 -8.431077653866668e-16 -1.229965483975604e-15 2.602184383216498e-15 0.4341835130908386 -2.067869189862714e-15 -6.375350806557944e-16 -1.346196761193541e-15 -1.564894266979166e-17 -1.208550982089828e-16 6.438339538167471e-17 -7.272089690021354e-17 -4.08087835391622e-05 3.080883586264353e-16 7.106345549277709e-18 1.228803709549757e-17 2.25848693386326e-19 -5.94815921341457e-16 -1.831937364959744e-15 -4.822713792890393e-16 2.376661484136608e-15 0.0162701596354098 1.141491428147359e-15 3.192012454792038e-16 -6.436067825758175e-16 -1.363584711885202e-07 
6.366435770785959e-19 9.118756022059022e-18 -2.967550609728309e-16 -2.237860600481045e-16 2.983815244918243e-16 2.498120015619314e-16 -1.883991749310509e-15 -5.084335993303116e-20 -1.022425998298669e-20 2.256503826526266e-20 1.892328525224931e-18 6.274997781896211e-19 -1.051671640208041e-17 -3.081395262274691e-16 1.574730254899274e-17 1.004722470472547e-16 1.581197269952327e-12 -3.811288567385392e-16 4.728873078681536e-16 1.997060869089067e-08 -2.296409281856145e-16 -1.160348069465645e-15 1.371966506065603e-06 -1.830191533403426e-15 -6.750019235083811e-15 8.207562974199545e-06 -2.758400422987705e-16 -1.069343734264397e-14 1.102560014907921e-05 -4.753514594474046e-16 -3.022091911757143e-15 -1.83902138682545e-18 -8.052775066453846e-19 1.38004322843999e-17 1.815585031766632e-17 -4.225932472916524e-19 -4.782830700461822e-16 -1.048031509006225e-16 -2.040258808862196e-16 5.546424733312294e-13 6.844232087653966e-18 -6.288561775611612e-16 5.499238845985812e-16 5.629347068274169e-16 4.721960781205448e-08 -1.405168304694441e-16 -1.519706407998934e-15 -6.037154902398066e-16 -8.674288292321152e-17 9.50677787971578e-06 4.233134816318561e-16 1.246192357345882e-16 -2.136020458116132e-15 -2.177617803333996e-16 -3.005549650749242e-15 -1.413842161156318e-16 3.401722265145384e-15 2.969515785277588e-16 -1.17596104907932e-15 -8.715079211178075e-16 -5.118672425493341e-16 -9.708238275349165e-16 1.722510349863178e-09 -9.407905239547693e-16 2.474223782038673e-16 -2.619641760647085e-16 1.502333623230856e-15 3.218114623562171e-16 -5.107386243631021e-15 2.136571999389017e-05 1.609920973502349e-15 2.964794033790986e-08 4.786100345987781e-16 -2.893429609158718e-15 2.065636679325669e-17 1.002564800895178e-15 3.105439015716786e-16 0.02614446759463994 -7.861955846152881e-16 -1.063427642969674e-15 -4.872822187712338e-16 -8.570177861997781e-16 1.375706104567889e-15 1.841057030341055e-15 -2.810421102928171e-16 -3.556424480185294e-16 0.9999999999999999 2.011974106615256e-15 1.762854960589622e-05 5.100497850685874e-16 6.106716261255958e-16 2.495772948399112e-15 -8.948189690202444e-16 2.417626726779642e-15 -3.250970875529237e-15 -1.484994877212881e-15 0.0006036854556330779 4.743549033112215e-18 4.167512820062956e-19 0.003996153061642614 7.68016558861627e-17 1.208790543008235e-17 0.01559890768112207 -7.080474565211113e-16 3.654766067185104e-16 0.03723980158005454 -1.123036838572788e-15 9.394453951720833e-16 0.07466805021634967 -3.01092000117518e-16 4.222958962756703e-15 0.1295674609910342 3.231019662818586e-17 -5.42984780914076e-16 0.07756021857458058 -1.769472415736232e-16 1.401700274481991e-15 1.169417099196899e-15 -1.975897191956068e-16 -2.249530946114125e-16 0.008018282249197454 5.298053988495297e-16 2.761003882964233e-15 -1.563358138168356e-15 -4.354557959926923e-15 0.04550933631994018 2.071484770703868e-15 -1.367653759265834e-15 3.651702759796522e-16 1.231473870123918e-15 0.1404907895810552 -4.006139111393375e-15 2.380112683462428e-15 1.241232301415139e-15 2.050507171283113e-15 0.3265781132433188 -6.245196989160193e-17 -1.02361293221083e-15 4.605213864555611e-16 -6.498844014170667e-18 -6.741097430089408e-16 0.001253265622196907 3.003367416477762e-16 3.326080794700806e-17 -8.883000073684942e-16 5.255001396900585e-15 -1.641910948425842e-15 -2.167182043517378e-15 0.01104703944805566 1.503820095473289e-15 1.063959595661775e-15 -5.65537064860391e-16 3.469551497800993e-16 1.526603074194861e-16 2.853707902649331e-16 0.4462261783549094 1.274843488737913e-15 8.464874372434854e-07 3.687304096058786e-16 -4.581586162390547e-16 1.371818533785372e-16 1.409268575064603e-16 -8.85159908839155e-17 -3.460250593763392e-05 7.96163450533343e-18 -4.515661855040226e-18 1.79532180596688e-17 3.382813295218671e-16 1.710488941986348e-15 1.33230778828932e-15 5.941607924483943e-16 -1.942949581499881e-16 0.03226502129186463 -1.755593321584628e-15 6.92777025047646e-08 6.071716685610869e-16 
7.894561024239652e-19 9.506741655942541e-17 6.798177510330174e-17 -7.147302421842495e-16 1.587326250218197e-15 -8.639364001282607e-16 3.322152560340057e-15 -1.206071580512801e-20 5.734224341046732e-21 1.992125171856639e-21 -1.852704150456405e-18 8.867502324282585e-19 -1.806131361934379e-19 2.354600400635689e-16 -1.875462128945951e-16 -5.79254598866551e-17 4.045566161949148e-17 5.366982244997242e-16 -4.202509733658528e-16 1.767851428003604e-16 1.604673482640492e-15 -2.275166778920302e-15 -1.715702549542897e-15 1.838872297791178e-16 1.465892460959714e-16 -1.318485631790348e-15 -6.245458255849017e-16 -1.00620000536027e-15 -1.013161640805951e-15 -1.387892658638296e-17 1.313279061543881e-15 -3.109582542523608e-19 -3.339156500484039e-18 -3.003544741952056e-19 -7.081017166256276e-18 4.038260255719646e-17 -2.82986336554414e-17 -7.849889182581358e-17 8.58717159199537e-16 -8.405832646444444e-16 1.34767123008242e-11 6.272321690029016e-16 1.864890803865335e-15 -1.120669273958027e-15 -2.838537281697302e-16 4.003031213257949e-07 -7.364358226591642e-16 5.065677638886652e-16 -1.833751396727185e-15 3.067163721079313e-15 6.252758048361439e-05 -1.021352984805348e-15 1.314504060460151e-16 1.010185324780463e-15 -1.349877352529507e-17 -2.74847768781319e-15 -1.193530112180173e-15 -2.619521031093165e-16 -1.018317116066881e-15 1.134113823892318e-16 -9.818866911285589e-16 1.170977944368529e-17 5.961145127898522e-16 2.188220813934292e-10 2.730113392521865e-16 9.054279095028238e-15 3.257092282700853e-16 1.478082967144316e-15 6.722552867864144e-17 1.866686939726856e-15 6.128630056633532e-06 -4.337171438507468e-16 -1.424622067380777e-15 -1.864890800281627e-15 1.385481045351713e-15 8.582563576935856e-16 1.066457320440231e-15 -7.866017235286694e-16 0.02614456528264427 -2.336805754248264e-15 1.127608390867927e-17 2.755825587259245e-15 -3.400244690932415e-16 1.079917346146554e-16 -1.585638571628672e-15 -3.660528630178419e-16 2.011974106615256e-15 1 1.44683881236614e-15 1.926572798276885e-15 -8.421481889299838e-18 -1.338059149202311e-15 -1.28200400130992e-15 -9.246388807387822e-16 1.982856774240263e-15 3.643108521363169e-16 1.031831652885876e-19 1.318245672491452e-20 1.375643045692432e-21 -6.896816652996328e-19 1.608741548636747e-18 -6.439923915643692e-19 1.49794054227728e-16 1.023928052044205e-16 1.44619884377542e-18 3.196878211994627e-16 9.087005696024356e-16 -1.314639590315011e-17 -7.393641479815237e-15 -1.223021408557149e-16 -2.620659481872871e-15 5.0151467423517e-16 -8.032041307391803e-16 -1.111670079966173e-15 7.563655450095239e-16 4.413288868129012e-15 1.132813984239662e-15 1.617040578550941e-18 5.621736018699736e-17 -7.640495557113956e-18 7.94311360488241e-17 0.007576351145528738 2.009094565652592e-16 2.635242494235361e-16 6.180161373026739e-16 -1.636272264928984e-15 0.0424575640358618 8.67391069898424e-19 -6.746134046135e-16 8.569823770597397e-16 -6.36630485192553e-15 0.1281735313838072 -4.508265996646643e-16 1.144956505799498e-16 -7.962659122840168e-16 -1.960304320535503e-15 0.2744246302741519 5.592131216070209e-16 1.304421909865046e-18 1.812288275437281e-17 -4.591497357797944e-18 -7.26980022804689e-18 0.001479978890069313 4.043194389491636e-16 1.710495189839863e-15 5.910456962230362e-17 -1.154063818499932e-15 -4.960392680982123e-17 3.141310971579265e-16 0.01291474041394577 6.110770087435308e-16 2.511965428539823e-15 6.39050404284619e-16 -5.377826378104489e-16 5.013523801900726e-16 -2.903158852825121e-15 0.4753793917965097 3.431400288433582e-15 -1.636304876800061e-16 1.128005980402852e-16 -1.240415818342391e-18 -3.969883855799768e-17 9.671325723204324e-19 -6.342110284626529e-17 -1.093430529518646e-05 5.706516295760139e-17 -3.663964914890496e-18 1.873565133229243e-15 2.65074733173732e-15 -2.472064703312209e-17 7.043217024230442e-16 3.87116802794438e-15 -3.375886780579404e-15 0.08732764551893743 6.175824935199499e-16 3.249247955570157e-15 
2.258698753531248e-18 5.680492128684881e-17 -4.695236510838861e-16 -3.695038919778041e-16 3.31512770176165e-15 4.84179878695488e-15 1.557835519466721e-15 -2.342400149937549e-20 3.183058629989958e-21 -2.624144707785784e-20 -1.096969054284471e-18 -1.772337400562145e-18 6.670898147098321e-18 -6.240731533102429e-17 1.935494155289209e-16 1.56282568179671e-16 -1.09387463705938e-15 -7.812925596837126e-16 -2.985955744336645e-16 -1.143384691394896e-12 1.630674454900714e-16 1.344439043997898e-15 -5.559899867438548e-11 -2.022733776426651e-15 2.983790455020287e-15 -2.070389599983115e-09 1.752175703962467e-15 5.395245135726779e-15 -6.03128373887232e-09 2.133857796808219e-15 -1.203968382764179e-15 3.2618809899131e-18 -2.836898476534265e-18 -3.845352168978575e-19 -9.233200403305416e-18 1.336679190583885e-17 -5.256322966065536e-16 -8.29432151204558e-17 1.732591604738469e-16 -1.258422049382798e-12 -3.763616150155521e-16 -1.037386515391942e-15 -1.288926723198344e-15 3.436993394313194e-16 -8.658916999357783e-08 -4.015969589260306e-16 -3.150413258718271e-15 1.269872885364199e-15 1.466808957225935e-15 -1.698559191858112e-05 -6.314947599212131e-15 3.184267279507592e-16 6.24296774723602e-16 1.99416089425213e-16 5.83394385306386e-16 1.116209672764696e-16 -2.808549423106186e-16 6.026122740384885e-16 3.482530810045583e-16 -1.040856032884188e-17 1.296733140972748e-16 1.974156942379654e-15 -1.28372244056167e-16 1.107644294995607e-15 1.182130381378568e-11 2.671663593541319e-15 1.776415465918065e-15 7.078053676603552e-16 -1.165805939500117e-15 4.399696633954823e-08 5.509766188708768e-15 7.554884082680184e-07 6.897297555408101e-16 -2.183154870535568e-16 2.153813030546128e-16 7.377558422534738e-16 1.881699652574297e-15 -1.062520204349766e-15 -2.341112905213653e-15 0.02614423244404356 -4.924685633711928e-16 -7.216926972159346e-16 8.179566131232403e-16 -3.469569792910421e-17 -1.22998187659349e-15 2.395794162166474e-15 1.762854960589622e-05 1.44683881236614e-15 1 -1.457271992969267e-16 1.109847734035124e-17 -5.451483472231349e-16 -4.336900137017122e-16 5.256322967355336e-16 -1.622001296208182e-15 1.804183156059613e-15 3.156655768142235e-14 -1.623962699197306e-20 8.60282954964528e-23 2.765770382248794e-19 -5.460851311525455e-19 9.784217190033646e-21 -5.131327913580635e-18 -2.622151657549564e-17 4.197904393490097e-18 4.497365442086931e-16 5.465849453934777e-17 -2.481520047149789e-17 -1.813041102280201e-15 3.443498708792506e-16 -7.479661926933255e-16 -7.746640894063468e-09 6.661478610567847e-16 3.380613656827845e-16 -1.704565382145191e-06 2.640306660714382e-15 1.170964325941133e-15 6.922268613228809e-17 -1.569918673500312e-17 -1.908384294179083e-17 9.617997221589286e-19 1.000676177806126e-16 -1.433670762794642e-15 1.064607337540786e-16 1.338584227290384e-15 1.051698283226746e-17 -5.711697480452468e-16 -1.308009081324313e-15 -1.701149078744902e-16 1.98630026275399e-16 -2.909599094652955e-13 1.144941636172538e-16 2.914397480899951e-16 6.010945130937166e-16 -7.286000557952848e-17 -4.007477793598537e-07 1.138003437969438e-15 -2.076396821948042e-17 1.363905328856967e-17 -3.533260682916587e-18 -7.149347052654684e-18 2.826290902280317e-18 2.740958474474747e-17 0.001819211346711582 1.685698872006946e-16 -4.354789850082615e-16 -9.991133690653494e-17 1.801812596769128e-16 -5.248191278308066e-16 -4.202727289028626e-17 0.01560124848911492 1.760782079561339e-15 -9.714656816736932e-16 -1.807620563557039e-15 -2.250852705593809e-15 7.931616508152792e-07 -1.543936723896068e-16 0.4889535283335818 2.704283821521225e-17 -6.623388059140416e-18 3.341006619835898e-18 5.539315229329792e-18 4.797748717248555e-19 -9.090906621140489e-20 -2.291378317020353e-18 4.732629952765357e-05 2.437486640303137e-17 1.77639469647132e-15 -7.641618681777422e-16 -1.804150569464828e-15 1.141472365103817e-15 -6.696176722712536e-16 1.860906898556105e-07 -2.01232207144026e-16 0.2058681633979098 -2.026200372425654e-15 
2.617072506054953e-15 -2.588663333831247e-17 -3.550394807348476e-11 -1.136430405964781e-07 -4.472804279834283e-06 -3.336518852438245e-05 -3.8634693147495e-05 -1.203066276766356e-20 9.051214588603981e-21 -2.36272035581968e-20 1.098937934559154e-18 1.736795898357158e-18 2.175656852594628e-20 1.596737691188173e-19 -2.989245431530025e-17 1.53752709988109e-17 1.733184644661698e-16 -8.142769272072468e-17 -5.402309973116094e-16 -2.664236044851553e-15 1.804203474944231e-16 -8.092368683787206e-13 -4.781147595801967e-15 -7.303567263543662e-16 -3.931760366716764e-11 7.168517577065745e-15 -6.280259832763309e-16 -1.464007896031095e-09 1.42608345564494e-15 -6.037433607839923e-16 -4.264841823866775e-09 9.171463180496815e-19 5.010618199579805e-19 2.178587908227184e-17 9.274598420960177e-19 1.583946765422519e-18 2.235195586468472e-16 -3.222411488228753e-16 1.025156885127033e-11 -4.279019831189369e-16 -4.533820201221144e-16 -1.209163290962219e-15 -1.843236722919113e-16 2.978674255789272e-07 6.522889485341871e-16 3.504318335038607e-16 1.325433070411819e-15 -4.406519000156897e-16 4.548398376507284e-05 -6.132694750218355e-16 -2.666582326622981e-15 1.026791278382318e-16 4.662711239465304e-16 2.00573972132798e-16 1.89236710987522e-17 -2.401967849938063e-17 2.533637296472939e-16 -1.358899164938311e-15 1.066908783457582e-16 -1.558294007699369e-15 -8.343356797445414e-16 9.604618629117764e-16 -2.300793128548335e-16 -2.511138965931074e-16 1.220222708234983e-15 -5.732101231124899e-15 1.686256416519528e-15 1.297681304743263e-15 2.479842911130602e-08 1.870187762718228e-15 -2.494734444167084e-15 -4.316424898014126e-15 -1.616118783164004e-16 -1.190514069338802e-16 -2.483002499534979e-15 -1.131947255562303e-16 2.50837411084894e-15 -4.86902499652933e-16 1.049018544704348e-17 -4.918595866390584e-16 0.02614500068132068 -6.195723026762765e-16 3.594604249324191e-15 1.171014213856685e-15 -2.057547772419549e-15 -2.914356636904611e-05 5.100497850685874e-16 1.926572798276885e-15 -1.457271992969267e-16 0.9999999999999998 1.124774470566846e-15 3.790833164778274e-17 -1.255702523995417e-11 -4.507734443128886e-08 -3.035013255562598e-06 -3.129845835370223e-05 -5.061590133031662e-23 -4.637636720459059e-23 -5.257134093248874e-18 -8.542421228749256e-22 9.65002233956347e-21 5.731971318606955e-21 -1.162743751416571e-20 8.047219133309913e-20 4.443176748441029e-20 -1.724137876204154e-17 -5.080421207783414e-17 2.314126100030718e-17 -5.678795481022614e-17 -1.035465333532688e-17 -4.334316932770974e-17 3.348185287958879e-16 5.95473886057962e-16 1.548153006327968e-09 -2.116470945413513e-16 6.15858348870332e-16 9.967952740661587e-07 -3.390063122157988e-18 -5.512874528628578e-19 2.987741872166065e-18 -2.154814985194936e-19 9.790077382445341e-19 5.441614285514716e-17 -1.350306429055481e-16 -1.761917452345796e-16 4.349564295339262e-17 -8.831272399605098e-17 -3.686473438754002e-17 -1.03980236110738e-16 7.279515620675196e-12 -1.615136175354227e-16 -3.126996881578564e-16 -4.087215612465046e-15 -3.372473506927872e-15 2.200839276148084e-06 -8.110243644489607e-16 1.681033131879237e-15 3.383220338783252e-18 -8.910872367679086e-19 -9.519013159007418e-20 1.015167282113372e-19 1.019733549549138e-19 1.977921755397963e-19 3.952322852424753e-18 -2.93996256740661e-16 2.555119136180782e-17 3.660722337527663e-17 -1.72383292895283e-16 1.342445566575785e-17 -2.657784710807974e-17 1.211182716376105e-16 -1.179671918417573e-16 2.466034008563559e-15 1.276821332321967e-15 -6.333152571465724e-07 1.040886955697257e-15 2.279108396785126e-15 8.049526031555297e-16 1.052226843911364e-20 1.097161562591889e-19 -6.367825383754152e-19 -7.128009645142139e-20 -8.064425358426801e-20 -2.0729778769664e-20 -7.493972817892073e-20 1.114602718863145e-18 0.0001972843488463588 -5.49718369022836e-17 6.765763583965853e-16 -4.753382518517927e-16 -1.484564862819339e-15 -6.354471384677809e-07 -9.524114632635854e-16 -2.331586496896542e-15 1.128494669581994e-15 0.4524757047123577 
0.001476554771377544 0.02085896067549715 0.08386193973855517 0.132859971554404 0.1172738649042849 0.07829145122960671 0.04339851512770451 -5.042637074895293e-19 9.021984767717005e-19 3.827848269292379e-05 -1.752250398960641e-17 -7.299665708899164e-17 0.001594545624670262 -4.602846068664241e-17 -7.697818646647481e-16 0.04292343025879266 2.017214672949535e-15 3.212828150517914e-16 0.192766874457903 1.953789730498875e-15 1.738869632950162e-15 0.2396637193886905 1.76835793640061e-15 1.382569530850622e-15 0.144437223232921 1.143512873048366e-15 7.359981815405264e-16 0.07447477149499353 9.052482394157495e-16 8.464431362367307e-16 0.05738403042399175 9.568610861060057e-18 3.583977004600102e-16 0.004751342953604897 2.989666234335501e-17 -3.766470007646493e-18 -3.581363520566611e-16 6.370578859811714e-15 0.267229405579353 3.361598397568245e-15 6.217218543648716e-17 -9.459150754702531e-16 7.556072007600352e-15 0.2607304977081963 7.040256319675997e-15 8.587554422622075e-17 -1.976864528074882e-16 1.196253600628186e-15 0.05696891721900641 1.161088256504968e-15 1.661141474411974e-17 -3.722369020696704e-17 -8.259723065923731e-16 3.473375347251306e-16 0.2067317620305555 2.731274928174365e-15 3.26141393466767e-17 -2.004925925451519e-18 1.716596062756498e-16 -1.470960026127295e-15 6.369928338874859e-15 0.3359868048110334 7.889965428007452e-15 1.361892733410376e-16 1.098075991234768e-16 1.40351807468967e-17 -2.240588597799021e-16 9.318578583791854e-16 0.03860088556191926 9.333605434253468e-16 -1.307858117418441e-18 7.202676195960047e-18 -6.05416478756428e-19 1.832503989927755e-16 -1.410376873659079e-15 2.774858138385036e-15 0.2234969905022947 2.489733446656262e-16 2.722701265218448e-17 2.496374181449511e-17 1.304132486150296e-14 -5.28148557883902e-19 3.32094564095257e-17 -4.368869844415694e-16 1.082736614046081e-15 0.02449883718373782 6.106716261255958e-16 -8.421481889299838e-18 1.109847734035124e-17 1.124774470566846e-15 1 0.7872918428414944 0.5300681210801852 0.3180493390831391 0.1759601676807893 0.0889072735965715 -5.760172779712555e-15 -3.010624863481759e-15 -1.910238797954822e-06 -6.436647583649729e-14 -7.108012544303753e-14 -1.429530298261052e-07 1.702053994396001e-14 -1.637420546922136e-15 -3.377345166069061e-08 4.665577486133064e-14 3.140280833405933e-14 -1.249372529344547e-08 1.882352868941082e-14 1.956742651145399e-14 -4.903470373779268e-09 1.44447535278102e-14 1.227088527630516e-14 -1.241002980986843e-09 4.121622382544749e-15 2.582082134182875e-15 -3.245293859246592e-10 -4.472321007524597e-16 1.296058191203985e-15 4.527850406452189e-09 6.785582359970686e-15 -6.313746367249682e-16 -1.731216521307541e-14 1.433141719105881e-14 6.565499286059688e-10 1.164718729491911e-14 1.070649078906336e-17 -1.126172398037395e-14 4.912287051741146e-15 1.486854036675488e-10 3.138355782645058e-15 9.524711046269164e-17 -1.015936066916638e-15 7.435778343870403e-16 1.117213865505057e-11 3.911475852265851e-16 4.372723808939366e-17 7.811291355394893e-16 -7.530791077299808e-15 -3.306920543925884e-15 5.093956656614232e-10 -4.397823546314265e-15 -3.131575499247847e-16 3.157775696752678e-15 4.200983040268295e-15 -9.572555676983291e-15 1.310203422181461e-15 5.081091884733293e-11 -1.207349959876554e-15 2.760648321179875e-17 3.310826422537838e-15 1.426708165795832e-16 -1.594516528696969e-16 -1.654017838324966e-16 2.541904792093758e-13 -4.434724791231823e-17 5.116077206419806e-19 4.854853192355246e-17 -8.258730979109003e-17 1.389318070779852e-15 3.240780739149604e-15 9.748963006299398e-15 2.136508762300366e-11 3.963323675785975e-15 5.349772031887126e-16 1.960807370849851e-15 2.449369828944237e-10 -4.028487473791374e-18 4.960815653388759e-17 -2.095558533490322e-17 -4.23270702489714e-17 1.59979436475503e-15 -7.351793710452069e-17 -2.072011319345453e-17 -3.738801764484766e-18 1.884164917003526e-14 
0.0185374181250305 0.07866495565131276 0.1971518428804196 0.2826774714220152 0.2542344436590963 0.1739686742658442 0.09791195515129807 -3.334607430704665e-16 3.1361571623437e-16 0.003983218140160239 6.021661337576854e-17 -4.836619588343718e-17 0.02684088799882911 2.630714927583293e-17 7.263883505112405e-16 0.1443331739242734 3.661269421322971e-15 6.554435813547331e-15 0.3767679841993838 5.47337783871359e-15 8.89869776935314e-15 0.4589386399812027 1.062519995137243e-17 7.082454710443413e-15 0.2985722449293824 -2.591885953455379e-16 3.704645858927562e-15 0.1609975155977204 7.787657751643013e-17 2.592235593822236e-15 0.1254101492215035 -1.964440163713028e-16 7.308618756127743e-16 0.03621005931296246 -1.061427727144945e-16 -2.595277186652614e-17 -1.96685116110709e-15 8.457210626259894e-15 0.4209584576554181 9.74209862087309e-15 2.093377554636103e-15 -2.25535736489584e-15 2.153225518694862e-14 0.4456359638866836 1.275997539250723e-14 -8.599891765745954e-16 -9.146587918242347e-16 3.220369632111548e-15 0.1175488549217916 1.338857127537857e-15 -6.867794416976745e-16 5.909986042220519e-16 -1.728950099409027e-15 5.51685433447745e-15 0.2670906291404982 5.848132308280242e-15 4.00872911254927e-15 -6.334315667477286e-16 2.442924335059999e-15 -8.296965545166749e-15 2.386198877389437e-14 0.4385896710159258 2.078328828489255e-14 2.12503625807525e-15 -2.116362640705379e-15 2.128937034784558e-16 -1.166723861826411e-15 3.350728531051123e-15 0.07498058392884265 2.436824480176477e-16 -9.510911896790374e-16 -4.609444140121111e-16 1.242766740211951e-16 -3.8467493079801e-16 -9.087782609777391e-16 4.619134935659201e-15 0.2033714619932544 1.797824042416171e-15 3.647039267808454e-15 7.480181838523664e-16 -2.287558163728008e-15 3.113155744735391e-17 2.921986467315729e-16 -1.293959611903442e-15 1.411294209409164e-15 0.04419423623418265 2.495772948399112e-15 -1.338059149202311e-15 -5.451483472231349e-16 3.790833164778274e-17 0.7872918428414944 1 0.8779360774888844 0.6198357668322977 0.3740301402181379 0.1971921599027654 -3.16718597089447e-15 -2.033972641858843e-15 -5.347109087864758e-10 -2.758197345027808e-14 -3.956550639356268e-14 -4.500824931125364e-14 4.445359096156509e-14 2.454674714902906e-14 -6.862219126272084e-14 6.511411960837254e-14 6.324238008284902e-14 -8.804068585282342e-14 9.231916446588658e-14 7.268317892000261e-14 -2.38004060904146e-13 1.531760829313391e-14 4.597711100806507e-14 -1.049715869790676e-13 1.2419544622236e-15 9.625553658333689e-15 -5.047356981614928e-14 -1.613298423076582e-14 2.295435061917822e-14 1.356206813519353e-14 2.166538204334218e-14 -1.221760323120157e-16 -5.557555284033529e-14 3.206354452779789e-14 9.606204720573638e-14 3.249370851599683e-14 1.04534436662424e-14 -3.657490976750925e-14 3.105198390086598e-14 7.049916206373288e-14 1.515765120299104e-14 8.43422554020298e-15 -2.89200145918863e-15 5.642731653335438e-15 5.608367408095795e-15 2.612417991604898e-15 -3.275160345958055e-15 8.384806249928599e-15 -1.675534528865177e-14 3.358790567725798e-16 1.460637166773254e-14 -5.014745485322937e-15 -2.854094456433867e-16 1.248806085126003e-14 1.600976295979779e-14 -1.866706116939826e-14 -1.050288328530639e-14 5.697525784501032e-14 -2.780219630905887e-15 -1.277190159188614e-15 4.995136249077907e-15 1.703065376021458e-15 -6.263334635193311e-16 9.766496338308621e-16 1.013946562950321e-15 1.878597713741937e-15 -4.552565733501734e-16 -3.338259671995243e-15 -9.117716754133054e-17 3.063885459227889e-15 -1.330706336070788e-15 -5.538705243421016e-15 1.455432996344516e-15 7.931031800665737e-16 -3.351455262401316e-17 5.992929308362572e-15 3.148252058357885e-16 3.694961836572043e-16 9.059052011338008e-16 -4.288019859485182e-16 -2.871401660080342e-15 1.29789898494362e-15 -3.362552127636879e-16 -6.39679411419131e-17 -7.311250200192328e-17 7.32704055408832e-16 
0.07589711644662293 0.1871021618102393 0.3438624984257767 0.4612226522128209 0.4326533387498379 0.3106680568126137 0.1802845103283044 -3.001816955368492e-16 9.112254030120964e-17 0.01361820560866145 -2.735704170256828e-16 -4.199869022253155e-16 0.06447842484411252 -3.028752650156709e-16 3.962216839349119e-16 0.221678978603905 -1.434356106112129e-14 1.804459359711754e-14 0.4760189174205695 -1.151075764872247e-14 2.36720366022856e-14 0.6174325869987199 1.628474523159079e-15 -1.137980598873351e-15 0.4631247030437945 1.257723365826306e-17 5.551330718129901e-17 0.2720292266530902 1.151478250225357e-15 -2.346326679366935e-15 0.216498185319371 -3.787218599946916e-16 -9.524020459478565e-16 0.04137963767494508 -8.321260557747328e-16 1.359392324439087e-16 1.440774582973151e-14 2.268150944840394e-14 0.3676496693083939 1.704626023669154e-14 -3.277760007859389e-15 7.91988004955708e-15 -6.262351760312001e-15 0.4895180752760522 -2.243344403444691e-14 4.198030877075553e-15 2.220508778634126e-16 -2.78255896028881e-15 0.1811582459158226 5.98059352593246e-16 2.628281286193417e-16 3.973167281291145e-15 -5.904890292009316e-15 1.333308463636106e-14 0.1424229585032662 3.610610074811949e-15 1.195224474948246e-14 -8.183178527161931e-15 6.587612400063157e-15 -2.762200190798842e-14 5.995898222389297e-14 0.3039167531466864 -2.551778233171738e-15 -3.055194985895153e-14 -1.971079549591083e-15 -1.435555199416515e-16 3.187592374100111e-16 2.333279769227583e-16 0.1027648880725682 4.974483076773295e-16 -9.038185313683599e-16 5.399595840705593e-17 4.518304133617011e-15 -1.578598363139283e-16 -5.567594996149103e-15 5.117651094567471e-15 0.0647477244177363 -2.036673781014514e-15 1.16998424837293e-14 4.049386694017146e-15 -1.081708507489022e-15 -4.667700646437554e-17 -3.198463851050127e-17 6.860929594137788e-16 1.266386230238277e-16 0.05258882538363223 -8.948189690202444e-16 -1.28200400130992e-15 -4.336900137017122e-16 -1.255702523995417e-11 0.5300681210801852 0.8779360774888844 1 0.8798909162925516 0.6140725758076939 0.3508595375727265 -9.352371006754609e-16 -9.209255660952235e-16 -2.766745036225551e-10 -1.140479262244547e-14 -6.465822337608448e-15 -2.339776559080068e-14 5.573217431446444e-14 3.130872975157097e-14 -3.247922764072318e-14 6.977925182118908e-14 6.073527097918307e-14 -1.721817133316227e-13 3.320477573455378e-14 9.827902380804323e-14 -3.189393193993151e-13 -3.098563072841636e-14 -2.622901895720791e-15 -2.847722058183687e-14 -3.209240688067481e-15 6.467053667630107e-15 -1.14762492602305e-12 -3.176063199332647e-14 2.053410135612776e-14 6.949302244765549e-15 1.89805177817454e-14 -3.177254466469732e-16 -6.031633525973898e-14 5.005241013324374e-14 1.780658953621232e-13 2.983521768400216e-14 1.039793251500953e-14 -1.512852343399734e-14 3.533284775870406e-14 4.848899060052073e-14 1.489327866762343e-14 -5.136169267673631e-14 -2.654127454484776e-16 -9.639427146405438e-15 2.307295882548838e-12 -1.526665470469867e-15 -7.407274723113756e-16 4.741839516529815e-15 -1.873714213435187e-14 5.293440924308985e-15 9.141992718401285e-15 1.101424046369419e-15 -1.718867019204883e-16 5.623099371116958e-15 1.45716771982101e-14 -8.036269132791205e-15 1.048813813575899e-14 6.092348847632624e-14 -8.241020713064948e-15 1.974115315662374e-15 2.229987028369049e-15 -1.548241250928363e-15 -4.645589712464561e-15 3.50240783428812e-15 -1.100564834603251e-12 -2.259044379495647e-15 -6.026430429409907e-15 2.780762717353719e-15 9.808810935796623e-17 1.722974281966307e-15 -1.3851529786454e-16 -5.71499821073236e-15 1.377370439925352e-15 -1.228926645370881e-15 -6.464386046854823e-17 2.668729978014763e-15 3.69679059499975e-16 -3.803382078254918e-16 -2.645453522549385e-17 7.526098269683395e-15 -2.893519389224157e-15 -3.223598138225658e-12 1.882500642801964e-15 4.250073377563751e-16 -3.23363325041128e-15 -4.53203511656579e-12 
0.1243499866360704 0.2744098309389287 0.4656579900946285 0.6379169504086873 0.6553518045581918 0.5177648634348455 0.3206004490701061 -1.088027014126618e-15 1.626948783177221e-15 0.01076009620542548 1.416154758127808e-16 -7.872438099943429e-16 0.04993983606561691 -6.366509697298592e-15 -1.211921188702118e-15 0.1694115275716517 -9.571987302360449e-15 5.986530717068089e-15 0.3864548703933507 -5.731526377924334e-15 3.722716588082798e-15 0.6039429494263328 -1.032162281243735e-15 -8.673632615493595e-16 0.5826650997818701 2.914448627733783e-16 1.995009477317768e-15 0.403183880507468 -1.405193797230198e-15 3.427978942378872e-15 0.3351846981063434 -1.898613125241653e-15 3.23420292752695e-15 0.01485127862390559 1.336632539548292e-15 1.434263684581434e-16 3.039929420049445e-14 1.41553435674508e-14 0.1696774215031658 -8.052586377464064e-15 -7.285838600894175e-15 -1.727784586857002e-15 -1.387778783789384e-16 0.3358582678557591 8.545247861182978e-15 -2.029626498919159e-15 -1.717424758896511e-16 -2.591735092077422e-15 0.2223470189244653 -2.692351313858204e-15 -1.547476506838387e-15 2.232871006695664e-14 -4.95322099430436e-14 4.931124954023637e-14 0.03082400011650481 1.711196289254364e-14 -1.387258364079529e-14 -1.636061078682671e-15 -6.031633527490058e-15 -1.399227956066938e-14 -7.438494266843533e-15 0.1010124610917025 -1.317175535637683e-14 -7.008282844678056e-16 -2.894386120396223e-15 3.04675990283297e-16 -1.318405553693006e-15 2.187558207969068e-15 0.09984040160981099 2.586557722507434e-15 8.760621083552565e-16 6.470840960892195e-16 1.321929762160381e-14 6.982261992522723e-16 5.287437156076996e-15 -6.947133842125739e-15 0.007102958540205248 2.344858249119326e-16 2.313253755783782e-14 -2.109206906871714e-15 -3.417079987862301e-15 3.920651693765935e-16 1.537431098950055e-16 1.797199256958775e-15 1.007904657464511e-15 0.03883989622604948 2.417626726779642e-15 -9.246388807387822e-16 5.256322967355336e-16 -4.507734443128886e-08 0.3180493390831391 0.6198357668322977 0.8798909162925516 1 0.8731530199601799 0.5804609853359751 -6.560537558053208e-16 -4.674017090194596e-16 -1.460242674706016e-10 -7.538534561527862e-15 -5.392740646773814e-15 -1.35285756087456e-14 1.713959818948903e-14 8.83405897479272e-15 -3.496595375212185e-14 4.843250367922413e-14 3.698777396387194e-14 -9.916373280512546e-14 -4.948298716440693e-15 4.024558465256521e-14 -2.121358644824195e-13 5.127842596332309e-15 -6.022959910171005e-15 -3.753886091810848e-11 2.754742818325648e-15 6.605831644952253e-15 -1.543229103298014e-08 -1.671241406309518e-14 7.989374002660405e-15 4.130376597316371e-15 8.32833922405965e-15 1.626574309671243e-16 -3.762268275623833e-14 5.282319721821826e-14 6.132594433780869e-14 1.877805467734874e-14 4.952635525131972e-15 4.343747584913479e-15 -3.50414142233436e-15 5.481726185434563e-14 2.110399529261873e-15 -1.742356259699415e-14 3.039236144705261e-15 3.600853179297954e-15 -1.377417006414437e-09 6.347354827436449e-15 -1.009609810283535e-15 7.776995737677665e-15 -9.762443507628652e-15 4.667016015246883e-15 8.406469966650877e-15 -1.682257408604493e-15 -1.944787647374143e-17 8.25007719136252e-15 2.437633429041945e-14 -1.015374308320349e-14 8.066464165275185e-15 6.664113706951015e-14 8.367655528865805e-15 9.805524450370265e-16 -1.352303686030275e-14 1.96110558499077e-15 1.920338989156441e-15 -3.642920482323397e-15 -1.170863146553419e-08 -1.162265106265086e-15 -9.020563684693667e-17 2.706169582119094e-16 -4.49808376420474e-17 1.361056162179857e-15 -2.573078571319077e-16 -2.851212851048185e-15 1.222980050863721e-15 -6.18413143349448e-16 3.003409425111472e-17 1.173813599912599e-15 -1.823187597437213e-16 5.022025596009791e-16 3.825065586002378e-15 -1.552577608164226e-15 4.632580054448654e-15 -1.58468607918558e-08 3.590878379595084e-16 5.724588632409795e-16 -7.129714085473803e-16 -1.384552418086248e-08 
0.1134385323232437 0.2546906173060479 0.4507689544731688 0.687246551044168 0.8227333742512423 0.7694238808048468 0.5431622355129413 -1.223149437482733e-15 1.415006025292804e-15 0.004148186955390975 1.641153905324578e-15 1.420637480853541e-15 0.01973524788260796 -1.086265637868802e-14 8.797219925627965e-16 0.07160888686026891 -1.810401507495401e-15 2.498002798699797e-15 0.1875770288419157 -1.09808039920594e-15 3.219648058335253e-15 0.377329105187823 -1.585540672188701e-15 -6.383796141853868e-16 0.5185145399569404 3.712453893949357e-15 3.913689712499884e-15 0.4716127341729356 5.815075901360514e-15 3.337770296604322e-15 0.4251535477873791 -1.225794243293584e-15 2.747662682802295e-16 0.002569323243722136 -4.853922985286353e-16 1.708807594250122e-17 6.131816244933711e-15 5.580607641261645e-15 0.03961943010499547 -3.106457299841254e-15 -1.352911376879138e-14 -3.927415521198058e-15 -5.981328935046775e-15 0.1214860668507564 4.673346911547481e-15 8.17748984443532e-15 -7.043179082841563e-16 -5.134898876261455e-15 0.1812229435971407 7.077833586198217e-16 4.684067521109673e-17 5.502566737853668e-14 -3.227974727652794e-14 5.292383221119654e-14 0.002944961971162594 2.839645881120429e-14 -2.422889242321773e-14 1.109464524266092e-15 -7.858300470956004e-15 3.36189543325006e-15 8.496678963940318e-15 0.01438853904336283 -1.443290505920468e-15 3.375773226580286e-15 1.934217444838054e-16 -1.632456773170712e-15 -5.828742658921177e-16 1.658450815131396e-15 0.0531118883605167 -2.251745981213962e-15 -1.136279027728376e-15 2.36107722453276e-15 2.918174675699344e-14 -4.584008608030107e-16 -7.047533763935243e-15 -6.29824134458571e-15 0.0003064774049665409 -1.268090141439402e-15 2.165195967497896e-14 1.824712981862522e-15 1.026566393194678e-14 -7.067150966584836e-16 -2.234371839054693e-15 1.634133564497923e-15 -7.008496444577469e-16 0.01278526478562362 -3.250970875529237e-15 1.982856774240263e-15 -1.622001296208182e-15 -3.035013255562598e-06 0.1759601676807893 0.3740301402181379 0.6140725758076939 0.8731530199601799 0.9999999999999999 0.850999228219559 -3.288943743340269e-16 -2.86989750737489e-16 -7.60583867731645e-11 -3.367805119051793e-15 -4.698493999653159e-15 -9.053779531105908e-15 1.195851754841322e-14 6.695100155101861e-15 -1.731167981223782e-14 4.032854214489207e-14 2.077895973855901e-14 -9.227344782530738e-14 -2.697409341554357e-14 9.655474706642612e-15 -1.476597209898117e-13 -3.382712123294654e-15 4.787838697586201e-15 -1.645143342921775e-09 -1.475904358442377e-14 5.134787142676873e-16 -8.426120262249008e-07 -1.06446740571017e-14 6.270631447658316e-15 2.036566170606594e-15 4.509928771072605e-15 3.380001616730052e-17 -2.215849913138422e-14 3.085293665018934e-14 3.74700419804946e-14 1.727966364816807e-14 -8.743009795449821e-16 6.345620998362911e-15 -2.244386125664829e-14 9.832000237748889e-13 -9.293351037037296e-15 -6.751546453151938e-15 3.205770906024576e-15 -8.092490307966128e-16 -3.478890506119183e-07 5.339482351108195e-15 -4.829475650846234e-15 2.710696244461337e-15 -4.231136024197492e-15 1.822456485193838e-15 3.675013145170528e-15 -5.138230956126489e-16 -1.189522722142922e-16 4.628860714488148e-15 1.117856252418116e-14 -5.952177426048857e-15 1.684937582206211e-14 2.285672560810233e-14 1.552339603785672e-14 -3.190157740839571e-15 -1.197480091626728e-14 3.92915162774772e-15 2.720047634663534e-15 4.371506315976749e-15 -6.076891597711826e-07 -1.228185107822041e-15 -2.324530796337185e-16 2.393920197038373e-15 -9.986607122445514e-17 2.044695996067346e-15 -1.234357464418282e-15 -1.936110564217347e-15 1.371733134076936e-15 -1.138771240620468e-15 5.988694724988866e-17 8.636325953322494e-16 -3.677818519409002e-18 6.418480859869223e-17 -1.599415814862049e-15 6.938897095605753e-17 -2.429481724204439e-15 -6.086782748142377e-07 1.804113526006858e-16 4.447833662519934e-15 7.374313046614481e-15 -3.545490159415273e-07 
0.07258540884119392 0.1677307741893787 0.313753515697905 0.5399343280170608 0.7747833650218857 0.9232573021551936 0.8290991104414421 -4.990229968833764e-16 8.461750409670414e-16 0.001021911340889571 9.429160703204868e-16 -1.923344876847271e-16 0.004953112692071829 -8.708876265110371e-15 5.649581758386339e-15 0.01890911987834885 -4.206997517408193e-15 -3.60308596202497e-15 0.05514110116293435 1.047791971871347e-15 1.561279428285113e-15 0.1374376525910506 4.302199749404005e-15 8.396228543191706e-16 0.2722864555241138 -3.969273402672965e-15 -8.271632685290515e-15 0.356522587263547 -5.690270604412926e-15 -1.068660576926335e-15 0.3650397144516693 4.997065246429039e-16 2.597265288491039e-16 0.0002554359611466202 1.184997201448282e-15 4.385930064805834e-17 8.910134940997429e-16 6.175727503518598e-16 0.004798799526157641 -2.497179702616585e-15 -1.89088285922349e-15 1.523114820721959e-15 -2.747851793362707e-15 0.02059265863526181 5.05507583703206e-15 -5.372536060532427e-15 3.282249025981726e-15 -2.026239258284968e-15 0.07301662939579126 5.065598145712417e-15 3.285844870259302e-15 2.723023108336557e-14 -9.529767712811343e-15 1.759735387519336e-14 0.0001331291814847305 2.661390518811037e-14 -1.344001371727646e-15 -9.023219277129089e-15 1.890882859234626e-16 1.812818887971112e-15 -6.106337306871399e-16 0.0008474183281463114 5.19038671084077e-15 -6.540026036037728e-15 -6.455890422607356e-15 4.031771299650393e-15 -3.074022345987087e-15 3.282264189234697e-15 0.01066912552401341 5.273828295599079e-16 -7.633154731242432e-16 -1.188366325413298e-15 1.984226226515419e-14 1.404284105083694e-15 -5.915514266010553e-16 -5.365976435048753e-15 5.546360757435177e-06 -4.463105958857105e-15 1.491845859505172e-14 5.572358059047031e-15 7.349831315589541e-15 -1.525785690466602e-15 -1.616825674468807e-15 -1.665388567961685e-16 -2.269127686208479e-15 0.001198614087736321 -1.484994877212881e-15 3.643108521363169e-16 1.804183156059613e-15 -3.129845835370223e-05 0.0889072735965715 0.1971921599027654 0.3508595375727265 0.5804609853359751 0.850999228219559 0.9999999999999998 -1.693562286160299e-16 -9.031609374977816e-17 -3.737981750696034e-11 -1.040566295179701e-15 -2.284519304121961e-15 -4.312155175557447e-15 5.734753735441656e-15 2.934087215333048e-15 -5.287099297429297e-15 2.293286367701865e-14 1.383358623900916e-14 -5.847164922292554e-14 -1.885591856727523e-14 2.735708503666015e-15 -6.313120092923156e-14 -4.298722683699544e-15 -8.79867693774162e-15 -6.239900168073785e-09 1.082487829498083e-15 -1.082487829498095e-15 -2.69981210880444e-06 -5.014620800549344e-15 2.84036132102883e-15 3.252665468847696e-16 2.408965763357179e-15 -3.041919852011782e-17 -9.717229666000848e-15 1.660615828465444e-14 2.869284632252732e-14 9.114730987180613e-15 -2.380951123196712e-15 -1.450255110376725e-15 -2.63084256894955e-14 2.639845946967615e-12 -1.126723318408802e-15 -1.15534677453463e-15 4.545058800085851e-15 -1.099834899165283e-15 -5.627123833906499e-07 3.139907204241579e-15 3.348079466532741e-15 1.725396727109385e-15 -2.301323924307945e-15 8.905493116316724e-16 2.355363488174983e-15 -6.623735584195843e-16 -4.622427273450382e-17 2.008559891235116e-15 7.429955308306377e-15 -2.854132632277107e-15 9.851673172045435e-15 4.697716314474372e-15 8.503660179572823e-15 -1.743211846937836e-15 -8.080054713347124e-15 7.992018733291231e-15 -1.266371155662902e-15 2.692340504226279e-15 -2.041072859176709e-06 -7.355363233195515e-16 2.6350931880495e-15 -3.264809910148527e-15 -3.175922892941715e-17 8.408254588492927e-16 -6.729315919447087e-16 -1.230047116991596e-15 2.530573734762185e-16 -7.176654567269181e-16 -6.65779963154471e-19 3.902798861701648e-16 -1.008546527901056e-16 2.569172610679121e-15 1.912567455951848e-15 -6.401246041727561e-15 -2.151096566046938e-15 -2.025801458880235e-06 -3.958711583644427e-15 2.990718082591893e-15 1.811084284819705e-15 -1.119940471255502e-06 
-1.801297788652054e-19 -3.223991650054368e-17 -1.354445801088562e-16 -3.504970716085746e-16 -2.272228014276779e-16 -2.127251132478025e-16 -1.1087522915919e-16 7.714089002915504e-23 -3.716406963191061e-29 -3.705641789064758e-28 7.887497107027699e-09 4.76564048325832e-23 -1.73934265552934e-21 0.0001313646846607023 7.572509419232268e-19 -5.354628136982183e-17 0.001385880984745427 6.672956286881609e-18 -3.184316444104053e-16 0.001807634988355646 1.559733654753611e-17 -6.876041849293989e-16 0.001043271280285667 6.938938043924793e-18 -4.240338714802932e-16 0.0005244658972709302 3.72964808779445e-18 -1.678938786528367e-16 0.0004016530184000873 3.873686357219439e-18 -8.760720645494337e-17 -1.042236215356857e-22 2.797020723820114e-21 -1.682741269000941e-20 3.096419552853009e-07 -4.221387061285941e-23 -2.993851738510308e-18 3.276338527247591e-17 -8.106616973975124e-16 0.00375351823437308 -1.013267829167564e-19 -2.601250166122962e-18 3.613459199611214e-17 -4.366102299523843e-16 0.003638307952593073 -1.588194114274551e-19 -3.83877355994402e-19 5.264452264776324e-18 -9.160628277322211e-17 0.0007131320095480531 -4.839020596825882e-20 -3.048670904502442e-20 -2.993639979297853e-18 4.219937575684174e-17 -4.72199325610584e-16 0.004052900340290364 5.505739510627357e-20 1.069273376641481e-13 -3.60255359327371e-20 -6.379034500698674e-18 7.275707707793493e-17 -1.088110310969616e-15 0.007729683701109642 -4.506236030242772e-19 2.01689805965949e-13 -2.011812747174308e-21 -8.859052206397731e-19 1.779682914719915e-18 -1.060261992720143e-16 0.0007068474451792068 -1.162593576324776e-19 1.799020866054963e-14 -1.842139707056386e-21 3.470204085785038e-20 -9.647326177891658e-18 6.766807969615921e-17 -4.41543368015429e-16 0.00688700337128354 -6.081724567124544e-19 3.771018170166972e-13 -7.014523895751394e-22 -1.688566275696716e-22 -7.226435482980644e-21 -5.560876535975177e-19 4.792678648098021e-18 -7.083528591204592e-17 0.0006036854556330779 1.031831652885876e-19 3.156655768142235e-14 -5.061590133031662e-23 -5.760172779712555e-15 -3.16718597089447e-15 -9.352371006754609e-16 -6.560537558053208e-16 -3.288943743340269e-16 -1.693562286160299e-16 1 2.66607769621898e-15 1.864829773491775e-16 0.5085796582541348 2.448573461819477e-15 1.786773408199931e-16 0.1682699083484712 1.318612754279512e-15 1.097217651151842e-16 0.0683482838783588 3.456452442561534e-16 -3.339358068723362e-17 0.0279677407069176 3.214674244729278e-16 6.505242991019453e-19 0.007260018284127847 4.317855035359694e-17 3.523673286825789e-19 0.001914525941888936 1.837393622720573e-17 1.199405496722392e-18 -4.817132434849402e-16 1.507047959585993e-17 2.569570981452601e-17 -3.733773358208368e-11 2.075172514135031e-16 -2.427404316919864e-16 -6.396822274502027e-18 -1.547705728279933e-17 -4.94181013307386e-12 -1.681876364969907e-17 -1.300709783464582e-17 -2.574992017278154e-19 -9.805298550005017e-18 -1.08997074269693e-12 -8.876946164827794e-19 -3.522403443196016e-18 -8.851537328670611e-20 -9.48682353849977e-20 -8.065034191090848e-14 6.473483898999493e-19 -1.09315187428249e-16 3.339358068723082e-17 2.656307554666022e-17 -8.944709112651727e-19 -2.594620204555392e-10 8.07734338051588e-18 4.17856036397878e-10 -2.693577175968861e-18 4.851827064135142e-18 1.883809949482566e-18 8.817653585483e-19 -2.371606865041792e-11 1.368811546027013e-18 3.811136710942381e-11 -7.432750973139758e-20 3.584024850293961e-20 -2.06465298632305e-21 -6.12116889335598e-21 -1.132250001374913e-13 1.537901550809268e-20 1.817505468171067e-13 4.006145475302235e-17 -2.114203972081566e-18 -2.325624369289299e-17 2.846043808572283e-18 1.192627881686238e-18 2.95464537626553e-11 3.035780062474316e-18 -3.170374217589791e-17 -2.342565106246282e-17 1.404559464541667e-21 -6.088077853652164e-22 -2.249941767194344e-21 2.249942117820732e-22 7.047614336563922e-22 1.911701450307797e-15 3.441087891593854e-22 -1.544663638853761e-21 4.714952665820574e-23 
-1.579713113671756e-19 -1.765733012900889e-17 -1.444163944006381e-16 -3.219011076037004e-16 -1.243857134381031e-16 -8.107298849696481e-17 -7.741343466046886e-17 -3.716406962781868e-29 7.714081304574911e-23 -7.695375007004653e-28 4.836686254631061e-23 7.887497107027812e-09 -5.997345552231127e-22 7.709094110938042e-19 0.0001313646846607037 -1.800969745768724e-17 7.030405836649404e-18 0.001385880984745286 -1.357427370792745e-16 1.544825806201619e-17 0.001807634988355645 -8.588004965035938e-16 7.143921321101295e-18 0.001043271280285673 -4.321654338328958e-16 3.869414595740431e-18 0.0005244658972709288 -1.470765556296893e-16 3.907145926672785e-18 0.000401653018400088 -1.112438042361043e-16 -1.129171359360757e-22 3.096419552852968e-07 -1.695355831431398e-20 2.838250697337722e-21 -3.45091000914953e-23 -3.316361018305993e-18 0.003753518234373063 -7.195882955232463e-16 3.292601634725161e-17 -1.567018168409614e-19 -1.801223861367797e-18 0.003638307952593145 -5.796171565248215e-16 3.600584239500031e-17 4.817522146632825e-20 -4.540775179098055e-19 0.000713132009548061 -4.114760682046213e-17 5.244122923769966e-18 -3.983985775833142e-20 -1.069273375185622e-13 -3.644164278399729e-18 0.004052900340290547 -1.389682533956417e-16 4.18165151016393e-17 -4.612115636210167e-19 -7.318266015388154e-20 -2.016898040667242e-13 -7.715658646509689e-18 0.007729683701109552 -6.20058077763577e-16 7.372608723181035e-17 -8.923533191467634e-19 -1.749925187739441e-19 -1.799020817083222e-14 -8.720348269617786e-19 0.0007068474451792022 -2.665902262150749e-17 1.728859033290507e-18 -7.602387867041829e-20 -2.118359409113472e-20 3.379048362517004e-21 -3.771018223900851e-13 -1.097632699207249e-17 0.006887003371283752 -8.627578516839266e-16 6.482881218236916e-17 3.480897925988638e-18 -3.459086727157856e-19 -9.462989783891071e-22 -4.611760924438079e-23 -3.156655736294977e-14 -8.660016981671965e-19 0.0006036854556330814 -3.71151689410004e-17 4.743549033112215e-18 1.318245672491452e-20 -1.623962699197306e-20 -4.637636720459059e-23 -3.010624863481759e-15 -2.033972641858843e-15 -9.209255660952235e-16 -4.674017090194596e-16 -2.86989750737489e-16 -9.031609374977816e-17 2.66607769621898e-15 1 4.883251918492438e-16 2.367474765864781e-15 0.508579658254138 5.030721246388176e-16 1.306252792596581e-15 0.1682699083484736 3.096495663724974e-16 3.633178210484123e-16 0.06834828387836084 8.066501308864259e-17 3.229582093249869e-16 0.02796774070692196 4.857248099961212e-17 4.309723481620876e-17 0.007260018284127704 8.673657321417362e-18 1.836377177788205e-17 0.001914525941888947 2.44624510913438e-18 -7.384535001971508e-16 -3.733773900311886e-11 -1.610047640277269e-16 1.160101666731693e-17 5.31261510933213e-18 -2.645194431223388e-16 -4.941812789381201e-12 -2.599386678494679e-17 -6.559453349277841e-18 9.134445366556987e-18 -3.191973657207575e-17 -1.089970945985692e-12 6.437480043196133e-19 -3.320384443332633e-19 -1.595817421234316e-18 -2.963782529215562e-18 -8.065036562794667e-14 -2.13030010708277e-19 -1.007974107284026e-19 -2.466996644532039e-19 -4.17856032176255e-10 -2.927359345958558e-17 -2.594620176365968e-10 -1.399304872547416e-17 2.520781659019854e-17 4.336828660679686e-19 -2.178714298408764e-16 -3.811136631574857e-11 -5.69208761714181e-19 -2.371606955844124e-11 -1.050325691258306e-19 1.775389232965613e-18 -1.090983459952228e-18 -1.632409413058952e-17 -1.817505439782075e-13 3.54696698625844e-21 -1.132250008786491e-13 -1.756610035396056e-20 -1.641134425026024e-21 -2.109651524948351e-20 -1.502167442043048e-19 1.040838878562967e-17 3.180708067132822e-17 -2.694254805447055e-17 2.954645463002094e-11 2.005783255563226e-18 2.818938629443056e-18 -2.168414330338806e-18 7.752081230965798e-18 -1.849928475571992e-18 2.61390336157343e-21 1.733933790197358e-21 -5.717499078988003e-21 1.911700867969854e-15 4.367535645194561e-22 4.930020228754251e-22 -6.452039796738504e-22 8.073320632017015e-22 -1.853720863877886e-21 
-1.116400502227372e-05 -0.0006791435565569171 -0.002239487252855053 -0.001593004361237624 -0.000625281681402594 -0.0001765167404848032 -3.8301770088733e-05 2.76582683432787e-29 5.878014558879811e-29 -7.664550680323535e-21 2.55647590568287e-22 3.879396802721957e-22 -2.572041395836507e-07 1.421739807811488e-18 1.549853091059363e-18 -0.001395257258866723 5.427768059850349e-18 7.071006205309841e-18 -0.005062794492616447 9.4189733069152e-19 4.03186267454282e-18 -0.001655327050153234 -1.185844043335892e-19 2.327642450776457e-18 0.0002265864752660561 3.489899020105689e-19 6.454619061457609e-19 0.0003226406690030811 3.21886915949376e-19 8.962009396695829e-19 0.0002809539250622368 -1.693371706071441e-23 1.435791799299374e-20 -5.013955760164647e-06 9.933473685193536e-21 -2.164475259466121e-24 -7.686796994871822e-20 2.262586460903513e-17 -0.007360732424328144 1.662889240807797e-17 -3.005963786949319e-21 -7.369160774006456e-20 9.459630744207297e-18 1.855310939866696e-05 2.696943435669366e-18 -6.51816043178389e-22 -2.212928316788796e-20 2.778320717405256e-19 0.0006122609374794514 -4.167481076107882e-19 4.045168666807615e-22 4.552786098889962e-21 -4.819600540034518e-19 3.792661402119225e-17 -0.009821147340476545 2.345256586159371e-17 -2.160919041558884e-20 -9.876501820629916e-21 1.113050322438862e-20 -8.402537321115464e-19 1.301038036822425e-17 -0.00192360714085534 -2.927335582850501e-18 -8.900432126475932e-21 -1.265251020513205e-20 8.222556075641774e-22 -2.530532197723384e-20 1.860138960338653e-18 0.0006807194267113405 9.182106707682584e-19 8.234805543002681e-22 -1.174650867948819e-22 9.564242236267399e-23 2.989751103893307e-20 -2.270040324656023e-19 4.68238168458897e-17 -0.01266056034331888 3.816378241332024e-17 -4.56469745787019e-20 -3.6713455343958e-20 -8.147621890220534e-16 6.477157883796785e-24 1.273880529466704e-21 5.717534183770397e-21 1.507758703193515e-18 0.0006167865130689621 4.167512820062956e-19 1.375643045692432e-21 8.60282954964528e-23 -5.257134093248874e-18 -1.910238797954822e-06 -5.347109087864758e-10 -2.766745036225551e-10 -1.460242674706016e-10 -7.60583867731645e-11 -3.737981750696034e-11 1.864829773491775e-16 4.883251918492438e-16 0.9999999999999998 3.417393243374728e-16 5.464359754634729e-16 0.5085755463226931 1.010472875261819e-16 2.77988460533402e-16 0.1682685452985659 -4.315109488779139e-17 8.521799141157063e-17 0.06834773004510683 3.252595092044797e-19 4.618685030704343e-17 0.027967514051602 3.252595092097992e-19 8.538062116757091e-18 0.007259959443231829 1.17906655026914e-18 2.507210480457392e-18 0.001914511185378122 -1.626297546022234e-17 -6.522537357913073e-16 6.620234815101709e-10 -9.111603051180622e-16 1.533124249114742e-19 -5.339676942773744e-18 -9.502998660590267e-17 8.834446149108683e-11 -1.096666645201085e-16 6.09543943518975e-19 1.626297546022163e-19 -2.18872544735483e-17 1.953137271631872e-11 -3.064215626297004e-17 6.998585142712942e-20 -1.054552528060427e-19 -3.140787940962065e-18 1.447164934363912e-12 -4.782332447322496e-18 1.063751318176261e-21 1.856689698375457e-18 2.4589618895857e-16 -5.247520081831788e-17 -2.483704399966625e-10 -3.512802699408121e-17 3.998828497276992e-18 9.256343532776762e-18 5.082179831319765e-19 1.637139529662486e-17 -7.779123261806546e-18 -2.271598247232365e-11 -3.686274437650534e-18 3.246242367255666e-19 1.482302450801671e-18 -3.57340896013245e-22 1.4759498034692e-19 1.079963564529136e-20 -1.084836087063489e-13 4.446908795119979e-21 2.430662124911647e-21 4.30132560015948e-21 2.308156673390839e-20 -1.818742755635265e-17 -4.878892638066886e-18 -7.665282433589023e-17 -2.664194509563823e-10 -8.131487730115714e-17 1.450141781555916e-18 1.666954984673161e-17 -2.249256326722109e-17 2.752951426282102e-23 -1.776777863355839e-21 -1.085257219131577e-21 -8.999695414804812e-22 -1.757580990356422e-14 -7.490922948205148e-21 8.053998320966589e-23 4.992845057363042e-21 -1.274862186877056e-21 
1.920480362881845e-18 -4.749144221720012e-17 -1.349349334379965e-15 -2.829824805329738e-15 -2.629090938026811e-15 -1.94120270199656e-15 -4.764345251255435e-16 6.089586563500547e-14 -2.172770806805231e-26 -1.848591307245677e-25 6.681892981611253e-07 1.378450896675966e-20 4.48197104733838e-19 0.001118963422929817 1.921167530783557e-17 1.514089448978325e-17 0.00935340999362399 1.630426512310981e-16 -1.942136734365849e-15 0.01204230529001403 8.692244303618904e-17 -5.030519121457748e-15 0.007009314696796862 1.491450129282898e-16 -2.290765506146989e-15 0.003541172969349866 4.571778311134278e-17 -9.688983882428259e-16 0.002715155171813199 4.776239061652109e-17 -1.523896848096354e-15 1.136506956618339e-19 4.513134543497501e-19 3.998871844654113e-18 1.315964723766084e-05 -1.65783601860299e-21 -6.603626537037008e-17 6.56600235467873e-16 -3.218774634670011e-15 0.02475443233653562 -1.557868051762207e-17 -5.565958262458451e-17 2.684497593033507e-16 -3.640187228400902e-15 0.02392112267149836 1.855371279587336e-19 -1.408976437841121e-17 5.75777865339355e-17 -1.27400125166765e-15 0.004790804534445893 -3.796106486796207e-19 4.300943872819125e-18 -1.488268749116034e-16 8.978543413981982e-16 2.719417042345595e-15 0.02728145686975249 -1.60481501093924e-18 2.3111537926564e-19 7.4392237897929e-18 -3.231797171771497e-16 1.974769048987526e-16 4.914479634147779e-15 0.04928074184988792 1.724198414476936e-17 5.024361931161098e-19 1.167464497303946e-18 -5.441025166400463e-17 7.781113722586289e-17 1.019499570133176e-15 0.004717346341828132 -3.852728965763045e-18 8.512347564197551e-20 2.359440639259854e-19 1.132110078020855e-17 -2.898714084254535e-16 7.171420743913545e-16 4.120819885025136e-15 0.04466712801308326 4.780153455132039e-17 6.044713588793659e-19 1.268450019122669e-20 -1.115807338098738e-20 6.375956334440898e-19 -4.321274475765067e-17 7.794010245675814e-17 6.716796928123274e-16 0.003996153061642614 -6.896816652996328e-19 2.765770382248794e-19 -8.542421228749256e-22 -6.436647583649729e-14 -2.758197345027808e-14 -1.140479262244547e-14 -7.538534561527862e-15 -3.367805119051793e-15 -1.040566295179701e-15 0.5085796582541348 2.367474765864781e-15 3.417393243374728e-16 1 2.445266711679409e-14 2.310651553032171e-15 0.6776116989291837 1.362434762551626e-14 -2.447374432106595e-15 0.3583373157438143 4.134614550890874e-15 -1.32329062083447e-15 0.167127439026295 2.659487455285357e-15 -8.004499563531475e-16 0.04719104020327355 3.1080172614553e-16 -2.200240914795107e-16 0.01280671282600106 4.157859338390263e-16 -5.47698022585117e-17 -4.546665057007063e-14 -1.144342574521706e-15 1.321824274663044e-14 -4.163571944559845e-14 8.837818490997646e-16 -6.742010730296093e-15 -3.687252761579684e-16 2.331711334950309e-15 -1.03742498973201e-14 3.200928227870155e-16 -1.361573249649814e-15 -2.093038753104807e-17 3.980202930299918e-16 -3.251770495938632e-15 -8.74714645840531e-17 -1.501425691420751e-16 3.743190221660193e-19 2.624433000897064e-17 -2.287610525093493e-16 -8.611713664675063e-19 9.614365698629328e-16 6.176509694784572e-15 9.390091610992218e-17 7.683501460776701e-17 6.745262172167029e-16 2.57988615897519e-16 4.946929175225795e-16 1.098794936777342e-15 3.959403341542754e-16 9.500116695215839e-17 1.470982334264385e-16 -2.992546226826738e-16 -1.677367573018194e-16 1.661308541152579e-16 5.714657120636362e-18 2.45289443678719e-18 1.444723988351033e-18 1.24689063870342e-18 -4.008545018709332e-18 -3.479600594532635e-19 9.890075855132375e-19 1.392953522784536e-15 -3.640100558259022e-16 5.852374016384516e-18 -1.533896538566558e-16 8.83500768798252e-16 -1.542096748827699e-15 -9.900534576949863e-17 6.568576704434336e-17 7.240102448210298e-16 -8.717460988735768e-19 -1.019170379599001e-19 -8.9385673671474e-19 1.951662846849446e-19 1.029211100861872e-19 -1.256428067585685e-18 -1.202984633660751e-19 2.602315251041928e-19 1.53373203960241e-19 
2.594290928344412e-18 -3.226082048742656e-16 -1.483211384712325e-15 -3.342237767197527e-15 -4.282331092651076e-15 -9.009868370500032e-16 -1.033781021043829e-15 -2.17440886921124e-26 6.089586563498383e-14 -2.30834483972617e-25 1.375766474688408e-20 6.681892981611314e-07 5.579011091228188e-19 1.926604823728651e-17 0.001118963422929768 -1.133611971702783e-16 1.634763329625576e-16 0.00935340999362271 -3.966498440767802e-15 8.5187770732432e-17 0.01204230529001365 -6.980242467607594e-15 1.482776421561261e-16 0.007009314696796727 -1.885707241831693e-15 4.609726484407757e-17 0.003541172969349788 -8.401904133033131e-16 4.762685848845279e-17 0.002715155171813046 -2.130631842938079e-15 1.31490566663885e-19 1.315964723766037e-05 1.525217582240809e-18 4.5153686469859e-19 4.564889429829278e-21 -1.438513139053682e-17 0.02475443233653512 -4.040740143662691e-15 6.557329397913463e-16 5.796744660504874e-18 -7.939609402200503e-17 0.02392112267149789 -4.618165519031122e-15 2.65197156343119e-16 -6.327196858980046e-18 -1.953685771114111e-17 0.004790804534445826 -2.290774938456816e-15 5.687304313713717e-17 -5.022784768793845e-20 -1.699837815067087e-18 -5.36878887480485e-17 0.02728145686975329 1.449712506487329e-15 8.998060133471956e-16 3.841838775564929e-18 -5.845738174177847e-18 -2.85160332487504e-18 -2.938321470405059e-16 0.0492807418498859 5.770063829223649e-15 2.074517682114421e-16 4.459045687863241e-17 -5.130603407839781e-18 -4.843937538372405e-19 -1.879053451363449e-17 0.004717346341827962 4.568441649419485e-16 7.781113701056622e-17 -6.978686811684063e-18 -1.300226955862276e-18 8.783467592408923e-20 -5.902160562715679e-18 -1.657040400836773e-16 0.04466712801308464 4.115149717193973e-15 7.232131708309816e-16 -4.572120735745961e-17 -2.133214847227032e-17 4.562522985876397e-20 8.686017535993115e-21 -4.97893389674593e-19 -3.760120609504768e-17 0.003996153061642588 4.296761687014733e-16 7.68016558861627e-17 1.608741548636747e-18 -5.460851311525455e-19 9.65002233956347e-21 -7.108012544303753e-14 -3.956550639356268e-14 -6.465822337608448e-15 -5.392740646773814e-15 -4.698493999653159e-15 -2.284519304121961e-15 2.448573461819477e-15 0.508579658254138 5.464359754634729e-16 2.445266711679409e-14 1 7.1193062634815e-15 1.34369974536895e-14 0.6776116989291919 4.353562529543479e-15 4.103389654017706e-15 0.3583373157438184 5.906226587672444e-15 2.60224174541705e-15 0.1671274390263203 1.834750056540742e-15 3.23378450553568e-16 0.04719104020327212 5.592309149015673e-16 4.155690855614377e-16 0.01280671282600096 1.102321514856447e-16 -3.263478949867774e-14 -4.541152932072824e-14 1.117887174498455e-14 -1.095770219989914e-15 -1.446983622129309e-15 -4.866598170229522e-15 -1.108314786450298e-14 2.590791395849405e-15 -3.77398851887255e-16 3.193560120297868e-16 -1.251328955074923e-15 -3.43238671941325e-15 6.639111282221232e-16 -1.832835833792099e-17 -2.563937229442225e-16 -6.790588039341533e-17 -2.317264494434805e-16 1.08255530294312e-19 7.6151025658705e-20 -1.02522821719292e-17 -1.939645183547796e-15 1.239947195762995e-15 1.783122938583453e-15 -4.182674678129532e-15 5.313477040076701e-17 -7.041969788044226e-16 -2.994406553864738e-15 -3.513919512525523e-16 -3.430466605903211e-16 4.515956158287731e-18 -3.012074926026947e-16 8.502643225730959e-17 -1.036842658327749e-16 -1.062193430797816e-15 -3.434932806386682e-18 -9.275110007818632e-18 -1.530443448424579e-18 -1.211092435595524e-18 1.415929750535422e-18 -9.904511730402814e-19 -3.70600902258017e-18 -1.547467960355041e-15 -7.611065018840558e-16 -1.842834913589826e-15 -1.135461641838976e-15 1.318246106443185e-15 -1.589193947723212e-16 2.310156660648459e-16 -3.683190574164556e-16 5.958911854835055e-16 -2.681059874817235e-19 -6.028301737239859e-20 -3.670549161809249e-19 -1.453892666496278e-18 5.695180183509687e-19 1.892257090203009e-19 -6.555026697341404e-20 6.961404686039657e-20 3.695075891011795e-20 
-0.0001454420537435284 -0.005058978177106939 -0.01502340169922963 -0.010623506458117 -0.004202208784948887 -0.001192836768193773 -0.0002595839987707573 1.379237563069611e-26 -2.467811821792426e-26 -3.636619032672219e-12 4.032433549966805e-20 4.493210956868588e-20 -1.775735696759071e-05 1.782023949159142e-17 2.942725629973765e-17 -0.01096948574553722 8.400924561222009e-17 1.192983063935689e-16 -0.03288854273779927 2.288221609542806e-17 5.070171796318068e-17 -0.01074327221214881 -1.537418436892547e-17 5.89120819260054e-17 0.00155020316168354 -1.00349758415853e-18 2.786289966460762e-17 0.00218188336020801 -1.706219947669009e-17 9.866262397508358e-18 0.001900845140631514 -1.02544033835393e-19 8.505764117577992e-19 -0.0001757343733809441 1.312495212042283e-18 -1.601349423019818e-22 -2.090058514257597e-17 2.206371664341887e-16 -0.04592407517578098 1.789667263872773e-16 -8.386146715073271e-19 -1.365895478629739e-17 3.404622394571817e-17 0.0004742435200654456 -1.415802615279247e-16 -1.283664638802245e-18 -2.696582976821065e-18 -7.073555151422369e-17 0.004117915753381922 -1.552833220896929e-17 -2.656443053042031e-19 6.758246481151652e-19 -4.624989711285322e-17 4.801347774646061e-16 -0.06063357442593544 2.582633325966522e-16 -7.506399495167866e-19 -6.195473290846603e-19 -2.31833765560437e-19 -3.945154824855277e-17 3.546173773670381e-16 -0.01059511427076261 -1.699066619963641e-16 -5.020270518845368e-18 -1.18982521056438e-18 3.149802118617918e-20 2.180024667562364e-19 6.749343742945113e-17 0.004548146522613423 1.901003727858883e-18 -4.550130353647236e-19 3.190539577205564e-21 5.062271885168017e-22 1.866068692220747e-18 -1.373705548715459e-16 5.731938605968945e-16 -0.07378170802322452 3.204470283121586e-16 -1.886795997283712e-18 -2.329889631866383e-18 4.414036322780241e-20 -5.330775252353911e-22 1.103325966098643e-19 -1.168944983955252e-18 -4.539209597978046e-17 0.004087756714509796 1.208790543008235e-17 -6.439923915643692e-19 9.784217190033646e-21 5.731971318606955e-21 -1.429530298261052e-07 -4.500824931125364e-14 -2.339776559080068e-14 -1.35285756087456e-14 -9.053779531105908e-15 -4.312155175557447e-15 1.786773408199931e-16 5.030721246388176e-16 0.5085755463226931 2.310651553032171e-15 7.1193062634815e-15 1 -2.745745801206021e-15 3.902537355300506e-15 0.6776116989291375 -1.399614996178588e-15 5.805612913640281e-15 0.3583373157438009 -8.958594109587672e-16 1.737604045294245e-15 0.1671274390262771 -2.382382664505422e-16 5.501257379196759e-16 0.04719104020280886 -4.859023236993958e-17 1.101248201575358e-16 0.01280671791431817 -8.876029071363455e-16 -1.05770917023645e-14 -2.473651302239973e-14 -1.198621796231738e-14 -2.799395051271022e-16 -3.531123989969942e-16 -5.290117633820082e-15 -7.784364922409744e-15 -1.256656534321124e-15 -1.090349378734239e-16 -4.36991109746703e-17 -1.225477715986016e-15 -3.134682590541076e-15 -2.799176844123536e-17 -2.032378404912105e-17 -8.995883767041201e-19 -4.813106888676335e-17 -2.749338681542547e-16 -7.625114267453609e-17 -2.148824526816195e-18 2.901545492933862e-16 1.548058147725359e-14 -5.528065768254782e-15 5.841657588432002e-15 -6.845184215348722e-16 -4.46935145085247e-16 1.862326893292956e-16 1.070024885675355e-16 1.803695091799625e-15 -1.329030215818743e-15 1.024161089052747e-15 -5.644105162086839e-16 -9.03528986896601e-17 -1.166539744207773e-17 5.628454587416732e-19 8.783179211992719e-18 -1.684260438465095e-17 8.654353280300398e-18 -6.398394886191454e-18 -5.459321312749616e-19 3.72678740513527e-20 -1.960719748121758e-17 -1.108465103979649e-15 -2.35750736041721e-16 -5.199832873363926e-15 3.235259282696411e-16 -5.413164346989748e-15 -1.547850691898361e-17 5.347905164551487e-16 6.714518929431187e-17 -2.558869185773306e-20 3.740084847958119e-19 3.259643929573642e-19 5.335871233891821e-19 5.991172519708142e-19 2.480511409835365e-19 5.702398563790603e-20 3.073223392501375e-19 7.315695813750415e-20 
-1.671981708272745e-18 9.217560762790457e-17 3.226105397637173e-15 5.067017586731047e-15 6.090163657564599e-15 4.745630278063944e-15 2.812516141223089e-15 2.95486463737367e-07 1.053265402359324e-20 5.965145608925357e-20 9.733695725268493e-05 2.155693981408469e-19 7.100749023668093e-19 0.007218264278491546 2.680354367014554e-17 1.302615110414638e-16 0.03815860583822659 -8.3904585007849e-16 9.993377297422649e-15 0.04782970699085864 -8.982521844051947e-16 1.082678784956322e-14 0.02848689456052578 -1.422554522794148e-15 1.050159802580353e-14 0.01458640691616599 -5.512333924316492e-16 5.259407727240077e-15 0.01122002899488302 -6.320987573216825e-16 2.91350495762906e-15 -1.275019645791063e-17 2.593575367231763e-18 2.37383872975968e-17 0.0007383053146192378 -3.908119982769055e-19 5.69441192198001e-16 -1.268651220047068e-15 7.069680237888818e-15 0.09470794510296296 3.716561402778178e-16 6.107980009052069e-16 -5.154196340981359e-15 2.209067751578525e-14 0.09171543518103607 3.900764659618998e-16 1.83387707905081e-16 -5.390960646383026e-16 2.504722393109376e-15 0.01946454261047357 6.215110959762856e-17 -1.689789701614288e-17 5.046584183259837e-16 -8.895142965372936e-16 1.270955864347629e-15 0.1055029330192431 3.749243639651729e-16 1.919196663977374e-17 -1.454044285836633e-16 2.158684641902047e-15 -3.848600922016108e-15 5.029106081933918e-15 0.173896169996417 1.204058605073312e-15 1.657643477787141e-18 -2.01254467370052e-17 2.612355915324203e-16 -4.973229426804408e-16 9.063956068986905e-16 0.01882552458753902 1.692561158103171e-16 -1.188340552056654e-18 8.800672321974059e-18 -2.675046514460013e-17 2.217112974603502e-16 -1.093319423371821e-15 -2.767866978858849e-15 0.1551001185631563 9.08653323617928e-16 -3.493862676659148e-17 3.327494487034143e-18 1.948157669901581e-18 -3.742008413449597e-17 3.075869493024903e-16 -7.087029738610685e-16 -8.843493386461051e-16 0.01559890768112207 1.49794054227728e-16 -5.131327913580635e-18 -1.162743751416571e-20 1.702053994396001e-14 4.445359096156509e-14 5.573217431446444e-14 1.713959818948903e-14 1.195851754841322e-14 5.734753735441656e-15 0.1682699083484712 1.306252792596581e-15 1.010472875261819e-16 0.6776116989291837 1.34369974536895e-14 -2.745745801206021e-15 1 1.116785432236675e-14 1.486031961475694e-15 0.8255702145683039 -1.391578147066852e-14 9.540261733909576e-15 0.5075914506948782 -1.330764315476134e-14 6.156224872734853e-15 0.1757951487623352 -7.244737172491235e-15 2.372087922594344e-15 0.0514391829258191 -2.068411866486795e-15 1.249195745383016e-15 -4.277254258702024e-14 -8.124452482232234e-15 -2.064783929916077e-14 -1.281186528396087e-13 1.568304729073427e-14 3.856551173245858e-15 -9.52209451831653e-15 -9.974546484454935e-15 -2.7627206078417e-14 9.418789533037535e-15 6.909528965693528e-15 -2.109087474708262e-15 -2.781492721425306e-15 -8.530069012249752e-15 6.911792237728967e-15 1.248252377775016e-15 -3.295800219363195e-16 -4.381378218715081e-16 -6.976842768605701e-16 6.96033322263531e-16 6.360308541059719e-15 1.110426360509334e-15 6.989380323348576e-15 -4.617930881633263e-15 -1.235556795764875e-14 -7.400325458228263e-16 3.018417260013819e-16 -9.502838071293827e-15 6.908228981878469e-15 -3.26753377908701e-15 -6.556728096459676e-15 -1.379972525140003e-15 3.515019442099665e-15 2.579418612297709e-16 -2.851990590160863e-16 1.599419575710498e-16 4.269259197480108e-18 -1.568910963988854e-16 -1.469636521600297e-16 7.671552300518014e-17 -1.744930841307249e-17 -7.275649229500316e-15 -2.623845282759182e-15 -2.280365583456307e-15 3.036307332879365e-15 3.865772109565013e-15 -8.689663572044211e-15 -9.096650647683878e-16 8.404614191501113e-16 1.253360852599117e-15 1.725364150758407e-17 -3.414940667964374e-17 -4.151520491525515e-19 3.407074306640117e-17 -8.064180680233729e-18 8.239938308641976e-17 7.785716670962611e-18 -2.129388068277422e-18 -8.10716661078859e-19 
-2.018807996602855e-17 2.099775618002871e-16 2.781280116155754e-15 4.495247900490807e-15 4.079688278924743e-15 3.143423953971234e-15 2.013219459736707e-15 1.054562722835139e-20 2.954864637373808e-07 1.212675978124309e-19 2.395267984485774e-19 9.733695725269194e-05 2.373234381284654e-17 2.214965018163073e-17 0.007218264278492092 -2.986873223662318e-16 -8.288308444929327e-16 0.0381586058382244 7.944511747681497e-15 -8.947755376659818e-16 0.04782970699085603 3.751908727190549e-15 -1.422988627942031e-15 0.02848689456052506 7.760496978446811e-15 -5.516840314608924e-16 0.01458640691616494 4.019395234832381e-15 -6.333890624981272e-16 0.01122002899488251 1.702294783060822e-15 -5.092296654076993e-19 0.0007383053146192123 3.369255816952938e-17 2.552742799905534e-18 9.207357738087513e-20 5.823902083791571e-16 0.09470794510296623 4.02075698040037e-15 -1.233918210528424e-15 2.499848337232567e-16 6.916943062533368e-16 0.09171543518103485 9.628914790418745e-15 -5.133190770881939e-15 2.919519326629706e-16 1.732076724798101e-16 0.01946454261047284 1.768468154554409e-15 -5.390950058233343e-16 5.730051674765025e-17 -1.845430682183319e-17 6.173764807489329e-16 0.1055029330192512 1.006039242662611e-15 -9.354117296963002e-16 -3.747612571832675e-17 -3.239869259512889e-17 5.559924265812085e-18 2.528623740516656e-15 0.1738961699964232 1.117693347005848e-14 -3.845239895281452e-15 4.084121821123575e-16 -9.210382158617294e-17 -1.453580958623705e-18 3.249934741960946e-16 0.0188255245875384 1.938552744216629e-15 -4.903728088999044e-16 1.268479045058188e-16 -1.379864243632889e-17 2.409761089335717e-17 7.635663206320576e-17 9.561288850367974e-16 0.1551001185631642 -4.299156381372216e-15 -1.059400624273693e-15 4.05667795362741e-16 -2.187394823649033e-16 -3.723980352604377e-18 2.098248082265597e-18 4.678685138049672e-18 3.929295995581461e-16 0.01559890768112112 -6.587865561526909e-16 -7.080474565211113e-16 1.023928052044205e-16 -2.622151657549564e-17 8.047219133309913e-20 -1.637420546922136e-15 2.454674714902906e-14 3.130872975157097e-14 8.83405897479272e-15 6.695100155101861e-15 2.934087215333048e-15 1.318612754279512e-15 0.1682699083484736 2.77988460533402e-16 1.362434762551626e-14 0.6776116989291919 3.902537355300506e-15 1.116785432236675e-14 1 2.91357190561441e-15 -1.392952161562197e-14 0.8255702145683562 1.528980316583843e-14 -1.332160225773e-14 0.5075914506949768 8.04528749258104e-15 -7.248176126257268e-15 0.1757951487623302 2.943537747551445e-15 -2.060559018508767e-15 0.05143918292581754 9.920837728332654e-16 3.456050596498205e-16 -9.321579966250853e-14 -1.230573658584585e-14 -8.103871159874737e-15 2.581095314016583e-15 2.058668516149671e-14 -2.456802122852961e-14 -2.027945953526169e-15 -9.47306147506631e-15 1.26123747947308e-14 1.220508408423864e-14 -8.810660534488403e-15 -2.103514844948512e-15 -2.089074627263647e-15 3.841748425459143e-15 1.304658854227895e-15 -8.143986706508436e-16 -3.662913463749993e-16 -3.281699234758693e-16 5.401871914701287e-16 -2.727342963898424e-15 -1.786407699265727e-15 -9.869058695269524e-15 -6.962998820462498e-15 7.010229536419567e-15 3.861525480107626e-15 -1.354448563703008e-16 1.038936731784596e-16 7.114417765305688e-15 -1.604619215279055e-16 -7.632854445068204e-15 -3.287990471796197e-15 4.305092388266747e-15 -8.162812466979679e-15 -1.139598531052522e-17 1.188968034358819e-16 -1.016168815839083e-16 -1.38540803300874e-16 4.765197148995341e-18 7.81337211093926e-17 -2.099016149718051e-16 2.370616044013594e-15 2.380340392530278e-16 5.058553466871472e-15 -1.035131182159684e-14 1.118018480596798e-15 3.053632663896551e-15 -2.41805036551509e-15 -2.683522412513137e-15 -8.786310348963307e-16 4.581686947577166e-17 2.367457285964911e-19 1.639495899083806e-17 6.796593851618376e-17 -1.423651245029447e-17 3.392455044176523e-17 -1.711853933365838e-18 -2.722078246961428e-17 -5.8292825509152e-18 
-0.001995754861718717 -0.02541092973677435 -0.06048380195346707 -0.04231531849299717 -0.01709117304109971 -0.004924550372917797 -0.001080220006297419 -7.043728077823325e-20 -1.940750701494213e-19 -8.311562620913e-06 5.307744583946496e-18 1.460660157534262e-17 -0.001700686748906443 6.399967785010912e-17 1.531888731262902e-16 -0.05814329964323677 3.948376585689934e-16 7.154052978006819e-16 -0.1213034086281377 7.370664728895463e-16 6.996729328060101e-16 -0.03971007094471535 6.20647250315335e-16 6.108600585881675e-16 0.006604826840486202 2.912223887990235e-16 3.681750516217649e-16 0.009025517187272335 1.798034466218353e-16 1.859646776633243e-16 0.007872936366343971 5.22388047019952e-18 -1.810991399950611e-16 -0.006539557923021775 1.770849369845777e-17 2.007423158746137e-18 4.044436739353251e-18 2.618322835564941e-16 -0.151405949108174 5.861875828130923e-16 3.795554636647974e-18 -1.815045762060458e-16 1.042171552612781e-15 0.005350602308918098 9.586254106118314e-16 8.794319711477739e-18 -3.318489578514353e-17 2.065144478630456e-16 0.01678268664792319 2.427082508042812e-16 1.01073650769968e-18 8.46821189017661e-18 -7.261802715737226e-17 9.320411738409861e-16 -0.1867948627937227 -9.137699055450531e-16 -8.014625746921812e-18 -7.083901974011802e-18 3.033944962141846e-17 -2.099708649460472e-16 2.066856953064457e-15 -0.02254302148280663 1.862718254066708e-15 -2.049565622474478e-17 1.408316351911062e-19 2.181694992858553e-18 -7.126699863762818e-17 3.544310933358326e-16 0.01820564225813661 3.080757577891388e-16 1.83684703889035e-18 2.345375721297313e-18 -3.550523886874382e-19 -5.107566320297394e-17 6.049505338825027e-17 5.86865083439415e-16 -0.1921796498100245 -1.584189119735229e-16 1.263010827651306e-17 1.164483690528784e-17 -3.717309968144759e-18 1.986811907054067e-20 4.112246380529966e-18 -5.72071083421047e-17 2.341801417591947e-16 0.01600741028809468 3.654766067185104e-16 1.44619884377542e-18 4.197904393490097e-18 4.443176748441029e-20 -3.377345166069061e-08 -6.862219126272084e-14 -3.247922764072318e-14 -3.496595375212185e-14 -1.731167981223782e-14 -5.287099297429297e-15 1.097217651151842e-16 3.096495663724974e-16 0.1682685452985659 -2.447374432106595e-15 4.353562529543479e-15 0.6776116989291375 1.486031961475694e-15 2.91357190561441e-15 1 9.646850639455654e-15 1.528339832620701e-14 0.8255702145683433 6.113294278352674e-15 8.036258968397522e-15 0.5075914506948592 2.364407345488787e-15 2.935087746897884e-15 0.1757951487606853 1.248579455671329e-15 9.926051513247446e-16 0.05143920336346596 -8.173003391682505e-15 -8.832616899030926e-15 -1.19133869436227e-13 6.44501619337245e-15 4.179133506811949e-17 -9.396116366863538e-15 8.042374546274909e-15 2.49869569479781e-14 9.535701467339949e-15 -1.127646492350686e-16 -2.091695770718764e-15 5.158772850090682e-15 1.8223270115143e-14 5.497313602021262e-15 1.942585361233606e-17 -3.295779923262328e-16 -2.642743472956716e-17 1.568191814697772e-15 4.795112977250553e-16 5.759404786278343e-18 3.855502202349652e-16 -1.133393963442047e-14 -4.716810850991217e-15 1.84626619548285e-14 -1.076938952561573e-14 -2.265790634593514e-16 1.141593846047871e-15 2.367238553076209e-15 -7.248253417894908e-15 5.481688067605838e-16 1.564373630636439e-14 4.065399746006185e-16 -2.283770232387963e-17 9.995101009470257e-16 2.81170568891451e-17 -1.065454477601645e-16 8.717803564324194e-17 3.806636422709671e-16 1.28676324009835e-17 -2.304988818448194e-18 1.293467414400623e-17 -1.787889368339864e-16 -4.596259811684828e-15 -7.619552090002857e-15 6.291397282284003e-15 4.926614671773366e-15 3.761854695066065e-15 1.397218362445371e-15 1.723511681357976e-15 2.342292003412624e-16 9.73558713163284e-20 7.95851048107509e-18 -5.797305610634757e-18 -9.601438189280767e-17 1.292369551459845e-16 -2.441166691946254e-17 4.147285908581153e-19 1.194041269979459e-17 9.926170429168513e-19 
2.116059878092731e-17 -7.756280698010708e-18 1.121200571622093e-14 2.067462413908476e-14 2.418590319770326e-14 1.266470260472126e-14 8.694686738936195e-15 0.0001705422095769546 1.24611316771671e-17 2.188553915981934e-17 0.002513622991427784 3.107619388594978e-17 9.010671767950156e-17 0.0284242997698815 -2.021499185764468e-16 -5.407161873741503e-17 0.09621917702027401 -1.58660790668879e-15 2.025539024703475e-14 0.1177177836850587 -4.707876893241546e-15 4.901434081870623e-14 0.07296059935284491 -3.648455138404023e-15 2.356082236845288e-14 0.03823867963724895 -2.275611896720994e-15 1.332142614299945e-14 0.02957962998373414 -2.006372242568487e-15 1.186524638551569e-14 -3.470404612036576e-16 -5.537224796088057e-17 7.893028335721042e-18 0.009312165406816172 6.414112532126914e-18 2.074946117703723e-15 -7.874966954579704e-15 1.951551713200229e-14 0.2132693892744233 7.934598074066846e-16 3.019936738861727e-15 -8.699746668961476e-15 3.566710765923936e-14 0.2125998190952232 1.889412050286137e-15 9.021223500502263e-16 -2.503180889804018e-15 9.206897267648053e-15 0.04981545125227527 1.784986826483532e-17 -7.439130386733658e-17 1.835229017366755e-15 -4.255222476463707e-15 6.254830095706779e-17 0.2216789433625148 1.213818542206423e-15 -1.212002503567534e-16 -5.272509046148103e-16 7.497149602522944e-15 -1.499288974227405e-14 -2.657315150271553e-14 0.3498831364768932 5.650482252243176e-15 6.896067918137829e-16 -1.468883371221379e-16 1.276310902374641e-15 -2.441730656270888e-15 -2.37519006567159e-15 0.0466987379371572 4.452412186977344e-16 1.847437020699317e-16 -2.407470924004646e-16 -8.245154233847271e-16 3.214984702072281e-15 -5.964975421156089e-15 -5.055756703046274e-15 0.2698403634378652 1.794178412611122e-15 -1.010801685408534e-15 -2.327985352234314e-17 3.154831643363948e-17 -1.581274448395288e-16 1.734124891925451e-15 -1.126235331191938e-15 -1.971757141030041e-15 0.03723980158005454 3.196878211994627e-16 4.497365442086931e-16 -1.724137876204154e-17 4.665577486133064e-14 6.511411960837254e-14 6.977925182118908e-14 4.843250367922413e-14 4.032854214489207e-14 2.293286367701865e-14 0.0683482838783588 3.633178210484123e-16 -4.315109488779139e-17 0.3583373157438143 4.103389654017706e-15 -1.399614996178588e-15 0.8255702145683039 -1.392952161562197e-14 9.646850639455654e-15 1 -4.318615777489378e-14 2.068687391256403e-14 0.8431892263211582 -4.959921362515765e-14 1.73395064311647e-14 0.390267024012851 -1.76801932472347e-14 1.094467195374481e-14 0.1291259275397169 -8.027818002937036e-15 3.381551524183841e-15 1.74102311411598e-14 -1.604776699879755e-14 -2.582379415964827e-14 -5.779491468740018e-14 2.131067217360061e-14 4.299349504884621e-14 -1.261895454666394e-14 -4.029497005163285e-14 -7.214367991895263e-14 2.889550577979394e-14 2.880725172294783e-14 -7.194142200366629e-15 -3.363617977898616e-14 -7.431555371087295e-14 1.219998494589718e-14 5.048642646315999e-15 -7.742882621834322e-16 -4.447402394835748e-15 -1.552577909035533e-14 4.125121267969578e-16 -2.18767519155478e-15 5.429451969265308e-15 -2.321240428875498e-15 -9.583795468689895e-15 -1.435483676371307e-15 5.010675386132118e-15 -7.357506056772306e-16 -4.336461745248456e-14 3.307586409624523e-14 3.850760856018097e-15 -2.847268726131238e-14 -1.516842207394663e-14 9.846940970952059e-15 -5.150827681046328e-15 -1.061881536537069e-15 1.634041837488291e-15 -9.77679626228775e-17 -1.043508032962438e-15 2.391317087452386e-15 4.585040982485807e-16 1.875453582532225e-15 2.528490756343731e-15 -1.106943392463325e-14 5.060333327939259e-15 4.091944540965492e-15 -1.009304554673833e-15 -8.241671234373059e-15 -2.282485071647719e-15 2.8986790944038e-18 1.900807578693721e-16 1.369889753670261e-16 -2.593920033720111e-16 4.055458478989257e-16 3.183311446562112e-16 -2.038300970423298e-16 6.431488690377056e-16 -8.058334280291788e-17 4.35171683448073e-16 -2.080042513024098e-16 
-1.175710893819594e-16 7.742152188450746e-16 7.375285278336304e-15 2.10892501552394e-14 1.54806780761714e-14 1.053732574045026e-14 4.718294588447748e-15 1.24526564634491e-17 0.0001705422095770348 4.452003691122438e-17 3.089482787396642e-17 0.002513622991427902 1.297168678637773e-15 -2.025039783484001e-16 0.02842429976988319 7.52436307705185e-17 -1.590483929455662e-15 0.09621917702027283 1.702240778889936e-14 -4.720345218251166e-15 0.1177177836850581 3.479248143534373e-14 -3.648509348607963e-15 0.07296059935284235 2.266852303527811e-14 -2.277943021924968e-15 0.03823867963724881 1.112355522586679e-14 -2.005044030839231e-15 0.02957962998373255 8.975143491711851e-15 1.798302852604677e-18 0.009312165406815683 -1.388728695145055e-15 -5.521697954246206e-17 1.789172474362504e-17 2.261347576208451e-15 0.2132693892744355 1.86285448872193e-14 -7.92351210685303e-15 5.796144814110059e-16 6.227819924798285e-15 0.2125998190952225 3.836904792137889e-14 -8.708203445923235e-15 2.138046717353712e-15 1.751347692269641e-15 0.04981545125227172 8.178957258396716e-15 -2.504834335258601e-15 5.124823225740126e-16 4.909267437015656e-16 2.292653913938597e-15 0.2216789433625451 8.917291818153464e-16 -4.275862975322333e-15 4.174178364070276e-16 -3.34334068676733e-16 -8.288725608704146e-16 1.232542713725492e-14 0.3498831364769066 -4.029764328780729e-15 -1.508656480997787e-14 5.53550261185108e-15 -3.172375556712826e-16 -2.453671764561784e-16 1.905968817768821e-15 0.04669873793715765 -2.97582172050029e-15 -2.439155591469885e-15 3.911920898725135e-16 1.092523646383807e-16 -5.652081450440045e-17 -1.370431546022112e-16 5.547781201447316e-15 0.2698403634378888 -4.437422651550536e-15 -5.935905250406323e-15 1.177443559319716e-15 -8.082998246425196e-16 1.007223818239323e-16 -1.799856695258278e-17 -5.307823655192203e-16 1.880196121313983e-15 0.03723980158005338 -3.444965732676648e-15 -1.123036838572788e-15 9.087005696024356e-16 5.465849453934777e-17 -5.080421207783414e-17 3.140280833405933e-14 6.324238008284902e-14 6.073527097918307e-14 3.698777396387194e-14 2.077895973855901e-14 1.383358623900916e-14 3.456452442561534e-16 0.06834828387836084 8.521799141157063e-17 4.134614550890874e-15 0.3583373157438184 5.805612913640281e-15 -1.391578147066852e-14 0.8255702145683562 1.528339832620701e-14 -4.318615777489378e-14 1 2.81514178288166e-14 -4.939440783476877e-14 0.8431892263213394 3.938082498990548e-14 -1.765200399075045e-14 0.3902670240129729 1.59584801971455e-14 -8.032209024824596e-15 0.1291259275397173 5.17967316039258e-15 1.915882478164906e-14 -5.139205033756822e-14 -1.20096261494641e-14 -1.606875732226432e-14 1.354856981814429e-14 6.301729971184045e-14 -9.657552535461838e-14 -4.451430543618896e-14 -1.261397399293508e-14 2.111331942612444e-14 3.975292317549678e-14 -7.026323967098635e-14 -2.12460257720349e-14 -7.175060242131673e-15 8.401265794158725e-15 7.785765793873354e-15 -1.236077529702016e-14 -3.911155387403946e-15 -7.72159667841296e-16 1.898222568095503e-15 -9.693580573653574e-16 7.697374850484983e-15 -2.537900445354986e-15 -1.315639864576416e-14 -2.376817648676779e-15 5.451631103473297e-15 -1.235605584862707e-14 -1.89952220619538e-15 2.700479271624824e-14 -9.395262345893932e-15 -1.785507505736763e-14 3.865722845998572e-15 9.39482866502571e-15 -3.663107144004651e-14 -1.802812011235199e-15 6.255762160246948e-16 6.035538611910749e-15 -1.772563340213158e-15 -9.622297402584604e-17 -1.14166509106381e-16 6.45859463009875e-16 9.229846128656928e-15 -3.036342065365283e-16 -8.187719047277169e-15 -7.632783294304851e-15 1.767023383354282e-15 4.151259823042201e-15 4.826686806854687e-15 -2.61138267111225e-15 3.289113637486148e-16 -2.171657440919367e-16 -7.11860101052453e-16 -1.827422875641388e-16 1.833169433191153e-15 -6.510636876272497e-17 3.181608909966766e-16 -2.238335838770659e-16 4.883653569932049e-17 -1.66099824339485e-16 
-0.01647477688561151 -0.08171479024405762 -0.1502549129224544 -0.1046801790780108 -0.04383035641155055 -0.01296107885797165 -0.002883008021826149 -1.666261080670741e-17 -4.66418288151463e-17 -0.002413795728251967 2.51353168154852e-16 3.684507699092532e-16 -0.02676056946533938 1.373479805841032e-16 -5.251197697163741e-16 -0.1715142164653415 4.526001969043522e-16 -8.629165090816437e-16 -0.2588001461716437 3.044610807310874e-15 1.170775718387313e-15 -0.08590881539331854 1.49160900509944e-15 1.923567767727111e-15 0.01824972431095697 7.653333611186294e-16 1.34139991820375e-15 0.02383487423585451 7.035659508778359e-16 1.303355195517724e-15 0.02083834351768226 -8.738643898655653e-17 -1.599989783175529e-15 -0.04938989171336625 -1.652702354713096e-16 -7.33164488357807e-17 2.113516609990089e-17 1.18557507561342e-15 -0.2637696810695682 8.232719790182867e-16 1.71303943252794e-17 -3.844445388063554e-16 5.035793840222423e-15 0.02564881249003092 4.182851989488612e-15 1.676718685794974e-16 -7.670565899033632e-17 2.46890577870224e-15 0.04318233084593628 1.312885666943264e-15 -1.028705392028181e-17 3.171426879792661e-16 -3.552930519236344e-16 -1.327551350100369e-15 -0.2671032263617749 2.047380277467975e-16 4.933661985896826e-16 1.149559234696028e-16 3.634516732737726e-16 -8.214525522476103e-16 6.464121772601481e-15 -0.0002261632413151548 4.034416233722413e-15 1.017957419748364e-15 2.211094805526847e-16 5.163431288687441e-17 -2.06696290051121e-16 3.063859535724808e-15 0.04539731526041169 1.9898982662475e-15 -1.339030573704488e-17 -1.654708364721327e-18 7.274657764201206e-17 6.071532165921064e-16 4.106991710694621e-16 2.604795719397453e-16 -0.1986794636144456 2.178766734290276e-15 1.362625290380383e-15 -3.305664661273774e-16 7.380435238654454e-16 -1.482903862545504e-19 1.088053703906624e-16 -2.527480863493398e-16 2.666250233237802e-15 0.03842300753021096 9.394453951720833e-16 -1.314639590315011e-17 -2.481520047149789e-17 2.314126100030718e-17 -1.249372529344547e-08 -8.804068585282342e-14 -1.721817133316227e-13 -9.916373280512546e-14 -9.227344782530738e-14 -5.847164922292554e-14 -3.339358068723362e-17 8.066501308864259e-17 0.06834773004510683 -1.32329062083447e-15 5.906226587672444e-15 0.3583373157438009 9.540261733909576e-15 1.528980316583843e-14 0.8255702145683433 2.068687391256403e-14 2.81514178288166e-14 1 1.729814411828575e-14 3.920984630731255e-14 0.8431892263214499 1.089397533789151e-14 1.591142582301353e-14 0.3902670240092469 3.378799015690535e-15 5.20184305244818e-15 0.1291259788436236 -1.600009704331883e-14 1.379762376265873e-14 7.54812878867388e-14 1.593033689209069e-14 -1.377673677721287e-16 -1.253848641667708e-14 -1.315852808659338e-14 8.468226120332076e-14 1.384106723549185e-14 -7.589415207402781e-17 -7.212634623671686e-15 1.774687168055265e-14 5.133393710112999e-14 1.280650119371433e-14 9.214634263958124e-16 -7.770681828101486e-16 3.99555708049838e-15 7.299724730363878e-15 3.137315973257618e-15 2.230747620434488e-16 3.57796373095974e-15 -1.216291052555538e-14 -9.465938775013197e-15 2.146893773869984e-14 -2.920030200965365e-15 -1.617265417181888e-16 2.015988283530867e-15 5.308633307251844e-15 -6.062289342401221e-15 2.163896774439829e-14 4.046762924760572e-14 4.827088300473883e-15 5.116350051961711e-16 2.590335172922219e-15 3.880767526290189e-16 -7.410590000479882e-16 1.621953423723917e-15 7.036043215271825e-15 1.284544515982673e-15 -3.531789206211352e-17 -1.097365453337273e-16 -1.97002128779089e-16 -7.357110068871529e-16 1.619557078055456e-15 1.605178257025269e-16 6.175615574477148e-16 -4.962710941121485e-15 3.489246347095817e-18 5.200835315113209e-15 1.569357233685851e-16 2.358309663242642e-17 3.413746351409049e-16 -4.61794768333699e-16 -1.316438565046613e-15 -6.951365250994718e-16 -5.771006135325436e-16 -1.178426356386025e-16 -2.678589454223033e-16 2.492852618228334e-16 
-5.242648753925231e-18 1.89837024138722e-16 3.214876281855728e-15 -5.844283395375474e-15 -5.01638848350182e-15 -1.857617292014331e-14 -9.102867251640935e-15 0.003341102530920824 2.088002790568244e-16 3.482448438393791e-16 0.0191482047685423 -7.556616007188718e-17 5.922370873661451e-18 0.0850889132934492 -3.115861518452773e-16 6.496403892263929e-17 0.2047819526114643 1.435158415719755e-15 1.892648364421997e-14 0.250888729847513 -2.010544512828076e-15 3.209672115062301e-15 0.1678949703123185 3.048781863597755e-16 -1.754414445894726e-14 0.09205846986170896 1.424696985082708e-16 -1.599023261312447e-14 0.07200591106368694 6.611783775776845e-16 -7.316902841270678e-15 1.020808009869192e-16 -6.032282958706654e-16 -6.769438510802851e-18 0.03691183476794235 -2.26793288348733e-16 6.655266615588562e-15 -1.113930996055529e-14 1.83821057334139e-14 0.3669526640456252 -5.38794269616928e-15 8.399964772745997e-15 -1.569664540254548e-14 3.019589817935352e-14 0.4050728923064383 -1.790668335893265e-14 6.735254166443681e-16 -1.370896021426724e-15 7.286074565938709e-15 0.1143784380371947 -4.882325243208452e-15 1.313355077904286e-15 4.248554633103238e-15 -3.202624797306069e-15 -7.00836415811209e-15 0.2988479445195015 2.468782556858848e-15 3.073279478128381e-15 4.87191667220325e-15 2.059030029811615e-14 -2.402505278063575e-14 -5.106158551564159e-15 0.5126777323191888 -5.971351885191181e-15 -5.451368523292091e-16 5.195755676438572e-16 8.897069055057243e-16 -1.182036061529824e-15 2.325680680219463e-15 0.1008668681086706 -6.877195972429198e-15 -1.960118345547913e-15 3.624487862620165e-16 -1.603629880796719e-15 3.278844210031918e-15 -5.025439699798089e-15 -1.286091459024616e-14 0.2619545755606479 3.660754425290236e-15 9.340184875531506e-15 -1.666147688567637e-15 3.413764340374031e-16 -4.862749278630964e-17 1.020465697535267e-15 -2.942613209646446e-16 1.087279022040181e-15 0.07466805021634967 -7.393641479815237e-15 -1.813041102280201e-15 -5.678795481022614e-17 1.882352868941082e-14 9.231916446588658e-14 3.320477573455378e-14 -4.948298716440693e-15 -2.697409341554357e-14 -1.885591856727523e-14 0.0279677407069176 3.229582093249869e-16 3.252595092044797e-19 0.167127439026295 2.60224174541705e-15 -8.958594109587672e-16 0.5075914506948782 -1.332160225773e-14 6.113294278352674e-15 0.8431892263211582 -4.939440783476877e-14 1.729814411828575e-14 1 -6.600102409053233e-14 1.937262267380242e-14 0.6979536443380739 -2.530094189754749e-14 1.585044622692069e-14 0.2861115967683518 -3.608227368206022e-16 1.237550379498434e-15 2.748726268300373e-14 -7.950311805787556e-15 -1.299527095633976e-14 -2.866630544052803e-14 2.335514797509407e-14 8.678648077968945e-14 -1.057865546463565e-14 -7.956612799179264e-14 -2.121219866425441e-13 3.862144978829964e-14 6.163472510147719e-14 -7.108808713128898e-15 -2.488460826289868e-14 -1.896122148182494e-13 -2.2588701742441e-14 4.512884034537829e-15 -1.927373143623458e-15 6.296186052484617e-15 -3.390344430636034e-14 -1.953733760399943e-14 -1.517519833752573e-14 1.599735900931711e-14 -1.313604105590908e-15 -7.950012379641637e-15 -3.531896997090247e-15 7.966923815950127e-15 -6.465842943527307e-16 -4.376295333065884e-14 5.823791969508516e-14 2.775991242433032e-15 -3.853959252427322e-14 3.268219028741694e-14 1.575389124709117e-14 -5.410602521574331e-15 2.835298105954617e-15 1.254313559174483e-15 -8.235602374088468e-16 3.872637274955104e-15 3.025358723625131e-15 -1.761083455107931e-15 -9.273834988755187e-15 4.533588843150874e-15 -2.895734913758448e-15 1.786474647955964e-15 2.566382881119972e-15 7.224144954388872e-16 3.872770160121889e-15 -9.662625754592578e-16 -1.785054173703748e-16 -1.90052170507415e-16 3.449064728433818e-15 -1.794517376167246e-15 2.93298389984293e-15 6.449784606029933e-16 -1.638663875903181e-15 4.714112074470891e-16 2.15105754619576e-15 -3.378482672793851e-15 -1.622400634083644e-15 
-1.689302696348955e-16 7.766140161518505e-16 1.44719305983465e-14 2.065014827502543e-14 1.40304487091101e-14 5.197321137324788e-15 1.571680646035016e-15 2.09105228302893e-16 0.003341102530921304 4.076684202095667e-16 -6.837705204600127e-17 0.01914820476854498 2.050367524445441e-16 -3.296991043894123e-16 0.08508891329346016 3.008606818540214e-15 1.456517198518129e-15 0.2047819526114326 2.957876998890008e-14 -2.018784449356389e-15 0.2508887298475627 4.208092212792521e-14 2.840614680877441e-16 0.1678949703123651 1.895187405092492e-14 1.491920130497806e-16 0.09205846986173601 7.398789486844229e-15 6.622626320506912e-16 0.07200591106370621 2.413090356756357e-15 -1.357847068337015e-16 0.03691183476794419 1.097270832071053e-16 -5.991323158530878e-16 9.52662190942108e-17 4.493584324086525e-15 0.3669526640455806 2.02685090933255e-14 -1.109702607583012e-14 5.553717208343271e-15 4.299512146059012e-15 0.4050728923065359 2.702178786619353e-14 -1.567235927383732e-14 5.296110854427709e-15 -1.311271150820714e-15 0.1143784380372245 -5.867979516193178e-16 -1.360487446762516e-15 1.710985094725376e-15 -4.834674327549572e-15 4.134496564558376e-15 0.298847944519556 3.660266534313132e-16 -3.182350216680931e-15 3.989863994748467e-16 -5.531057382937423e-16 -1.388125725485697e-14 1.167295426985513e-14 0.5126777323192381 -1.28664440213886e-14 -2.400944026935607e-14 1.096345236819355e-15 9.207044848807431e-16 -1.122422010903602e-15 -2.890951124592784e-15 0.1008668681087061 -1.95240186989212e-15 -1.176831720037307e-15 -6.574802752182323e-16 -4.764221711659971e-16 -8.993999121857715e-16 -1.133641791551423e-14 7.281284949982092e-15 0.261954575560635 -1.066768201552592e-14 -5.024030236974501e-15 7.34828864424204e-15 8.877447388315931e-16 -3.996369207783493e-16 -3.784036064128078e-16 -1.14667639622763e-15 -2.225248403762978e-15 0.07466805021635989 -1.165778225466481e-15 -3.01092000117518e-16 -1.223021408557149e-16 3.443498708792506e-16 -1.035465333532688e-17 1.956742651145399e-14 7.268317892000261e-14 9.827902380804323e-14 4.024558465256521e-14 9.655474706642612e-15 2.735708503666015e-15 3.214674244729278e-16 0.02796774070692196 4.618685030704343e-17 2.659487455285357e-15 0.1671274390263203 1.737604045294245e-15 -1.330764315476134e-14 0.5075914506949768 8.036258968397522e-15 -4.959921362515765e-14 0.8431892263213394 3.920984630731255e-14 -6.600102409053233e-14 1 4.040604656421608e-14 -2.531481968535996e-14 0.6979536443382228 3.843973750445239e-14 -3.547512003837695e-16 0.2861115967684627 5.232799125324151e-15 4.363927296783696e-14 -2.543625032826143e-14 3.126296964363886e-16 -7.999595994308529e-15 1.242479426636505e-14 1.021830189907459e-13 -1.538214000619051e-13 -6.098073435104798e-14 -1.057636508754845e-14 3.6155106686334e-14 4.934941344461302e-14 -9.248157795132214e-14 -7.327818907225741e-14 -7.120775594609401e-15 3.042704976865014e-14 -4.340279013805665e-15 -1.279532363916054e-14 -1.495680290522963e-14 -1.9460214257714e-15 1.746867832828461e-15 3.776005116226104e-16 1.355501912700749e-14 -4.640385298240536e-15 -9.009011933816483e-15 -1.34654182877809e-15 7.86482627613755e-15 -1.367168097483275e-14 -6.45317133063761e-16 3.12890989159955e-14 7.184530748109649e-14 -5.451628731781815e-14 2.784664859813395e-15 1.005705935198211e-14 -2.813634741862416e-14 -9.472460897139008e-15 -8.741651524968156e-16 -3.625573241042154e-16 -2.441191275811806e-15 -8.304991335640831e-16 -1.921640272936267e-15 1.5733947502436e-15 1.256734821732138e-14 1.541091744235655e-16 -2.241567662824356e-15 2.726117942500546e-15 -3.467576703206409e-15 2.564642969567616e-15 1.251179471443865e-15 -3.301037743800686e-15 -8.416932515557336e-16 -5.380679754266962e-15 -1.241628431977196e-15 2.956836349124984e-15 -5.129361597130961e-15 4.193695826382499e-16 6.534894495139946e-16 5.707241392729977e-16 1.72138793350523e-15 -8.899134191767348e-16 
-0.08944866364325103 -0.221334028151365 -0.3158886526616518 -0.2253996755486808 -0.1011110758980496 -0.03144755100023968 -0.007191842052765323 2.128308337783355e-16 7.513374757950868e-16 -0.02229497479385648 -6.759874151218116e-16 -9.761909265670831e-16 -0.1082999670236853 2.225484201221239e-15 -3.078619173827894e-15 -0.3268772255098199 5.046961112923063e-15 3.765217304609491e-15 -0.4057721620426495 7.184547026042824e-15 6.099287754187695e-15 -0.1396090570203398 2.119090420403667e-15 4.181558282903222e-15 0.04779368724376641 2.098563276311101e-16 1.704215160694831e-15 0.05820270254559248 -8.101710365572108e-16 1.385677216373046e-15 0.05112418007305825 1.418284067708121e-15 2.524755182227584e-15 -0.09596649269170403 6.075507347790188e-16 -5.553817158229345e-16 -3.527722818726599e-15 8.090750291959282e-15 -0.2690934232561537 -6.176862406978443e-15 3.389432831625809e-15 -3.773511460749639e-15 7.475790834090729e-15 0.09217352837647289 -6.32794599187402e-16 3.417405300760226e-16 -6.891841100654804e-16 1.745713131998716e-15 0.1001726088115129 -2.778303371168503e-15 -7.066758780019585e-16 5.32234846473295e-16 4.849094216443193e-16 -8.91908075173795e-15 -0.1589499223256875 -7.411606051113203e-16 8.055405301135208e-15 1.623050652211318e-15 -1.63259163133907e-15 3.77822773067923e-15 2.042289948275574e-14 0.1014063909371073 1.731470869466227e-15 -3.055715402938282e-15 3.40396114075734e-15 -5.052633858974088e-17 4.449618742621868e-16 2.856532936806535e-15 0.09903206383735472 -2.273971960967257e-15 -1.766056639658727e-15 2.700323106946535e-16 -1.437313267537327e-15 3.356039404712825e-15 2.32452945780982e-16 -3.338258489084143e-15 -0.04112465181616926 2.822150726409976e-16 5.325167390382083e-15 -1.934325095932095e-15 3.169502420936534e-15 9.76321455715523e-17 1.394313394051157e-16 -1.520615321709751e-17 2.509895106488792e-15 0.07782930160269974 4.222958962756703e-15 -2.620659481872871e-15 -7.479661926933255e-16 -4.334316932770974e-17 -4.903470373779268e-09 -2.38004060904146e-13 -3.189393193993151e-13 -2.121358644824195e-13 -1.476597209898117e-13 -6.313120092923156e-14 6.505242991019453e-19 4.857248099961212e-17 0.027967514051602 -8.004499563531475e-16 1.834750056540742e-15 0.1671274390262771 6.156224872734853e-15 8.04528749258104e-15 0.5075914506948592 1.73395064311647e-14 3.938082498990548e-14 0.8431892263214499 1.937262267380242e-14 4.040604656421608e-14 1 1.583976683567466e-14 3.85117285290713e-14 0.6979536443313626 1.22562365551273e-15 5.257950554342544e-15 0.2861117104452265 -7.839940024628636e-15 6.633379284230464e-15 3.289729599843942e-14 2.499289253135775e-14 1.253540999301101e-16 -1.028806217735619e-14 4.702141453984746e-14 4.951594689830295e-14 4.137863012303757e-14 2.956836164804085e-15 -7.128486982559532e-15 8.065249856861783e-14 6.983302824895452e-14 3.415974100808091e-14 -5.625708232595046e-15 -1.93488114046864e-15 1.007657757442547e-14 1.635499162496905e-14 -7.223715666572472e-15 -3.335658871945884e-15 2.204852172692312e-15 -1.273881542617372e-14 -1.332265088451879e-15 2.943131849343704e-14 1.580033660468679e-15 -3.352488642598428e-16 9.121566518878519e-16 9.271880138665685e-15 -1.39775886177981e-14 8.129727360060067e-14 1.13631326570436e-13 1.939568568688903e-14 -4.04537514597993e-15 7.646877922544061e-16 2.4372873474001e-16 1.731145699657622e-15 3.396806508428022e-16 1.918952417340629e-14 1.586470355018644e-15 -8.039360541537018e-15 -6.572300373230048e-16 -1.981845338338946e-17 1.229094781410629e-15 -1.464975616589378e-15 -6.131510568919684e-16 4.8849813083504e-15 -9.307100086254571e-16 -1.08101838739504e-16 2.765259123233636e-15 -1.071708436514514e-16 -8.546225550697742e-17 3.411008740694071e-15 -1.492634776435207e-15 -4.013717318236287e-15 2.243432110638397e-15 4.049658628095678e-15 1.875534613268852e-15 -6.321441296404035e-15 -1.770502696778e-16 
6.023653944516881e-16 -5.500171173638629e-15 -6.923064552305848e-15 4.236194731890863e-15 -1.509209987280352e-15 -3.202354746213935e-15 -5.349959285265446e-15 0.01148158733281532 7.296191464871985e-16 6.940696885561609e-16 0.05305808495647948 -4.383175158776844e-16 -1.743289933171546e-16 0.1770024442376248 1.940857414052975e-15 2.513248398499191e-15 0.3854971804127549 2.767274257011696e-14 -7.757249703830052e-15 0.5480048137956159 2.471980958435604e-15 3.060052215139844e-15 0.4671765816888842 7.459324047615791e-16 -2.626374124811446e-15 0.2975250941774781 -5.655418169187931e-16 -8.097901365802636e-15 0.2418383827083656 2.879779880083717e-16 -1.117203587186386e-15 3.384279112652322e-16 1.811636416810514e-16 -3.113105298936133e-16 0.03833418882656636 -7.387257063461338e-16 3.040449836395894e-14 -3.131089138016872e-14 3.189397530854229e-14 0.3829651594106566 -2.391413889869802e-14 -1.674702047961508e-14 8.25381431469667e-15 6.22765734359671e-16 0.6289501557754054 -5.699434068949905e-15 -3.764456288840133e-16 1.032183654238837e-15 5.629443763593576e-16 0.313353199135928 -1.554632717906829e-15 2.416312592760922e-14 -1.116034348288336e-14 -8.175751742415307e-15 -1.243785890274494e-14 0.1398312588548226 1.17072150586934e-14 -8.558691949743249e-15 -5.935356373189497e-15 -1.180305853074464e-14 -7.66400831702117e-15 7.140121827274265e-15 0.377653166491905 -2.497915069277846e-14 -7.502491683635121e-12 -4.163543780853594e-17 1.158809091664721e-15 3.278735140455556e-16 1.652390986707271e-15 0.2243658678489248 -2.650304724224072e-15 -8.714187314654877e-09 2.651004416031935e-14 -6.309731383319309e-15 1.036757485434892e-14 4.375867073279031e-15 -8.226058723220302e-15 0.05673679619680938 9.703392603473585e-15 2.042766997257537e-14 -1.064073959171057e-14 2.376678238596873e-16 7.511511037437301e-16 1.6549498945424e-15 5.529597409521856e-17 6.314632054712381e-16 0.1295674609910342 5.0151467423517e-16 -7.746640894063468e-09 3.348185287958879e-16 1.44447535278102e-14 1.531760829313391e-14 -3.098563072841636e-14 5.127842596332309e-15 -3.382712123294654e-15 -4.298722683699544e-15 0.007260018284127847 4.309723481620876e-17 3.252595092097992e-19 0.04719104020327355 3.23378450553568e-16 -2.382382664505422e-16 0.1757951487623352 -7.248176126257268e-15 2.364407345488787e-15 0.390267024012851 -1.765200399075045e-14 1.089397533789151e-14 0.6979536443380739 -2.531481968535996e-14 1.583976683567466e-14 1 -3.920475055837676e-16 -8.769460852138194e-15 0.7091736249087333 2.452900720541711e-15 2.515351808998147e-16 1.270974970255431e-14 -1.724319793831e-15 -6.987981157384013e-15 -1.907328461868445e-14 4.067818131016555e-15 3.730783043672503e-14 -4.506879353299149e-15 -2.436375753963396e-14 -1.140199046309222e-13 -1.051589371154911e-14 2.671474153048894e-15 -1.780021442772978e-14 3.794534131415462e-14 -5.545564008095707e-14 -1.058268056537381e-13 -2.636780216263574e-16 -5.724588938437319e-16 1.026957471588883e-15 -2.338979332604055e-10 1.751204644755603e-15 -7.980512342136403e-15 3.565905369980863e-15 -2.132441020132208e-15 -4.288443955758984e-15 -1.2056328158241e-16 1.911187967492876e-15 -3.418286161996766e-16 -1.698727963878825e-14 2.70048740318538e-14 1.950696548768628e-15 -1.898940802811515e-14 4.604649994710102e-14 1.368821505818601e-14 2.802445775487748e-14 1.731254642523183e-15 3.747870266596303e-15 -1.436351504129916e-15 -3.638584971467894e-15 2.710076362748069e-09 1.941481176259708e-15 -3.288650736801699e-09 2.613964851094113e-15 -3.376990394142335e-15 7.846913223495514e-17 9.631929280750447e-16 -2.109433911217532e-16 3.165002981974445e-15 -1.158148148799771e-17 9.215432592663437e-17 3.499427683182202e-16 -1.833603127380444e-15 2.089474601943073e-15 6.626644091428793e-16 -8.508820506221891e-16 8.777704604690438e-16 -2.687595455289124e-10 1.745782692006583e-15 -2.981989905139173e-15 -1.835338006830867e-15 
4.775425341234915e-16 1.194031852578349e-15 9.030970416087615e-15 -9.062195446108726e-15 -3.58047059051333e-15 1.422497774591216e-15 -2.164964068745515e-15 7.299314899011549e-16 0.01148158733281533 8.10098749030216e-16 -4.136689419498669e-16 0.0530580849564792 -2.360957433234129e-17 1.951441937761957e-15 0.1770024442376269 9.79901923508763e-16 2.770570231616384e-14 0.3854971804127267 1.694824836057883e-15 2.463307341037555e-15 0.5480048137956095 -1.084549118427097e-14 7.736880291247863e-16 0.4671765816888828 -6.022966288867367e-15 -5.776853528648928e-16 0.2975250941774755 1.27678993256869e-15 2.983868309484269e-16 0.2418383827083583 -1.287212828714729e-15 1.028020015667105e-15 0.0383341888265679 -1.857373846770296e-17 1.820896621050137e-16 -4.517843983042776e-16 -2.135791543658677e-14 0.3829651594106901 1.770979196654468e-14 -3.135946363749645e-14 1.789193793152563e-14 -5.53029845546012e-15 0.6289501557753849 2.605554688045155e-15 8.285039337324493e-15 -1.262878710149281e-15 3.105242745172226e-16 0.3133531991359312 1.318452160348551e-15 1.051266041123907e-15 2.085276637661016e-15 -2.281855260337856e-14 8.951606817058821e-15 0.139831258854776 -1.296792534488178e-14 -8.172499135897263e-15 -5.729791641246703e-15 -1.594037402101635e-14 7.496284843037434e-12 -9.273831702727781e-15 0.3776531664919276 -8.486267244661113e-15 -7.688294445685333e-15 -6.980527267456434e-15 -3.540570614549226e-15 8.714188463966347e-09 1.332283506584568e-15 0.2243658678489154 1.460696284312335e-15 3.191996115575721e-16 3.781812664904849e-16 -9.740957637288512e-16 -1.367341569852858e-14 -5.879845221921529e-15 2.600350490532715e-15 0.05673679619683964 -2.94365226643448e-14 4.420183837079913e-15 -4.536301889755394e-15 2.103829263612907e-14 -1.149471143288284e-15 8.413787924959597e-17 7.746641713737468e-09 -1.283713754676474e-16 0.1295674609910335 -2.695862146434858e-15 3.231019662818586e-17 -8.032041307391803e-16 6.661478610567847e-16 5.95473886057962e-16 1.227088527630516e-14 4.597711100806507e-14 -2.622901895720791e-15 -6.022959910171005e-15 4.787838697586201e-15 -8.79867693774162e-15 4.317855035359694e-17 0.007260018284127704 8.538062116757091e-18 3.1080172614553e-16 0.04719104020327212 5.501257379196759e-16 -7.244737172491235e-15 0.1757951487623302 2.935087746897884e-15 -1.76801932472347e-14 0.3902670240129729 1.591142582301353e-14 -2.530094189754749e-14 0.6979536443382228 3.85117285290713e-14 -3.920475055837676e-16 1 -1.073273414612099e-14 2.494534113252394e-15 0.709173624908722 5.674286736022624e-15 1.072948831579409e-14 -1.991549286628455e-14 -5.219186628107022e-15 -1.716897244114095e-15 5.393336602065153e-15 5.14293468931518e-14 -9.378609000678225e-14 -5.634381850067094e-14 -4.495983121465626e-15 1.441902153256265e-14 -3.085032229728621e-14 1.798561299922761e-14 -9.1940344228315e-15 -1.776877256472829e-14 3.343159082958457e-14 2.040035219951258e-15 -2.338940197232366e-10 -2.872705359714803e-15 -5.906734950114772e-16 7.563399951594163e-16 -2.196322550949335e-16 3.927308070558907e-15 -1.821459649806131e-16 -3.90042747997761e-15 -2.127150452343573e-15 2.741005393624649e-15 -4.213372272675117e-15 -3.917005608821368e-14 1.597737242015521e-14 9.275219481508166e-14 -4.075472598354522e-14 2.001870891310794e-15 -3.148523108950906e-15 -4.874572967576876e-16 3.288655961790569e-09 -9.974660510496827e-17 2.710074364345929e-09 -1.914268660793686e-15 -1.405126471431419e-15 4.598752754354746e-15 9.089954235292022e-16 4.160373421164265e-15 1.255209654227947e-16 -3.367667473067994e-16 2.695760281714536e-15 -3.505632199517376e-16 9.667170086521487e-16 2.442707494649805e-16 -2.144718127428578e-15 3.995115599088662e-16 -4.034967714557091e-15 -8.534840217152141e-16 3.712308470067379e-16 -2.687648468450086e-10 1.505740631792722e-15 -8.725660988031647e-16 -1.325329004290654e-15 8.500145744724673e-16 1.033244990849355e-15 
-0.2326642003560498 -0.4512191412574648 -0.59891159526154 -0.5090625100157578 -0.2835924206289679 -0.1044123924697099 -0.02636366225042428 1.589253611316645e-15 -1.699988441577958e-15 -0.01913935870383778 -3.668125411228669e-15 -2.607719917031228e-15 -0.08130684327877831 8.758530738841595e-15 -1.683250977849867e-15 -0.2153068535173044 2.676960216016589e-14 -2.391403047824997e-14 -0.2791063397278544 7.361732766498122e-16 2.327998909605993e-15 -0.06972865841801273 1.575782205043613e-15 -1.490997446247407e-15 0.1827605770283823 2.819035130319518e-18 7.496464958088134e-16 0.1971373779753025 9.706246041513674e-16 4.415084213700165e-16 0.1763508874236143 -8.99755447653753e-16 -4.672805484326564e-16 -0.01128701874197917 1.670283980416376e-16 -1.89680825970536e-16 -1.067032746889737e-13 1.94575258684324e-14 0.04051798195787326 -2.517506602507548e-14 9.005383244729193e-15 1.081166409138108e-15 -3.625572071784244e-16 0.3075896889561314 -1.857211219995366e-15 2.405194136820186e-15 -4.120084647884318e-18 1.5146915646524e-15 0.2836727283999545 -6.787258062471337e-16 1.141090439607578e-15 -1.409245983806517e-14 3.142776837405918e-14 -1.006963609724738e-14 0.05159150128060608 -2.461542796868584e-14 6.662639190404508e-15 2.126077092172084e-14 -3.356689926058967e-16 -8.690964614705986e-16 -3.671542236944011e-15 0.2224435939800457 -1.118855984435505e-15 -1.561251128392201e-17 -2.311952712638405e-15 -5.384416254041474e-16 1.691375545452381e-17 -4.78365722207348e-16 0.2272114919717535 -9.979324812321901e-16 -1.073392929535465e-16 2.853762299765824e-16 -1.264469757208098e-14 8.726092765093846e-15 -8.586881206145988e-16 1.026511774894814e-14 0.03335071640612251 1.77161887591897e-14 -1.327887452782803e-14 -1.604055430160177e-14 4.202259200366065e-15 1.532588818532954e-16 1.743433855092743e-16 7.867083618110375e-16 -9.020833420936767e-16 0.1392894506433073 -5.42984780914076e-16 -1.111670079966173e-15 3.380613656827845e-16 1.548153006327968e-09 -1.241002980986843e-09 -1.049715869790676e-13 -2.847722058183687e-14 -3.753886091810848e-11 -1.645143342921775e-09 -6.239900168073785e-09 3.523673286825789e-19 8.673657321417362e-18 0.007259959443231829 -2.200240914795107e-16 5.592309149015673e-16 0.04719104020280886 2.372087922594344e-15 2.943537747551445e-15 0.1757951487606853 1.094467195374481e-14 1.59584801971455e-14 0.3902670240092469 1.585044622692069e-14 3.843973750445239e-14 0.6979536443313626 -8.769460852138194e-15 -1.073273414612099e-14 1 3.014084159759558e-16 5.636120538163401e-15 0.7091739074177837 -1.762813629619091e-15 2.224555853126117e-15 1.747560429711543e-14 5.552575831482695e-15 1.317305639579248e-17 -4.465869406081522e-15 5.084387771950431e-14 8.068545831520747e-14 3.368377625458662e-14 -6.36123098645301e-15 -1.786786864312142e-14 7.251144129634118e-16 4.81836792690765e-14 -6.292319096368582e-14 -1.809490057804246e-14 -5.542442625579443e-16 -8.200039973252079e-15 -3.934881283040792e-09 -2.896988947605451e-15 1.604620402558978e-16 9.671473013795342e-16 -3.666625634188675e-15 1.454582575275816e-15 1.333308463645357e-14 -2.213402970309635e-18 4.296828734862537e-17 5.95144406986415e-16 7.520893630151151e-15 -1.531836723450544e-14 2.656186902391122e-14 1.19015908240667e-13 2.361956794446301e-14 8.356162983840375e-15 -1.444943340336133e-15 1.577731560480589e-15 -8.500145478428383e-17 -6.179954388180441e-16 -2.833581722713053e-09 -2.694893794256373e-15 -1.78936758433466e-15 3.816392999513288e-17 4.117744793987384e-18 -5.513074873504864e-16 1.375095971183544e-15 1.722771841104205e-16 2.162332812819435e-15 -1.9903386435947e-15 7.390055415400042e-17 9.436860769273719e-16 1.611734292047791e-17 -6.411159941389366e-16 -2.181848634760082e-15 1.756624469376511e-15 2.324529964980064e-16 -2.671208569369778e-09 1.27241994724841e-15 2.67581150405579e-16 2.600350708412129e-15 -9.020564872805608e-17 
6.011374689620585e-16 -8.553534453658729e-15 -2.16190065270524e-15 -8.274636807931869e-16 -9.069144096121512e-15 -6.987591544572601e-15 7.632891508966513e-17 0.007433045778300392 3.712548632215477e-16 3.649021438041127e-16 0.0352135618728192 2.188977783386166e-16 1.709046199724248e-16 0.1263198731010018 4.113777644332792e-15 1.093872670085849e-15 0.3232402484290307 -3.818779578213652e-15 -4.891706802846145e-15 0.6223898211045414 -2.27595880620423e-15 -4.463446648513073e-15 0.8007116193386107 2.50147740533439e-15 -4.510288988041314e-15 0.688767836916016 -3.462644971197832e-15 1.8804908430329e-15 0.61017685948155 -1.942985382220569e-15 4.205129503547386e-15 3.25864987517245e-17 7.060496984852122e-17 -2.38396469872764e-16 0.009219847531631607 -3.629604282123339e-16 -8.998884361812184e-16 -7.975396791022076e-16 5.894486097573573e-15 0.1357761326638845 -2.383836993531969e-15 -2.449431277289001e-15 2.085139088902626e-15 -3.119035036284328e-15 0.3874744259386533 -9.614711778331602e-16 8.049349984786547e-16 2.393973856834944e-15 -1.240386786529882e-15 0.4963088280669235 -6.037244428988792e-16 5.206838517470789e-14 -4.515488384345667e-15 -7.439258439585948e-15 -1.862568485351885e-14 0.01678046850285599 -3.35967384532035e-15 -1.880875251911855e-15 -9.270368776829847e-15 -1.330186897086665e-14 2.39565480553352e-15 -4.073133586820842e-15 0.07714057409467609 -4.617620300843614e-15 -1.466894072945073e-09 -1.602965483192901e-15 6.793262866805658e-15 -5.551301497223978e-17 -1.457227721987535e-16 0.2254867214739763 6.245199619471287e-16 -3.441808316503806e-06 4.596944550863838e-14 -1.050083068788481e-14 2.801580384448098e-15 4.651962428808742e-15 -1.023509254847866e-14 0.002609109628998102 1.747095451742917e-14 -6.42281818787546e-16 3.357451229303369e-15 1.231710026563043e-16 7.841120963488092e-16 5.377723565923639e-15 -2.142449444543366e-16 1.040874147787707e-15 0.07756021857458058 7.563655450095239e-16 -1.704565382145191e-06 -2.116470945413513e-16 4.121622382544749e-15 1.2419544622236e-15 -3.209240688067481e-15 2.754742818325648e-15 -1.475904358442377e-14 1.082487829498083e-15 0.001914525941888936 1.836377177788205e-17 1.17906655026914e-18 0.01280671282600106 4.155690855614377e-16 -4.859023236993958e-17 0.0514391829258191 -2.060559018508767e-15 1.248579455671329e-15 0.1291259275397169 -8.032209024824596e-15 3.378799015690535e-15 0.2861115967683518 -3.547512003837695e-16 1.22562365551273e-15 0.7091736249087333 2.494534113252394e-15 3.014084159759558e-16 1 6.24501329950431e-17 -4.284774716237466e-16 4.950751817067453e-15 -1.309120834056433e-15 -1.701693776206403e-15 -3.757630532670405e-15 2.73862038119013e-15 1.930791955046932e-14 -2.079921358270376e-15 -6.155236903478844e-15 -5.407483823159374e-14 -1.049833702113595e-14 -1.437739828254176e-14 -1.365770437418397e-14 4.449568845888487e-15 1.099121567545752e-14 -1.003885181721449e-14 -5.64826475217336e-15 -3.993337274549183e-15 -1.401659156642707e-15 -2.106040588275365e-07 -8.458523877444955e-15 -2.150867193772696e-15 7.201815879202989e-16 -1.749242851181316e-16 -9.10429556866578e-16 -8.628086957987109e-16 4.808747067085365e-16 -7.999045967545113e-17 -3.476469606510745e-15 1.003744235339931e-14 -2.050661431557776e-15 -4.286938405614742e-15 1.445719561857055e-14 1.771546938438192e-15 1.198477924523711e-14 -3.46945062190375e-17 2.386981307310859e-15 2.636782393758268e-16 -6.34909671667743e-15 3.130176542125094e-07 1.61329425499197e-16 -5.06411497140606e-07 9.411919093260819e-16 -8.805334814934432e-16 6.995367334953236e-16 4.015202104053278e-16 -2.975110028836201e-17 8.692054931166049e-16 3.150414208498595e-17 5.248008074614292e-18 6.239905529416038e-17 2.75474343849051e-15 1.307982530581003e-15 5.4192802889162e-15 -4.043644149187716e-15 2.220448576541896e-16 -1.801128607327209e-07 -5.620509155042729e-16 -3.789159471549174e-14 1.70696963051682e-15 
2.448945993864925e-16 1.44708023654075e-14 -3.325467242716942e-15 3.882313873407069e-15 -7.813202947385565e-15 7.369237557434143e-15 3.136424510957182e-15 3.703360964822243e-16 0.007433045778300437 3.810122227823026e-16 2.091385982660173e-16 0.03521356187281913 -1.143054180530692e-16 4.065015617324e-15 0.1263198731010051 -2.319597969623614e-15 -3.801215490664573e-15 0.3232402484289972 7.42462169996249e-16 -2.348817243597999e-15 0.6223898211045453 4.177217073307266e-15 2.515355227278014e-15 0.8007116193386282 4.302121803977914e-16 -3.469584139476822e-15 0.6887678369160241 1.915186246040907e-15 -2.029725801069713e-15 0.6101768594815573 -4.191251188354205e-15 4.990516354341159e-16 0.009219847531631773 -3.713991417469909e-16 7.336088529808562e-17 -5.538470170230164e-16 -2.293306048446426e-15 0.1357761326638911 5.846022226372072e-16 -8.027438531909764e-16 7.268496477299535e-16 5.748877657886569e-15 0.3874744259386745 1.181347530428059e-15 2.105955785297645e-15 -5.037640596170549e-15 1.533539953998143e-15 0.4963088280669242 3.573701790561656e-15 2.414791020807445e-15 7.35572309738872e-15 -2.829054086824792e-14 5.43185670514119e-16 0.01678046850282087 -8.015295459035843e-15 -7.437306874302379e-15 -6.140925424734059e-15 -3.087864169476375e-14 1.466895092963136e-09 -6.24500890651023e-16 0.07714057409466575 3.771291489671467e-15 2.352286688127109e-15 5.155601797269731e-15 -8.179226942880876e-15 3.441808310938587e-06 1.117176017932301e-15 0.2254867214739655 -1.637646392328867e-15 -6.071736012588778e-17 -8.604497253493865e-16 5.3432182773097e-16 -1.758739791266331e-14 5.86683892272649e-15 2.870318850537142e-15 0.002609109628995926 -2.10187917821475e-14 4.665609833254953e-15 -9.95645239414285e-15 2.021214479838804e-14 -8.564986347160215e-15 1.639388697326884e-15 1.704565388713015e-06 -2.380076365305584e-15 0.07756021857458538 -1.43640632394705e-15 -1.769472415736232e-16 4.413288868129012e-15 2.640306660714382e-15 6.15858348870332e-16 2.582082134182875e-15 9.625553658333689e-15 6.467053667630107e-15 6.605831644952253e-15 5.134787142676873e-16 -1.082487829498095e-15 1.837393622720573e-17 0.001914525941888947 2.507210480457392e-18 4.157859338390263e-16 0.01280671282600096 1.101248201575358e-16 -2.068411866486795e-15 0.05143918292581754 9.926051513247446e-16 -8.027818002937036e-15 0.1291259275397173 5.20184305244818e-15 -3.608227368206022e-16 0.2861115967684627 5.257950554342544e-15 2.452900720541711e-15 0.709173624908722 5.636120538163401e-15 6.24501329950431e-17 1 2.731327040775694e-15 5.326502673051527e-15 -3.933705089340014e-15 -1.309595172840693e-15 -1.321953392234321e-15 1.789639574918507e-15 1.484403922583659e-14 -2.532004166650563e-14 -2.150538205944565e-14 -2.08407521076582e-15 8.824544529838958e-15 -2.195467575577346e-14 -5.440096647448298e-15 1.870033222560562e-14 -1.365857173653332e-14 1.149081638797814e-14 -1.346146636267375e-15 -2.106040425072447e-07 1.651459798420632e-15 -3.948234420883594e-15 1.382229660694875e-14 1.484815919698871e-16 6.901832597165398e-16 -3.302482140491145e-16 -1.114113383631734e-15 -1.804732018589335e-16 5.696063407903269e-16 -8.178447671972119e-16 -1.516843274403463e-14 2.301234282409584e-15 4.805534353559404e-14 -1.281224292534928e-14 -2.046107779230159e-15 -1.155760328878498e-15 6.224192210155414e-15 5.064115041142014e-07 1.259410195572458e-15 3.130176674033632e-07 -1.214308115211543e-16 2.012281300499756e-16 2.714844633400494e-15 6.314400131864965e-16 9.933018364138902e-16 -1.657221127060153e-17 -7.762638905668287e-17 8.62375014625109e-16 -4.154767291548563e-16 4.119956859911473e-16 2.039216314322739e-16 -5.133527256097703e-16 1.769622478229093e-17 1.982790774681793e-15 3.630605621025211e-14 3.781700073571524e-15 -1.801128621968316e-07 6.827879372866403e-15 -4.040174699038287e-15 2.77556007656434e-16 3.131178339122983e-15 -1.828400396915394e-15 
-0.1565143299513475 -0.330122813921927 -0.5183138201159291 -0.6104480712341861 -0.4933016417605879 -0.2566387149457695 -0.08230723382907065 -1.6868193332227e-16 -2.643753960644626e-16 0.0005561439711905761 -1.57911347937359e-16 1.319745485903969e-15 0.003224232189115596 1.190002471478574e-14 -5.802358258529378e-15 0.01714968511296715 2.896991393764597e-16 2.033965514484189e-15 0.07187751121071957 8.380892036019368e-15 1.224455915886002e-14 0.2316948426513761 -2.884853382725754e-15 2.46678383056887e-15 0.4597649049992097 -3.729804431849735e-16 4.945894155908648e-15 0.5010748551064174 -1.460709233783009e-15 3.02550701154107e-15 0.4714631013728474 -3.319477759700683e-15 -1.385894625685015e-15 0.005825929868639701 5.781876299376328e-17 2.8420011602038e-16 -2.395981018368247e-15 -1.770287255889971e-15 0.09438519614555813 -2.894389305685864e-15 2.184756518617682e-14 -3.289798281540819e-15 1.856156166038393e-15 0.3052229365712413 2.863272674585691e-15 3.783436124518407e-15 1.961596144739988e-15 -1.311481851339249e-15 0.4782322243227305 -1.02698049734502e-15 9.342119013530604e-16 -5.072467131568666e-14 1.457635531256743e-14 -2.949271680069016e-14 0.01476070122651915 -2.016905574520928e-14 1.906419830515857e-14 -7.693778135477619e-16 3.190159983930428e-15 -4.052752181845261e-15 -1.342677448372047e-15 0.07111660244699873 2.730566177103562e-16 -1.021753252053406e-15 -8.33535547731728e-15 2.481214603074522e-15 -1.275038353146709e-15 2.629930129224034e-15 0.2411720103660825 -7.074442656316351e-15 -6.557462205831639e-16 -1.859718269180824e-15 -2.757268750742211e-14 2.117666014333689e-15 -7.599560862978851e-15 1.053363201185757e-14 0.002596872948318976 5.277983300597702e-15 -3.329436748298803e-14 -1.430736445748028e-14 -1.198673557304408e-14 6.403593580239357e-16 -3.894540609981989e-16 -7.442078472282629e-16 -2.949121864627964e-16 0.08776082199272979 1.401700274481991e-15 1.132813984239662e-15 1.170964325941133e-15 9.967952740661587e-07 -3.245293859246592e-10 -5.047356981614928e-14 -1.14762492602305e-12 -1.543229103298014e-08 -8.426120262249008e-07 -2.69981210880444e-06 1.199405496722392e-18 2.44624510913438e-18 0.001914511185378122 -5.47698022585117e-17 1.102321514856447e-16 0.01280671791431817 1.249195745383016e-15 9.920837728332654e-16 0.05143920336346596 3.381551524183841e-15 5.17967316039258e-15 0.1291259788436236 1.237550379498434e-15 5.232799125324151e-15 0.2861117104452265 2.515351808998147e-16 5.674286736022624e-15 0.7091739074177837 -4.284774716237466e-16 2.731327040775694e-15 1 -1.321986740031007e-15 7.816530285314402e-16 4.842485913588473e-15 1.300334965879083e-15 1.91683766960845e-17 -2.10634286543113e-15 2.163094135366295e-14 2.384900459968177e-14 9.867849829925257e-15 -1.418571683982556e-15 -1.365987820734688e-14 3.207333765227548e-14 -8.673904483499363e-13 -2.459580387813424e-14 -1.612774190887668e-14 -4.003746998621402e-15 5.048052165942052e-15 -1.890686357238411e-06 2.036568124679027e-15 3.356696104559413e-16 2.220440023085185e-16 -7.766764927301672e-16 4.281879081455013e-16 4.777433711632835e-15 -4.958906908691292e-18 9.842533681331074e-19 2.32435413943847e-16 4.22600787972077e-15 -5.141075520565471e-15 1.306237373238398e-14 4.288588098002246e-14 1.085343473531661e-14 3.591098388632523e-15 -4.004369606640789e-16 4.692433830505388e-16 -1.902993847747509e-15 4.169088555591133e-15 -1.328269385726742e-06 -1.041702931946004e-15 3.901398087161128e-15 1.221247104131546e-15 -1.086437417787123e-17 2.746537000894863e-16 -2.422652950566037e-16 -5.832145898978032e-17 5.967455326074025e-16 -6.375853902286494e-16 -1.080087310670401e-17 1.95650400149395e-16 5.127731348828244e-19 -4.219720451203726e-16 2.568261148429554e-15 -3.079463012215046e-15 -3.538840558481401e-15 -1.061719037627835e-06 -3.302917854582626e-15 1.564288933418698e-15 -1.108489614215793e-15 -2.183065838428562e-14 
-7.844048344877935e-18 -6.185317807494886e-17 -5.026268945053713e-15 -6.110876851347175e-15 -9.119580241416676e-15 -5.660739158159061e-15 -2.318934710262062e-15 8.413994443511037e-21 5.914286999543769e-21 8.092444232303737e-21 -6.57233151833344e-18 -1.379488193132777e-18 1.359885794203999e-18 -1.605598861821912e-16 -1.960893184294953e-17 -3.732479798834607e-17 6.403238738396267e-16 3.034432006068645e-15 -7.73712420087563e-15 2.053870248169815e-15 2.417142351210028e-15 -1.095543944890262e-14 1.771207448749453e-15 2.735067414012837e-15 -8.643048646139452e-15 1.149298090671992e-15 1.144279225543678e-15 -3.93324295048578e-15 7.525107225175483e-16 5.920673198155917e-16 -3.86829133098136e-15 0.0001690417663941292 4.116985868671655e-18 5.464459364208743e-19 6.187715261252153e-17 -5.123811411466256e-20 0.02168425177872212 4.639126607279834e-15 -5.900555177385858e-15 3.862510897062331e-15 -1.379393154604145e-18 0.02099908922630248 5.181835873136311e-15 -1.431134007656933e-14 3.167310305755275e-15 3.110305030632891e-18 0.004456611162321073 1.274604847053037e-15 -4.660919994664805e-15 1.148011235338583e-15 9.207861998801888e-19 5.590878026044556e-17 0.03819377323168275 5.205832306574256e-15 -1.146015460602922e-15 -1.470750740162989e-15 -9.664645928173445e-18 4.075414322420215e-17 3.688053450168843e-16 0.06295323449887803 1.179116618801216e-14 -1.279921162822956e-14 8.971999982182107e-15 2.175180608552472e-18 2.142976415907967e-16 4.70226239975985e-17 0.006815002494221531 1.341076807184581e-15 -2.348843310086801e-16 1.358767671780128e-15 -7.170352863364854e-19 2.320604729136089e-17 2.095559511507577e-18 1.966914265061018e-16 0.07533146514401294 2.079289702656855e-15 2.480984278222432e-15 2.311912478543667e-15 -7.049855219999822e-18 -7.04036845099013e-17 -5.622432650307882e-18 8.206001381453984e-20 7.187755512729706e-17 0.007576203430948977 1.019560181168296e-15 1.010900975142142e-15 1.169417099196899e-15 1.617040578550941e-18 6.922268613228809e-17 -3.390063122157988e-18 -4.472321007524597e-16 -1.613298423076582e-14 -3.176063199332647e-14 -1.671241406309518e-14 -1.06446740571017e-14 -5.014620800549344e-15 -4.817132434849402e-16 -7.384535001971508e-16 -1.626297546022234e-17 -4.546665057007063e-14 -3.263478949867774e-14 -8.876029071363455e-16 -4.277254258702024e-14 3.456050596498205e-16 -8.173003391682505e-15 1.74102311411598e-14 1.915882478164906e-14 -1.600009704331883e-14 2.748726268300373e-14 4.363927296783696e-14 -7.839940024628636e-15 1.270974970255431e-14 1.072948831579409e-14 -1.762813629619091e-15 4.950751817067453e-15 5.326502673051527e-15 -1.321986740031007e-15 1 6.042455007148883e-15 -2.891049551009988e-15 4.625548391202521e-15 -5.148118022647451e-17 0.6044455866508323 5.519000715965368e-15 3.848917712324768e-18 6.62731156371277e-15 6.187406273105951e-17 0.23534858980161 4.25647608522546e-15 3.467969726494838e-15 4.525387023122495e-15 1.746920750417789e-17 0.02525933947406712 4.684690557563767e-16 7.632622611657342e-16 5.79496257122514e-16 -1.169753365666641e-17 1.497651225430641e-14 -7.99769321949396e-14 3.692672850203802e-15 6.145250078595469e-15 -1.432800673041051e-15 -1.43198066573889e-17 7.022291709104881e-16 2.182897417512457e-14 -2.878600136036922e-14 -7.567846360432006e-15 8.319022283111953e-15 5.319143292060654e-15 8.049523504350237e-17 7.642581771434787e-15 3.273351514246423e-16 -5.599362413653694e-16 -3.142069737225809e-17 1.689044140610005e-16 -7.911120887381497e-17 9.438066296576499e-19 2.483145727414131e-16 -8.967050768638823e-17 -3.823141993505996e-15 -1.283305059441159e-14 2.918589040581247e-15 2.230792411116871e-15 -1.009408665281075e-15 1.230181683499785e-16 2.860532062342856e-15 -6.180454435482264e-15 1.557524534433611e-17 3.977285888770117e-17 -7.941781408527018e-17 -7.098074119145416e-17 3.225545217096151e-17 -6.263111209221064e-17 1.783004715356294e-18 1.036048436253294e-17 -2.922137519365692e-17 
1.374604094332679e-16 1.557441597699392e-16 2.934875988613172e-15 3.617125455217834e-15 2.52287163413745e-15 2.629970834321886e-15 1.582593118528539e-15 -8.673672109347485e-20 -1.970662748712004e-06 -5.436451326772439e-19 5.78639502030077e-19 -0.0004116740016484075 -1.106956194995892e-16 7.107597058966421e-17 -0.01496512892544182 -1.359667451328303e-15 -3.539843330806034e-17 -0.03651028925896463 -1.476378427064815e-16 -4.920291581029673e-16 -0.02004303423705009 3.456741461660513e-15 -5.300436031803687e-16 -0.005010098841670848 4.606158188048156e-15 -2.503054687764564e-16 -0.001273190543726767 2.664343336582477e-15 -1.504767852314116e-16 -0.0007663278051026607 2.638911833786666e-15 6.780756571091008e-18 -0.002762427071817376 -7.387449961858973e-18 -1.625803148238202e-17 6.488592494866348e-18 2.285172601311293e-16 -0.0817271427803611 5.627646243978023e-15 -5.634848035732758e-16 -1.543632843076792e-17 4.032399881950686e-16 -0.01887720674872688 1.080235359016125e-14 -9.663561744571382e-16 1.468094467645277e-16 7.329021978170414e-17 0.002198741163234541 2.820135313431917e-15 -3.482574782624977e-16 3.676452793100226e-17 1.009570099503112e-16 2.206029019092996e-16 -0.128916608813042 2.408211654317136e-15 5.265335735843837e-16 1.891322927265521e-16 -1.163090056632673e-17 9.080193194622839e-19 9.343318685677921e-16 -0.05245799448391796 3.018193537450943e-15 -1.44400271024338e-15 2.824278896693367e-16 -6.666947027916086e-17 -6.888838663174263e-19 1.239375378785418e-16 0.00589997317652647 4.893827154921332e-16 -6.087363189534624e-16 8.012286971875243e-17 -7.487641381433003e-18 -1.423343576654561e-17 -2.908406209010942e-16 -5.517726143137672e-16 -0.1746558948027153 -9.16540470906299e-16 1.004466097338688e-16 1.247781175259639e-16 -3.245766726408232e-17 1.669501939038571e-18 6.21511956242436e-19 -5.40926645995919e-18 1.268314475160765e-16 0.008018282249197244 -7.556274687960918e-16 -1.975897191956068e-16 5.621736018699736e-17 -1.569918673500312e-17 -5.512874528628578e-19 1.296058191203985e-15 2.295435061917822e-14 2.053410135612776e-14 7.989374002660405e-15 6.270631447658316e-15 2.84036132102883e-15 1.507047959585993e-17 -3.733773900311886e-11 -6.522537357913073e-16 -1.144342574521706e-15 -4.541152932072824e-14 -1.05770917023645e-14 -8.124452482232234e-15 -9.321579966250853e-14 -8.832616899030926e-15 -1.604776699879755e-14 -5.139205033756822e-14 1.379762376265873e-14 -7.950311805787556e-15 -2.543625032826143e-14 6.633379284230464e-15 -1.724319793831e-15 -1.991549286628455e-14 2.224555853126117e-15 -1.309120834056433e-15 -3.933705089340014e-15 7.816530285314402e-16 6.042455007148883e-15 1 6.650037192989636e-15 2.147838471039054e-15 1.990968836092825e-15 5.499031067201375e-15 0.6044455866507504 7.07177643267463e-16 -6.870128381119778e-15 4.767663857026216e-15 4.270020142051989e-15 0.2353485898016197 3.267446534693522e-16 -3.034580660350664e-15 2.055735410459611e-15 4.685543688906272e-16 0.02525934084643643 1.042673338838275e-16 -2.252353299020648e-16 2.728024091046473e-16 -5.586127759397871e-16 1.072232209924677e-14 -1.333273769166628e-13 -1.109690452659985e-15 -4.318570085355453e-16 1.096837574718354e-15 -2.397320504681348e-15 -2.831258448175262e-16 1.944032855837226e-14 -2.95943825001731e-15 -2.389181788607738e-15 1.386912266076833e-15 3.597735174014324e-15 -3.979745339160256e-15 -8.35937111859455e-18 1.811115354953888e-16 5.355960469719891e-16 -2.335373071636695e-16 -2.7796295154646e-17 4.209076871523196e-17 -1.150396087373748e-16 8.142460488717288e-16 -9.41828004272018e-16 -9.475483527728044e-15 -3.159798811494355e-14 7.882539468828613e-15 -1.191618740064971e-15 -1.341639129286589e-15 4.270698628678768e-16 1.497567485636637e-16 1.463842669353995e-17 -2.665358798477864e-17 2.33883810766767e-17 1.705450389407056e-16 -6.527304903733576e-18 2.059751643049138e-17 4.291705055359319e-18 -4.384962880446213e-17 -2.685095275559547e-18 
0.003361394517685571 0.02406809080929624 0.03000929123474991 0.009075310822233243 0.001681820785477941 0.0002099574764208044 1.82678914225954e-05 5.417883512556684e-20 7.93057368151354e-19 3.08678034420686e-05 -9.800860562056671e-18 -1.048931456381416e-16 0.003915104217646224 -1.896639250149784e-16 -6.476932722388452e-16 0.06095627167148138 -8.622653525035025e-16 -7.855248027568386e-16 0.04593008561711097 -1.617135824494898e-15 -1.051201771041207e-15 -0.00196445317382703 -9.797960711216342e-16 -6.921694350974556e-16 -0.003563239265653937 -5.033227129707047e-16 -5.372159350714112e-16 -0.001189905414776109 -3.977731536400335e-16 -4.330732603973664e-16 -0.0007528883373698072 -1.60277763060785e-18 4.386054908390834e-16 0.0132059517330183 7.307829185510822e-18 -4.574364777207307e-18 1.360690667128938e-16 4.874437442225189e-16 0.04819076407178898 -1.946630790589871e-15 -3.192297771613434e-17 4.195667600528675e-16 -1.395232673398914e-15 -0.006928226931891378 -3.470304155966081e-15 -2.167387939102401e-17 9.508509909913068e-17 -6.523045610494804e-16 0.00182746969592613 -7.473848746252823e-16 -4.137184728808801e-18 -4.195862407520034e-17 3.604607999348185e-16 -1.782953531994048e-15 0.1070873935846673 -2.130944948153988e-15 2.561427632497687e-18 2.153475389276269e-18 -1.070073662932083e-16 1.270232630559723e-15 -3.756475924606734e-15 0.0009462529757339001 -5.287797990833667e-15 -7.37664053106041e-17 -7.494124000880285e-17 -1.356802622654822e-17 1.747017802842859e-16 -7.223395591334614e-16 0.005700784781988025 -8.304041864565173e-16 -1.02968469470844e-17 -1.545255666809727e-17 -2.218167530622822e-19 -2.542284687889879e-17 3.754126255197641e-16 -2.020722456552034e-15 0.1125075572447395 -1.76700411335547e-15 -8.563503096744365e-17 -8.839169969427832e-17 8.732486169720776e-18 1.731731001208898e-19 -1.57830977056731e-17 1.795693210371257e-16 -5.357271843105479e-16 0.008170746409598773 -2.249530946114125e-16 -7.640495557113956e-18 -1.908384294179083e-17 2.987741872166065e-18 4.527850406452189e-09 1.356206813519353e-14 6.949302244765549e-15 4.130376597316371e-15 2.036566170606594e-15 3.252665468847696e-16 2.569570981452601e-17 -1.610047640277269e-16 6.620234815101709e-10 1.321824274663044e-14 1.117887174498455e-14 -2.473651302239973e-14 -2.064783929916077e-14 -1.230573658584585e-14 -1.19133869436227e-13 -2.582379415964827e-14 -1.20096261494641e-14 7.54812878867388e-14 -1.299527095633976e-14 3.126296964363886e-16 3.289729599843942e-14 -6.987981157384013e-15 -5.219186628107022e-15 1.747560429711543e-14 -1.701693776206403e-15 -1.309595172840693e-15 4.842485913588473e-15 -2.891049551009988e-15 6.650037192989636e-15 1 7.546031926848374e-15 4.90318574045494e-16 4.834864062929955e-17 6.593168936158522e-16 0.6044455866507882 -1.431482292728613e-15 3.098107707878923e-16 3.531307462158604e-15 3.124636779786322e-16 0.2353485898016651 -9.062380091688925e-16 -2.210959280241882e-16 7.57718558253634e-16 1.072987731347072e-16 0.0252593632416658 -1.565878447299729e-17 -2.814184346191983e-17 -1.228989749324908e-15 3.129320488173074e-15 -2.693457770832604e-14 1.262184801121307e-14 -1.817446381202479e-15 4.374342837419284e-17 -3.127829246964731e-15 8.239123359263889e-16 1.544910168761349e-15 8.765828774657293e-15 3.567979245390589e-14 1.495854086214467e-14 5.964806014567562e-17 -4.435999636199345e-15 -1.548071844279003e-16 6.126303755377076e-17 1.136989634633577e-16 6.490038628977939e-16 9.730294138397128e-17 -2.885841765531833e-18 -1.134651856887792e-16 -1.003856332878426e-16 -7.411668122748367e-16 -1.558970836276398e-15 7.040841201258391e-16 2.494705830802018e-14 -3.220253496814689e-15 5.004812224069022e-16 -6.643256872919458e-16 4.700561695188738e-16 3.786238127539017e-18 -8.937045375390856e-18 -4.975048325830504e-18 2.16034953297798e-16 -2.107147838307358e-16 4.853235148828152e-17 5.790318401033971e-18 -1.306813128444713e-17 4.156053147968967e-17 
6.089627287781504e-18 1.275885199054032e-16 2.622741396169463e-15 2.008838585954352e-15 2.242762604398383e-15 2.260668690356744e-15 1.162238248994723e-15 -1.970662748711974e-06 -8.741538306086895e-20 -3.685854429668541e-19 -0.0004116740016483718 5.626885919004769e-19 2.885000161124785e-17 -0.01496512892544146 7.548890636574513e-17 6.284341286071483e-16 -0.03651028925897194 -3.484058270295102e-17 1.704293380596027e-15 -0.02004303423705056 -4.956600177784723e-16 4.814239133752816e-15 -0.005010098841670733 -5.302603381164111e-16 4.463229061847873e-15 -0.001273190543726608 -2.500485960591349e-16 2.33492369787811e-15 -0.0007663278051024802 -1.499405345694987e-16 2.047057356953789e-15 5.835943840520336e-17 -1.617515491587309e-17 4.862676315952042e-17 -0.002762427071817512 8.57707045014214e-19 1.602429635110594e-16 -5.478060913707061e-16 7.763229094565226e-15 -0.08172714278036976 5.807202299840531e-17 3.946455683740742e-16 -9.714976644568915e-16 8.924479408995518e-15 -0.01887720674872762 9.417450096716821e-17 6.151205273553571e-17 -3.482652076117741e-16 2.733439722826242e-15 0.002198741163234558 3.089120696371871e-17 1.561808689471336e-17 -4.729323757700925e-16 5.226486569718378e-16 1.383937526070748e-15 -0.1289166088130443 8.241156767731122e-17 -8.358436420212553e-17 -5.494623319534293e-17 4.056466195390735e-16 -1.432951047864045e-15 4.439942151072836e-15 -0.05245799448392054 2.701780991861317e-16 -1.195205840230735e-17 -6.829238984992204e-18 1.539115852902326e-16 -6.106920764345899e-16 2.264540532283627e-16 0.005899973176527007 7.577465211888151e-17 -1.859171129224519e-18 7.559980812483068e-18 9.320027595733348e-17 5.76791320597718e-16 6.288389474902203e-17 -1.42256790623335e-15 -0.1746558948027226 9.330766716190677e-17 1.690842934144749e-16 -8.406418189696621e-18 1.309333697841487e-18 -1.325564368142436e-17 1.172342679760042e-16 -1.987974127474649e-16 -8.442640080904107e-16 0.008018282249197454 7.94311360488241e-17 9.617997221589286e-19 -2.154814985194936e-19 6.785582359970686e-15 2.166538204334218e-14 1.89805177817454e-14 8.32833922405965e-15 4.509928771072605e-15 2.408965763357179e-15 -3.733773358208368e-11 1.160101666731693e-17 -9.111603051180622e-16 -4.163571944559845e-14 -1.095770219989914e-15 -1.198621796231738e-14 -1.281186528396087e-13 -8.103871159874737e-15 6.44501619337245e-15 -5.779491468740018e-14 -1.606875732226432e-14 1.593033689209069e-14 -2.866630544052803e-14 -7.999595994308529e-15 2.499289253135775e-14 -1.907328461868445e-14 -1.716897244114095e-15 5.552575831482695e-15 -3.757630532670405e-15 -1.321953392234321e-15 1.300334965879083e-15 4.625548391202521e-15 2.147838471039054e-15 7.546031926848374e-15 1 1.507069633587073e-15 6.563855243436646e-15 -6.634643057387459e-15 -1.550393013028777e-15 0.6044455866507928 3.954190778658341e-15 4.531258655512527e-15 -3.029713185519091e-15 -9.444963698139848e-16 0.2353485898016444 1.974245758736082e-15 5.875385933386961e-16 -2.263451551057369e-16 -1.990312648746046e-17 0.0252593408464371 2.919244037956496e-16 -5.476111791633779e-15 -1.70824597249398e-14 -4.907936040189104e-16 -3.225166213460828e-15 -1.559204154677973e-13 7.030221082309816e-15 9.389866851898464e-16 -8.58895474274307e-15 1.734951666653415e-14 1.389375861403935e-15 -1.184423491969877e-14 -1.696559559505877e-15 9.969739995996501e-15 -1.697123683448864e-16 -1.417753132187448e-16 2.651488549762895e-17 -2.758120165582008e-17 -1.96834815142221e-16 7.774816301287898e-16 6.508475271523425e-17 -9.437644442535566e-18 1.910885886064527e-15 -1.420165585137532e-15 -9.394694283743726e-15 -1.323134991451542e-15 -2.847847612434099e-15 -3.007403354129753e-14 -3.124803605571045e-16 1.264318557186594e-15 -8.435105309653537e-17 1.810543920713805e-17 -7.471731193408539e-17 3.765773722365545e-17 2.053949466094606e-17 -6.983710276938018e-18 9.096458211777142e-17 -6.426863789912572e-18 1.387376556391438e-17 -9.179722412895019e-20 
-1.347479750323456e-18 -6.994374561955071e-18 -2.138249972049721e-17 -1.237345730367268e-17 1.914972801717034e-17 -1.233978871707352e-17 4.017361992108326e-17 1.458398752959295e-21 -4.996532232192205e-21 2.817318564723255e-21 -4.216034167900335e-19 3.226671303326707e-20 1.075915683904462e-18 2.554998123032292e-17 -7.38316268474387e-18 1.368635836173883e-17 1.392354029246761e-15 1.167407912960659e-15 -2.061339380438935e-17 1.233600999248332e-15 1.296692248455444e-15 -1.116728238925112e-17 1.166842450208121e-15 1.126000143826171e-15 4.312418709241181e-17 6.394343352505623e-16 4.339281142635977e-16 1.918410484800979e-17 2.390814995708377e-16 2.294384113524378e-16 2.021434819319086e-17 -5.000000002887103e-20 5.147830329229679e-19 1.021284953938656e-18 2.562259220431726e-19 0.0001690417663941454 -1.744040838397392e-18 3.046892707755589e-15 -1.295079495034423e-16 2.297315983280329e-15 0.02168425177872247 3.921762555683658e-18 2.508247520757301e-15 1.325572694914657e-16 2.493346517120519e-15 0.02099908949950988 1.01392708130841e-18 5.976459912296356e-16 -2.798729143786035e-18 4.330540514586487e-16 0.004456782384125275 1.008579070954861e-16 -1.248907729079455e-17 1.508348838625826e-15 -3.214998254599472e-17 2.172171947520886e-15 0.03819377323167972 7.906417287910312e-17 2.245450461867372e-16 7.172674997352124e-18 4.779190281388921e-15 -1.511174540545151e-16 4.957334862724423e-15 0.06295323449895479 2.683137796704973e-16 3.364582498632543e-17 -3.269586140525814e-19 5.893577916168023e-16 -1.80154258451816e-17 7.271114760929168e-16 0.006815129396075453 3.85126952647475e-17 -4.5582654540027e-17 3.483982037329446e-16 -6.033415683294206e-18 2.162373470387203e-15 1.703213850339586e-17 8.35199473464908e-16 0.0753314651440195 1.076862631997849e-16 6.052897441080698e-18 -1.843883216218309e-17 6.742270316526575e-17 2.368338034480897e-18 4.911481934306898e-16 -2.661478085773874e-18 5.298053988495297e-16 0.007576351145528738 1.000676177806126e-16 9.790077382445341e-19 -6.313746367249682e-16 -1.221760323120157e-16 -3.177254466469732e-16 1.626574309671243e-16 3.380001616730052e-17 -3.041919852011782e-17 2.075172514135031e-16 5.31261510933213e-18 1.533124249114742e-19 8.837818490997646e-16 -1.446983622129309e-15 -2.799395051271022e-16 1.568304729073427e-14 2.581095314016583e-15 4.179133506811949e-17 2.131067217360061e-14 1.354856981814429e-14 -1.377673677721287e-16 2.335514797509407e-14 1.242479426636505e-14 1.253540999301101e-16 4.067818131016555e-15 5.393336602065153e-15 1.317305639579248e-17 2.73862038119013e-15 1.789639574918507e-15 1.91683766960845e-17 -5.148118022647451e-17 1.990968836092825e-15 4.90318574045494e-16 1.507069633587073e-15 1 8.205377566645524e-17 4.709089834657271e-15 4.015342745801429e-16 3.9100370687001e-15 0.604445586650863 6.098637220232571e-18 2.008396433103415e-15 -2.045889499480918e-16 1.966995156707663e-15 0.2353485898016337 -1.084541204785282e-17 2.750181159530413e-16 -2.486891575610522e-17 2.887125246386272e-16 0.0252593530602322 -3.865743683008911e-14 -6.005863289707024e-17 2.359369193479658e-15 -9.655450326741895e-17 -9.062948715493779e-15 -7.908409170590533e-14 2.03965412996708e-14 2.554594448305843e-14 1.005097765541798e-16 2.732758680804934e-15 -6.376464026932712e-17 -1.701533336972181e-15 -3.689800201491098e-14 2.880611331067063e-14 5.946512210049983e-16 9.656176105451495e-20 -5.594146211762923e-17 -1.522119243896273e-18 -1.642482120893571e-17 -3.868162990164031e-16 5.57574881699793e-16 2.154017516832251e-14 3.610259614931205e-15 3.267056370142207e-17 -8.202321365896093e-16 -1.772317974549252e-16 -6.509600367800424e-16 -1.303276063457849e-14 1.712876127222753e-15 1.135659424032179e-17 -3.294840322771401e-16 6.35173119713558e-17 2.086665795638515e-18 -3.217031835549226e-17 5.824201077389633e-18 -4.266791759848835e-17 -8.407989551787689e-17 6.262326862060931e-17 4.201284721380389e-19 
6.993268812383426e-20 -3.190061604632859e-16 -8.646620745794075e-15 -1.576213119656647e-14 -1.768941556614191e-14 -1.138431908000328e-14 -5.664382151727614e-15 -8.413624204102965e-18 1.614065208832382e-18 -1.014319703262566e-18 4.739246533611751e-18 -4.51290661737337e-17 1.984042490312334e-17 5.677289150950657e-16 -2.165355026361667e-17 -2.37216659076345e-16 6.288155759985433e-15 9.286625288212177e-15 -1.717679817826263e-14 1.347359726586396e-14 1.312578520820899e-14 -3.162661108810191e-14 1.174713432991114e-14 7.524809973724986e-15 -2.111681124227746e-14 6.062443472139845e-15 3.411466205376258e-15 -1.283859115938003e-14 4.908311573395405e-15 3.246691593667913e-15 -9.638916818638312e-15 0.007468836807844763 1.212437352415598e-16 -5.571902337357733e-17 -1.023303282905086e-16 -2.83270895901031e-19 0.1094044591081966 2.103525686970447e-14 -1.942543348399791e-14 1.196135204773463e-14 3.036850285133459e-16 0.1122654142311724 2.626024402981074e-14 -3.464893338847776e-14 3.341424365848892e-14 6.281867484963653e-16 0.0279878683803953 7.147221269570793e-15 -6.511158645720442e-15 5.748352203733374e-15 4.024284650869751e-16 3.134851997130277e-16 0.1673106711675456 9.941266559957994e-15 1.773741201659918e-15 9.483407982516723e-15 -1.268462331699839e-15 -6.305719835177924e-16 1.611785114022639e-16 0.2675122571559865 5.857987706049457e-14 1.571616101156281e-14 5.570890970774236e-14 -1.298874202639863e-15 4.939625097875837e-16 -4.130033487823443e-16 0.04066303885217019 4.380537603919443e-15 2.142455803059383e-15 5.513132421268635e-15 3.580144902325762e-16 -6.72889393321762e-16 3.153727279326933e-15 9.687659813352251e-16 0.2437730783643772 4.84394425612413e-15 6.091156225243819e-15 1.371082067325699e-15 2.825430861498532e-16 -2.029626466893676e-15 1.392928741101255e-16 -2.247110241519913e-16 -6.551565297611716e-16 0.04245673624935608 2.021338911843802e-15 1.191041090657343e-15 2.761003882964233e-15 2.009094565652592e-16 -1.433670762794642e-15 5.441614285514716e-17 -1.731216521307541e-14 -5.557555284033529e-14 -6.031633525973898e-14 -3.762268275623833e-14 -2.215849913138422e-14 -9.717229666000848e-15 -2.427404316919864e-16 -2.645194431223388e-16 -5.339676942773744e-18 -6.742010730296093e-15 -4.866598170229522e-15 -3.531123989969942e-16 3.856551173245858e-15 2.058668516149671e-14 -9.396116366863538e-15 4.299349504884621e-14 6.301729971184045e-14 -1.253848641667708e-14 8.678648077968945e-14 1.021830189907459e-13 -1.028806217735619e-14 3.730783043672503e-14 5.14293468931518e-14 -4.465869406081522e-15 1.930791955046932e-14 1.484403922583659e-14 -2.10634286543113e-15 0.6044455866508323 5.499031067201375e-15 4.834864062929955e-17 6.563855243436646e-15 8.205377566645524e-17 1 1.616979120045629e-14 3.85928268509427e-14 4.525698392434751e-14 -2.478919847172299e-15 0.7370360838795253 1.710255743449896e-14 3.088761885152034e-14 3.15322854632795e-14 -2.116362640692628e-15 0.1394385962895955 1.061169924637305e-15 5.872479359188417e-15 5.706699597911585e-15 1.423341665179324e-15 2.288937472179541e-14 -5.261416302640074e-14 -4.863405685120343e-15 7.796045506753548e-15 6.01277349037052e-15 1.617273887511396e-16 1.143359631148616e-14 4.486125013138884e-14 -8.105321969158e-14 -1.781300801307588e-14 2.532018648569564e-14 -2.440886034961196e-14 3.192975397971513e-16 3.167431594787735e-14 -2.534099859445075e-15 -1.003537583517975e-14 -1.231220386521224e-15 1.555356839405912e-16 6.975759040927765e-16 2.469677463729504e-16 -5.899796632390121e-15 3.665280969360225e-17 3.985400131117201e-15 -5.843849709699579e-15 -3.603893950575971e-15 -1.94543139193574e-15 -5.611226827936461e-15 1.212993532115594e-16 1.518218254769567e-15 -4.015928045570545e-15 -2.178379495903901e-15 3.601313342966955e-16 -9.913945283219271e-16 -2.965632401955314e-16 7.773732956349249e-16 -3.528536740194595e-15 -1.257674774993537e-16 -1.994606903866719e-15 1.442206177130543e-15 
-9.984079714799996e-17 2.794531099582505e-17 1.669671345628457e-16 1.066247785386555e-14 1.707922635577556e-14 1.362843942588671e-14 6.816362481757271e-15 -2.227155212555151e-16 -0.003529945919214502 -1.031334135808672e-15 1.557563360753456e-18 -0.0247456368743312 -5.910821560813687e-16 -5.003847135905917e-16 -0.1128540757397841 -1.762912732461953e-15 -6.552917930505889e-16 -0.181696939644744 2.660198450411598e-15 -8.130161057791537e-16 -0.1077600966670544 3.476819530665154e-14 -8.809022597438531e-16 -0.03028705038613271 3.066126991762226e-14 -5.443380646914541e-16 -0.008154539179456379 1.986917594080926e-14 -2.616983702166001e-16 -0.004974941673118549 1.296569842433191e-14 6.905925131670008e-17 -0.0603761278380711 3.233889736301197e-17 -5.58945913832443e-16 1.399857735307452e-16 1.106699367565096e-15 -0.3079921954892809 5.555668772252405e-15 -9.439606214748454e-16 -1.79110198894679e-16 3.093770906994315e-16 -0.08162053407564533 3.24712048821819e-14 -3.763536798473606e-16 -1.792836740271804e-15 2.056281391396059e-16 0.01417511268579497 1.887412787848596e-14 -6.44091545103311e-16 -2.498168351233451e-16 -6.14818525951499e-15 -9.22818679111312e-16 -0.3490727230964773 2.008701364964582e-15 -1.770258202180447e-15 8.125878442346235e-15 4.317293050838363e-16 -5.636983935222152e-15 1.656010398255011e-15 -0.1397594389095226 -8.364402920333918e-15 -1.846992610944891e-15 9.442099879756991e-15 6.888478502930402e-16 -4.174115278666132e-16 3.065618176111714e-16 0.03572325078107014 -1.333075102472637e-14 -1.374786438376609e-15 2.409170797385532e-16 1.219872924541988e-16 7.497393548010664e-16 -1.779392605483722e-15 2.396303641628225e-15 -0.2982733483095449 -6.253244450029841e-15 -5.189601461239121e-17 5.689893001205976e-16 1.718568863607284e-15 -6.233728810924267e-15 2.551934074771291e-19 -1.097398368420516e-15 2.852983345571282e-16 0.04550933631995616 -1.377910396050732e-14 -1.563358138168356e-15 2.635242494235361e-16 1.064607337540786e-16 -1.350306429055481e-16 1.433141719105881e-14 3.206354452779789e-14 5.005241013324374e-14 5.282319721821826e-14 3.085293665018934e-14 1.660615828465444e-14 -6.396822274502027e-18 -4.941812789381201e-12 -9.502998660590267e-17 -3.687252761579684e-16 -1.108314786450298e-14 -5.290117633820082e-15 -9.52209451831653e-15 -2.456802122852961e-14 8.042374546274909e-15 -1.261895454666394e-14 -9.657552535461838e-14 -1.315852808659338e-14 -1.057865546463565e-14 -1.538214000619051e-13 4.702141453984746e-14 -4.506879353299149e-15 -9.378609000678225e-14 5.084387771950431e-14 -2.079921358270376e-15 -2.532004166650563e-14 2.163094135366295e-14 5.519000715965368e-15 0.6044455866507504 6.593168936158522e-16 -6.634643057387459e-15 4.709089834657271e-15 1.616979120045629e-14 1 1.359069107254513e-14 -1.969957400330927e-14 5.337744135583193e-15 1.712188333822175e-14 0.7370360838795357 -3.552973887323293e-14 -1.762067054767526e-14 -2.914335439642009e-16 1.065364374984972e-15 0.1394386038654406 -1.190628818603813e-14 -2.401616847978086e-15 1.175276024569035e-16 3.002155815613452e-16 1.705314576752042e-14 1.653538417301642e-14 -8.573982588368057e-15 2.569997488341751e-16 4.045680077840687e-15 -4.806422390626308e-15 -4.986028950828229e-15 2.654365442723488e-14 1.638966740103458e-13 -4.459150063086989e-14 -9.931698475785484e-15 -2.798108966751794e-15 -6.412296908733768e-15 -5.911506020001513e-15 2.543213169466154e-15 -1.769418519551278e-15 -6.240238278139676e-15 -9.351314534183378e-16 3.220731547496729e-15 7.429091443640108e-16 2.100047727336999e-15 -1.331325728913565e-15 -1.649231170061605e-15 -1.727784582074412e-15 -5.043541217394843e-16 2.406483918864398e-15 -7.98842066511417e-16 5.477111972109535e-16 -3.29660987906926e-16 -1.047746110568344e-16 -7.404017256348568e-15 2.45719529931515e-15 4.743602379996275e-15 7.481879157159184e-16 3.550762889579386e-16 -1.025032046679433e-15 4.278804232271131e-16 -1.474298571389198e-15 
0.06765548554379341 0.1568751704832389 0.1490023875990181 0.04970073593626381 0.01020056335082325 0.001357602680987949 0.0001220887516626395 -8.445959246839214e-16 8.541256076962988e-16 0.01944322782578007 -2.869148326482309e-16 5.951715095551514e-16 0.1055027012344507 -1.923239128718152e-16 3.866021001595465e-15 0.2697674371844995 -3.880359575327675e-15 -5.87594209400487e-15 0.1497975790397973 -4.703919555303777e-15 -1.213699282484958e-14 -0.02053049014626742 -3.666344505669072e-15 -1.508691656768583e-14 -0.02206043460885928 -1.313019824151476e-15 -7.569326173712871e-15 -0.007656280582132005 -1.452684142798484e-15 -6.806949580899336e-15 -0.004900886107204852 -2.434498020679776e-16 2.823103082609774e-15 0.1224375357446968 -3.09185533500495e-16 3.998702254156684e-17 3.331102754746006e-15 -1.301736496373457e-14 0.08368870760849836 -8.796999587116022e-15 -3.676746407334338e-15 3.362544626231688e-15 -2.496093614380408e-14 -0.03463344648463412 -1.254725492585528e-14 -1.177877258485292e-15 1.237543320279827e-15 -1.016006994430928e-14 0.0118434888862483 -3.598114154307505e-15 3.530397635250035e-16 -2.18791998407625e-16 1.531869249505218e-15 -3.184952301894328e-15 0.1318068000646178 -3.775137754486797e-15 -5.958341459112686e-15 -5.629177679546126e-16 -2.974617080449958e-15 6.30398511170217e-15 -2.265375387286909e-14 0.001206633973493246 -2.087999911867625e-14 -1.162611673601526e-14 2.342960894756045e-15 -4.946376752068265e-16 1.432356559667963e-15 -1.249562392397539e-14 0.03459789459275477 -3.257484079306504e-15 8.036351912790945e-16 6.480599265039865e-16 2.549230358057156e-17 -7.643625316024972e-16 2.50385649713881e-15 -2.388931066855299e-15 0.0953756240075017 -9.736948660551914e-16 -5.942295266960665e-15 -7.241928411119048e-16 1.213330651228836e-15 -5.901036183098102e-17 -1.039446540339617e-15 1.555310288051678e-15 -6.491747358672039e-15 0.04647313633322071 -4.354557959926923e-15 6.180161373026739e-16 1.338584227290384e-15 -1.761917452345796e-16 6.565499286059688e-10 9.606204720573638e-14 1.780658953621232e-13 6.132594433780869e-14 3.74700419804946e-14 2.869284632252732e-14 -1.547705728279933e-17 -2.599386678494679e-17 8.834446149108683e-11 2.331711334950309e-15 2.590791395849405e-15 -7.784364922409744e-15 -9.974546484454935e-15 -2.027945953526169e-15 2.49869569479781e-14 -4.029497005163285e-14 -4.451430543618896e-14 8.468226120332076e-14 -7.956612799179264e-14 -6.098073435104798e-14 4.951594689830295e-14 -2.436375753963396e-14 -5.634381850067094e-14 8.068545831520747e-14 -6.155236903478844e-15 -2.150538205944565e-14 2.384900459968177e-14 3.848917712324768e-18 7.07177643267463e-16 0.6044455866507882 -1.550393013028777e-15 4.015342745801429e-16 3.85928268509427e-14 1.359069107254513e-14 1 -5.434089051135318e-15 -1.672273430842436e-14 3.078613752816886e-14 -3.572532894514523e-14 0.7370360838797109 -1.122330852386787e-14 -1.330185961379454e-14 5.869438066829786e-15 -1.190931339665495e-14 0.1394387274933126 -2.462006924467795e-15 -3.28730341927426e-16 -3.720886988281493e-15 2.118848258876169e-15 7.106850372954718e-15 3.664429870654951e-14 7.293914211224237e-15 3.104545158277799e-17 -4.921346126843895e-15 -1.298440521769127e-14 5.224065537797527e-15 -5.380071388396319e-14 1.326438958671407e-13 2.20917034665725e-14 -2.742814655954997e-15 -1.358895634907008e-14 -4.511149997803202e-15 3.047184247003512e-16 1.37086567164254e-15 -8.583417610740142e-15 -1.043111248566348e-15 4.731459123838841e-16 5.483896531649888e-15 -2.473166799393796e-17 -6.355233146110869e-16 6.557356806664813e-15 3.693060685416649e-15 1.162611673599503e-14 5.517443657653136e-15 9.43425296651795e-18 -1.105333315179493e-15 4.272197016729179e-16 -7.444133793984958e-16 -2.066706354378617e-15 1.950479829889496e-16 3.98054072451962e-15 2.77902821669627e-15 -1.560302791897988e-16 -6.800117404102255e-16 3.692386333087116e-16 -1.594428209357953e-15 
-6.608897106320143e-18 1.521920000507001e-15 1.915107612425069e-15 2.842235997509747e-15 5.331484857457315e-15 5.725834762422795e-15 4.377360927509208e-15 -0.003529945919214748 -2.220615803568249e-16 -4.206815288042879e-16 -0.0247456368743331 5.233330379831898e-18 -3.299398225813459e-16 -0.1128540757397871 -5.222229170367459e-16 -3.949748514366051e-16 -0.1816969396447878 -6.499792024053625e-16 3.72304184009978e-15 -0.1077600966670437 -8.190334278489662e-16 6.81635196108413e-15 -0.03028705038614361 -8.856049949264556e-16 7.086285143289206e-15 -0.008154539179462445 -5.469097565952036e-16 8.457181498109722e-15 -0.004974941673125254 -2.658303962469515e-16 6.090759977684836e-15 3.333141252029324e-16 -5.6396742871907e-16 3.960211472303505e-17 -0.06037612783807784 2.114038279714692e-16 5.970701363880748e-16 -9.522547680944053e-16 -4.439130269972292e-16 -0.307992195489291 2.513898919761824e-15 2.40085729681042e-15 -4.211583347114636e-16 1.950279151173139e-14 -0.08162053407560568 1.750654498843367e-15 8.684298157260227e-16 -6.36752686795028e-16 1.076777493981523e-14 0.01417511268578522 -8.848538578900845e-17 -3.181557393841718e-16 9.48676900925144e-16 -1.892474892074087e-15 2.907681148808539e-15 -0.3490727230964858 -4.706575840869509e-15 1.085340584766938e-15 -1.030236009356579e-15 4.495969568864872e-15 -1.832816667539646e-15 -4.934149876898357e-15 -0.1397594389094847 -3.593859151252293e-15 4.109776755049849e-15 -1.03990333802153e-16 1.712937873107666e-15 -1.366451360204772e-15 -5.283883402338171e-15 0.03572325078106034 -7.175502980956626e-16 2.923154696093088e-16 1.993332799169495e-15 1.60612015766162e-15 2.654885859766226e-15 -1.134177116373918e-17 4.196187668172487e-15 -0.2982733483095253 -5.226084864343914e-15 -1.16389103216359e-15 1.889581427526205e-15 -5.760083550337215e-18 5.895643033919775e-17 2.459421850386015e-15 -1.564889619803892e-15 -8.782311843665004e-15 0.04550933631994018 -1.636272264928984e-15 1.051698283226746e-17 4.349564295339262e-17 1.164718729491911e-14 3.249370851599683e-14 2.983521768400216e-14 1.877805467734874e-14 1.727966364816807e-14 9.114730987180613e-15 -4.94181013307386e-12 -6.559453349277841e-18 -1.096666645201085e-16 -1.03742498973201e-14 -3.77398851887255e-16 -1.256656534321124e-15 -2.7627206078417e-14 -9.47306147506631e-15 9.535701467339949e-15 -7.214367991895263e-14 -1.261397399293508e-14 1.384106723549185e-14 -2.121219866425441e-13 -1.057636508754845e-14 4.137863012303757e-14 -1.140199046309222e-13 -4.495983121465626e-15 3.368377625458662e-14 -5.407483823159374e-14 -2.08407521076582e-15 9.867849829925257e-15 6.62731156371277e-15 -6.870128381119778e-15 -1.431482292728613e-15 0.6044455866507928 3.9100370687001e-15 4.525698392434751e-14 -1.969957400330927e-14 -5.434089051135318e-15 1 1.528998824253919e-14 3.153120126110275e-14 -1.7693203673014e-14 -1.137669602622128e-14 0.7370360838796338 6.985297756892271e-15 5.721336020146001e-15 -2.403405782021433e-15 -2.444563596790374e-15 0.13943860386543 -4.572287232345444e-16 -6.796401998116401e-15 1.163039975809906e-14 2.319489611773639e-16 -2.076232527816559e-14 1.954339468036249e-14 9.164883783801745e-15 2.862230207891816e-16 -9.885321727858054e-15 -3.413068438985849e-15 -9.923024858405946e-15 -2.884519879898925e-14 1.808275751358961e-13 1.261339123426789e-14 3.744834303766715e-16 -5.489927408371603e-16 7.587355621452842e-15 -9.341184016847986e-16 1.275402095088254e-15 -9.912213157565195e-15 -4.130892328428324e-15 1.698674355666846e-15 2.618506112318905e-15 -3.360421053210203e-15 3.842587993928957e-16 2.436315042838279e-15 -1.876065746302615e-15 -5.054984209001115e-15 1.31004688484928e-15 -8.253700796287617e-18 2.540978668965854e-16 4.774285342530508e-16 3.942023904221353e-16 3.750025155433167e-15 3.547510282352474e-16 -3.484691671840919e-15 4.871104583298633e-15 1.657352434361272e-15 2.482064241464275e-15 2.91155807457359e-16 
3.718449669809387e-19 1.244121992927762e-15 5.890253562682703e-15 3.404394824406349e-15 -1.920339604473698e-15 -1.955934440031071e-15 -8.296426809781107e-16 2.457672228536137e-18 -2.556472107976782e-18 2.808650309521246e-19 -3.366959765198235e-18 -4.26424245091039e-17 -5.933862842213188e-20 -7.888519481735702e-16 -8.540802613757751e-16 6.405466435047023e-16 -2.442707494611437e-15 8.300651832553482e-15 1.269991056763328e-14 -4.147506999230465e-15 6.111430818545036e-15 7.889522377680928e-15 -4.627925101268739e-15 3.825939345755457e-15 7.806263911135311e-17 -2.924803159901117e-15 1.645449120670955e-15 1.05473950949609e-15 -2.60502979660253e-15 1.545279474784794e-15 -3.228440800807414e-15 1.2339508146794e-18 -6.870543639021799e-17 -4.698984096322272e-17 6.158095169458381e-17 0.007468836807844157 2.988061187371803e-16 8.127179484955224e-15 3.850218754932495e-15 7.092308511317334e-15 0.1094044591081849 6.440160920815986e-16 3.67067488222225e-15 3.05918488168629e-15 -1.957635446402521e-15 0.1122654156918079 4.012203484051223e-16 2.418258847034429e-15 7.624470058733581e-16 -3.492618913177906e-15 0.02798894366678546 1.937469282232281e-15 -1.2487298521607e-15 4.595282487864443e-15 -5.457873736294548e-16 6.117448127925792e-15 0.1673106711675377 1.82308595303505e-16 4.86763407362217e-15 -1.253337711393886e-15 1.201816424161548e-14 -8.764690362418656e-16 2.229987028377156e-15 0.2675122571563821 1.083985332058021e-15 4.306665598250237e-16 3.597425679342132e-16 2.665056539387696e-15 1.25332067333714e-15 -2.553922163762288e-15 0.04066379603678306 -3.705445539279986e-16 3.819102152581581e-16 4.093513722437937e-15 2.401507812056443e-16 5.964846672148834e-15 -2.420806610726869e-15 -1.745213131996308e-15 0.2437730783643717 5.367234434674477e-15 2.094787017460034e-15 -1.477292016439533e-16 6.10201849278407e-16 2.039413490293181e-16 -3.033688931684305e-16 7.307798771989646e-17 2.071484770703868e-15 0.0424575640358618 -5.711697480452468e-16 -8.831272399605098e-17 1.070649078906336e-17 1.04534436662424e-14 1.039793251500953e-14 4.952635525131972e-15 -8.743009795449821e-16 -2.380951123196712e-15 -1.681876364969907e-17 9.134445366556987e-18 6.09543943518975e-19 3.200928227870155e-16 3.193560120297868e-16 -1.090349378734239e-16 9.418789533037535e-15 1.26123747947308e-14 -1.127646492350686e-16 2.889550577979394e-14 2.111331942612444e-14 -7.589415207402781e-17 3.862144978829964e-14 3.6155106686334e-14 2.956836164804085e-15 -1.051589371154911e-14 1.441902153256265e-14 -6.36123098645301e-15 -1.049833702113595e-14 8.824544529838958e-15 -1.418571683982556e-15 6.187406273105951e-17 4.767663857026216e-15 3.098107707878923e-16 3.954190778658341e-15 0.604445586650863 -2.478919847172299e-15 5.337744135583193e-15 -1.672273430842436e-14 1.528998824253919e-14 1 -2.125903619810425e-15 -2.983724378681301e-16 -1.327757348513328e-14 6.976217563698383e-15 0.7370360838796992 1.422039856741337e-15 1.127570548461698e-16 -3.027095925495593e-16 -4.567812686373473e-16 0.1394386712890323 1.512231637656355e-14 5.048655178816935e-17 2.315584789886961e-15 -1.446732273911133e-18 -2.474061266186569e-15 -3.757671257489244e-14 1.694865493611598e-14 3.92273019622831e-14 1.63172426959151e-16 -1.900216095585883e-14 -2.020519168645e-15 -2.102159592233153e-14 -8.562595077426225e-14 5.103382993978965e-14 3.990732770600865e-15 2.537033216758967e-16 -4.388851818103204e-16 1.348965262642002e-15 1.694608545379278e-15 -7.806257032915643e-15 -1.861358949295708e-15 -1.425341303860959e-15 8.012331134671387e-15 9.276535431744102e-17 -2.561299730524515e-15 2.297492166132546e-17 -1.470913899885626e-15 -8.929489092591296e-15 4.920076636215787e-15 -9.577570941203348e-17 -1.280659894764946e-15 1.697860744390575e-16 -1.221895924561275e-16 -7.72819477158015e-16 2.333204089548655e-16 1.516772065175546e-15 1.539567396974872e-15 -3.945683086860399e-16 -1.977585375948094e-16 
6.206179319204741e-17 8.712106557010055e-16 7.94199775389389e-15 3.351138813649363e-14 9.513227092079188e-15 1.994966391162114e-16 5.42975764027385e-16 -1.486045587254164e-17 9.249718435861276e-18 -1.560954099686255e-17 9.534746766908399e-17 2.0480340851599e-16 -6.17306722126337e-17 9.118411321147555e-16 5.954980432377669e-16 -1.003903449086014e-15 1.472259814062185e-14 7.667477763820079e-16 -1.843924318790206e-14 1.407554631327413e-14 -2.0431573142438e-14 -2.666616930292151e-14 -5.582349949960813e-15 -1.374250351261332e-14 -1.30451343581613e-14 -7.124786018549569e-15 -9.262048345029498e-15 -9.055493815079757e-16 -7.627947067782596e-15 -8.606378304132285e-15 -3.950112683200976e-15 0.02900252625309352 -7.468977379339328e-17 -6.650749590710995e-17 4.066540328808351e-17 -5.495622553680792e-19 0.2560043457566624 6.19036072402496e-15 -1.941936195182844e-14 1.208061428670588e-14 3.260412773099488e-15 0.3153080534045546 -1.668457042401067e-14 -1.112825121407068e-14 -2.497307920815691e-14 -5.241467064084006e-15 0.1045965740369393 -4.760188146528802e-15 6.904525786974654e-16 -9.669565863247642e-15 7.611606695163811e-17 -6.706386748018744e-15 0.2599785375642616 1.045734679405938e-14 7.71756790418834e-15 5.800047941929389e-15 -1.435483676371024e-16 4.517219931444377e-15 -3.290250016905677e-14 0.5062920371066751 9.429956815445829e-15 3.332056852673013e-14 3.095440570544849e-14 1.364013069162654e-14 1.130345816953576e-14 -5.47766228659513e-15 0.1379762811208894 -2.591762063364962e-15 -5.282446776315612e-16 -3.24056996945498e-15 -1.552624924327545e-16 1.433820389507791e-15 2.923442737890397e-15 1.003017113809998e-14 0.2385292708102711 6.081289985472615e-16 6.518440301419375e-15 5.584779600582595e-15 1.843143693225873e-16 -5.283100346088513e-15 -6.06069014419505e-16 -2.602202450975539e-17 -9.005139444502001e-15 0.1281710324087487 -1.687503021183886e-15 -5.360498090312998e-16 -1.367653759265834e-15 8.67391069898424e-19 -1.308009081324313e-15 -3.686473438754002e-17 -1.126172398037395e-14 -3.657490976750925e-14 -1.512852343399734e-14 4.343747584913479e-15 6.345620998362911e-15 -1.450255110376725e-15 -1.300709783464582e-17 -3.191973657207575e-17 1.626297546022163e-19 -1.361573249649814e-15 -1.251328955074923e-15 -4.36991109746703e-17 6.909528965693528e-15 1.220508408423864e-14 -2.091695770718764e-15 2.880725172294783e-14 3.975292317549678e-14 -7.212634623671686e-15 6.163472510147719e-14 4.934941344461302e-14 -7.128486982559532e-15 2.671474153048894e-15 -3.085032229728621e-14 -1.786786864312142e-14 -1.437739828254176e-14 -2.195467575577346e-14 -1.365987820734688e-14 0.23534858980161 4.270020142051989e-15 3.531307462158604e-15 4.531258655512527e-15 6.098637220232571e-18 0.7370360838795253 1.712188333822175e-14 3.078613752816886e-14 3.153120126110275e-14 -2.125903619810425e-15 1 -2.200063048408027e-15 1.941155569618654e-14 2.844209243125469e-14 8.680556273790144e-15 0.4148066062713309 6.066329550722727e-15 5.863372050528976e-15 -8.252217216123576e-15 -2.912602871219559e-15 1.303723296854445e-14 -8.292411896040426e-15 2.493258420902606e-16 4.720327420768503e-15 4.711686837673205e-15 2.460630711774616e-17 1.421246746593736e-15 3.855422925359607e-14 -1.237551727762233e-13 -2.824563499759993e-14 1.484310721209142e-14 -4.086141147664514e-15 1.266998658767004e-15 6.74807432155213e-16 -2.843386257026983e-14 1.970645972128282e-14 -1.115774501740481e-14 1.548675438962749e-15 -5.967450693388155e-15 1.102010389538847e-15 -2.622902825102097e-15 1.248882318090939e-16 1.501194798353597e-15 -1.617195960479833e-15 -2.328552652551993e-15 2.255615704252791e-15 -3.126259906673017e-15 -1.799690903030991e-17 8.685677011474616e-16 8.077052075139252e-16 -3.361894854119839e-15 2.875304402377336e-16 2.760986056477499e-13 -2.880942641279276e-15 -2.756476801704145e-15 -2.566442627479368e-16 -1.57079242587095e-15 -4.708473589232377e-15 -2.368592168700868e-14 
1.456339706966784e-15 2.943608898299088e-16 2.203966176229389e-15 -4.686355474207353e-14 -1.75120400245331e-14 -2.215713759227663e-14 -1.048871314137566e-14 -1.697753420908474e-15 -0.02283569699395313 -1.801901320145388e-15 -2.309175247527213e-16 -0.1015738365286473 6.053916858467786e-16 -1.835947301305757e-15 -0.2905536170321512 2.692616095368336e-15 -2.200388309060332e-14 -0.4299196898316151 1.801857274497756e-14 -4.002484116337146e-14 -0.3056331446928965 4.53838356299137e-14 -9.624906493958784e-15 -0.1055340535586681 1.711306521851879e-15 -3.261677857971416e-15 -0.03162217153046856 2.70493845424581e-15 -5.606137752156294e-16 -0.01979478351473758 3.502103636017558e-16 -1.515048870892694e-15 -0.1059359857465027 -1.869621704928966e-15 7.960127283135326e-17 8.525339497908383e-16 6.009732642089485e-15 -0.4416386567851488 -4.445228907191962e-16 1.931115857501376e-14 -1.983569558606339e-14 1.896790021506215e-14 -0.1457544375501054 -1.545465160813028e-14 2.167450251224763e-14 -7.514822214665542e-15 1.421103933669746e-15 0.0555149997744092 -1.476102607786951e-15 3.445671904534562e-16 3.64749927671383e-16 5.22368606703597e-15 1.97780160304849e-15 -0.2312474822579677 -9.69276742202296e-16 3.388565469886745e-15 1.097125862381698e-14 5.453428507385776e-15 2.213420419186378e-14 -1.896052759243246e-15 -0.05766847594673213 -7.547781844013065e-15 -1.687831732023264e-15 2.879987914821112e-14 3.968223319408734e-14 -5.14637864941258e-13 -1.836877210952451e-15 0.124424466339808 -7.416243011083503e-17 -5.546960640970188e-16 5.169633826252613e-16 -3.580756077094288e-16 8.198465777793625e-15 -1.342242289537335e-14 2.963775058707084e-15 -0.05921605307333282 -4.008078591245662e-15 -4.290872399147401e-15 1.278144257100071e-14 2.452465314162746e-16 -7.404233476339334e-15 3.017606123488044e-17 2.908902039601795e-13 -2.57610125089614e-15 0.1404907895810508 9.320154042138062e-16 3.651702759796522e-16 -6.746134046135e-16 -1.701149078744902e-16 -1.03980236110738e-16 4.912287051741146e-15 3.105198390086598e-14 3.533284775870406e-14 -3.50414142233436e-15 -2.244386125664829e-14 -2.63084256894955e-14 -2.574992017278154e-19 -1.089970945985692e-12 -2.18872544735483e-17 -2.093038753104807e-17 -3.43238671941325e-15 -1.225477715986016e-15 -2.109087474708262e-15 -8.810660534488403e-15 5.158772850090682e-15 -7.194142200366629e-15 -7.026323967098635e-14 1.774687168055265e-14 -7.108808713128898e-15 -9.248157795132214e-14 8.065249856861783e-14 -1.780021442772978e-14 1.798561299922761e-14 7.251144129634118e-16 -1.365770437418397e-14 -5.440096647448298e-15 3.207333765227548e-14 4.25647608522546e-15 0.2353485898016197 3.124636779786322e-16 -3.029713185519091e-15 2.008396433103415e-15 1.710255743449896e-14 0.7370360838795357 -3.572532894514523e-14 -1.7693203673014e-14 -2.983724378681301e-16 -2.200063048408027e-15 1 -6.109696082392231e-14 1.007180450152417e-14 -9.28770949038219e-15 6.079773330787693e-15 0.4148066288084202 -1.598896455317326e-14 1.577818142081744e-14 -6.751548764018187e-15 1.188421106316011e-16 6.076477991299531e-15 3.975986206939848e-15 -2.979536647789916e-15 -7.010807001131023e-17 3.110027155512199e-15 -1.638864757336476e-15 -9.008419010750263e-15 2.449472916166904e-14 1.745825706223529e-14 -4.221189370269445e-14 -8.632227961951829e-15 -1.34579847266328e-14 -6.110563444130439e-16 3.590011505653925e-15 -2.413260690251991e-14 -6.797342673538411e-14 6.458379903957794e-15 -1.51217791814489e-14 8.826274618548203e-15 4.877827302469555e-15 6.835691409615163e-16 -3.094550169500298e-16 3.313745355590263e-16 7.751611852408531e-15 9.921731015573042e-17 1.6142383331871e-16 3.550262365450714e-16 -2.064959387497358e-15 -9.252140882866087e-18 2.383076912201823e-16 2.605858455892114e-13 1.881958248316807e-15 2.373813469669112e-13 -3.799696585609014e-15 8.547418111843001e-15 -1.362408726083268e-15 -1.450228947443408e-14 -2.023555562318416e-15 
0.2502645338695679 0.4043864492167978 0.3577204472160818 0.1455329590829982 0.03575690031307113 0.005360743992199543 0.0005139007968347156 -5.341775974669304e-16 1.04581426811904e-15 0.04248670416870317 -8.120546644930048e-16 5.926557547001977e-16 0.1601157148500823 4.466147232857122e-15 1.144239867787218e-14 0.2911298091373883 5.580388581786055e-15 -8.812395257966154e-15 0.1294856178055389 4.960441789846182e-15 3.125971710195062e-14 -0.1021381624545655 1.51094680124811e-15 1.621622353394646e-14 -0.08010160728825942 1.487583153373983e-15 5.648479005697594e-15 -0.02994730851983102 1.016596993796021e-15 3.153879410786991e-15 -0.0196004022597202 3.022182792129799e-15 -3.996820173417503e-15 0.05835825721127531 1.123991029849513e-15 -3.217790286951751e-16 -2.050009467736617e-15 -2.233283002973416e-14 -0.04046562507035326 3.09344563853686e-15 1.445111391663121e-14 1.075008140775575e-14 -2.515349045000853e-14 -0.07471078914259667 1.449187994616327e-14 9.995476823847576e-15 3.755782426361907e-16 -2.220495928410188e-15 0.04683281215733186 -2.161514005311791e-15 2.342032829281437e-16 -6.362965709884627e-15 3.192541717101872e-15 -1.12366713156434e-14 0.006400932214431786 -5.663438468196834e-15 -8.732597978069549e-15 3.695719945352387e-15 -6.230259364010162e-15 -7.40379979547217e-15 -8.472389456703943e-15 0.05073637028959424 -5.514685930151977e-15 2.060157600073446e-14 1.51588810949201e-14 5.575245343957906e-16 -1.770306404228248e-15 -2.740953186156026e-16 0.1210388667859127 6.071731741484857e-16 -1.994992919527238e-17 -1.107242424202603e-15 -2.982531756291203e-15 -4.320762497790618e-15 4.106524148507538e-15 2.499302848014451e-15 0.04565889392150425 -1.621966450038828e-15 -1.217775880136197e-14 2.137613003273126e-15 1.3419170288857e-15 -3.686453472215764e-18 -1.166626136857692e-15 -2.640286938629201e-15 -1.081198928761733e-15 0.144036190559139 1.231473870123918e-15 8.569823770597397e-16 1.98630026275399e-16 7.279515620675196e-12 1.486854036675488e-10 7.049916206373288e-14 4.848899060052073e-14 5.481726185434563e-14 9.832000237748889e-13 2.639845946967615e-12 -9.805298550005017e-18 6.437480043196133e-19 1.953137271631872e-11 3.980202930299918e-16 6.639111282221232e-16 -3.134682590541076e-15 -2.781492721425306e-15 -2.103514844948512e-15 1.8223270115143e-14 -3.363617977898616e-14 -2.12460257720349e-14 5.133393710112999e-14 -2.488460826289868e-14 -7.327818907225741e-14 6.983302824895452e-14 3.794534131415462e-14 -9.1940344228315e-15 4.81836792690765e-14 4.449568845888487e-15 1.870033222560562e-14 -8.673904483499363e-13 3.467969726494838e-15 3.267446534693522e-16 0.2353485898016651 -9.444963698139848e-16 -2.045889499480918e-16 3.088761885152034e-14 -3.552973887323293e-14 0.7370360838797109 -1.137669602622128e-14 -1.327757348513328e-14 1.941155569618654e-14 -6.109696082392231e-14 1 -1.056145730767425e-14 5.610095721311051e-14 5.891122114660764e-15 -1.60062976163926e-14 0.4148069965780655 2.171006986768758e-15 8.763829485052337e-15 -9.716755395090499e-16 4.832644836607623e-16 1.910987644169336e-15 5.693362448158491e-15 5.47541748269766e-15 2.146720301522304e-17 -2.792525325563349e-15 -2.385071307121495e-14 7.119820141443734e-15 1.027476714821454e-14 -6.891709425363522e-14 3.783648741541401e-14 -3.747870069849628e-15 9.99200722163102e-16 -3.469448181352333e-17 -1.658374046021301e-14 1.071712511155701e-14 -9.203893926627617e-13 -2.289835731184086e-15 -1.181346897647799e-15 1.561251681608567e-15 -2.950554568466563e-17 -1.371380222923393e-16 1.028590224333928e-15 5.505620983533752e-16 3.955169525226747e-15 1.880693299053572e-15 -5.346810776247992e-17 -8.693395599207457e-17 -1.237311848032315e-16 -7.103694235099224e-16 -3.406997192319593e-15 9.322404541035281e-15 -1.156280185184356e-14 5.959124675402862e-13 5.886134878634235e-16 3.620368628153555e-15 -2.443791901568338e-16 2.694717681245123e-12 
-5.782837212406529e-16 2.794273601566539e-15 1.155260782870744e-14 1.428501415555508e-14 3.802364506313857e-15 -4.571183587923513e-15 -2.090912062553706e-15 -0.02283569699395647 -1.699030640774105e-15 -1.645221744379732e-15 -0.1015738365286586 -2.277349464670665e-16 -2.492965387000977e-16 -0.2905536170321816 -1.961775739686505e-15 -2.903107170893094e-15 -0.4299196898316899 -2.210265390851598e-14 -1.327204405405261e-14 -0.305633144692898 -3.99996876729206e-14 -8.164855519694586e-15 -0.1055340535586414 -9.612817618504692e-15 -8.414501974210267e-15 -0.03162217153047052 -3.260159915978435e-15 -4.78969701598414e-15 -0.01979478351473352 -5.562767573240555e-16 -5.653024129247612e-15 -2.292581347037462e-15 7.500983644217569e-17 1.436787313016655e-16 -0.1059359857465113 8.080461051875384e-18 -7.328773005136441e-15 1.938466748230978e-14 -1.975356727149878e-14 -0.4416386567852041 2.793815526148696e-14 -1.64664289563928e-14 2.168230876790664e-14 7.536723060161447e-15 -0.1457544375501255 5.491484088943326e-17 -9.736681620766572e-16 3.467356435085717e-16 -1.141935703335786e-14 0.05551499977440803 -9.006695203266292e-16 -1.213416032149895e-14 1.114061100316087e-14 3.389703882168289e-15 1.559424247719022e-14 -0.2312474822579366 -2.155789652694637e-14 2.099774347453203e-14 -2.322122529000634e-14 2.444051905304685e-14 -1.719707275894569e-15 1.9856078587001e-14 -0.05766847594677248 -1.284953046744993e-14 5.243635387042195e-15 3.691214676747583e-16 -2.178188122301833e-16 -5.481906372311873e-16 6.613900930937565e-15 0.1244244663398134 -2.908356956674337e-15 5.150266249992648e-13 -1.169713197829723e-14 4.703431654569345e-15 3.847616669717782e-15 -4.195848854993063e-15 2.771654433743027e-15 -0.05921605307332915 -5.684634620669419e-15 -7.224472756142058e-15 1.092588476289962e-14 -1.387841307187065e-16 -1.514662372853292e-16 -5.616247676617449e-17 3.673387455520086e-16 5.341306986713398e-15 0.1404907895810552 -6.36630485192553e-15 -2.909599094652955e-13 -1.615136175354227e-16 3.138355782645058e-15 1.515765120299104e-14 1.489327866762343e-14 2.110399529261873e-15 -9.293351037037296e-15 -1.126723318408802e-15 -1.08997074269693e-12 -3.320384443332633e-19 -3.064215626297004e-17 -3.251770495938632e-15 -1.832835833792099e-17 -2.799176844123536e-17 -8.530069012249752e-15 -2.089074627263647e-15 5.497313602021262e-15 -7.431555371087295e-14 -7.175060242131673e-15 1.280650119371433e-14 -1.896122148182494e-13 -7.120775594609401e-15 3.415974100808091e-14 -5.545564008095707e-14 -1.776877256472829e-14 -6.292319096368582e-14 1.099121567545752e-14 -1.365857173653332e-14 -2.459580387813424e-14 4.525387023122495e-15 -3.034580660350664e-15 -9.062380091688925e-16 0.2353485898016444 1.966995156707663e-15 3.15322854632795e-14 -1.762067054767526e-14 -1.122330852386787e-14 0.7370360838796338 6.976217563698383e-15 2.844209243125469e-14 1.007180450152417e-14 -1.056145730767425e-14 1 -5.201622552826817e-15 -8.317268911264816e-15 1.580723804649059e-14 2.16493737250318e-15 0.414806628808439 -8.338198502261286e-15 -1.95928673337121e-15 2.643681307939918e-15 -5.623642319236301e-17 -6.302320268444572e-15 7.924216838264833e-15 3.079256142604577e-15 -4.711197252630052e-18 -4.23998943594067e-15 3.399949592698608e-14 -8.526247199591913e-15 -1.469473414478791e-14 1.845745778439988e-14 8.757968308907177e-15 9.158689431857976e-15 -1.583152573253284e-15 1.105799537793375e-14 -1.511718487325362e-14 5.9848000721612e-15 -5.122293141697081e-14 -1.19962112852134e-14 -5.089246801021093e-16 7.092489564608413e-16 -1.244134645482442e-15 1.912509868254663e-16 1.885540868610637e-16 -8.945435546612723e-17 9.520162436169116e-15 7.646484052219462e-17 1.109697864198465e-17 -3.582758784475693e-17 -3.358859087352972e-16 2.998469779492985e-15 -1.401656655965065e-14 8.563030626533774e-15 1.082283605162582e-14 2.434407373905263e-13 -1.24176952589931e-14 -2.77834202556254e-13 -3.634680490311184e-15 
3.123201263098558e-17 1.141664887627663e-16 -7.586813122187914e-15 1.552924456972291e-14 -3.268220248263705e-15 2.449471777670485e-15 9.957446918585812e-16 2.048804012490685e-17 -1.935160387601165e-17 -1.831218649366735e-18 2.99908531704352e-17 -1.982231499336025e-16 -1.841809947206275e-17 -1.847585534001131e-15 2.957920366975628e-15 9.299202033410686e-16 -3.157175042235943e-14 1.43860617862813e-14 -4.253541963096882e-15 -1.075094876466861e-14 7.126244054095761e-15 -3.637368188548586e-14 -1.736027567564819e-15 2.300247369064157e-15 -1.824931029891812e-14 1.59470648832531e-15 3.63265203867631e-15 -9.19774486734779e-15 -1.527280850534334e-15 -2.123403959737651e-15 -3.648259540084366e-15 -3.701401630603822e-18 -1.633827028882498e-16 5.842780330602694e-18 -7.773629322432163e-17 0.02900252625309765 3.27342319916968e-15 -9.311995619046598e-15 6.372506689003138e-15 1.186637593742332e-14 0.2560043457566515 -5.230191293267981e-15 -8.874845320154209e-15 1.542689603222695e-14 -2.360611710646135e-14 0.3153080575064347 6.765612684900958e-17 -1.26290705928322e-15 -2.567512101689206e-15 -5.338297731015503e-15 0.1046005925975068 5.86856951923076e-15 -1.353084311262277e-16 6.461844948015314e-15 -9.898332153926791e-15 3.972516759987744e-16 0.2599785375642955 -9.000938015759433e-15 2.287059430742173e-14 1.36279876272788e-14 -2.289834988298228e-16 1.315267339492303e-14 -5.464812630217125e-14 0.5062920371072709 -8.749945212882358e-15 1.517958670077909e-16 -1.552596013507289e-16 2.326340647237351e-15 2.754852374643562e-15 -6.48222417672129e-15 0.1379788503603027 7.258010955358194e-16 7.690571270093114e-15 1.179611963664538e-15 1.710871028182626e-16 2.344478777783329e-15 -1.678431699181972e-14 -6.67060807632741e-15 0.238529270810315 8.63610398471838e-15 -8.187461125743436e-15 -8.288014806357542e-16 -1.089429314418718e-15 1.040848990261122e-17 -5.343109026210896e-16 1.308898320110478e-15 -4.006139111393375e-15 0.1281735313838072 1.144941636172538e-16 -3.126996881578564e-16 9.524711046269164e-17 8.43422554020298e-15 -5.136169267673631e-14 -1.742356259699415e-14 -6.751546453151938e-15 -1.15534677453463e-15 -8.876946164827794e-19 -1.595817421234316e-18 6.998585142712942e-20 -8.74714645840531e-17 -2.563937229442225e-16 -2.032378404912105e-17 6.911792237728967e-15 3.841748425459143e-15 1.942585361233606e-17 1.219998494589718e-14 8.401265794158725e-15 9.214634263958124e-16 -2.2588701742441e-14 3.042704976865014e-14 -5.625708232595046e-15 -1.058268056537381e-13 3.343159082958457e-14 -1.809490057804246e-14 -1.003885181721449e-14 1.149081638797814e-14 -1.612774190887668e-14 1.746920750417789e-17 2.055735410459611e-15 -2.210959280241882e-16 1.974245758736082e-15 0.2353485898016337 -2.116362640692628e-15 -2.914335439642009e-16 -1.330185961379454e-14 6.985297756892271e-15 0.7370360838796992 8.680556273790144e-15 -9.28770949038219e-15 5.610095721311051e-14 -5.201622552826817e-15 1 -2.933417990544984e-15 -6.746341327641396e-15 8.666688391847442e-15 -8.345567047107235e-15 0.4148068293765712 6.642906710820924e-15 2.528562754144374e-17 1.328201871403774e-15 -9.456275823150788e-18 -1.234089734700237e-15 -1.720455375387602e-14 7.07885085185022e-15 3.940250903335112e-14 1.275347015495159e-15 -5.447031714568929e-16 -5.198966257504345e-15 -2.685308572726096e-14 -8.590350653040622e-14 8.329448242253591e-14 3.642920590419735e-15 1.096101348851506e-15 -1.419004263718537e-15 7.075941882418812e-15 -1.123233815107279e-16 4.676815324608337e-15 -5.018556794325911e-15 -3.452953526405568e-15 3.549037555811253e-15 3.265312011666422e-18 -1.236085344324617e-15 2.730834221947446e-17 -1.381731071418351e-15 2.710505431213575e-17 2.311409340973629e-15 4.855870480023576e-17 2.654127516410543e-16 -5.537237799329685e-15 -1.586838398569319e-15 4.864165687880492e-15 -1.654926915560665e-15 1.128227803103595e-15 3.53411815944621e-12 -2.398797507639587e-15 5.030699640568982e-17 
1.561480113297963e-16 8.301405675023958e-15 -5.696399365140969e-16 -1.521352797057409e-15 -1.006140194784092e-15 -2.72703287001886e-15 -1.193506073886131e-15 9.497223383618062e-18 1.425229039545876e-17 -6.99400587835716e-18 5.797328754414815e-17 9.618682142825602e-17 4.307517750574615e-18 2.227107566312425e-15 -1.127468843225136e-15 -1.119371206613385e-15 -4.263951165441168e-15 -4.071396820703524e-15 -1.192188949735216e-15 2.661066355310102e-15 2.605555192748211e-15 2.216977052727443e-15 4.295183737936122e-15 -7.424631017110923e-16 2.706172035947746e-16 1.547433750322001e-15 -2.671578447865338e-15 2.636849306488453e-16 7.473550740796297e-15 3.372465793896954e-15 3.025471195149279e-15 0.01869451156900124 4.473896086096786e-17 1.606698964422703e-16 1.296551509822296e-16 -1.414272710283577e-17 0.2500855383044571 -1.633242482612757e-15 -6.078038606961914e-16 6.522561587492279e-16 1.433857662809005e-15 0.6182091233872087 1.040834297876493e-16 2.47154779744123e-15 1.575129237453064e-15 -1.075095108149074e-15 0.598747563556143 -5.696961017340145e-15 1.652402547945044e-16 1.970690534621925e-15 -2.832125456499745e-16 -3.651425603328647e-14 0.06601160525363879 8.300328248896459e-15 1.02881591236621e-14 -5.274969895548933e-15 3.139579075295595e-15 -1.1149937394575e-15 -1.371299184825338e-14 0.2672706919254867 1.318390108114791e-16 -4.050580134805002e-15 -1.845746151360736e-15 6.964916163248477e-16 -1.876971180241733e-15 -6.307770102310321e-15 0.5011746001567937 2.4599192425517e-15 1.037406834305854e-15 4.961473225456874e-16 1.516845466473238e-15 1.436422894585511e-15 -2.481316435297369e-14 7.689759672101889e-15 0.01801116899331379 7.367561826396816e-16 6.149270704085947e-15 3.258746470655667e-15 -4.468377526364905e-15 -8.692267413437461e-15 -1.386640648657312e-14 1.411261414376841e-15 -1.110246659390457e-15 0.274417884452934 -1.929070921290257e-15 -2.178895456868832e-15 2.380112683462428e-15 -4.508265996646643e-16 2.914397480899951e-16 -4.087215612465046e-15 -1.015936066916638e-15 -2.89200145918863e-15 -2.654127454484776e-16 3.039236144705261e-15 3.205770906024576e-15 4.545058800085851e-15 -3.522403443196016e-18 -2.963782529215562e-18 -1.054552528060427e-19 -1.501425691420751e-16 -6.790588039341533e-17 -8.995883767041201e-19 1.248252377775016e-15 1.304658854227895e-15 -3.295779923262328e-16 5.048642646315999e-15 7.785765793873354e-15 -7.770681828101486e-16 4.512884034537829e-15 -4.340279013805665e-15 -1.93488114046864e-15 -2.636780216263574e-16 2.040035219951258e-15 -5.542442625579443e-16 -5.64826475217336e-15 -1.346146636267375e-15 -4.003746998621402e-15 0.02525933947406712 4.685543688906272e-16 7.57718558253634e-16 5.875385933386961e-16 -1.084541204785282e-17 0.1394385962895955 1.065364374984972e-15 5.869438066829786e-15 5.721336020146001e-15 1.422039856741337e-15 0.4148066062713309 6.079773330787693e-15 5.891122114660764e-15 -8.317268911264816e-15 -2.933417990544984e-15 1 -4.579672075950752e-16 -1.20043025998038e-15 -1.146652743258881e-15 1.503139307810692e-15 1.247084319104801e-15 -1.66999694368589e-15 -1.705611298181632e-16 4.682951767564552e-16 -1.229760797767494e-16 1.167084582172397e-17 7.466563057274365e-16 9.904730947895078e-16 -1.952778611446874e-14 -3.850219532829501e-15 1.327124713626998e-15 1.015030278957824e-15 6.108125223327322e-17 -2.733057388589037e-15 1.026956869166431e-15 -2.39384556487515e-08 2.844947998385015e-15 -5.214583377297388e-15 -3.448632085847206e-15 -5.547864626087394e-16 7.299720448399311e-15 1.337465293936158e-18 2.859675393137778e-16 1.38777906116857e-17 -1.442648807787154e-16 3.059533386815351e-16 -1.887831944754598e-16 2.246755346525967e-19 1.54434042760629e-16 -1.171532564835853e-16 3.805984933015965e-15 -5.169477436045173e-16 1.196709233622117e-07 5.31866441232875e-15 3.080870855200521e-15 1.141448526846804e-15 -9.202711764610758e-16 1.304512426814081e-15 5.578873556144321e-15 
-4.802495446026347e-16 -2.47147201186028e-14 -2.19442575969851e-15 -4.950902073778912e-15 -7.887792610764659e-15 -3.521550271570197e-16 1.377389351965238e-15 -7.458867303488507e-16 -0.01418309573966173 -7.931788330126265e-16 1.78779038586752e-16 -0.06502631979503862 -4.096179309928942e-16 -7.400445748192329e-15 -0.2135342834406483 2.285390345290365e-15 2.821528457035466e-15 -0.4555224795975942 -3.120334652377532e-15 -5.110063000030659e-15 -0.6189109768704686 1.137978893274549e-15 2.001874920386879e-15 -0.4490023321695655 2.799847373926149e-15 2.930062495845708e-15 -0.2144290980639488 5.051648419523499e-15 1.071243693866083e-15 -0.1519427778453854 -1.859693404479496e-15 -1.170187921150916e-15 -0.003664688986755775 5.540851563110924e-16 6.187533499870977e-16 1.441017328238645e-15 1.036725225138988e-14 -0.003005723265044522 4.513751641687825e-15 2.641984531241483e-15 -7.715618318338737e-15 3.451450089451094e-15 0.144500396398968 2.084270812398836e-15 9.590854895055566e-16 -3.034032184451268e-15 -6.88704852437126e-16 0.3811976815726579 1.804198155622785e-16 -5.117550521998523e-16 2.057519738990104e-15 4.167002013986212e-14 -6.157727817295245e-15 0.0378577156771607 4.980175535868516e-15 1.27870837005328e-14 5.516855748837578e-15 5.388963227783351e-14 -7.612225598164465e-10 -4.946998940885189e-15 0.1815382232296655 5.375909430306134e-15 -3.690841981813902e-15 2.095546496220424e-15 -1.150642376613902e-14 -5.147595904354176e-07 -1.842298758730474e-15 0.4997982647273993 -2.076548575470094e-15 -1.190059726427631e-15 3.438327808880853e-15 1.269881178700021e-15 3.142002438349049e-14 -1.396886437151706e-14 -6.879264548065697e-16 0.01608696771051771 3.846316613194585e-15 -7.619964557147354e-15 1.579466129806545e-14 -1.920285170103437e-14 5.865372626532857e-15 1.785328189279738e-15 4.00747775512155e-07 -1.904754140501363e-15 0.3265781132433196 -1.47110147118826e-15 1.241232301415139e-15 1.144956505799498e-16 6.010945130937166e-16 -3.372473506927872e-15 7.435778343870403e-16 5.642731653335438e-15 -9.639427146405438e-15 3.600853179297954e-15 -8.092490307966128e-16 -1.099834899165283e-15 -8.851537328670611e-20 -8.065036562794667e-14 -3.140787940962065e-18 3.743190221660193e-19 -2.317264494434805e-16 -4.813106888676335e-17 -3.295800219363195e-16 -8.143986706508436e-16 -2.642743472956716e-17 -7.742882621834322e-16 -1.236077529702016e-14 3.99555708049838e-15 -1.927373143623458e-15 -1.279532363916054e-14 1.007657757442547e-14 -5.724588938437319e-16 -2.338940197232366e-10 -8.200039973252079e-15 -3.993337274549183e-15 -2.106040425072447e-07 5.048052165942052e-15 4.684690557563767e-16 0.02525934084643643 1.072987731347072e-16 -2.263451551057369e-16 2.750181159530413e-16 1.061169924637305e-15 0.1394386038654406 -1.190931339665495e-14 -2.403405782021433e-15 1.127570548461698e-16 6.066329550722727e-15 0.4148066288084202 -1.60062976163926e-14 1.580723804649059e-14 -6.746341327641396e-15 -4.579672075950752e-16 1 -1.372168189644531e-15 3.301180467437798e-15 -1.551928535847224e-15 -1.399722304186253e-17 7.387056694963471e-16 4.399693543900865e-16 -1.782522002177828e-16 2.277174547112302e-17 1.840806354220849e-16 -1.86143161177405e-16 -5.275295442879511e-15 3.398595211283784e-15 3.573531276662761e-15 -8.010955065839417e-15 -2.757716366561043e-15 3.675012626024603e-15 7.993282565897549e-16 2.371368439904013e-14 -7.490538282724245e-15 -3.167733180951261e-07 -2.609026555408951e-15 -1.951998725068026e-15 -5.221519931772962e-15 9.020567584126558e-16 1.067462957532093e-16 -1.160731896848398e-17 2.004605362856305e-16 6.194048599388685e-16 -6.293264505606185e-17 -1.249275979294629e-17 -1.274451393126888e-17 -1.170297018857494e-16 7.792069837695603e-18 -3.06612522087285e-16 1.146859514669191e-07 3.927198360807982e-15 -1.132508721257062e-07 -6.550320372348212e-15 9.853234019363766e-16 9.26342761413471e-16 5.707242177392117e-15 -3.48679616203153e-16 
0.1641464551853113 0.3133158571070255 0.4071410127681378 0.3277743389066998 0.1558658548375872 0.03964336640523754 0.005277570779955644 6.949035481550258e-16 6.12704562367967e-16 -0.006300790020463746 3.352498813101063e-16 -2.931197917834993e-16 -0.02999310773694574 1.322755267371716e-15 2.75600441493942e-15 -0.1078708210686375 4.461063357824087e-15 3.035769552789092e-17 -0.2675781174479532 -2.000138458071739e-15 4.614369729809889e-16 -0.444937060173051 2.040040722392069e-15 3.740074657718803e-15 -0.3938492888960589 2.227473996611265e-15 -4.163502797404234e-16 -0.2112047089514016 1.491935859972736e-15 -1.040885483701914e-16 -0.154211467217284 -1.908940334710783e-15 5.673632152135031e-16 -0.002203664710165847 -2.472693019883429e-15 -1.097304114702351e-16 -3.580039665467884e-15 7.121048008113418e-16 -0.001991775567988499 7.89321767793353e-15 8.822380001769724e-15 3.053116815079521e-16 -2.761682935615394e-15 0.1075921764963148 2.799846895780882e-15 -1.259410702605841e-15 -1.67926168320715e-15 -4.038531585762751e-15 0.3350349438857038 -4.78794981817233e-15 -2.342035506184595e-15 -4.771481636629494e-14 -3.502410701188822e-15 2.232374824711407e-14 0.03577813310675495 -3.332516026573637e-14 -9.297044255414851e-15 3.321126469733653e-14 -1.36175948511626e-15 -1.035804571411613e-14 3.087811316561904e-16 0.1713739513900163 -1.90386119097008e-15 -6.938901834954785e-18 -4.75574984515467e-15 -4.510510917947828e-16 3.948282196324848e-15 -3.56324321472376e-15 0.4960696049258614 -2.730547624135923e-15 -1.30802293967513e-15 -6.939247566073545e-16 -5.75897139350667e-14 -4.755099323078809e-15 2.492366802839595e-14 2.019328854310391e-15 0.01608944077001703 -4.401164083944684e-15 -9.03228178227639e-15 -7.183931805992176e-15 -4.764830048698767e-15 3.289621358418166e-16 7.112524354192065e-16 -1.720872297490284e-15 -1.457213218170746e-15 0.3406287970194481 2.050507171283113e-15 -7.962659122840168e-16 -7.286000557952848e-17 2.200839276148084e-06 1.117213865505057e-11 5.608367408095795e-15 2.307295882548838e-12 -1.377417006414437e-09 -3.478890506119183e-07 -5.627123833906499e-07 -9.48682353849977e-20 -2.13030010708277e-19 1.447164934363912e-12 2.624433000897064e-17 1.08255530294312e-19 -2.749338681542547e-16 -4.381378218715081e-16 -3.662913463749993e-16 1.568191814697772e-15 -4.447402394835748e-15 -3.911155387403946e-15 7.299724730363878e-15 6.296186052484617e-15 -1.495680290522963e-14 1.635499162496905e-14 1.026957471588883e-15 -2.872705359714803e-15 -3.934881283040792e-09 -1.401659156642707e-15 1.651459798420632e-15 -1.890686357238411e-06 7.632622611657342e-16 1.042673338838275e-16 0.0252593632416658 -1.990312648746046e-17 -2.486891575610522e-17 5.872479359188417e-15 -1.190628818603813e-14 0.1394387274933126 -2.444563596790374e-15 -3.027095925495593e-16 5.863372050528976e-15 -1.598896455317326e-14 0.4148069965780655 2.16493737250318e-15 8.666688391847442e-15 -1.20043025998038e-15 -1.372168189644531e-15 1 -6.147868601896607e-15 6.238077365210288e-15 -2.098543466078576e-16 7.733144361567537e-17 -5.325810446460673e-17 1.393418224730204e-15 2.099640374998991e-16 1.063451080783139e-18 -1.08936184825509e-16 -2.61423126631599e-15 1.018243186650427e-15 -2.393921133056374e-16 -7.941573150095982e-15 1.813438626426694e-15 -1.69352572909165e-16 4.243138472069827e-15 -6.224197151488021e-15 -7.85830674047471e-16 -2.081671225842597e-16 -1.425942780872706e-06 -5.988274226340547e-15 5.19550367471555e-16 -7.81667568690227e-15 -3.20475281891071e-18 -2.198074186307896e-17 2.620123657748414e-16 -3.258010076343325e-17 2.912170363852519e-16 6.719101827865612e-17 -1.085897479540687e-18 -2.473699022378688e-17 3.54060176636836e-19 1.104153003330599e-15 -5.100093276063375e-16 6.13398960446786e-15 -1.83533993576874e-15 -7.781911877126134e-07 1.177878843465944e-15 4.503348203633831e-15 -1.954168393022237e-15 4.449436607273558e-07 
-3.063090601633083e-15 1.87876123269143e-14 2.169976994440999e-15 -2.440214457221048e-15 5.808725215998558e-15 2.477228466897655e-15 4.909334843906323e-16 -0.01418309573966206 -7.44734871070474e-16 -6.399273457805976e-16 -0.06502631979503345 1.791113716403914e-16 9.862607208960825e-17 -0.2135342834406405 -7.28430564288773e-15 -9.972985418416898e-16 -0.4555224795976358 2.818492690173895e-15 -7.920098900492656e-17 -0.6189109768704875 -5.094884165692937e-15 -1.506716147088071e-15 -0.4490023321695598 1.97628769761764e-15 9.194046519088342e-17 -0.2144290980639463 2.917918956786547e-15 -1.006166237405092e-15 -0.1519427778453816 1.078182924271699e-15 -2.803418415707895e-15 -1.082087413595162e-15 6.167866365866671e-16 8.525629307773194e-16 -0.003664688986755132 -3.59153086375507e-16 -1.085742017923558e-14 2.679606356271876e-15 -5.312646217297371e-15 -0.003005723265045951 3.312631509494299e-14 -9.928692385235072e-15 9.560497226384974e-16 -1.892150136183129e-15 0.1445003963989652 3.429467929331908e-16 3.421839600584963e-15 -5.169593408662915e-16 1.932573793619021e-15 0.38119768157266 2.482555435493118e-15 -5.942960864392589e-14 4.611655122962464e-15 1.279429364682887e-14 2.806509542590151e-14 0.0378577156771251 5.315532906320816e-15 8.17553699781571e-15 2.838008334298579e-15 -1.001889800406151e-14 -3.706562917345333e-15 3.5093464916132e-15 0.1815382232296684 -4.40480284795422e-15 7.612318614061475e-10 8.327089696393622e-16 4.1633870253796e-16 -1.224755345273919e-15 -1.55437554187235e-15 0.4997982647274005 -9.367795241148634e-16 5.147595898620598e-07 -8.460026299799835e-14 1.088804889845866e-14 6.674350284931823e-16 -7.551212569258816e-15 7.754649606554555e-15 0.01608696771051154 -3.115347321105247e-14 4.754227745195814e-16 -1.473805179998393e-14 -3.352505017158355e-16 1.013100131736595e-15 1.221263128336028e-15 1.246436629722964e-15 2.70627157435576e-15 0.3265781132433188 -1.960304320535503e-15 -4.007477793598537e-07 -8.110243644489607e-16 3.911475852265851e-16 2.612417991604898e-15 -1.526665470469867e-15 6.347354827436449e-15 5.339482351108195e-15 3.139907204241579e-15 -8.065034191090848e-14 -1.007974107284026e-19 -4.782332447322496e-18 -2.287610525093493e-16 7.6151025658705e-20 -7.625114267453609e-17 -6.976842768605701e-16 -3.281699234758693e-16 4.795112977250553e-16 -1.552577909035533e-14 -7.72159667841296e-16 3.137315973257618e-15 -3.390344430636034e-14 -1.9460214257714e-15 -7.223715666572472e-15 -2.338979332604055e-10 -5.906734950114772e-16 -2.896988947605451e-15 -2.106040588275365e-07 -3.948234420883594e-15 2.036568124679027e-15 5.79496257122514e-16 -2.252353299020648e-16 -1.565878447299729e-17 0.0252593408464371 2.887125246386272e-16 5.706699597911585e-15 -2.401616847978086e-15 -2.462006924467795e-15 0.13943860386543 -4.567812686373473e-16 -8.252217216123576e-15 1.577818142081744e-14 2.171006986768758e-15 0.414806628808439 -8.345567047107235e-15 -1.146652743258881e-15 3.301180467437798e-15 -6.147868601896607e-15 1 -6.213785681603747e-15 -2.92155290935374e-16 3.544150872563801e-16 2.284337271308794e-17 -7.882593330763973e-16 8.873112854432067e-16 2.995847776391473e-16 -1.224386439153522e-17 -1.046201154555776e-15 7.465059132040971e-15 -2.752539299860139e-15 -3.993659726209869e-16 -1.290634597008313e-14 -1.135431016227361e-15 3.812652127108446e-15 2.185752914615256e-15 3.372303478836481e-15 -1.968044926540477e-15 -2.036567271309912e-15 -3.167733172624586e-07 -4.149460357741169e-15 -2.343526111110725e-14 1.130692395068053e-16 -3.343145270437497e-16 -1.326907296731208e-16 -1.292842600710302e-17 -8.417441702162073e-17 4.817111487324369e-16 3.20126655365239e-17 2.855825253379018e-18 2.547756644505524e-18 3.26648587887048e-15 -3.753942878989838e-15 3.07132889307516e-15 1.002670644928218e-15 2.251672627994697e-15 -1.132508681549217e-07 3.751341238870094e-15 -1.146859519769276e-07 3.662003332362466e-15 
2.885326379941806e-17 -1.588303147779037e-15 -1.480587582243216e-15 2.775559617501381e-17 1.118897887396839e-14 -1.575157237795406e-15 -5.91549113516421e-16 1.234904066507443e-17 -8.764700909676228e-18 -9.150299328700674e-19 2.660123839979032e-17 -6.027877040638731e-17 5.702725501588319e-18 -4.968219523964439e-15 1.43288265135634e-15 -1.45201883385976e-16 -2.987521296771716e-15 -4.430487035792605e-15 -1.705234438599928e-15 7.953713038857145e-16 -3.254343655593443e-15 1.325329717767672e-15 -5.884196718661513e-15 -4.99601608188243e-16 6.245015749635012e-17 3.608367636639117e-16 -2.498100671519389e-15 -1.925594937162308e-15 2.380157180015343e-15 -9.298573239710134e-16 5.811544699087896e-15 -1.434715890090856e-17 6.327899310393963e-17 -2.509690334735453e-17 2.488729852017461e-17 0.01869452162416482 1.431147926597134e-15 -2.478921681341917e-15 2.993484413132115e-15 -1.649940086890368e-15 0.2500856728138248 -1.094177644822564e-15 6.140925660471078e-15 3.52149129841365e-15 -1.263746989732514e-15 0.6182093518815004 -3.027180223202639e-16 8.326865892639814e-17 3.328226764664916e-15 6.605980274827581e-15 0.5987666086791682 1.416359398021966e-14 3.130093987943352e-15 -6.399833319027321e-15 2.6528278384829e-15 1.432549258941603e-14 0.06601164075910892 -5.594622874795785e-15 -4.857229326661029e-17 6.886857295260849e-16 -2.491064754667289e-15 -8.916485263931422e-16 -3.323298958045914e-15 0.2672708350441891 -2.571729455991192e-15 4.926863786014209e-16 1.516384351375982e-15 1.894381705008482e-15 -8.032100712902481e-16 -4.581558683999442e-15 0.5011817597103386 1.984624003943741e-15 3.792330585901496e-14 -2.574765224304744e-15 -4.468434139906475e-15 7.114539919946174e-15 -6.425420509230761e-15 -8.469495482496167e-15 0.01801117868092692 6.713276399011579e-15 -6.555091185003379e-15 1.229975268561186e-15 -2.622959143612484e-15 -4.471317095686597e-16 -2.879729722779435e-15 1.255988184131548e-15 -6.245196989160193e-17 0.2744246302741519 1.138003437969438e-15 1.681033131879237e-15 4.372723808939366e-17 -3.275160345958055e-15 -7.407274723113756e-16 -1.009609810283535e-15 -4.829475650846234e-15 3.348079466532741e-15 6.473483898999493e-19 -2.466996644532039e-19 1.063751318176261e-21 -8.611713664675063e-19 -1.02522821719292e-17 -2.148824526816195e-18 6.96033322263531e-16 5.401871914701287e-16 5.759404786278343e-18 4.125121267969578e-16 1.898222568095503e-15 2.230747620434488e-16 -1.953733760399943e-14 1.746867832828461e-15 -3.335658871945884e-15 1.751204644755603e-15 7.563399951594163e-16 1.604620402558978e-16 -8.458523877444955e-15 1.382229660694875e-14 3.356696104559413e-16 -1.169753365666641e-17 2.728024091046473e-16 -2.814184346191983e-17 2.919244037956496e-16 0.0252593530602322 1.423341665179324e-15 1.175276024569035e-16 -3.28730341927426e-16 -4.572287232345444e-16 0.1394386712890323 -2.912602871219559e-15 -6.751548764018187e-15 8.763829485052337e-15 -8.338198502261286e-15 0.4148068293765712 1.503139307810692e-15 -1.551928535847224e-15 6.238077365210288e-15 -6.213785681603747e-15 1 1.351235391093394e-15 1.116983174007713e-17 3.931591036986481e-17 -8.104417235843279e-18 -7.437674758084146e-17 -1.566619088285198e-15 8.484989420631946e-16 7.931161600486689e-15 5.702907646894178e-17 -3.012349544891668e-15 3.040105141043957e-16 -3.685205910987225e-16 -1.027304002582777e-14 4.366735900880599e-15 -5.967455287284545e-16 -5.607498079398344e-16 1.110224206278553e-16 -1.066856454411416e-15 1.07552969983235e-16 -2.39385372591033e-08 2.650660371793863e-15 -4.439307196397865e-16 5.103813505522362e-16 3.827744720816619e-18 -1.102060560018687e-16 8.1421102298809e-18 -8.775977217057872e-17 -1.912262996616975e-16 3.413074140715396e-16 1.346783382629244e-19 6.952778403081311e-15 -1.374769487115893e-15 -9.003222063099966e-16 8.920824022089634e-16 -8.777711099231476e-16 -1.628906904568231e-15 5.796341707331424e-07 -4.590082098307436e-15 -2.407798712963043e-15 
-2.462500148379943e-21 1.087126553736338e-16 2.503659985495439e-16 2.749177569715897e-15 1.889412725963084e-15 6.778786019806872e-16 5.414849659532736e-16 2.489604696259234e-22 -1.299232840986135e-20 5.361421270987622e-22 -3.013078131334874e-19 -6.479137264703731e-19 9.867592623513416e-19 -3.462713701768231e-18 -2.668640827796405e-17 -4.516231443995514e-17 -6.452502174608859e-16 -7.064254780103842e-18 1.049243428686888e-15 -1.903044173137121e-15 -3.539920100508663e-17 4.311289286191102e-15 -8.199051925007017e-16 4.561788652591311e-17 2.190714125311167e-15 -3.71804305232285e-16 8.36901054307951e-18 1.910546424865969e-15 -4.112152619983994e-16 -1.057656355366829e-17 9.047598004243164e-16 2.802920469600149e-19 6.019579639982477e-18 5.386121728360287e-18 2.300651851356763e-18 -8.025805713286415e-19 6.492560480266471e-16 -1.34034493573569e-17 3.466567039934323e-16 -2.056764979007168e-15 3.57813821974677e-16 7.289158986649563e-16 4.948027674190647e-17 2.940186915755065e-15 -3.317765380333559e-15 9.561985683499449e-16 1.758498546421981e-16 4.14987703417468e-17 1.029256360670926e-15 -1.095323543700819e-15 2.207049130154492e-16 0.006051728948665095 3.887256541099809e-16 4.939896148388529e-18 9.146695868840562e-16 -1.521241527115942e-16 -3.656099132211427e-16 -5.222275757179309e-18 0.01013028605900859 3.125941210525346e-15 2.862158210101308e-16 3.751495370881325e-15 -6.941921199687835e-15 1.495250321131488e-15 -7.996838055078663e-17 0.001065823258207553 3.177955141894597e-16 -5.141658994253915e-17 9.06106968740139e-16 -8.063662953627609e-16 1.592487512130387e-16 -1.307354610731891e-17 7.008006498449001e-17 0.01870505549448714 1.283921530020167e-15 -3.07178192387764e-16 -7.000507080493265e-16 -1.138824150880709e-15 2.015938414465967e-16 -6.895716399423014e-17 1.305785991487571e-17 8.228978185322382e-18 0.001819211346711555 3.425403702735706e-16 -3.160713813350358e-17 -1.023144346105586e-16 -1.02361293221083e-15 5.592131216070209e-16 -2.076396821948042e-17 3.383220338783252e-18 7.811291355394893e-16 8.384806249928599e-15 4.741839516529815e-15 7.776995737677665e-15 2.710696244461337e-15 1.725396727109385e-15 -1.09315187428249e-16 -4.17856032176255e-10 1.856689698375457e-18 9.614365698629328e-16 -1.939645183547796e-15 2.901545492933862e-16 6.360308541059719e-15 -2.727342963898424e-15 3.855502202349652e-16 -2.18767519155478e-15 -9.693580573653574e-16 3.57796373095974e-15 -1.517519833752573e-14 3.776005116226104e-16 2.204852172692312e-15 -7.980512342136403e-15 -2.196322550949335e-16 9.671473013795342e-16 -2.150867193772696e-15 1.484815919698871e-16 2.220440023085185e-16 1.497651225430641e-14 -5.586127759397871e-16 -1.228989749324908e-15 -5.476111791633779e-15 -3.865743683008911e-14 2.288937472179541e-14 3.002155815613452e-16 -3.720886988281493e-15 -6.796401998116401e-15 1.512231637656355e-14 1.303723296854445e-14 1.188421106316011e-16 -9.716755395090499e-16 -1.95928673337121e-15 6.642906710820924e-15 1.247084319104801e-15 -1.399722304186253e-17 -2.098543466078576e-16 -2.92155290935374e-16 1.351235391093394e-15 1 9.116508541042829e-16 -4.310220325729151e-16 -1.770868330600598e-15 -2.92669576792488e-15 4.783724766376521e-15 -2.560731265536139e-15 0.5693646760010395 4.826955316300915e-15 -1.883801274694226e-16 -2.847914504050242e-15 -7.695158800536556e-16 6.072074267007701e-15 -2.169414008245073e-15 0.009785195872458434 1.194313341932147e-16 -2.867207456667958e-17 -8.527340603270587e-17 4.243001167596451e-18 1.420017107790825e-16 -8.830152197500278e-17 6.741267247150223e-15 -1.169231541014949e-13 -5.621740346458091e-15 -3.821750718730491e-16 5.618920110552793e-17 2.076030907175317e-15 -1.177574214151325e-15 -4.56731381728876e-17 3.960160243355821e-15 1.270405711594331e-16 -2.409639530273062e-16 1.794862927119179e-18 1.703807145130961e-18 -1.218033907691456e-17 2.919151458833425e-17 3.85230662491247e-17 -1.431729322808781e-17 2.256496471322091e-17 
7.560158155527141e-18 5.660729127436615e-17 -1.153389339012653e-15 -1.332298759107338e-15 -2.432042775003407e-15 -1.778749668682951e-15 -9.523586562010206e-16 -2.777756848060909e-20 -7.427888172734579e-21 -1.682821581140218e-20 1.827594518476626e-18 3.2046268085338e-18 2.597513417214741e-18 1.58950325059066e-16 6.713809125682621e-17 -6.100323014321136e-17 -1.097860578760563e-17 5.805417905823331e-16 -3.565151537069313e-15 9.294941476965629e-16 1.240090542187194e-15 -3.671218462719671e-15 5.616680043849087e-16 6.535693347439575e-16 -4.195547943992254e-15 3.410211912626741e-16 2.845714527903432e-16 -2.149382092604606e-15 2.072234242859693e-16 2.21699756820531e-16 -2.064410638778614e-15 -0.0003226183688214996 1.515914653898455e-17 8.409822321049696e-18 -5.578592119201443e-17 5.741416352527668e-19 -0.01668412564521059 9.988728012984006e-17 -2.814523777055206e-15 1.256522555275369e-15 -4.522970649882599e-18 -0.006344788324709487 2.22339711631182e-15 -7.427049233010857e-15 2.333676147575029e-15 3.732238981815532e-19 -0.0003523752824540567 6.356228253423181e-16 -1.934789346977355e-15 6.682500497683812e-16 1.23606229350296e-18 -6.689403823453593e-18 -0.03975854324547247 -4.501099729788348e-16 6.759696672379586e-16 -2.2851784246624e-16 -1.747773077320842e-18 -2.863691339725411e-17 3.066407499845648e-17 -0.02395151955774315 4.959831492336452e-15 -4.860242228843294e-15 4.947322933287902e-15 5.074150870535054e-18 2.71622290362497e-17 8.715437105744414e-18 0.0003912918529576444 4.856938568621087e-16 -3.636496677085119e-16 6.013199443847803e-16 3.721129371383681e-18 7.474273476711178e-18 -3.774378812966077e-18 1.254131076862712e-16 -0.07580175404916092 -3.055884093805521e-15 -1.800072597253767e-15 3.052396516088424e-16 4.475457395497304e-18 1.40473638038589e-16 -1.443459947407454e-17 4.100750658090279e-19 1.668975971429746e-17 0.001479950035221257 6.234875196661512e-16 6.82999987277922e-16 4.605213864555611e-16 1.304421909865046e-18 1.363905328856967e-17 -8.910872367679086e-19 -7.530791077299808e-15 -1.675534528865177e-14 -1.873714213435187e-14 -9.762443507628652e-15 -4.231136024197492e-15 -2.301323924307945e-15 3.339358068723082e-17 -2.927359345958558e-17 2.4589618895857e-16 6.176509694784572e-15 1.239947195762995e-15 1.548058147725359e-14 1.110426360509334e-15 -1.786407699265727e-15 -1.133393963442047e-14 5.429451969265308e-15 7.697374850484983e-15 -1.216291052555538e-14 1.599735900931711e-14 1.355501912700749e-14 -1.273881542617372e-14 3.565905369980863e-15 3.927308070558907e-15 -3.666625634188675e-15 7.201815879202989e-16 6.901832597165398e-16 -7.766764927301672e-16 -7.99769321949396e-14 1.072232209924677e-14 3.129320488173074e-15 -1.70824597249398e-14 -6.005863289707024e-17 -5.261416302640074e-14 1.705314576752042e-14 2.118848258876169e-15 1.163039975809906e-14 5.048655178816935e-17 -8.292411896040426e-15 6.076477991299531e-15 4.832644836607623e-16 2.643681307939918e-15 2.528562754144374e-17 -1.66999694368589e-15 7.387056694963471e-16 7.733144361567537e-17 3.544150872563801e-16 1.116983174007713e-17 9.116508541042829e-16 1 -1.28972774235026e-15 -8.234051484794469e-16 1.909168970132957e-15 8.358147899616666e-17 1.827279136700827e-15 4.727286643463293e-15 0.5693646760010862 -1.03451818441524e-15 2.75053112610436e-15 -1.069462952170715e-15 2.167290496646296e-16 4.674178524703606e-15 1.215972342595974e-16 0.009785192918599365 4.641837348117927e-17 2.007909910985554e-16 1.913508929142935e-17 -3.638113035861296e-18 1.047189321344296e-16 -5.354419514396056e-17 2.914333140080508e-15 -1.779704855709523e-13 1.004023834306045e-14 -6.292297926454973e-15 3.639618281464509e-15 2.444016557559931e-16 -5.73887301225427e-16 -1.150883746071972e-15 1.841026525773095e-18 7.911997780461497e-17 5.689351254777737e-17 -8.105397683529281e-17 1.439496061987591e-17 -6.021600887443764e-17 -2.469101541693004e-19 3.32553633288983e-17 -1.695755192373818e-17 
1.501619570746626e-16 -3.018818012477162e-16 6.883531830477714e-16 2.141028241877533e-16 1.415765277645914e-16 4.600179719675367e-16 -9.466228953151151e-17 1.498349030179528e-20 1.32970180765249e-06 5.863707319971944e-19 -3.194069249823391e-18 0.0004923101323981319 4.479397693427752e-17 -1.161464812165129e-17 0.01319566257272317 8.826958930701407e-16 -1.216235550721753e-16 0.01556910305735416 1.851139684248197e-16 -4.19432081625582e-16 0.003688688738918863 -2.832003840376012e-16 -1.720653045536967e-16 0.0003814808020095644 2.285663231146874e-15 -1.119164570321851e-17 4.780698727605452e-05 9.328550510541393e-16 -5.873228594228266e-17 2.248323984403403e-05 -3.499240557871033e-16 -4.840061148445982e-18 0.003407868075163445 -5.330313277766744e-16 1.200992721552577e-17 -2.641372706458656e-18 -1.909457902666737e-16 0.03024498625225307 1.184348571905708e-15 -3.62986228667058e-16 2.523819369639882e-17 -2.007290213138978e-16 -0.000344306419416599 1.352291502480577e-15 -7.316662142115169e-16 1.479935988431872e-17 -4.773419616789652e-17 -0.0003325724214479269 2.726524642509877e-16 -1.164099293493001e-16 5.556059507832761e-18 -7.460030924706977e-17 -3.67401811421073e-16 0.07146481306798091 -3.601678959416511e-15 7.118905345859235e-16 1.177782372498399e-16 -2.444050041831786e-17 -4.519937213166751e-17 -6.332621601582808e-16 0.001464616172048628 7.017684908696495e-16 -1.672656289740284e-15 5.972124379238527e-16 -7.81570005930694e-17 -2.698357892596637e-18 -5.351109710921642e-17 0.0001573438132194574 2.270470532309843e-16 -1.272677071936404e-16 2.609703501091668e-17 4.71831447386588e-18 4.810405986576625e-18 1.435297329122785e-16 -3.67030810990183e-16 0.09287318375615689 7.014245954897519e-16 -2.77343574403073e-16 1.475395868845921e-16 -2.299990913327585e-17 1.42110952725623e-18 -7.12598571576591e-20 -3.788858264233956e-18 -7.596130838919004e-17 0.001253265622197122 4.29792922358165e-16 -6.498844014170667e-18 1.812288275437281e-17 -3.533260682916587e-18 -9.519013159007418e-20 -3.306920543925884e-15 3.358790567725798e-16 5.293440924308985e-15 4.667016015246883e-15 1.822456485193838e-15 8.905493116316724e-16 2.656307554666022e-17 -2.594620176365968e-10 -5.247520081831788e-17 9.390091610992218e-17 1.783122938583453e-15 -5.528065768254782e-15 6.989380323348576e-15 -9.869058695269524e-15 -4.716810850991217e-15 -2.321240428875498e-15 -2.537900445354986e-15 -9.465938775013197e-15 -1.313604105590908e-15 -4.640385298240536e-15 -1.332265088451879e-15 -2.132441020132208e-15 -1.821459649806131e-16 1.454582575275816e-15 -1.749242851181316e-16 -3.302482140491145e-16 4.281879081455013e-16 3.692672850203802e-15 -1.333273769166628e-13 -2.693457770832604e-14 -4.907936040189104e-16 2.359369193479658e-15 -4.863405685120343e-15 1.653538417301642e-14 7.106850372954718e-15 2.319489611773639e-16 2.315584789886961e-15 2.493258420902606e-16 3.975986206939848e-15 1.910987644169336e-15 -5.623642319236301e-17 1.328201871403774e-15 -1.705611298181632e-16 4.399693543900865e-16 -5.325810446460673e-17 2.284337271308794e-17 3.931591036986481e-17 -4.310220325729151e-16 -1.28972774235026e-15 1 -6.826260756539989e-16 -6.471959871364674e-15 -2.368355445426637e-15 -8.018125051786093e-16 -4.268368427805372e-16 -1.239953743794123e-15 0.5693646760010604 -1.550964760268221e-15 -3.008281557887906e-15 5.173846648420801e-16 -3.630518737204948e-15 -2.695429199877619e-17 4.644758349583266e-17 0.009785195579700319 6.120960711257488e-17 -1.506457055763185e-16 -1.13981008857871e-17 2.385160921354872e-17 -4.09597583545675e-15 -9.170979906393221e-16 -1.184123217466564e-14 -1.378810260411814e-13 5.970336239736923e-15 2.582212442941931e-15 -4.536689089615045e-15 1.749151798805297e-15 -2.636106292293914e-16 -1.556762204609289e-17 5.992123329244124e-18 4.710308161662618e-17 2.581485935904831e-16 -4.8092010554239e-17 7.497725526677829e-18 2.106063146917781e-17 7.892971301289194e-18 -1.414545460626042e-18 
-0.002623127784252579 -0.01226023486187823 -0.008119873848858922 -0.00104438057357204 -8.771948532732482e-05 -4.711405632109704e-06 -1.6203265307418e-07 2.537090436554898e-19 3.828466498322627e-20 -1.638176128877055e-05 -1.553378164398153e-18 2.633458557074563e-17 -0.003421430210346126 -6.327575998369119e-17 2.033156476701198e-16 -0.03454461461204172 -4.15763279967438e-16 5.767447337857323e-17 -0.007967135931526636 -6.678146471652141e-16 -8.163025936213682e-16 0.001740225775657456 -5.443382621830895e-16 -6.774318829646703e-16 0.000347199755765981 -2.747314859376028e-16 -2.151775952658899e-16 5.109829025049338e-05 -2.804103100254735e-16 -2.866823886159209e-16 2.479445355065322e-05 9.625182990996212e-18 -1.280597773148637e-16 -0.01185721202776334 3.331160538059341e-17 2.751105316835138e-18 1.842746646532315e-17 -1.084053094687248e-15 -0.008662732147743346 -7.821718360699997e-16 3.161126959154557e-18 2.856306807819311e-16 -2.28268603460194e-15 -0.001115095979016225 -2.261432495606781e-15 1.062179332356766e-17 6.38729590738328e-17 -4.441656792620618e-16 -0.0003262906958777337 -5.486144935589242e-16 -1.654365637871382e-18 6.467943585235778e-18 -7.181060623529845e-17 8.283761995583722e-16 -0.04334263176260039 -7.766594779980714e-16 1.938180789907865e-17 1.553500776912242e-17 -2.044483424800721e-17 7.463361881773943e-16 -1.529446735281669e-15 -0.008136893564572341 -2.453129917398188e-15 -3.411848711546049e-18 -1.675856009642367e-17 -4.467050807286044e-18 1.345630046127949e-16 -5.399728769787098e-16 8.980709145617147e-05 -4.919643831827389e-16 -1.587176453364592e-18 -3.61724913343147e-18 3.203280083169748e-18 2.751501825861842e-17 2.791575748689931e-16 -5.129817875822386e-16 -0.05972375797215887 -1.574467042657274e-16 3.056433686873719e-17 -2.394538319087135e-17 -6.759322919091508e-18 -2.897314084528013e-19 -1.029759667299274e-17 1.325412724975588e-16 -4.359194016578826e-16 0.00117133398132529 -6.741097430089408e-16 -4.591497357797944e-18 -7.149347052654684e-18 1.015167282113372e-19 5.093956656614232e-10 1.460637166773254e-14 9.141992718401285e-15 8.406469966650877e-15 3.675013145170528e-15 2.355363488174983e-15 -8.944709112651727e-19 -1.399304872547416e-17 -2.483704399966625e-10 7.683501460776701e-17 -4.182674678129532e-15 5.841657588432002e-15 -4.617930881633263e-15 -6.962998820462498e-15 1.84626619548285e-14 -9.583795468689895e-15 -1.315639864576416e-14 2.146893773869984e-14 -7.950012379641637e-15 -9.009011933816483e-15 2.943131849343704e-14 -4.288443955758984e-15 -3.90042747997761e-15 1.333308463645357e-14 -9.10429556866578e-16 -1.114113383631734e-15 4.777433711632835e-15 6.145250078595469e-15 -1.109690452659985e-15 1.262184801121307e-14 -3.225166213460828e-15 -9.655450326741895e-17 7.796045506753548e-15 -8.573982588368057e-15 3.664429870654951e-14 -2.076232527816559e-14 -1.446732273911133e-18 4.720327420768503e-15 -2.979536647789916e-15 5.693362448158491e-15 -6.302320268444572e-15 -9.456275823150788e-18 4.682951767564552e-16 -1.782522002177828e-16 1.393418224730204e-15 -7.882593330763973e-16 -8.104417235843279e-18 -1.770868330600598e-15 -8.234051484794469e-16 -6.826260756539989e-16 1 2.454514313332421e-15 2.086115094146299e-16 -1.482060191726141e-15 -2.89760145673637e-15 2.488205022339785e-15 -1.533504023093605e-15 0.5693646760010036 -9.751826794271873e-17 2.707794925783891e-16 -2.890800629203005e-15 -8.514420554532195e-17 1.997658489508828e-16 6.030347145292974e-17 0.009785199075977268 -8.061162234754701e-18 3.549068681414366e-19 -6.061242863410935e-17 -1.804329401034795e-17 2.133316534527891e-16 -1.766306373274081e-16 -1.744477875635293e-14 -5.565166383280854e-14 -4.259748329013657e-16 -2.358523536960251e-18 -2.22608294101909e-15 -4.848071821208866e-16 -2.151781808332712e-18 -1.698682366418172e-17 2.864718545752896e-18 -1.327300917932082e-17 4.380178681122707e-17 9.343357781858252e-17 1.75664080952965e-18 -2.227326261010982e-17 -2.86085466662569e-19 
-3.253750353425927e-17 6.032626222118117e-17 -1.183456010937648e-15 -2.529642723232894e-16 -6.087750883314166e-16 -1.215212109700144e-15 -1.07281132889326e-16 1.329701807652466e-06 1.496166374891636e-20 1.611854755211859e-19 0.0004923101323981142 -3.267707757143459e-18 -6.027123794565351e-17 0.01319566257272309 -1.806977371611512e-17 -5.114453227554307e-16 0.01556910305735487 -1.173894491270743e-16 -2.275507849504028e-15 0.003688688738918155 -4.194502928339916e-16 -1.035297879415635e-15 0.000381480802009459 -1.726137593502973e-16 -1.86989666856225e-15 4.780698727599229e-05 -1.04271687786105e-17 -3.538882029354951e-16 2.248323984402658e-05 -5.930850789946669e-17 -2.106353039498759e-16 -2.529750672018265e-17 1.187374168763275e-17 -1.093793781923251e-16 0.00340786807516366 -3.016456605831697e-18 -6.572975670696383e-17 -3.488060500970747e-16 -4.055902918480894e-16 0.03024498625225303 -4.659898819762203e-17 1.906654228421784e-16 -7.409624008255264e-16 -1.417169144717013e-15 -0.0003443064194166493 -5.437697495957112e-17 5.841007751231731e-17 -1.156103122852386e-16 -2.267167550935811e-16 -0.0003325724214479411 -6.212765580930505e-18 -1.900641348476591e-17 -1.624971299419168e-16 7.124790107260764e-16 2.088117268275021e-15 0.07146481306797674 -6.700729414964486e-17 3.247767841746108e-17 -2.648460267844046e-17 2.945345315841148e-16 -1.663101758095223e-15 5.804134875928566e-15 0.001464616172048408 -4.132978681521371e-16 2.903163075085163e-17 -4.153685943718769e-18 7.352090076100741e-17 -1.320176005726015e-16 1.31264661503299e-16 0.0001573438132194181 -2.305344680865154e-17 6.381122994715839e-19 4.028488697142403e-18 2.680059890716636e-17 -7.744098246646136e-16 -2.474596167492352e-16 1.644133884603738e-15 0.09287318375615718 -3.89529276618708e-18 -5.944498399656074e-17 5.952682855508689e-18 -7.890467392851195e-19 5.44256614484936e-18 -4.120154309878516e-17 -2.488022363794614e-18 -6.880184500692474e-17 0.001253265622196907 -7.26980022804689e-18 2.826290902280317e-18 1.019733549549138e-19 -4.397823546314265e-15 -5.014745485322937e-15 1.101424046369419e-15 -1.682257408604493e-15 -5.138230956126489e-16 -6.623735584195843e-16 -2.594620204555392e-10 2.520781659019854e-17 -3.512802699408121e-17 6.745262172167029e-16 5.313477040076701e-17 -6.845184215348722e-16 -1.235556795764875e-14 7.010229536419567e-15 -1.076938952561573e-14 -1.435483676371307e-15 -2.376817648676779e-15 -2.920030200965365e-15 -3.531896997090247e-15 -1.34654182877809e-15 1.580033660468679e-15 -1.2056328158241e-16 -2.127150452343573e-15 -2.213402970309635e-18 -8.628086957987109e-16 -1.804732018589335e-16 -4.958906908691292e-18 -1.432800673041051e-15 -4.318570085355453e-16 -1.817446381202479e-15 -1.559204154677973e-13 -9.062948715493779e-15 6.01277349037052e-15 2.569997488341751e-16 7.293914211224237e-15 1.954339468036249e-14 -2.474061266186569e-15 4.711686837673205e-15 -7.010807001131023e-17 5.47541748269766e-15 7.924216838264833e-15 -1.234089734700237e-15 -1.229760797767494e-16 2.277174547112302e-17 2.099640374998991e-16 8.873112854432067e-16 -7.437674758084146e-17 -2.92669576792488e-15 1.909168970132957e-15 -6.471959871364674e-15 2.454514313332421e-15 1 -2.236382907979407e-16 7.847192214843489e-16 -6.616140469687899e-16 -6.19852993328537e-16 -2.918653613607128e-15 -2.932051133733955e-16 0.5693646760010563 5.332072402968066e-17 -1.080102533021247e-16 1.132695210086234e-18 2.18126612535151e-17 -1.51044869982216e-16 -9.499930966135302e-18 0.009785195579700702 -2.834702142228511e-18 1.764624364309349e-17 -5.897475233240259e-16 5.254165712192495e-16 -2.846502278773539e-14 2.593836855103569e-15 -9.108318506679408e-15 -1.527059728668957e-13 6.99809151457814e-16 1.257452254171726e-15 -5.90076688268612e-16 -1.522160900915813e-17 -4.84788760073693e-18 4.212951559854687e-17 7.447988799955079e-18 -2.830721812908011e-17 2.757126726168029e-16 3.142524634987581e-17 -5.199565121995085e-18 -2.819932374669489e-18 
2.32248257192174e-18 9.407359670447543e-18 7.707068083776336e-17 2.639862885585282e-17 1.084710797009491e-17 -2.717328542310232e-17 -1.218007437916989e-17 4.646052275882648e-23 7.278412267030457e-21 5.67169449652125e-22 9.170380198448653e-19 -3.701638798796057e-19 -2.214545280871379e-18 3.542984383745447e-17 -5.538388453095113e-17 -2.826760703225465e-18 -1.142805867477664e-16 5.22658291971735e-16 1.595132446270117e-17 6.848907255381741e-16 5.416707946292709e-16 -2.232304513040858e-16 3.022118807776727e-16 3.195251058080509e-16 -9.903011489870158e-17 1.07635915670543e-16 1.521753789538808e-16 -3.670374634268756e-17 1.163030219267872e-16 1.196894112385514e-16 3.078444306114255e-17 4.810478949722906e-19 -1.898825769750161e-17 -8.019289494614533e-18 -6.204009084669083e-20 -0.0003226183688215212 -3.763711491787721e-18 -2.822923643974577e-16 -1.471956915080267e-16 3.884704854346731e-16 -0.0166841256452084 -2.555921924789745e-19 7.895363523121951e-16 -2.521210534370037e-16 1.236490546086266e-15 -0.006344788407257771 3.188904435182624e-19 2.584825688484207e-16 -1.136782534829146e-17 2.660437253593301e-16 -0.0003523888206179647 -1.886427076830636e-17 1.936582015220071e-18 5.639647006774865e-16 2.794086407285246e-17 5.358493213476952e-17 -0.03975854324547098 1.532017903787512e-17 1.613580823870785e-16 -1.269596508816385e-18 1.798156079337914e-15 -1.48400172359723e-17 1.897046540655564e-15 -0.02395151955777057 6.272339854951486e-17 1.582791684425775e-17 3.904656660956023e-18 2.784591640396093e-16 4.43141103645994e-17 2.844849956745451e-16 0.0003912991391855476 1.339961709814752e-17 -2.680495318591197e-18 -9.295678376350971e-17 7.946704292465365e-18 -6.471230073071703e-16 6.961086167128536e-17 -1.825541190529211e-16 -0.07580175404916083 1.160480401061943e-16 -6.140988867595727e-20 -4.01691047139572e-18 2.71297668043885e-17 7.027827120828141e-19 2.443327325910534e-16 1.017261479999453e-17 3.003367416477762e-16 0.001479978890069313 2.740958474474747e-17 1.977921755397963e-19 -3.131575499247847e-16 -2.854094456433867e-16 -1.718867019204883e-16 -1.944787647374143e-17 -1.189522722142922e-16 -4.622427273450382e-17 8.07734338051588e-18 4.336828660679686e-19 3.998828497276992e-18 2.57988615897519e-16 -7.041969788044226e-16 -4.46935145085247e-16 -7.400325458228263e-16 3.861525480107626e-15 -2.265790634593514e-16 5.010675386132118e-15 5.451631103473297e-15 -1.617265417181888e-16 7.966923815950127e-15 7.86482627613755e-15 -3.352488642598428e-16 1.911187967492876e-15 2.741005393624649e-15 4.296828734862537e-17 4.808747067085365e-16 5.696063407903269e-16 9.842533681331074e-19 -1.43198066573889e-17 1.096837574718354e-15 4.374342837419284e-17 7.030221082309816e-15 -7.908409170590533e-14 1.617273887511396e-16 4.045680077840687e-15 3.104545158277799e-17 9.164883783801745e-15 -3.757671257489244e-14 2.460630711774616e-17 3.110027155512199e-15 2.146720301522304e-17 3.079256142604577e-15 -1.720455375387602e-14 1.167084582172397e-17 1.840806354220849e-16 1.063451080783139e-18 2.995847776391473e-16 -1.566619088285198e-15 4.783724766376521e-15 8.358147899616666e-17 -2.368355445426637e-15 2.086115094146299e-16 -2.236382907979407e-16 1 3.294262777240703e-15 6.528838477880813e-15 1.646267825295801e-16 6.64387232838137e-16 2.697969343595633e-16 2.437722705716312e-16 0.5693646760010727 4.173815833969871e-15 1.462555367621509e-16 -2.909240689139418e-18 -7.812187407045932e-18 3.278019740611639e-19 4.758209124913866e-19 0.009785194148726972 9.586150546637063e-17 -9.738114257297451e-16 -6.658709778049951e-15 2.560312377965441e-16 -5.020424523599383e-15 1.557385448678789e-16 -1.413278120361655e-15 -1.58280506756819e-13 -1.020888964381775e-15 6.19425268160308e-17 -6.834488045549232e-17 2.039655507908448e-18 -1.389663515717374e-19 -3.159094769316874e-17 1.809977846271734e-18 -4.605245023590586e-17 -2.650874849016477e-17 5.490076271424469e-17 8.957376195282594e-19 
-3.291248648675804e-19 8.888750513600263e-17 1.005221008835707e-15 2.224313603517824e-15 2.382248865827454e-15 1.628125343855298e-15 1.053746901475616e-15 1.23447974033388e-20 -1.605055953538054e-22 7.477358103852701e-23 3.959757835146189e-19 1.388296765057907e-19 3.231138308855723e-19 1.126191183867917e-17 -1.204764077637644e-17 9.155208549959902e-17 -1.515511349228184e-17 -2.635831006584889e-16 1.848565551121517e-15 1.512800846934436e-18 -1.189683187875036e-15 2.595813784964315e-15 -1.362454888534794e-17 -4.337866629381376e-16 2.549063651710883e-15 -2.321976892782305e-17 -1.899172447187909e-16 1.072698772609139e-15 -6.895180788631908e-18 -2.30771705524589e-16 9.721022784542576e-16 -4.001968562920599e-19 4.576123463355419e-19 -1.452781881938921e-18 -3.836603784737903e-18 -2.920699416175343e-19 -1.735146992451222e-17 -1.681318048653004e-15 2.939606667623484e-15 -1.783842916588705e-16 5.5350384377891e-16 2.419024459508828e-16 -2.697139256489846e-15 3.150254476989563e-15 -2.612520664896461e-16 1.071361169647548e-15 6.724064545103068e-17 -5.901207814869023e-16 9.977206804971765e-16 -5.408553915896473e-17 1.941312943555172e-16 -6.100860681718853e-18 -9.572742853397201e-17 8.192248555961687e-17 7.786203195663132e-16 1.360063862747595e-16 2.321331908433542e-16 0.006051728948665239 -7.920689793119488e-17 5.405493218835879e-16 -2.615061758727279e-15 9.191205332680101e-16 -3.748493486111653e-16 1.608457968598076e-15 0.01013028605900916 -1.313061779559807e-17 1.317854975392303e-16 -4.384522177874285e-16 1.04108586122136e-16 -5.681660247768946e-18 1.996246566572366e-16 0.001065823258207567 -2.375419197280511e-17 -6.846207323655808e-17 7.494903271146183e-16 -1.864643083493127e-15 -5.754390324974779e-16 1.442763924552849e-16 1.070777547304842e-15 0.01870505549448717 3.318622147783959e-18 7.982692259989829e-18 -2.069641591754118e-17 1.531101739759296e-16 -8.602420440427963e-16 -4.283190293380418e-16 3.326080794700806e-17 4.043194389491636e-16 0.001819211346711582 3.952322852424753e-18 3.157775696752678e-15 1.248806085126003e-14 5.623099371116958e-15 8.25007719136252e-15 4.628860714488148e-15 2.008559891235116e-15 4.17856036397878e-10 -2.178714298408764e-16 9.256343532776762e-18 4.946929175225795e-16 -2.994406553864738e-15 1.862326893292956e-16 3.018417260013819e-16 -1.354448563703008e-16 1.141593846047871e-15 -7.357506056772306e-16 -1.235605584862707e-14 2.015988283530867e-15 -6.465842943527307e-16 -1.367168097483275e-14 9.121566518878519e-16 -3.418286161996766e-16 -4.213372272675117e-15 5.95144406986415e-16 -7.999045967545113e-17 -8.178447671972119e-16 2.32435413943847e-16 7.022291709104881e-16 -2.397320504681348e-15 -3.127829246964731e-15 9.389866851898464e-16 2.03965412996708e-14 1.143359631148616e-14 -4.806422390626308e-15 -4.921346126843895e-15 2.862230207891816e-16 1.694865493611598e-14 1.421246746593736e-15 -1.638864757336476e-15 -2.792525325563349e-15 -4.711197252630052e-18 7.07885085185022e-15 7.466563057274365e-16 -1.86143161177405e-16 -1.08936184825509e-16 -1.224386439153522e-17 8.484989420631946e-16 -2.560731265536139e-15 1.827279136700827e-15 -8.018125051786093e-16 -1.482060191726141e-15 7.847192214843489e-16 3.294262777240703e-15 1 -2.259490879987774e-15 4.5179119573632e-15 -3.758109004115561e-15 -3.052959157723908e-15 -3.340681003313176e-16 4.34314195529045e-15 0.5693646760010572 -8.798473154047256e-17 1.077942655575321e-16 2.233287793279354e-17 -6.140982466197808e-17 1.541388705840897e-17 9.820057048032737e-17 0.009785195872458827 -4.904974335225827e-14 -8.557797535752368e-17 1.934722949954365e-15 9.677345996083903e-16 5.461801719235257e-16 8.689712147398665e-16 -2.175363117679275e-15 -1.123865811612684e-13 -8.962280146736497e-15 1.18981050849916e-16 -1.43172932280876e-17 1.21053721203036e-17 2.55450369548322e-17 -2.977745620646206e-18 -3.51486986060846e-18 -1.56358078589645e-17 -2.836408646180201e-16 5.880866873401608e-17 
-1.929401043365482e-17 -5.261091041988116e-17 3.684552662976531e-15 9.632919470026281e-15 9.998949846599181e-15 4.584519504560176e-15 3.813840949566533e-15 1.632145986207372e-18 -1.764095680853611e-15 6.342782236034276e-19 -2.836463501114446e-18 -8.124338020288423e-18 1.745018565881288e-18 1.2302804157781e-16 6.870860217585644e-16 4.069823904968748e-16 -2.628011198416225e-15 4.809520837147803e-16 5.29871285737358e-15 -5.314162749353306e-15 -1.267562446525805e-14 1.279705509677801e-14 -3.219828609243349e-15 -9.943452427961047e-15 9.035316795809824e-15 -1.413217548758776e-15 -6.455590448388174e-15 5.46278736085996e-15 -3.726514857470955e-16 -3.820695911623711e-15 4.468380651627549e-15 -4.805193301151339e-18 4.327973077511845e-17 -9.47869572647289e-18 -9.701571076847589e-18 8.937486671801967e-17 2.452153606038815e-15 -3.355822564278402e-15 9.323705002510189e-15 -4.887502078403578e-15 6.123140189331773e-15 1.428056895092918e-15 -3.37889439300179e-14 1.010042754387108e-14 -1.001472127638788e-14 5.838211949090345e-15 -1.189945500269093e-17 -7.880592092800975e-15 2.673335235610302e-15 -1.48258490659529e-15 1.509526900428506e-15 0.04453952249039413 3.653347969199049e-15 -4.291272198698956e-15 5.805902633661977e-16 -2.58938649602065e-15 3.996802888651564e-15 1.808212054481079e-16 0.07033681114487664 1.104986328132508e-14 -2.731495585283753e-14 2.857414825600206e-16 -1.733780220093546e-14 1.58553725704539e-14 4.027811070809308e-16 0.009583077578684119 4.930874717129737e-16 -7.813451361042138e-15 2.522498445217467e-16 -9.501311467339067e-16 1.806986521567419e-15 1.120578775375416e-16 2.710979769664941e-16 0.1090966468036988 6.13029592366961e-15 -7.411172370244385e-15 -4.738830855501587e-15 -5.565643432238777e-15 4.977789014317337e-15 4.580889704024268e-16 -1.262553429859721e-15 -4.305831868099017e-17 0.0156012484891137 9.085744310821455e-17 -1.456127317816875e-15 -2.213373948536821e-15 -8.883000073684942e-16 1.710495189839863e-15 1.685698872006946e-16 -2.93996256740661e-16 4.200983040268295e-15 1.600976295979779e-14 1.45716771982101e-14 2.437633429041945e-14 1.117856252418116e-14 7.429955308306377e-15 -2.693577175968861e-18 -3.811136631574857e-11 5.082179831319765e-19 1.098794936777342e-15 -3.513919512525523e-16 1.070024885675355e-16 -9.502838071293827e-15 1.038936731784596e-16 2.367238553076209e-15 -4.336461745248456e-14 -1.89952220619538e-15 5.308633307251844e-15 -4.376295333065884e-14 -6.45317133063761e-16 9.271880138665685e-15 -1.698727963878825e-14 -3.917005608821368e-14 7.520893630151151e-15 -3.476469606510745e-15 -1.516843274403463e-14 4.22600787972077e-15 2.182897417512457e-14 -2.831258448175262e-16 8.239123359263889e-16 -8.58895474274307e-15 2.554594448305843e-14 4.486125013138884e-14 -4.986028950828229e-15 -1.298440521769127e-14 -9.885321727858054e-15 3.92273019622831e-14 3.855422925359607e-14 -9.008419010750263e-15 -2.385071307121495e-14 -4.23998943594067e-15 3.940250903335112e-14 9.904730947895078e-16 -5.275295442879511e-15 -2.61423126631599e-15 -1.046201154555776e-15 7.931161600486689e-15 0.5693646760010395 4.727286643463293e-15 -4.268368427805372e-16 -2.89760145673637e-15 -6.616140469687899e-16 6.528838477880813e-15 -2.259490879987774e-15 1 1.02961801411214e-14 -1.078998002057971e-14 -8.785507044088072e-15 -2.515349040167326e-17 1.453741640956118e-14 -2.027458062548802e-15 0.07537628277472798 9.348262672306761e-16 4.309921874338467e-15 -1.098405969765694e-15 -1.073319841397867e-15 1.422039822829324e-15 8.06755122420083e-16 2.258568630514661e-14 -4.710012761757629e-14 -1.833744168610374e-15 2.119242552714265e-16 -1.559116605351878e-15 3.632349598922257e-15 1.465028185571004e-15 -5.952513448921122e-16 4.154513647169453e-15 3.848918579762196e-16 -3.571795936347224e-15 8.115795868059019e-16 1.9611053174569e-15 -6.960580973466949e-16 4.521801672168646e-17 -6.383783685483903e-16 6.296504644346908e-17 -2.782063637435473e-15 
7.566256283925864e-18 7.769189480127098e-16 -6.863541852922877e-16 -4.102783654387293e-15 -2.483921656557075e-15 -1.899788740187224e-15 -9.428349129358317e-16 -1.373890061844643e-18 2.840799266696473e-18 1.046528584459103e-17 1.169306352023398e-16 6.287241187946226e-17 -1.155699082054431e-16 5.351960736568711e-16 9.81135203463877e-17 8.537956583054547e-16 1.254421913566432e-16 5.367884955978121e-16 -1.624568535253034e-15 3.499804620043578e-15 3.201757442208998e-15 -4.653815857921719e-15 3.432048004700677e-15 1.258693170259738e-15 -5.370086153951028e-15 2.80583445618076e-15 3.247684330221591e-16 -2.62332299723817e-15 2.375899720115576e-15 3.573128850191695e-16 -2.236250386776154e-15 -0.01412149877799738 -1.624262372546857e-16 1.003623080353426e-16 -1.006556839350301e-15 -3.438656394423232e-18 -0.1119313654046163 2.611571982975465e-15 -5.920496027030501e-15 6.152522068205878e-15 2.724329008914145e-16 -0.04880977396992636 9.349644557452951e-15 -1.08530264897254e-14 1.204483563816026e-14 -5.42236619937385e-17 -0.003228613606273763 1.124885022326932e-15 -3.906646396028009e-15 4.552233498546364e-15 -2.517380339286217e-17 8.276308105647093e-16 -0.2155510919048763 1.062518129036131e-17 -1.021237131318786e-15 -1.551601729044422e-15 2.308537475765355e-16 1.827639602159322e-15 1.031062713513083e-15 -0.1387646851788937 9.244287193407969e-15 1.056424912831853e-14 1.333644566314486e-14 5.747897817441326e-16 -3.937822290492466e-16 1.18014509997358e-16 0.003664795772244895 1.566425471467263e-15 5.835683325498306e-16 5.46066547594629e-15 1.273298809711841e-17 -3.289226693225226e-16 -7.252228331757511e-16 -9.641809919916624e-16 -0.3001091085056473 -3.472225220021791e-16 8.514781761618466e-16 7.713556356150517e-16 -2.954450920024142e-18 1.110006184191019e-15 -2.233727525863898e-16 -2.28912496859279e-17 1.986029206495414e-16 0.01291448861787221 1.197672850665285e-15 2.667431258271384e-15 5.255001396900585e-15 5.910456962230362e-17 -4.354789850082615e-16 2.555119136180782e-17 -9.572555676983291e-15 -1.866706116939826e-14 -8.036269132791205e-15 -1.015374308320349e-14 -5.952177426048857e-15 -2.854132632277107e-15 4.851827064135142e-18 -5.69208761714181e-19 1.637139529662486e-17 3.959403341542754e-16 -3.430466605903211e-16 1.803695091799625e-15 6.908228981878469e-15 7.114417765305688e-15 -7.248253417894908e-15 3.307586409624523e-14 2.700479271624824e-14 -6.062289342401221e-15 5.823791969508516e-14 3.12890989159955e-14 -1.39775886177981e-14 2.70048740318538e-14 1.597737242015521e-14 -1.531836723450544e-14 1.003744235339931e-14 2.301234282409584e-15 -5.141075520565471e-15 -2.878600136036922e-14 1.944032855837226e-14 1.544910168761349e-15 1.734951666653415e-14 1.005097765541798e-16 -8.105321969158e-14 2.654365442723488e-14 5.224065537797527e-15 -3.413068438985849e-15 1.63172426959151e-16 -1.237551727762233e-13 2.449472916166904e-14 7.119820141443734e-15 3.399949592698608e-14 1.275347015495159e-15 -1.952778611446874e-14 3.398595211283784e-15 1.018243186650427e-15 7.465059132040971e-15 5.702907646894178e-17 4.826955316300915e-15 0.5693646760010862 -1.239953743794123e-15 2.488205022339785e-15 -6.19852993328537e-16 1.646267825295801e-16 4.5179119573632e-15 1.02961801411214e-14 1 7.591420981420477e-15 2.294356111349589e-14 2.990712061682935e-14 -5.087076593304313e-16 2.219795527947833e-15 9.352602304496993e-16 0.07537626002087017 1.431282857305572e-15 6.339334424262225e-16 2.98521612516522e-15 1.938011728657697e-17 -2.245600335380309e-15 4.096696025220376e-17 6.007339244618991e-15 -4.260914537869685e-14 -3.435121153527468e-15 9.805467273233978e-16 -9.530562730212243e-16 -8.614663886754998e-17 -3.526456504470586e-16 -7.318851708228427e-16 -4.101537742884646e-16 9.008568843450486e-16 -2.099015536779424e-15 -9.917199435414856e-16 1.393593420795635e-15 -2.859258593098934e-15 7.914677463320792e-17 -5.963112448369909e-17 2.831801427524096e-16 
-1.660565973085261e-16 5.455163230862933e-16 1.392982951210011e-15 -1.471912870577534e-15 4.080938500021485e-15 4.23279825603121e-16 3.061828190122685e-15 2.08416512617321e-16 0.003722591653193333 8.100991089217228e-16 -1.051069603590418e-16 0.02951205903531617 2.467782517418665e-16 4.09016116603192e-16 0.1137730369461827 -3.4085147898609e-15 1.032648359184358e-15 0.1050621432240751 -5.028963356858906e-15 -1.838806888349963e-16 0.02857126424199389 -1.952431274423642e-15 -1.647990196539197e-16 0.003362121720735888 1.082728804474326e-14 -6.246873424317653e-16 0.0004467232500193531 1.303548743294401e-14 1.578132385313613e-16 0.0002129180087374845 1.848416804545863e-15 1.02781186805679e-16 0.07857376650358873 -5.142965750358349e-16 -2.939600939397174e-16 4.872724202283369e-17 -1.903208493581922e-15 0.1477904134289535 -2.962907696969516e-15 -8.651933336437349e-17 -4.195862407520579e-16 -4.6711766517239e-15 -0.006767552126874768 1.387084905810058e-14 2.688821392931777e-16 -2.910866037906194e-15 -6.992217340533159e-16 -0.003067372220594554 1.346100622570606e-14 -5.675925871692779e-16 -2.253122323725283e-16 1.137219658720299e-15 -1.773917384512666e-15 0.2359190382762679 3.994241461019387e-15 -5.099544918286743e-16 1.440904687233551e-15 4.512991542971993e-17 3.762181538548361e-15 -1.069110078244915e-14 -0.01557378853864336 2.47350561258462e-14 6.223320470091015e-16 -8.337081025557884e-15 -2.270319349199039e-16 6.451324347831208e-16 -6.692859770517202e-16 0.00157594989547699 1.61640757075463e-15 -1.054854966301849e-15 -1.24166624534918e-15 -2.247663087908239e-16 -1.059807623604828e-16 -3.824848424095419e-15 -1.673140792580144e-15 0.186377858705511 3.864313383174301e-15 1.192161603811073e-15 -1.231653667943962e-15 4.784042086093655e-16 -2.699663409489572e-16 3.339493145418838e-17 9.272292492942882e-16 -5.980544823208781e-16 0.0110470394480558 -7.730111475503467e-15 -1.641910948425842e-15 -1.154063818499932e-15 -9.991133690653494e-17 3.660722337527663e-17 1.310203422181461e-15 -1.050288328530639e-14 1.048813813575899e-14 8.066464165275185e-15 1.684937582206211e-14 9.851673172045435e-15 1.883809949482566e-18 -2.371606955844124e-11 -7.779123261806546e-18 9.500116695215839e-17 4.515956158287731e-18 -1.329030215818743e-15 -3.26753377908701e-15 -1.604619215279055e-16 5.481688067605838e-16 3.850760856018097e-15 -9.395262345893932e-15 2.163896774439829e-14 2.775991242433032e-15 7.184530748109649e-14 8.129727360060067e-14 1.950696548768628e-15 9.275219481508166e-14 2.656186902391122e-14 -2.050661431557776e-15 4.805534353559404e-14 1.306237373238398e-14 -7.567846360432006e-15 -2.95943825001731e-15 8.765828774657293e-15 1.389375861403935e-15 2.732758680804934e-15 -1.781300801307588e-14 1.638966740103458e-13 -5.380071388396319e-14 -9.923024858405946e-15 -1.900216095585883e-14 -2.824563499759993e-14 1.745825706223529e-14 1.027476714821454e-14 -8.526247199591913e-15 -5.447031714568929e-16 -3.850219532829501e-15 3.573531276662761e-15 -2.393921133056374e-16 -2.752539299860139e-15 -3.012349544891668e-15 -1.883801274694226e-16 -1.03451818441524e-15 0.5693646760010604 -1.533504023093605e-15 -2.918653613607128e-15 6.64387232838137e-16 -3.758109004115561e-15 -1.078998002057971e-14 7.591420981420477e-15 1 2.260604897720015e-14 -2.307702640092751e-14 3.027092465580796e-16 1.394891147033532e-14 4.311223046352751e-15 1.442605605098725e-15 0.07537628051959182 -8.130437634263827e-16 -2.04697436575538e-15 -6.238500412137602e-16 3.0314303484565e-16 -4.681590062991365e-15 -1.294029174180028e-16 4.243951009034854e-15 -2.970887424960445e-14 6.83760570407361e-15 6.842768369894032e-16 -2.090734811839465e-15 -5.166809922212165e-16 2.059577551909555e-16 4.616533890880822e-16 -6.312225577165157e-16 1.623484434283775e-15 -5.030699177907857e-17 -1.391031992049504e-15 1.361182243214219e-16 1.113909537782941e-15 1.363113295584142e-16 4.553650536721989e-18 
-0.05487452042888735 -0.100520456714179 -0.05540229105976815 -0.008267389430545715 -0.0007757408355318302 -4.444210773665068e-05 -1.578677352906532e-06 1.17646234847801e-15 3.489542897970814e-15 -0.01740626050008026 6.664304167983132e-16 4.752488818407008e-15 -0.09910159784668288 -5.890250174548932e-16 2.279264017108283e-16 -0.1801393291527023 -3.684118982107796e-15 -2.382209013386201e-15 -0.02772445281401963 -5.2702254562222e-15 -8.407337343762607e-15 0.01492771069550444 -2.6653124342302e-15 -6.912668352036185e-15 0.003090962600825478 -1.276409638354761e-15 -3.957925322941933e-15 0.0004785036671761753 -1.092138188826654e-15 -3.263389112550395e-15 0.0002351053926821629 2.935219797962324e-17 -2.427882882786173e-15 -0.1279977231633853 -4.842916997064065e-16 -2.601791399412367e-17 5.26298839579034e-16 -2.8102520310835e-15 -0.01974012454861435 -2.592435814631085e-15 -3.284915742198007e-15 1.581363082669234e-15 -1.977498030240478e-14 -0.01081608186428929 -7.29703300055814e-15 -1.28326171128795e-15 2.416416093057843e-16 -6.053887239194825e-15 -0.003013396724572722 -1.37683216166497e-15 7.020677115554238e-17 -1.356336917779715e-15 -9.648857234037841e-16 -6.586745038285999e-15 -0.103614765904036 1.721441999364314e-16 -3.51628448580588e-15 -3.816527172421581e-16 -1.408161781633077e-15 1.099652053443881e-15 -2.533303428152637e-14 -0.05626935517734794 -1.300454427309138e-14 -8.559992992221555e-15 9.568084172245562e-17 -2.181794524188873e-16 3.0860149725532e-16 -5.25199374449381e-15 0.0009728309801625479 -1.771265099906542e-15 7.052950511698128e-17 -1.613678162108562e-17 -1.257945570626644e-16 -3.075447882473337e-15 -5.900228222668128e-16 -2.449429548080076e-15 -0.1426419207350382 -1.347136445906703e-15 -5.356826093818431e-15 1.215607475791137e-15 -3.000529512354477e-15 4.247849850596005e-18 -3.698562648100152e-16 2.648066200613678e-16 -4.762663933438806e-15 0.01036879665876501 -2.167182043517378e-15 -4.960392680982123e-17 1.801812596769128e-16 -1.72383292895283e-16 5.081091884733293e-11 5.697525784501032e-14 6.092348847632624e-14 6.664113706951015e-14 2.285672560810233e-14 4.697716314474372e-15 8.817653585483e-19 -1.050325691258306e-19 -2.271598247232365e-11 1.470982334264385e-16 -3.012074926026947e-16 1.024161089052747e-15 -6.556728096459676e-15 -7.632854445068204e-15 1.564373630636439e-14 -2.847268726131238e-14 -1.785507505736763e-14 4.046762924760572e-14 -3.853959252427322e-14 -5.451628731781815e-14 1.13631326570436e-13 -1.898940802811515e-14 -4.075472598354522e-14 1.19015908240667e-13 -4.286938405614742e-15 -1.281224292534928e-14 4.288588098002246e-14 8.319022283111953e-15 -2.389181788607738e-15 3.567979245390589e-14 -1.184423491969877e-14 -6.376464026932712e-17 2.532018648569564e-14 -4.459150063086989e-14 1.326438958671407e-13 -2.884519879898925e-14 -2.020519168645e-15 1.484310721209142e-14 -4.221189370269445e-14 -6.891709425363522e-14 -1.469473414478791e-14 -5.198966257504345e-15 1.327124713626998e-15 -8.010955065839417e-15 -7.941573150095982e-15 -3.993659726209869e-16 3.040105141043957e-16 -2.847914504050242e-15 2.75053112610436e-15 -1.550964760268221e-15 0.5693646760010036 -2.932051133733955e-16 2.697969343595633e-16 -3.052959157723908e-15 -8.785507044088072e-15 2.294356111349589e-14 2.260604897720015e-14 1 2.595715526202853e-15 7.216449660066788e-16 -1.891715950553562e-15 -1.109464476243065e-15 6.242836436793471e-16 -7.966178046815755e-16 0.07537630745174614 -6.588834265090885e-16 -1.125835736524836e-15 1.953461956484867e-16 -6.288203193828401e-17 -1.777269940918397e-15 5.157587850998151e-16 -6.145308735630191e-16 5.460909502374419e-15 1.251679856158362e-14 -1.493643076111626e-16 -1.271596988879691e-15 -3.589175059051232e-17 -2.42319240162494e-17 -1.083443321755644e-15 9.165642449648776e-16 3.424128048204556e-15 -2.983725675853755e-15 8.378445166396252e-16 4.443603504578101e-16 1.289875432695573e-15 -1.739440294902423e-15 
8.019867670848579e-17 9.519803294194893e-17 -4.021170332479057e-15 2.511337494194743e-15 6.988986652188847e-15 6.137123782899425e-15 5.252433985708223e-15 0.003722591653193216 2.083334269733863e-16 5.451215609393e-16 0.02951205903531437 -1.045612513113033e-16 2.596240609921991e-16 0.1137730369461853 3.942946839799246e-16 7.825263061234344e-16 0.1050621432240875 1.00917538214993e-15 -7.621670222033315e-15 0.02857126424197709 -1.67400815779031e-16 4.237062094873215e-15 0.003362121720716697 -1.629558727235822e-16 1.324527829121727e-14 0.0004467232500107227 -6.211635485188974e-16 8.535713674401659e-15 0.0002129180087352863 1.558615804801345e-16 7.394317763750602e-15 -4.267921042517414e-16 -2.86081898296548e-16 3.890520658352564e-16 0.0785737665035922 2.512916918493557e-16 1.360673726469945e-17 -8.803721640585459e-17 -4.575333167890629e-15 0.1477904134289347 -2.66361368725486e-15 2.696410809775666e-16 2.591243197220622e-16 1.307027416561532e-14 -0.00676755212691421 -1.08897267896045e-15 -2.182018514160824e-16 -5.697610402243732e-16 8.788632957205555e-15 -0.003067372220607077 8.636246057975021e-17 5.530278112624625e-18 -3.000908983114899e-15 -5.210133539880607e-16 2.997193896608374e-15 0.2359190382762693 7.935004649880121e-17 -3.465652244350787e-16 3.82489585796351e-16 -2.142600333266698e-15 6.314393452580131e-16 2.575991178192082e-14 -0.01557378853864199 -1.427243739862221e-15 -3.189180690386368e-15 -6.820776174814823e-17 4.993352611877102e-16 -1.043145197943286e-15 2.974961100194643e-15 0.001575949895463111 2.974057379490782e-16 -5.280056595437183e-16 -4.056271377812391e-17 -1.232195769030131e-16 1.333677092374844e-15 1.262390799533894e-15 3.515633964502873e-15 0.1863778587055155 -2.365729140364224e-15 2.301327531318418e-15 -5.087347643846426e-16 -4.04561162300136e-17 -2.60425770923041e-16 1.305289686849373e-15 -1.649392168450394e-15 -6.235211244512533e-15 0.01104703944805566 3.141310971579265e-16 -5.248191278308066e-16 1.342445566575785e-17 -1.207349959876554e-15 -2.780219630905887e-15 -8.241020713064948e-15 8.367655528865805e-15 1.552339603785672e-14 8.503660179572823e-15 -2.371606865041792e-11 1.775389232965613e-18 -3.686274437650534e-18 -2.992546226826738e-16 8.502643225730959e-17 -5.644105162086839e-16 -1.379972525140003e-15 -3.287990471796197e-15 4.065399746006185e-16 -1.516842207394663e-14 3.865722845998572e-15 4.827088300473883e-15 3.268219028741694e-14 2.784664859813395e-15 1.939568568688903e-14 4.604649994710102e-14 2.001870891310794e-15 2.361956794446301e-14 1.445719561857055e-14 -2.046107779230159e-15 1.085343473531661e-14 5.319143292060654e-15 1.386912266076833e-15 1.495854086214467e-14 -1.696559559505877e-15 -1.701533336972181e-15 -2.440886034961196e-14 -9.931698475785484e-15 2.20917034665725e-14 1.808275751358961e-13 -2.102159592233153e-14 -4.086141147664514e-15 -8.632227961951829e-15 3.783648741541401e-14 1.845745778439988e-14 -2.685308572726096e-14 1.015030278957824e-15 -2.757716366561043e-15 1.813438626426694e-15 -1.290634597008313e-14 -3.685205910987225e-16 -7.695158800536556e-16 -1.069462952170715e-15 -3.008281557887906e-15 -9.751826794271873e-17 0.5693646760010563 2.437722705716312e-16 -3.340681003313176e-16 -2.515349040167326e-17 2.990712061682935e-14 -2.307702640092751e-14 2.595715526202853e-15 1 -2.168756710678001e-15 7.993172096435564e-15 -1.067078932543122e-15 2.972503042190768e-15 -2.049901712570835e-15 -6.569795305664009e-16 0.07537628051959838 6.997577593411208e-16 -2.527493000115121e-15 1.345914177363784e-15 1.408836866883901e-15 2.688991853145659e-15 6.725823824822482e-16 -3.01952549674485e-15 -3.531550052396701e-14 6.108286196049352e-15 1.96236781571721e-16 -1.047129657967469e-16 -6.844569857475573e-16 -5.115537329003755e-16 2.223048273043604e-15 1.324522649258851e-16 2.127747688540285e-16 1.807582256337941e-15 -5.296328686071377e-16 7.864803218268034e-16 3.68303592220114e-16 
-3.350204568681745e-18 1.409191773688697e-16 9.855397747898534e-16 1.361324248893122e-15 -6.691698305561816e-16 -2.199016757910657e-15 -1.247716671810721e-15 -6.352758874862894e-18 6.765771224672217e-18 -8.340280872441932e-19 -6.114565625951064e-17 -2.334435375779108e-17 5.412717218736101e-17 9.085156807639716e-16 1.550490421817711e-15 6.055811234420008e-16 2.818058286726027e-15 3.872770160120114e-15 4.864164626641439e-15 3.700199063252671e-15 -3.469446959151143e-18 2.096413323092994e-15 2.322011071834666e-15 -1.427679928159867e-15 -1.989729934682615e-15 1.021635950190522e-15 -7.129990391098891e-16 -9.801444455020754e-16 4.120624416896102e-16 -1.712037812717563e-16 1.940794275068844e-16 -3.161141434814533e-18 -7.8304066688062e-16 -2.987273446730279e-18 -1.775381330415093e-16 -0.01412149877800064 2.635966531856801e-16 1.114386360967979e-14 4.147290150193473e-15 -2.178297689795879e-15 -0.1119313654046078 -5.42914239242163e-17 1.775489481074807e-15 5.006845684585554e-16 -9.996835328639797e-16 -0.0488097746049584 -2.496615438135894e-17 6.141059052009658e-16 -1.549723415094906e-15 -1.598488722389827e-16 -0.003228737648740128 -1.541627069057608e-15 2.229119666631018e-16 2.331902032582664e-15 -1.052868729701108e-15 -1.738145489084257e-15 -0.2155510919048784 1.965604328608227e-15 1.820592288049258e-15 5.727569026700457e-16 1.195224474952751e-15 -2.259694167905996e-15 7.303507706411338e-15 -0.1387646851790771 1.743939194454133e-15 1.103501740337101e-16 1.451492956063606e-17 1.417153030840732e-15 -2.751274362664796e-16 -1.995810750560477e-16 0.003664864014241022 6.654283553942585e-17 2.735916419632254e-16 -6.327403878627672e-16 1.192622389734519e-17 -2.607072543959646e-15 -4.412702842018039e-15 1.233957597560502e-16 -0.3001091085056975 -1.656850654938645e-15 -1.525472456687606e-16 -2.485645466192635e-17 1.974915899894393e-16 5.768038154364274e-17 -1.015019948001348e-15 -1.505471601618268e-16 1.503820095473289e-15 0.01291474041394577 -4.202727289028626e-17 -2.657784710807974e-17 2.760648321179875e-17 -1.277190159188614e-15 1.974115315662374e-15 9.805524450370265e-16 -3.190157740839571e-15 -1.743211846937836e-15 1.368811546027013e-18 -1.090983459952228e-18 3.246242367255666e-19 -1.677367573018194e-16 -1.036842658327749e-16 -9.03528986896601e-17 3.515019442099665e-15 4.305092388266747e-15 -2.283770232387963e-17 9.846940970952059e-15 9.39482866502571e-15 5.116350051961711e-16 1.575389124709117e-14 1.005705935198211e-14 -4.04537514597993e-15 1.368821505818601e-14 -3.148523108950906e-15 8.356162983840375e-15 1.771546938438192e-15 -1.155760328878498e-15 3.591098388632523e-15 8.049523504350237e-17 3.597735174014324e-15 5.964806014567562e-17 9.969739995996501e-15 -3.689800201491098e-14 3.192975397971513e-16 -2.798108966751794e-15 -2.742814655954997e-15 1.261339123426789e-14 -8.562595077426225e-14 1.266998658767004e-15 -1.34579847266328e-14 -3.747870069849628e-15 8.757968308907177e-15 -8.590350653040622e-14 6.108125223327322e-17 3.675012626024603e-15 -1.69352572909165e-16 -1.135431016227361e-15 -1.027304002582777e-14 6.072074267007701e-15 2.167290496646296e-16 5.173846648420801e-16 2.707794925783891e-16 5.332072402968066e-17 0.5693646760010727 4.34314195529045e-15 1.453741640956118e-14 -5.087076593304313e-16 3.027092465580796e-16 7.216449660066788e-16 -2.168756710678001e-15 1 2.369513005946528e-14 1.426376883558532e-15 2.295798220720877e-17 -6.266690590077886e-16 -1.12193317294798e-15 6.944452693040256e-16 0.07537626949667837 9.963957021141304e-16 -5.349608949591195e-15 4.894546004394089e-15 -4.424063671422961e-17 -1.325450708391938e-15 1.254879311357175e-17 -3.293033176570612e-15 -3.380368901462299e-14 6.94917434279234e-15 2.520939457620633e-17 -3.264533477088609e-16 1.92879582648192e-15 7.771019555716517e-17 -1.341592060936141e-15 8.407144469681219e-16 2.721348046670195e-16 -3.243933557569431e-16 -2.847657244662591e-16 -2.331035393798353e-16 
-7.580377816520454e-18 -3.633432530543749e-17 1.802919792627112e-15 -5.99043384834682e-15 -8.049553613061092e-15 -6.428996039693823e-15 -4.463069958152277e-15 1.762486552858954e-15 -1.764134281132498e-18 -3.879592003502533e-19 -2.163083298886432e-18 -1.014867293835775e-17 -6.608153335702551e-18 -7.040402332308267e-16 9.618906149022942e-18 1.017117163063335e-16 9.3523279398656e-16 -1.987776263035892e-15 4.446313109365306e-15 1.261967963304242e-14 -1.63237479428061e-15 -8.010953021136475e-15 6.124018306666282e-15 3.731830431900254e-15 -8.869650528362851e-15 3.203941850014779e-15 1.85839469743666e-15 -6.906982495161957e-15 2.157015848397908e-15 1.7688527470978e-15 -4.43476913066289e-15 -8.121325428496579e-19 7.149006051303618e-18 2.76780340506578e-18 1.43149229830505e-17 -4.609163283300598e-18 5.147791914963935e-16 -3.697996769915139e-15 2.159947568026619e-15 3.008010507345076e-15 2.757668225718204e-15 1.222980053649843e-15 -1.460637169579858e-15 -3.156763078224182e-15 2.153312254868699e-14 3.111660283369878e-15 -7.928994481520095e-16 2.538391146286191e-15 -1.818292987556253e-15 4.178392191849357e-15 6.04916720118593e-16 1.797166744848938e-16 8.046948524190364e-16 -1.799558765892086e-15 -1.028325103021455e-15 1.160530005428844e-15 2.97776126673233e-15 0.04453952249039282 4.042989901224197e-16 3.474651122383151e-15 1.222980050568488e-16 -8.994270172443209e-15 1.924242015734917e-14 1.692526327426517e-14 0.07033681114488309 1.122340691688961e-16 -9.233175733959027e-16 2.268225500569072e-15 5.148542388616261e-16 3.456441717621477e-15 1.145494575804676e-15 0.009583077578684046 1.486224338043596e-15 4.585768613800637e-16 3.173676599300797e-15 -3.6266562669654e-15 -4.383971484447152e-15 1.528779273313725e-15 7.051325669196999e-15 0.1090966468036998 -5.542848081562394e-16 9.633570323717129e-17 1.671061834044594e-16 -1.452851715572953e-15 9.622583727196874e-16 8.771527012669623e-16 1.063959595661775e-15 6.110770087435308e-16 0.01560124848911492 1.211182716376105e-16 3.310826422537838e-15 4.995136249077907e-15 2.229987028369049e-15 -1.352303686030275e-14 -1.197480091626728e-14 -8.080054713347124e-15 3.811136710942381e-11 -1.632409413058952e-17 1.482302450801671e-18 1.661308541152579e-16 -1.062193430797816e-15 -1.166539744207773e-17 2.579418612297709e-16 -8.162812466979679e-15 9.995101009470257e-16 -5.150827681046328e-15 -3.663107144004651e-14 2.590335172922219e-15 -5.410602521574331e-15 -2.813634741862416e-14 7.646877922544061e-16 2.802445775487748e-14 -4.874572967576876e-16 -1.444943340336133e-15 1.198477924523711e-14 6.224192210155414e-15 -4.004369606640789e-16 7.642581771434787e-15 -3.979745339160256e-15 -4.435999636199345e-15 -1.697123683448864e-16 2.880611331067063e-14 3.167431594787735e-14 -6.412296908733768e-15 -1.358895634907008e-14 3.744834303766715e-16 5.103382993978965e-14 6.74807432155213e-16 -6.110563444130439e-16 9.99200722163102e-16 9.158689431857976e-15 8.329448242253591e-14 -2.733057388589037e-15 7.993282565897549e-16 4.243138472069827e-15 3.812652127108446e-15 4.366735900880599e-15 -2.169414008245073e-15 4.674178524703606e-15 -3.630518737204948e-15 -2.890800629203005e-15 -1.080102533021247e-16 4.173815833969871e-15 0.5693646760010572 -2.027458062548802e-15 2.219795527947833e-15 1.394891147033532e-14 -1.891715950553562e-15 7.993172096435564e-15 2.369513005946528e-14 1 8.045867173067683e-16 -2.247009120398587e-15 2.994567371936867e-16 2.16325585941675e-16 -2.523372954904372e-15 9.939018611508778e-16 0.07537628277474491 -7.541842448951597e-15 -5.761634574257526e-16 1.302690933098522e-15 -9.172816247357014e-17 -1.845295156911276e-16 3.499758025974438e-16 1.587192359421778e-15 -4.63948541043765e-14 5.259596875871918e-15 -4.076601087297625e-17 6.361556780147635e-17 -2.437286635681995e-16 -4.026592221843544e-16 -1.477768203556997e-16 -5.569547775197117e-16 -2.413434525116825e-16 -3.537968825731183e-15 9.518213824258466e-16 
-4.856114878671716e-17 1.501539225799817e-15 -9.957316280481939e-16 1.343543809333759e-15 -6.113169976645658e-15 5.516517714685089e-16 -1.672296555907993e-15 5.002268475315668e-18 -1.329616893014651e-14 1.058448426383677e-18 -3.749494977517186e-18 2.603702033913314e-17 3.840508300738787e-18 2.551323433497117e-15 -1.714300425014609e-15 5.64191905428452e-17 -2.403677068143503e-15 3.918411689579309e-12 -7.428955918321018e-16 4.024559898715996e-16 2.361412193192572e-08 -2.033963998621137e-15 -4.711518905104028e-15 5.511955106824442e-07 1.399923824125791e-15 8.500478174277269e-16 1.334683992535052e-06 1.387815635845465e-17 -5.273815624985394e-16 1.497764052187779e-06 -1.01832102181618e-15 8.330639292273174e-17 -2.434805010588839e-17 7.203036732586391e-17 1.131598936892022e-17 1.765202001279212e-16 -3.434103178005063e-15 2.483153452357407e-13 -4.221884755683121e-16 -9.207048111263463e-16 2.321060833324754e-15 9.610371486593327e-16 1.643880090063103e-08 2.203099618059518e-15 -2.94903095981619e-16 8.67362058811271e-16 2.019275886099967e-15 7.93429234194264e-07 2.472098676600004e-16 9.57589208448154e-16 -1.748718465520994e-15 0.1077391905375395 1.100845065917424e-15 3.10949293253671e-15 -3.465111371125468e-16 -1.180844306814634e-14 -1.269384353352079e-15 -6.57230037322881e-16 0.3911885832788209 -2.102485597899515e-14 -7.395685037858022e-10 -2.378306728328245e-15 -3.440391552845585e-15 -3.809454103129509e-15 3.111227656646242e-15 0.520494518594999 -3.899706229193707e-15 -6.066103417073017e-07 6.713653946908922e-16 -8.448384016832473e-16 -3.414041266833052e-15 -2.567519574616918e-16 -1.718306553461498e-14 0.05504506888516877 5.112638471181034e-15 -4.720997402646981e-15 3.717513726319018e-15 2.710831652448217e-15 -4.479491283148384e-15 8.591492109712063e-16 -8.358117509387982e-16 -3.955349127059268e-16 0.4889535283335777 -3.816447649980669e-16 -8.464874398395722e-07 -8.431077653866668e-16 -5.65537064860391e-16 2.511965428539823e-15 1.760782079561339e-15 -1.179671918417573e-16 1.426708165795832e-16 1.703065376021458e-15 -1.548241250928363e-15 1.96110558499077e-15 3.92915162774772e-15 7.992018733291231e-15 -7.432750973139758e-20 -1.817505439782075e-13 -3.57340896013245e-22 5.714657120636362e-18 -3.434932806386682e-18 5.628454587416732e-19 -2.851990590160863e-16 -1.139598531052522e-17 2.81170568891451e-17 -1.061881536537069e-15 -1.802812011235199e-15 3.880767526290189e-16 2.835298105954617e-15 -9.472460897139008e-15 2.4372873474001e-16 1.731254642523183e-15 3.288655961790569e-09 1.577731560480589e-15 -3.46945062190375e-17 5.064115041142014e-07 4.692433830505388e-16 3.273351514246423e-16 -8.35937111859455e-18 -1.548071844279003e-16 -1.417753132187448e-16 5.946512210049983e-16 -2.534099859445075e-15 -5.911506020001513e-15 -4.511149997803202e-15 -5.489927408371603e-16 3.990732770600865e-15 -2.843386257026983e-14 3.590011505653925e-15 -3.469448181352333e-17 -1.583152573253284e-15 3.642920590419735e-15 1.026956869166431e-15 2.371368439904013e-14 -6.224197151488021e-15 2.185752914615256e-15 -5.967455287284545e-16 0.009785195872458434 1.215972342595974e-16 -2.695429199877619e-17 -8.514420554532195e-17 1.132695210086234e-18 1.462555367621509e-16 -8.798473154047256e-17 0.07537628277472798 9.352602304496993e-16 4.311223046352751e-15 -1.109464476243065e-15 -1.067078932543122e-15 1.426376883558532e-15 8.045867173067683e-16 0.9999999999999997 -1.689621352988639e-15 -2.760076986671328e-07 1.399923295550313e-15 4.107827979427955e-15 -4.45824170746273e-16 -1.741663604196525e-15 5.939134550464767e-16 -4.72725867241285e-16 7.840563254562221e-18 1.58734030562925e-18 -4.501388786657988e-17 4.789253035791723e-17 9.689255668672149e-17 -6.755010738652857e-18 9.481690171405457e-17 3.275159821324722e-15 -2.585498227029257e-09 -2.6090251950161e-15 -1.330748773672085e-12 3.28209940644946e-15 -9.974665697611407e-16 -2.470247605800904e-15 2.903061009017386e-15 7.771566336523217e-15 
-4.43559082587807e-17 -1.848445538854638e-14 5.284943767133093e-16 -7.438711501922533e-16 -1.677478315246803e-15 3.230110969813156e-15 4.313448268712341e-15 -2.703853091854901e-17 -1.944608822904467e-17 -7.892124259566241e-18 1.932926435368338e-16 -3.13237849236905e-16 2.378659005482451e-16 -4.193785702820032e-15 2.409215938309932e-15 2.37767581783086e-15 2.280510969286797e-15 2.206568377242536e-15 6.788190158174032e-16 2.298508731061559e-15 5.345117001949733e-16 3.937822501582307e-16 5.690770656275849e-15 1.204767633221639e-15 7.910347845078847e-16 -1.094653083427889e-15 -2.845057142348237e-16 2.619501221908523e-16 -8.63934009349558e-16 -2.926619826852835e-15 -4.146143964995991e-16 -0.03896052326434975 -3.88249691599478e-16 -9.921251378572325e-17 -3.217154519330462e-16 -2.532832545233233e-18 -0.3919322806674912 -1.125401914100637e-15 5.742111189680365e-15 -3.050077711703198e-15 -8.509496722599785e-15 -0.6231284346935538 -2.479136822473466e-15 2.563054096906408e-15 -1.044303589349426e-15 1.879871169674343e-16 -0.2166077031178515 -1.04779657120613e-15 1.127623617351216e-16 1.908238788620435e-15 2.884170209640845e-16 5.642299532442371e-14 -0.03518856657426724 -1.337032768265164e-14 -1.721810718462477e-14 1.820961012339463e-14 1.129467672460683e-16 -3.165762089578127e-15 1.717376331354529e-16 -0.03451060999869251 -9.417814245354791e-15 3.116430888156303e-15 -5.247376159902963e-15 3.9589644406008e-16 -3.382710955698486e-15 -3.302210834432926e-15 0.2840928051361934 2.91790095003711e-15 1.387835022275217e-17 3.303022240707876e-15 -8.231514695598239e-16 1.162322699800393e-15 3.598651513704227e-14 -1.270470882897706e-14 0.02362272373047329 -3.132693921582114e-15 -1.285473531246939e-14 5.321264541816487e-16 1.135262733376886e-14 4.35762560034008e-15 2.985006604400834e-14 1.14063213420392e-15 1.561284131261292e-15 0.4753712697345532 -5.794151001327683e-16 -1.229965483975604e-15 3.469551497800993e-16 6.39050404284619e-16 -9.714656816736932e-16 2.466034008563559e-15 -1.594516528696969e-16 -6.263334635193311e-16 -4.645589712464561e-15 1.920338989156441e-15 2.720047634663534e-15 -1.266371155662902e-15 3.584024850293961e-20 3.54696698625844e-21 1.4759498034692e-19 2.45289443678719e-18 -9.275110007818632e-18 8.783179211992719e-18 1.599419575710498e-16 1.188968034358819e-16 -1.065454477601645e-16 1.634041837488291e-15 6.255762160246948e-16 -7.410590000479882e-16 1.254313559174483e-15 -8.741651524968156e-16 1.731145699657622e-15 3.747870266596303e-15 -9.974660510496827e-17 -8.500145478428383e-17 2.386981307310859e-15 1.259410195572458e-15 -1.902993847747509e-15 -5.599362413653694e-16 1.811115354953888e-16 6.126303755377076e-17 2.651488549762895e-17 9.656176105451495e-20 -1.003537583517975e-14 2.543213169466154e-15 3.047184247003512e-16 7.587355621452842e-15 2.537033216758967e-16 1.970645972128282e-14 -2.413260690251991e-14 -1.658374046021301e-14 1.105799537793375e-14 1.096101348851506e-15 -2.39384556487515e-08 -7.490538282724245e-15 -7.85830674047471e-16 3.372303478836481e-15 -5.607498079398344e-16 1.194313341932147e-16 0.009785192918599365 4.644758349583266e-17 1.997658489508828e-16 2.18126612535151e-17 -2.909240689139418e-18 1.077942655575321e-16 9.348262672306761e-16 0.07537626002087017 1.442605605098725e-15 6.242836436793471e-16 2.972503042190768e-15 2.295798220720877e-17 -2.247009120398587e-15 -1.689621352988639e-15 0.9999999999999998 2.471981884983287e-16 7.38992743344319e-16 -9.54965633461966e-16 -6.302468682461953e-16 -3.132911872174042e-15 -2.593191504108593e-18 1.297526032507556e-16 -2.968003602938826e-17 -1.438450749456477e-16 9.740085311187808e-18 -4.505514066683533e-17 3.337839382941235e-19 1.838808039826922e-17 -8.263071531908975e-18 1.210837322664526e-15 -1.251776630854115e-14 -4.295267873829567e-08 -2.907397332637998e-15 -6.236333934658537e-16 -1.318390198570924e-15 1.290580385326487e-15 2.609024463420986e-15 4.243135160894617e-15 
-7.539378187501394e-16 2.002892046373246e-14 -2.60598918725117e-15 1.266348549347923e-15 -8.243411708256001e-15 -3.684617382211804e-15 -3.538884721976955e-15 9.108514852061744e-16 0.01965519892479382 8.170118616578016e-16 4.493701333354661e-16 0.08634820663515222 -6.074980481457844e-17 1.275813297529419e-15 0.2530826184929899 -1.008782686142701e-15 1.237834021919146e-15 0.4300207689396869 4.202368983934613e-16 -9.939968762801816e-16 0.3856675675938775 -3.712309447184204e-15 -3.434759629234915e-16 0.1475811488291388 -1.595947806273598e-15 -3.257938272178937e-15 0.03779826210617809 2.817265656477923e-15 -4.111494295153201e-16 0.02125750154939597 2.657696352210385e-15 1.211190820737764e-15 -0.01278580944719564 -2.89592516182771e-16 -5.769347973756057e-16 8.05027263627059e-16 2.51730142076875e-15 -0.1960957628717573 2.167537686450388e-15 -1.644301548254578e-15 7.189997459716213e-15 -2.081668851783121e-17 -0.4437412305006744 1.873068300338367e-15 -1.68615176893012e-15 1.76247965077375e-15 -7.979956012162185e-16 -0.2211213552469246 -2.220551727282314e-16 -4.857336419267851e-17 4.933884094391235e-15 3.041133870352165e-15 3.616980936036559e-14 -0.04510153769052518 5.179560719027066e-15 4.955130796509957e-15 -8.850562045832801e-15 -4.887896687475898e-14 -5.280104344226887e-10 -9.870579780634424e-15 -0.1046284011031158 6.036839654968335e-15 3.213576281843488e-15 4.839880068190443e-15 -4.344616355139927e-15 -8.693167397945186e-07 -7.632876732691052e-17 0.1852082951609888 2.498103719459145e-16 1.075564257438003e-16 4.114891078579675e-15 8.413830786711353e-16 1.075809441443995e-14 2.457529335607235e-14 -1.495982642939186e-14 0.01333096278561427 -9.712719893105799e-15 1.241598406964308e-14 -9.2187572230641e-15 5.201461610016377e-15 -5.955334730179696e-15 -1.803326883581417e-15 -7.931616551140146e-07 -1.550865498638025e-15 0.446226178354915 2.602184383216498e-15 1.526603074194861e-16 -5.377826378104489e-16 -1.807620563557039e-15 1.276821332321967e-15 -1.654017838324966e-16 9.766496338308621e-16 3.50240783428812e-15 -3.642920482323397e-15 4.371506315976749e-15 2.692340504226279e-15 -2.06465298632305e-21 -1.132250008786491e-13 1.079963564529136e-20 1.444723988351033e-18 -1.530443448424579e-18 -1.684260438465095e-17 4.269259197480108e-18 -1.016168815839083e-16 8.717803564324194e-17 -9.77679626228775e-17 6.035538611910749e-15 1.621953423723917e-15 -8.235602374088468e-16 -3.625573241042154e-16 3.396806508428022e-16 -1.436351504129916e-15 2.710074364345929e-09 -6.179954388180441e-16 2.636782393758268e-16 3.130176674033632e-07 4.169088555591133e-15 -3.142069737225809e-17 5.355960469719891e-16 1.136989634633577e-16 -2.758120165582008e-17 -5.594146211762923e-17 -1.231220386521224e-15 -1.769418519551278e-15 1.37086567164254e-15 -9.341184016847986e-16 -4.388851818103204e-16 -1.115774501740481e-14 -6.797342673538411e-14 1.071712511155701e-14 -1.511718487325362e-14 -1.419004263718537e-15 2.844947998385015e-15 -3.167733180951261e-07 -2.081671225842597e-16 -1.968044926540477e-15 1.110224206278553e-16 -2.867207456667958e-17 4.641837348117927e-17 0.009785195579700319 6.030347145292974e-17 -1.51044869982216e-16 -7.812187407045932e-18 2.233287793279354e-17 4.309921874338467e-15 1.431282857305572e-15 0.07537628051959182 -7.966178046815755e-16 -2.049901712570835e-15 -6.266690590077886e-16 2.994567371936867e-16 -2.760076986671328e-07 2.471981884983287e-16 1 -1.757059808621641e-15 -1.981055494997828e-15 -5.198101508454153e-15 2.171875266150275e-15 -3.370768707181457e-17 8.897236964503886e-18 2.019008505137615e-16 8.435095638551492e-17 -3.511820914483291e-17 3.836398751222177e-18 1.74048386468506e-17 4.973911428869257e-18 1.333230291520731e-18 -5.059323799317749e-15 -2.408287227171547e-12 4.926616577234472e-16 -3.031630036640717e-07 -1.471046624418266e-15 3.161535250437127e-15 -1.901257931851613e-15 -1.516148936940375e-15 -6.781038370663727e-15 
-0.1510908423811813 -0.254278725357591 -0.2603229966422362 -0.1337012562444115 -0.03528464528460662 -0.004223935741738093 -0.0002307540512995773 5.78905311714652e-15 6.966391976410404e-15 0.01176019174681955 2.018142764488841e-15 2.620899138431183e-15 0.05326876345070582 -4.709109985673983e-15 -1.741717767377237e-15 0.1680260988796722 -6.949740663507243e-16 3.348018591093273e-16 0.3217693400969115 -4.073784028583304e-15 1.058182043939237e-16 0.3370658834786834 -5.568475933996804e-16 -6.331756124326599e-15 0.1493576835505075 1.375690081440721e-15 3.903282072183634e-16 0.04152822043375417 -3.920666846875653e-16 8.674041696627595e-18 0.02384537916959765 -7.272123550339825e-16 9.620054348929716e-16 -0.01339892938488151 4.155648924798478e-15 -5.583840805188077e-16 -3.078594167554993e-15 6.088883551677041e-16 -0.1874307745501374 2.756911163676e-15 -3.176280849892094e-15 -6.460114644916252e-15 -5.533771671559559e-16 -0.4198371280626653 -2.602086992896297e-15 -1.488393780196659e-15 -2.897072022155557e-16 -1.235151702222495e-15 -0.2206596343844004 8.36156068077587e-16 -3.96411012091721e-16 9.740804218896941e-15 1.667243869377905e-14 -1.569687291390026e-14 -0.05253441453869782 1.886385672382387e-14 -2.086440083127813e-15 -1.218538362880692e-14 -8.053459227586504e-15 -3.560522361771385e-16 -2.419073536422678e-15 -0.1307255914106288 2.158105895594037e-15 -2.706170467415412e-16 1.624135961621592e-15 -5.043963248069466e-16 -2.185779118073433e-16 -2.10255539643384e-15 0.1561519051994097 1.731312116865485e-15 6.089069496810313e-16 1.313685698916796e-15 2.221396240552151e-14 -4.412272169142295e-15 -1.646101912601284e-14 -3.981247301626545e-15 0.009237263342711136 -3.494941638154179e-15 5.597956473293971e-15 2.277785633985797e-14 1.626087526852619e-15 -4.016068520561264e-16 -7.832446987095219e-16 -3.226634069514295e-16 -1.110257177930444e-16 0.4341835130908386 2.853707902649331e-16 5.013523801900726e-16 -2.250852705593809e-15 -6.333152571465724e-07 2.541904792093758e-13 1.013946562950321e-15 -1.100564834603251e-12 -1.170863146553419e-08 -6.076891597711826e-07 -2.041072859176709e-06 -6.12116889335598e-21 -1.756610035396056e-20 -1.084836087063489e-13 1.24689063870342e-18 -1.211092435595524e-18 8.654353280300398e-18 -1.568910963988854e-16 -1.38540803300874e-16 3.806636422709671e-16 -1.043508032962438e-15 -1.772563340213158e-15 7.036043215271825e-15 3.872637274955104e-15 -2.441191275811806e-15 1.918952417340629e-14 -3.638584971467894e-15 -1.914268660793686e-15 -2.833581722713053e-09 -6.34909671667743e-15 -1.214308115211543e-16 -1.328269385726742e-06 1.689044140610005e-16 -2.335373071636695e-16 6.490038628977939e-16 -1.96834815142221e-16 -1.522119243896273e-18 1.555356839405912e-16 -6.240238278139676e-15 -8.583417610740142e-15 1.275402095088254e-15 1.348965262642002e-15 1.548675438962749e-15 6.458379903957794e-15 -9.203893926627617e-13 5.9848000721612e-15 7.075941882418812e-15 -5.214583377297388e-15 -2.609026555408951e-15 -1.425942780872706e-06 -2.036567271309912e-15 -1.066856454411416e-15 -8.527340603270587e-17 2.007909910985554e-16 6.120960711257488e-17 0.009785199075977268 -9.499930966135302e-18 3.278019740611639e-19 -6.140982466197808e-17 -1.098405969765694e-15 6.339334424262225e-16 -8.130437634263827e-16 0.07537630745174614 -6.569795305664009e-16 -1.12193317294798e-15 2.16325585941675e-16 1.399923295550313e-15 7.38992743344319e-16 -1.757059808621641e-15 1 1.127571393907509e-17 -1.521353796683764e-15 -2.311521426667675e-15 2.643273993034791e-19 -3.250088810134815e-17 1.285717481110443e-18 1.16336878242682e-16 -1.448495089928165e-16 1.390845194144192e-16 -1.153659660648816e-18 -4.308623958980077e-17 2.245909390758548e-18 -2.087958437771028e-15 -6.938899215856195e-17 -2.036377140625847e-15 7.840957167562193e-16 -8.807316061426587e-07 -6.217254532863446e-15 1.791970935533885e-15 -3.583941444989716e-15 9.29045956845916e-13 
2.870017640000223e-16 -8.788291551481457e-15 -9.17994277269749e-15 1.097212955428168e-15 3.608227347048087e-15 -1.706997883284567e-15 -9.020686546215782e-17 0.01965519892478369 9.027002723707668e-16 6.553344688976632e-16 0.08634820663515273 4.530613317986281e-16 -8.495521630093387e-16 0.2530826184930039 1.313362280263304e-15 2.651766250703654e-15 0.4300207689397421 1.209970017046167e-15 7.177420710435289e-17 0.3856675675938849 -9.506287752208342e-16 5.655200372813329e-15 0.1475811488291486 -3.26128692068771e-16 4.985602168728617e-15 0.03779826210617804 -3.264877437827886e-15 -3.660363630029819e-15 0.02125750154939001 -4.163538526737446e-16 4.083692697848078e-15 2.362932276675183e-17 -5.621955973007821e-16 -1.919348743185557e-16 -0.01278580944719656 3.614868408400633e-16 -2.136312653752585e-14 -1.60613761940151e-15 -6.296885630377602e-15 -0.1960957628717586 1.656273854628527e-14 -3.122503277674686e-15 -1.668804528509061e-15 7.071168936563355e-16 -0.4437412305006709 2.121567532378248e-15 -8.430997004153974e-16 -6.592099426149242e-17 1.944717567408968e-15 -0.2211213552469308 -2.820849345105541e-15 -3.214493788217836e-14 -2.404023941036276e-14 4.940846428253414e-15 -5.294830420897411e-14 -0.04510153769053946 7.600937321462989e-15 3.950888208437588e-15 -7.966720148125032e-15 -1.207194458584096e-14 3.204902661649534e-15 -9.324141708464037e-16 -0.1046284011031173 -6.367087743829578e-15 5.280215470649086e-10 -2.588337223458438e-15 -2.817225412247793e-15 9.45455677909216e-17 -1.054754903771641e-15 0.1852082951609978 6.383979413648071e-16 8.693167363908172e-07 -4.173136173374132e-14 -2.34139227171752e-14 2.995011894971477e-14 1.235757265865032e-14 6.045621695386154e-15 0.01333096278558069 -2.269344303475972e-15 -1.187212606062333e-14 4.600515255895969e-15 -9.281191752920248e-16 1.807620563557041e-15 1.616785956074543e-15 1.422516500954311e-16 -2.067869189862714e-15 0.4462261783549094 -2.903158852825121e-15 7.931616508152792e-07 1.040886955697257e-15 -4.434724791231823e-17 1.878597713741937e-15 -2.259044379495647e-15 -1.162265106265086e-15 -1.228185107822041e-15 -7.355363233195515e-16 -1.132250001374913e-13 -1.641134425026024e-21 4.446908795119979e-21 -4.008545018709332e-18 1.415929750535422e-18 -6.398394886191454e-18 -1.469636521600297e-16 4.765197148995341e-18 1.28676324009835e-17 2.391317087452386e-15 -9.622297402584604e-17 1.284544515982673e-15 3.025358723625131e-15 -8.304991335640831e-16 1.586470355018644e-15 2.710076362748069e-09 -1.405126471431419e-15 -2.694893794256373e-15 3.130176542125094e-07 2.012281300499756e-16 -1.041702931946004e-15 -7.911120887381497e-17 -2.7796295154646e-17 9.730294138397128e-17 7.774816301287898e-16 -1.642482120893571e-17 6.975759040927765e-16 -9.351314534183378e-16 -1.043111248566348e-15 -9.912213157565195e-15 1.694608545379278e-15 -5.967450693388155e-15 -1.51217791814489e-14 -2.289835731184086e-15 -5.122293141697081e-14 -1.123233815107279e-16 -3.448632085847206e-15 -1.951998725068026e-15 -5.988274226340547e-15 -3.167733172624586e-07 1.07552969983235e-16 4.243001167596451e-18 1.913508929142935e-17 -1.506457055763185e-16 -8.061162234754701e-18 0.009785195579700702 4.758209124913866e-19 1.541388705840897e-17 -1.073319841397867e-15 2.98521612516522e-15 -2.04697436575538e-15 -6.588834265090885e-16 0.07537628051959838 6.944452693040256e-16 -2.523372954904372e-15 4.107827979427955e-15 -9.54965633461966e-16 -1.981055494997828e-15 1.127571393907509e-17 1 6.010819865440903e-16 2.760076922417162e-07 5.515986221197154e-17 -3.146390930148414e-18 1.781497742693601e-16 3.289254994454379e-18 -1.112706780343871e-16 9.215721456001069e-18 1.117281818534606e-16 -6.59122872213157e-18 -5.655879051781085e-18 -1.318390566597461e-16 1.94982998297596e-15 3.767820847096229e-15 3.107758793502412e-15 -5.932758791875564e-15 -3.031630124348375e-07 -6.255416151694276e-15 2.407022125350128e-12 -3.05311525514663e-16 
-6.429488614054437e-17 3.972734308334338e-15 -1.568623982669753e-15 3.157197291464634e-16 -6.16781271938792e-15 -5.398553491805091e-15 -2.279457766987467e-15 -1.421715475495489e-17 3.481985280702688e-17 -1.214070486496022e-18 -3.822643096975984e-17 1.185296270531753e-16 -6.540111295996335e-18 8.687755060835324e-15 -1.806145615931309e-15 6.01203764300534e-16 3.391479867562757e-15 3.86019410277655e-15 7.389923324493169e-16 3.52567702268721e-15 1.195051218028663e-14 1.483188837933459e-16 4.58401565300013e-15 -1.370434197112625e-15 2.720917139205691e-15 2.570960496959835e-15 -4.454943695136879e-15 2.844154167692784e-15 1.578674793858055e-15 4.545195560338599e-16 5.447235852190068e-16 -1.626024788607488e-18 9.189557373480131e-17 -3.473245984233881e-18 -5.820876012215826e-17 -0.03896052816220557 -8.529989217067906e-15 4.057518933330553e-15 -1.166612587498172e-14 -1.879437695851646e-15 -0.3919323299364174 1.597707715160155e-16 1.432881849239549e-15 1.840541955114912e-15 -6.863000987958668e-16 -0.6231284693365982 3.014167726849632e-16 -2.688882267447713e-16 3.964031214711882e-16 6.730879482385239e-16 -0.2166154103968143 -4.769427890684466e-14 8.979906093765569e-17 1.49422601633634e-14 -3.814766023654157e-15 -2.990678035654576e-14 -0.0351885709979372 1.946555243299013e-14 -4.275226768385022e-15 3.930233575599553e-16 -2.024422657209691e-15 1.294103943684898e-15 -9.896219723157842e-15 -0.03451061430242595 4.727122314404452e-16 -7.35559532343232e-16 -8.106677696639967e-16 -1.471094124074762e-15 -1.8904917570653e-15 6.678906105763941e-15 0.2840975213302375 1.174466517444258e-15 -5.990241109695943e-14 4.959358461104987e-15 1.135040614609409e-14 -8.515034000684962e-15 1.715771927740079e-14 6.881033462397685e-15 0.02362272670015792 -4.510200526061904e-15 2.390666216329888e-15 1.399551467605998e-15 2.012322022156672e-15 6.641918802643915e-16 -2.720996104215582e-15 -6.375350806557944e-16 1.274843488737913e-15 0.4753793917965097 -1.543936723896068e-16 2.279108396785126e-15 5.116077206419806e-19 -4.552565733501734e-16 -6.026430429409907e-15 -9.020563684693667e-17 -2.324530796337185e-16 2.6350931880495e-15 1.537901550809268e-20 -2.109651524948351e-20 2.430662124911647e-21 -3.479600594532635e-19 -9.904511730402814e-19 -5.459321312749616e-19 7.671552300518014e-17 7.81337211093926e-17 -2.304988818448194e-18 4.585040982485807e-16 -1.14166509106381e-16 -3.531789206211352e-17 -1.761083455107931e-15 -1.921640272936267e-15 -8.039360541537018e-15 1.941481176259708e-15 4.598752754354746e-15 -1.78936758433466e-15 1.61329425499197e-16 2.714844633400494e-15 3.901398087161128e-15 9.438066296576499e-19 4.209076871523196e-17 -2.885841765531833e-18 6.508475271523425e-17 -3.868162990164031e-16 2.469677463729504e-16 3.220731547496729e-15 4.731459123838841e-16 -4.130892328428324e-15 -7.806257032915643e-15 1.102010389538847e-15 8.826274618548203e-15 -1.181346897647799e-15 -1.19962112852134e-14 4.676815324608337e-15 -5.547864626087394e-16 -5.221519931772962e-15 5.19550367471555e-16 -4.149460357741169e-15 -2.39385372591033e-08 1.420017107790825e-16 -3.638113035861296e-18 -1.13981008857871e-17 3.549068681414366e-19 -2.834702142228511e-18 0.009785194148726972 9.820057048032737e-17 1.422039822829324e-15 1.938011728657697e-17 -6.238500412137602e-16 -1.125835736524836e-15 6.997577593411208e-16 0.07537626949667837 9.939018611508778e-16 -4.45824170746273e-16 -6.302468682461953e-16 -5.198101508454153e-15 -1.521353796683764e-15 6.010819865440903e-16 1 -1.50921022781814e-15 -1.166124230565283e-16 1.86414620733037e-16 2.497291801521605e-19 -7.087549449104546e-17 4.529615371703582e-18 -8.669430082096929e-17 -2.83762864158164e-16 1.774688659549973e-16 1.015380926455223e-19 -3.903129396112133e-16 4.510282219192579e-17 1.241357575971002e-15 2.737394730106832e-15 3.776495321974144e-15 -4.097418474342401e-15 -4.294670855988383e-08 -7.882585540004241e-15 3.918742245892325e-15 
7.83532256331292e-18 3.69055774025382e-16 -8.14019279549861e-16 -3.145054778982741e-15 -6.349092541011169e-16 2.393960517693556e-15 -1.259426659324914e-15 1.32897393724781e-14 -5.090026596761744e-18 -9.450818741017835e-19 -2.485181527156461e-17 -6.033120242902466e-18 3.4779229599236e-18 -6.895257209797531e-16 -1.267700451256292e-15 1.77409419601519e-16 -3.918120689613597e-12 3.395722407498721e-16 -2.563488524996849e-15 -2.361411580661531e-08 -1.713907405142859e-15 -5.846020192198985e-16 -5.511955141831285e-07 -2.310656546980358e-15 -6.453180453219331e-16 -1.33468398968654e-06 -3.882463296741376e-15 5.320538193922611e-15 -1.497764056372145e-06 -2.394034724499988e-16 2.064398664329247e-16 -8.939739109115171e-17 -1.578967994091487e-17 -4.395643261810321e-18 -1.059718332737102e-17 -1.570667109626131e-17 3.07913526095046e-15 -2.558718033747287e-17 -5.816746716548588e-16 -2.5037012592115e-13 1.554095944734557e-15 4.510282647137714e-16 -1.353084793327468e-16 3.577868474210873e-15 -1.643879449602956e-08 1.779826944680749e-15 1.568234880613738e-15 2.532754065823046e-15 -7.685190973570625e-16 -7.934292249028815e-07 7.910869248785539e-16 -6.574468778342118e-16 -2.05347964233774e-15 1.446976732135125e-15 -5.352165921014101e-15 5.177934570156298e-15 -1.91903852531022e-17 0.1077391905375419 3.135947474938402e-15 -2.560452757838053e-15 -8.062997573491094e-15 6.05331971444311e-15 7.395663180334678e-10 -3.773024897225308e-16 0.391188583278847 -2.810393047891538e-16 4.857285338853427e-16 -1.113729474087581e-15 -6.696306003893729e-16 6.066103459388722e-07 1.478030060641155e-15 0.5204945185949985 -2.803747811554972e-16 8.614802464680538e-16 -5.21761638373091e-15 -3.753387278412676e-15 -3.978156020943156e-15 -8.181121442011503e-16 -6.990395984146465e-16 0.05504506888517478 -1.754781837974394e-14 -2.539750492111769e-15 1.764251600900396e-15 -4.024617521797842e-16 1.160565326354624e-15 -1.346196761193541e-15 8.464874372434854e-07 3.431400288433582e-15 0.4889535283335818 8.049526031555297e-16 4.854853192355246e-17 -3.338259671995243e-15 2.780762717353719e-15 2.706169582119094e-16 2.393920197038373e-15 -3.264809910148527e-15 1.817505468171067e-13 -1.502167442043048e-19 4.30132560015948e-21 9.890075855132375e-19 -3.70600902258017e-18 3.72678740513527e-20 -1.744930841307249e-17 -2.099016149718051e-16 1.293467414400623e-17 1.875453582532225e-15 6.45859463009875e-16 -1.097365453337273e-16 -9.273834988755187e-15 1.5733947502436e-15 -6.572300373230048e-16 -3.288650736801699e-09 9.089954235292022e-16 3.816392999513288e-17 -5.06411497140606e-07 6.314400131864965e-16 1.221247104131546e-15 2.483145727414131e-16 -1.150396087373748e-16 -1.134651856887792e-16 -9.437644442535566e-18 5.57574881699793e-16 -5.899796632390121e-15 7.429091443640108e-16 5.483896531649888e-15 1.698674355666846e-15 -1.861358949295708e-15 -2.622902825102097e-15 4.877827302469555e-15 1.561251681608567e-15 -5.089246801021093e-16 -5.018556794325911e-15 7.299720448399311e-15 9.020567584126558e-16 -7.81667568690227e-15 -2.343526111110725e-14 2.650660371793863e-15 -8.830152197500278e-17 1.047189321344296e-16 2.385160921354872e-17 -6.061242863410935e-17 1.764624364309349e-17 9.586150546637063e-17 0.009785195872458827 8.06755122420083e-16 -2.245600335380309e-15 3.0314303484565e-16 1.953461956484867e-16 -2.527493000115121e-15 9.963957021141304e-16 0.07537628277474491 -1.741663604196525e-15 -3.132911872174042e-15 2.171875266150275e-15 -2.311521426667675e-15 2.760076922417162e-07 -1.50921022781814e-15 0.9999999999999997 9.800386430734351e-17 -7.689817806315411e-18 2.691056390738022e-17 1.599754636661487e-17 2.868054575696539e-18 -2.781366016785749e-18 -6.001505843635202e-17 -4.5808235646023e-16 1.881350839759913e-16 7.729932290160555e-15 2.899591560545341e-15 1.623701850089825e-15 3.469448938299675e-16 1.110223900701733e-15 1.333333513131127e-12 -1.894319090965322e-15 -2.585486458660063e-09 -2.622903638576615e-15 
-8.148133147326692e-21 -7.206331322115304e-19 -2.364608939291552e-17 -2.288894783601279e-17 6.103679343830516e-17 -1.664744903562532e-17 -1.67822781498565e-17 4.408709548073126e-24 -8.411509769956819e-24 3.073986399300034e-24 1.104499395455065e-20 -1.447311230137196e-20 5.206956503955768e-20 1.257625550991112e-17 3.403092508448686e-17 -8.875317100450921e-20 3.053013791349276e-17 4.210325495094709e-16 3.937475006960401e-17 1.264671014850944e-16 1.159247599951084e-15 -4.221188697423363e-17 2.222648003379653e-16 5.523426846531549e-16 8.30093167633584e-19 1.238147674161227e-16 2.619839126321455e-16 -4.692685484721291e-18 1.671093441415769e-16 2.953680716639675e-16 -7.979559737131022e-18 2.066356946881614e-20 1.350211427417006e-19 -9.848194369769895e-21 -2.268671818403725e-19 -2.84538908446165e-19 2.206520827598316e-19 1.827382104143366e-15 -4.005872917451031e-17 1.257858326233098e-15 -6.31672702832738e-17 -2.324681929605432e-17 2.19292510597562e-15 -1.67651538926907e-16 7.026832877995796e-16 -2.421438534918521e-16 -1.946536702461641e-18 5.021065754835508e-16 -1.222771031260137e-17 2.632081659334217e-16 -1.168944222146151e-16 8.170530101797515e-17 -7.37299828937669e-18 5.904156337960271e-16 -7.122011839193662e-17 3.79138088179955e-16 -1.416061210890486e-16 -2.227019024921396e-17 2.671868023341387e-16 -1.16509381894866e-17 3.202594304131038e-15 -1.172780642950527e-16 9.103351075378872e-16 -1.145480771056377e-15 1.318368665926964e-16 4.024475217916595e-17 6.795402801131285e-19 6.2174389032464e-16 -3.559800033589011e-19 3.2797314956555e-16 -1.168620340259433e-16 4.489868894157719e-18 0.002099541725112127 7.917291073370505e-17 -7.303118071228345e-18 5.902002756692015e-16 2.209379563795131e-18 -1.973873699513812e-16 6.094696399445591e-16 -1.201092719206864e-17 -1.422221257999433e-19 0.0001972832803222866 7.470739305483288e-17 -5.018742079505889e-20 4.625811479905486e-16 -1.564894266979166e-17 3.687304096058786e-16 -1.636304876800061e-16 2.704283821521225e-17 1.052226843911364e-20 -8.258730979109003e-17 -9.117716754133054e-17 9.808810935796623e-17 -4.49808376420474e-17 -9.986607122445514e-17 -3.175922892941715e-17 4.006145475302235e-17 1.040838878562967e-17 2.308156673390839e-20 1.392953522784536e-15 -1.547467960355041e-15 -1.960719748121758e-17 -7.275649229500316e-15 2.370616044013594e-15 -1.787889368339864e-16 2.528490756343731e-15 9.229846128656928e-15 -1.97002128779089e-16 4.533588843150874e-15 1.256734821732138e-14 -1.981845338338946e-17 2.613964851094113e-15 4.160373421164265e-15 4.117744793987384e-18 9.411919093260819e-16 9.933018364138902e-16 -1.086437417787123e-17 -8.967050768638823e-17 8.142460488717288e-16 -1.003856332878426e-16 1.910885886064527e-15 2.154017516832251e-14 3.665280969360225e-17 2.100047727336999e-15 -2.473166799393796e-17 2.618506112318905e-15 -1.425341303860959e-15 1.248882318090939e-16 6.835691409615163e-16 -2.950554568466563e-17 7.092489564608413e-16 -3.452953526405568e-15 1.337465293936158e-18 1.067462957532093e-16 -3.20475281891071e-18 1.130692395068053e-16 -4.439307196397865e-16 6.741267247150223e-15 -5.354419514396056e-17 -4.09597583545675e-15 -1.804329401034795e-17 -5.897475233240259e-16 -9.738114257297451e-16 -4.904974335225827e-14 2.258568630514661e-14 4.096696025220376e-17 -4.681590062991365e-15 -6.288203193828401e-17 1.345914177363784e-15 -5.349608949591195e-15 -7.541842448951597e-15 5.939134550464767e-16 -2.593191504108593e-18 -3.370768707181457e-17 2.643273993034791e-19 5.515986221197154e-17 -1.166124230565283e-16 9.800386430734351e-17 1 -8.064433666502675e-16 2.751590830495564e-16 2.21089621599293e-16 -1.956619373679638e-16 -7.517148118239558e-17 -3.094254727053468e-15 -9.203853271619368e-16 1.505003111424519e-16 0.002964039942067816 5.661280173256071e-17 -4.568684244052997e-19 -8.977915924945517e-18 -4.055171997964105e-20 -1.584105481700067e-17 -3.157951225665957e-17 1.314875823986885e-17 -5.73864999744968e-19 
-6.020105628115251e-19 -1.760314458896754e-17 1.627594983973879e-16 5.48018458863333e-16 8.58976432334409e-16 5.399167909869974e-16 3.380725568506141e-16 -3.68087589402585e-23 7.793839413417298e-22 -4.274134105386235e-22 2.746604849664308e-19 5.47288374638447e-19 -6.580242080793125e-19 4.481379279730512e-17 1.815173077121039e-17 -2.44958222576917e-17 -2.674085429851134e-16 -5.43964558727039e-18 -4.758512513065e-16 -2.593613963431259e-16 -5.719124120078909e-17 6.506792758731925e-16 -4.275068819870111e-16 -1.903646364852918e-17 6.327914566441465e-16 -1.845188146797803e-16 -9.680480236737416e-18 1.026882830580395e-15 -2.549838940949897e-16 -9.491462006957755e-19 5.190286323835841e-16 1.503827346918353e-18 -1.227638237533581e-18 9.879051530691225e-18 4.150727422902408e-18 -1.288710533122142e-18 2.862232854870511e-17 -1.006419136939688e-16 6.498352068044013e-17 -3.172021920438835e-16 2.170776037224612e-17 1.697636672061056e-17 -7.704696406329372e-17 1.208274088852124e-15 -8.542739159250435e-16 2.620114350948633e-16 2.006917298974757e-17 3.407690093992437e-18 3.894489786904729e-16 -5.135270993188755e-16 6.690089880660407e-17 -0.005182617440506063 1.645866431767688e-17 -1.624139089548792e-16 3.682107675904645e-16 -7.002621172159433e-16 -6.451849959238679e-18 -9.592498821558553e-18 -0.003859949364259949 5.028111982868557e-16 2.786738396477994e-19 1.709229372460278e-15 -1.156871934831817e-15 -5.940580872283982e-17 -1.64280716632065e-18 -7.293474254426531e-05 4.586303960635699e-17 -7.995671501681575e-18 1.631306159786069e-16 -4.622054964558654e-16 1.193190869404871e-16 -8.440905343619507e-19 3.577359611179836e-17 -0.01580241718236139 -1.607278222513581e-16 1.420033795413596e-16 -7.250021810932106e-16 -1.407241728481823e-16 -1.034481338482239e-16 7.238149651558918e-18 -2.765139056312885e-18 1.974358969070976e-18 4.732629952765577e-05 1.096773950293983e-16 -4.957832971416353e-18 -1.208550982089828e-16 -4.581586162390547e-16 1.128005980402852e-16 -6.623388059140416e-18 1.097161562591889e-19 1.389318070779852e-15 3.063885459227889e-15 1.722974281966307e-15 1.361056162179857e-15 2.044695996067346e-15 8.408254588492927e-16 -2.114203972081566e-18 3.180708067132822e-17 -1.818742755635265e-17 -3.640100558259022e-16 -7.611065018840558e-16 -1.108465103979649e-15 -2.623845282759182e-15 2.380340392530278e-16 -4.596259811684828e-15 -1.106943392463325e-14 -3.036342065365283e-16 -7.357110068871529e-16 -2.895734913758448e-15 1.541091744235655e-16 1.229094781410629e-15 -3.376990394142335e-15 1.255209654227947e-16 -5.513074873504864e-16 -8.805334814934432e-16 -1.657221127060153e-17 2.746537000894863e-16 -3.823141993505996e-15 -9.41828004272018e-16 -7.411668122748367e-16 -1.420165585137532e-15 3.610259614931205e-15 3.985400131117201e-15 -1.331325728913565e-15 -6.355233146110869e-16 -3.360421053210203e-15 8.012331134671387e-15 1.501194798353597e-15 -3.094550169500298e-16 -1.371380222923393e-16 -1.244134645482442e-15 3.549037555811253e-15 2.859675393137778e-16 -1.160731896848398e-17 -2.198074186307896e-17 -3.343145270437497e-16 5.103813505522362e-16 -1.169231541014949e-13 2.914333140080508e-15 -9.170979906393221e-16 2.133316534527891e-16 5.254165712192495e-16 -6.658709778049951e-15 -8.557797535752368e-17 -4.710012761757629e-14 6.007339244618991e-15 -1.294029174180028e-16 -1.777269940918397e-15 1.408836866883901e-15 4.894546004394089e-15 -5.761634574257526e-16 -4.72725867241285e-16 1.297526032507556e-16 8.897236964503886e-18 -3.250088810134815e-17 -3.146390930148414e-18 1.86414620733037e-16 -7.689817806315411e-18 -8.064433666502675e-16 1 -1.502881467599192e-15 -7.978113134422707e-16 -1.219187783142826e-16 -5.383981189666183e-15 -8.794773154394822e-15 -4.3176073794732e-16 -3.746188702834113e-15 5.879219954213451e-17 0.002964039522437826 8.567441010531359e-18 -1.190716825388158e-18 -5.493765440076187e-18 3.228126646090521e-17 1.259697066565094e-19 -2.595150349179573e-18 4.849582764451218e-18 
-6.641136855209113e-18 -2.209833189643246e-17 -5.63424558354992e-16 -2.689541367982431e-16 -5.851454013845453e-16 -2.212676670235182e-16 -2.237688968114777e-16 7.739583646624533e-21 9.774670491397991e-22 2.517312621571349e-21 1.322178663971575e-18 -3.104060789580649e-18 -6.976054703240761e-18 1.327520989262976e-16 -4.721585813942679e-17 -3.47072176962749e-16 1.363477934921042e-16 -2.901236075112965e-17 3.964558885449175e-16 6.209053271742048e-16 -1.366933302785189e-16 -2.223816819383116e-15 1.231689712475128e-16 -3.908132179179851e-17 -1.685693488944374e-15 1.379539375499302e-16 -1.721121324350998e-17 -4.795661978291621e-16 2.278481361641041e-16 -7.864180281678207e-18 -2.600843906274645e-16 0.0002799737922670629 -7.240872524913336e-17 2.622193221995568e-18 -4.826666587220511e-17 -1.30361144184597e-19 0.006079559653789667 -1.360941600639367e-15 -2.462486137445674e-15 9.082437831879615e-17 -2.157234097979983e-18 0.000882554818316345 -4.198318811134945e-16 -1.043415852855829e-15 1.126176257076427e-15 4.798547599854254e-18 1.26264284082973e-05 -6.671000178905604e-17 -2.652168575850893e-16 3.966712103400156e-16 -1.267378130510162e-18 -1.564095967942187e-17 0.01986905265701785 -5.134299738904095e-16 5.025019253818718e-16 -2.477669838299548e-16 -1.162605659666e-18 -2.416015898255692e-17 -1.88230837913589e-17 0.003587635649530476 -8.924029965280266e-16 1.167261376266281e-15 2.790899445830932e-16 -1.343500133465896e-17 2.142209851090777e-17 -1.035747904985265e-18 -6.518198879371154e-05 -2.045958866970115e-17 1.089668608065868e-16 9.929834226782771e-17 -3.083823495946681e-19 4.894598754058958e-18 3.181402810328733e-18 -3.518492806578616e-17 0.03682885403304117 -5.858303268152425e-16 -3.229938989346969e-16 4.400177871705326e-16 1.024348706850518e-17 5.375175792070829e-17 -1.65086721419906e-18 -7.986292312208904e-20 2.14621498479836e-18 -1.093409211121246e-05 4.859134782360586e-17 6.438339538167471e-17 1.371818533785372e-16 -1.240415818342391e-18 3.341006619835898e-18 -6.367825383754152e-19 3.240780739149604e-15 -1.330706336070788e-15 -1.3851529786454e-16 -2.573078571319077e-16 -1.234357464418282e-15 -6.729315919447087e-16 -2.325624369289299e-17 -2.694254805447055e-17 -4.878892638066886e-18 5.852374016384516e-18 -1.842834913589826e-15 -2.35750736041721e-16 -2.280365583456307e-15 5.058553466871472e-15 -7.619552090002857e-15 5.060333327939259e-15 -8.187719047277169e-15 1.619557078055456e-15 1.786474647955964e-15 -2.241567662824356e-15 -1.464975616589378e-15 7.846913223495514e-17 -3.367667473067994e-16 1.375095971183544e-15 6.995367334953236e-16 -7.762638905668287e-17 -2.422652950566037e-16 -1.283305059441159e-14 -9.475483527728044e-15 -1.558970836276398e-15 -9.394694283743726e-15 3.267056370142207e-17 -5.843849709699579e-15 -1.649231170061605e-15 6.557356806664813e-15 3.842587993928957e-16 9.276535431744102e-17 -1.617195960479833e-15 3.313745355590263e-16 1.028590224333928e-15 1.912509868254663e-16 3.265312011666422e-18 1.38777906116857e-17 2.004605362856305e-16 2.620123657748414e-16 -1.326907296731208e-16 3.827744720816619e-18 -5.621740346458091e-15 -1.779704855709523e-13 -1.184123217466564e-14 -1.766306373274081e-16 -2.846502278773539e-14 2.560312377965441e-16 1.934722949954365e-15 -1.833744168610374e-15 -4.260914537869685e-14 4.243951009034854e-15 5.157587850998151e-16 2.688991853145659e-15 -4.424063671422961e-17 1.302690933098522e-15 7.840563254562221e-18 -2.968003602938826e-17 2.019008505137615e-16 1.285717481110443e-18 1.781497742693601e-16 2.497291801521605e-19 2.691056390738022e-17 2.751590830495564e-16 -1.502881467599192e-15 1 5.643651807503687e-15 -1.023142603401533e-14 5.91694757202848e-15 9.624873429958393e-17 2.855640906571398e-15 -5.201389989346059e-15 -7.499419646912175e-19 7.567816501414734e-18 0.002964039458827513 1.546126633641629e-18 3.978489013120406e-17 -1.195619691384345e-17 5.717473552805435e-20 -2.018896581516096e-18 1.25450912352007e-18 
-3.569988186961018e-17 -2.867749686335857e-16 -9.444368657500259e-16 -1.186598715906713e-15 -1.711606467943948e-15 -1.210574736123156e-15 -4.764809817735748e-16 1.773367788263537e-21 -2.546385658861456e-07 -6.229202948814075e-20 7.061328374853293e-18 -0.0003071735536555922 1.155013262053171e-17 4.485696051005579e-17 -0.006657927975649481 -4.099395942741805e-17 5.465260723865658e-17 -0.00368618290503521 4.926225036623089e-16 1.863422062895912e-16 -0.0003680402647320968 -2.374692445702556e-15 1.957429610392258e-16 -1.556042244477533e-05 -1.932368802732296e-15 1.215761312141823e-16 -9.573329938839781e-07 -8.123127514847231e-16 8.58292174510939e-17 -3.514437967024278e-07 -6.129791017582352e-16 3.266321061145217e-18 -0.002316675001368763 1.185991260940847e-16 7.017475240952317e-17 5.784988400681843e-18 7.84009890948533e-18 -0.005683371420191065 1.607186572143134e-15 3.856311515863062e-16 3.794961713586957e-17 -7.817926187454069e-17 0.0004443270138056734 -1.752534903010517e-15 7.295017803297222e-16 -1.054047815937283e-17 -5.052927209653496e-17 1.482700571153167e-05 -6.45983232291274e-16 1.544173896850158e-16 -2.042226706198136e-17 1.869465242062685e-17 1.43168417112072e-16 -0.02233765283693107 -4.235851957928042e-16 -2.482622995808792e-16 -5.601471231844228e-17 -8.208417620835401e-18 5.944477223871195e-18 -2.673844786467841e-16 0.0009973318180714721 -2.142606368387657e-15 6.069915921203165e-16 -1.23015441962951e-16 2.571365711266116e-17 6.133353513135497e-20 -4.077049772492073e-17 -5.828155709903294e-05 -1.257975307765853e-16 1.321670538607757e-16 -3.241778788351892e-17 3.099481065334038e-18 -1.926768344433483e-19 -2.439031371620716e-17 -9.996661005935412e-17 -0.02937982926876016 -1.576848393071296e-15 -5.028839111851234e-16 -1.238616278771047e-16 6.373962632763191e-18 -7.422126200321547e-19 -7.507432425146606e-19 -6.951110693245422e-20 -8.906795450307436e-17 -3.460250593754681e-05 -7.272089690021354e-17 1.409268575064603e-16 -3.969883855799768e-17 5.539315229329792e-18 -7.128009645142139e-20 9.748963006299398e-15 -5.538705243421016e-15 -5.71499821073236e-15 -2.851212851048185e-15 -1.936110564217347e-15 -1.230047116991596e-15 2.846043808572283e-18 2.954645463002094e-11 -7.665282433589023e-17 -1.533896538566558e-16 -1.135461641838976e-15 -5.199832873363926e-15 3.036307332879365e-15 -1.035131182159684e-14 6.291397282284003e-15 4.091944540965492e-15 -7.632783294304851e-15 1.605178257025269e-16 2.566382881119972e-15 2.726117942500546e-15 -6.131510568919684e-16 9.631929280750447e-16 2.695760281714536e-15 1.722771841104205e-16 4.015202104053278e-16 8.62375014625109e-16 -5.832145898978032e-17 2.918589040581247e-15 -3.159798811494355e-14 7.040841201258391e-16 -1.323134991451542e-15 -8.202321365896093e-16 -3.603893950575971e-15 -1.727784582074412e-15 3.693060685416649e-15 2.436315042838279e-15 -2.561299730524515e-15 -2.328552652551993e-15 7.751611852408531e-15 5.505620983533752e-16 1.885540868610637e-16 -1.236085344324617e-15 -1.442648807787154e-16 6.194048599388685e-16 -3.258010076343325e-17 -1.292842600710302e-17 -1.102060560018687e-16 -3.821750718730491e-16 1.004023834306045e-14 -1.378810260411814e-13 -1.744477875635293e-14 2.593836855103569e-15 -5.020424523599383e-15 9.677345996083903e-16 2.119242552714265e-16 -3.435121153527468e-15 -2.970887424960445e-14 -6.145308735630191e-16 6.725823824822482e-16 -1.325450708391938e-15 -9.172816247357014e-17 1.58734030562925e-18 -1.438450749456477e-16 8.435095638551492e-17 1.16336878242682e-16 3.289254994454379e-18 -7.087549449104546e-17 1.599754636661487e-17 2.21089621599293e-16 -7.978113134422707e-16 5.643651807503687e-15 1 3.096522945630164e-16 -2.92051454995842e-15 1.212218951918693e-15 3.094290550595089e-16 4.882748489803845e-16 -1.053566287019412e-17 1.797827581203316e-19 2.908221631241469e-18 0.002964039920737355 -1.468995320690254e-17 -2.201366318305285e-17 4.156126816762286e-18 1.177923819830009e-17 9.639237929301251e-19 
0.001268414150504112 0.003893075811224673 0.001330960935197568 7.121406913554467e-05 2.684148828703534e-06 6.172143890334493e-08 8.371273787529087e-10 -2.829204796653452e-20 -3.907103797799168e-20 2.85697805815989e-06 5.151753044137577e-18 7.987713919251428e-18 0.001764047878575876 6.355047659125235e-17 8.219358242481072e-17 0.01233655191002604 3.033372950185766e-16 1.336086477592792e-16 0.0003991613808132331 2.56007238509097e-17 -2.700010698597073e-16 -0.0002489551152756651 3.52284797853394e-17 -1.880903490274618e-16 -1.587643444883504e-05 1.115829248558851e-17 -1.606407432366758e-16 -1.095117698613948e-06 -1.798986233052813e-17 -1.236825171644786e-16 -4.112986342384245e-07 3.208423887964443e-18 -7.20269100363251e-17 0.006650709450867601 6.837545099633107e-18 1.342181458932996e-18 1.231741547611787e-16 -4.501454954228731e-16 0.001552178438492334 6.095374025800898e-16 6.183340514955924e-20 1.054168504417847e-16 -9.936187769494465e-16 0.0004767581546333353 1.914082706235728e-18 -1.986292292165262e-18 3.670540975224014e-17 -1.701735887578214e-16 1.541788218722302e-05 -1.48313506685207e-17 1.358519657826299e-18 7.955439319728783e-18 6.326367322055005e-17 -1.920079695824088e-16 0.01416640941936956 8.604551372153991e-16 -2.296983946363623e-17 7.212498780758466e-18 -3.122311674363272e-17 3.356761923815325e-16 -1.059133385382168e-15 0.002365713861001581 8.253851144659052e-16 1.34212370492595e-17 -8.465882549619563e-18 -5.530553659003405e-18 8.806743561508944e-17 -1.813019267418597e-16 -5.568588444116959e-05 -8.758656213983153e-17 6.954352865705721e-19 -1.132552712052142e-18 -2.400014916485276e-19 7.864700915254612e-18 4.61151206264765e-18 6.824298816472012e-16 0.02554855965251488 6.928182907589995e-16 3.09006089487802e-17 2.171292197925142e-17 -2.505364639300037e-19 -2.799305309962477e-20 -5.419695773030468e-18 1.027898200440927e-16 -7.533525882368806e-17 -4.08087835391622e-05 -8.85159908839155e-17 9.671325723204324e-19 4.797748717248555e-19 -8.064425358426801e-20 2.136508762300366e-11 1.455432996344516e-15 1.377370439925352e-15 1.222980050863721e-15 1.371733134076936e-15 2.530573734762185e-16 1.192627881686238e-18 2.005783255563226e-18 -2.664194509563823e-10 8.83500768798252e-16 1.318246106443185e-15 3.235259282696411e-16 3.865772109565013e-15 1.118018480596798e-15 4.926614671773366e-15 -1.009304554673833e-15 1.767023383354282e-15 6.175615574477148e-16 7.224144954388872e-16 -3.467576703206409e-15 4.8849813083504e-15 -2.109433911217532e-16 -3.505632199517376e-16 2.162332812819435e-15 -2.975110028836201e-17 -4.154767291548563e-16 5.967455326074025e-16 2.230792411116871e-15 7.882539468828613e-15 2.494705830802018e-14 -2.847847612434099e-15 -1.772317974549252e-16 -1.94543139193574e-15 -5.043541217394843e-16 1.162611673599503e-14 -1.876065746302615e-15 2.297492166132546e-17 2.255615704252791e-15 9.921731015573042e-17 3.955169525226747e-15 -8.945435546612723e-17 2.730834221947446e-17 3.059533386815351e-16 -6.293264505606185e-17 2.912170363852519e-16 -8.417441702162073e-17 8.1421102298809e-18 5.618920110552793e-17 -6.292297926454973e-15 5.970336239736923e-15 -5.565166383280854e-14 -9.108318506679408e-15 1.557385448678789e-16 5.461801719235257e-16 -1.559116605351878e-15 9.805467273233978e-16 6.83760570407361e-15 5.460909502374419e-15 -3.01952549674485e-15 1.254879311357175e-17 -1.845295156911276e-16 -4.501388786657988e-17 9.740085311187808e-18 -3.511820914483291e-17 -1.448495089928165e-16 -1.112706780343871e-16 4.529615371703582e-18 2.868054575696539e-18 -1.956619373679638e-16 -1.219187783142826e-16 -1.023142603401533e-14 3.096522945630164e-16 1 1.257681818505022e-15 9.721190671351562e-17 9.511312942812376e-16 -6.130244784055728e-16 1.480190408919681e-19 -2.959348077236609e-18 3.778169520924018e-17 -1.476654034941077e-17 0.002964040562672185 -5.443527906342819e-18 9.910287491524581e-20 5.868085931633726e-19 -1.099872623126989e-18 
1.196890764904327e-17 1.931354359894837e-16 -1.177791041352145e-18 -2.148732271238128e-16 5.447217976843935e-19 -6.774090464654135e-16 -3.988191107847991e-16 -2.546385658861737e-07 1.791003334441961e-21 -1.431366521021195e-20 -0.0003071735536555717 7.00243890711324e-18 5.126081827497066e-17 -0.006657927975649372 4.74895227801038e-17 5.962464725340768e-16 -0.003686182905035473 5.231674017866607e-17 8.342841551043033e-16 -0.0003680402647319399 1.884890774733115e-16 -3.542048796855122e-16 -1.556042244469974e-05 1.959642487853451e-16 -6.050428661260047e-16 -9.57332993820069e-07 1.214895187315891e-16 -7.006321575134039e-16 -3.514437967079041e-07 8.550364992760207e-17 -5.087322981869707e-16 -1.292391049185773e-17 7.009240016111812e-17 -8.181481604138482e-17 -0.002316675001368779 -2.212788135640192e-19 -9.186352892645758e-17 3.871669546685795e-16 -2.144273765969125e-16 -0.005683371420191346 -2.469503712770782e-17 -1.676979920706126e-16 7.24686292136224e-16 -2.001236696162271e-15 0.0004443270138056811 -5.439260536469764e-17 -6.033830322748619e-17 1.542733114382049e-16 -2.874346290353669e-17 1.482700571152917e-05 -2.527065946483556e-17 8.969642573656704e-19 1.834949178857769e-16 -2.388337309995366e-16 -1.629389924544438e-15 -0.02233765283692976 1.236952983995173e-17 -1.489887279085124e-17 2.322193102728222e-17 -4.220271779480268e-16 6.086855521357092e-16 -3.367854879070089e-16 0.0009973318180718331 -1.95430326796906e-16 4.308750723593835e-19 7.038517834975501e-18 -5.89451032168373e-17 1.291410615423645e-16 -2.024730902397051e-17 -5.828155709894204e-05 -1.901817773480462e-17 -7.570138559787268e-19 2.416717347416382e-18 7.331055145163791e-17 2.092478429163261e-16 -4.775978936280268e-16 4.316554907949803e-16 -0.02937982926875864 6.726227919095373e-17 2.834415763487548e-17 2.236018088242839e-19 -6.93182113469564e-19 1.379215441333271e-17 -9.970177493994605e-17 1.426827169779754e-16 3.080883586264353e-16 -3.460250593763392e-05 -6.342110284626529e-17 -9.090906621140489e-20 -2.0729778769664e-20 3.963323675785975e-15 7.931031800665737e-16 -1.228926645370881e-15 -6.18413143349448e-16 -1.138771240620468e-15 -7.176654567269181e-16 2.95464537626553e-11 2.818938629443056e-18 -8.131487730115714e-17 -1.542096748827699e-15 -1.589193947723212e-16 -5.413164346989748e-15 -8.689663572044211e-15 3.053632663896551e-15 3.761854695066065e-15 -8.241671234373059e-15 4.151259823042201e-15 -4.962710941121485e-15 3.872770160121889e-15 2.564642969567616e-15 -9.307100086254571e-16 3.165002981974445e-15 9.667170086521487e-16 -1.9903386435947e-15 8.692054931166049e-16 4.119956859911473e-16 -6.375853902286494e-16 -1.009408665281075e-15 -1.191618740064971e-15 -3.220253496814689e-15 -3.007403354129753e-14 -6.509600367800424e-16 -5.611226827936461e-15 2.406483918864398e-15 5.517443657653136e-15 -5.054984209001115e-15 -1.470913899885626e-15 -3.126259906673017e-15 1.6142383331871e-16 1.880693299053572e-15 9.520162436169116e-15 -1.381731071418351e-15 -1.887831944754598e-16 -1.249275979294629e-17 6.719101827865612e-17 4.817111487324369e-16 -8.775977217057872e-17 2.076030907175317e-15 3.639618281464509e-15 2.582212442941931e-15 -4.259748329013657e-16 -1.527059728668957e-13 -1.413278120361655e-15 8.689712147398665e-16 3.632349598922257e-15 -9.530562730212243e-16 6.842768369894032e-16 1.251679856158362e-14 -3.531550052396701e-14 -3.293033176570612e-15 3.499758025974438e-16 4.789253035791723e-17 -4.505514066683533e-17 3.836398751222177e-18 1.390845194144192e-16 9.215721456001069e-18 -8.669430082096929e-17 -2.781366016785749e-18 -7.517148118239558e-17 -5.383981189666183e-15 5.91694757202848e-15 -2.92051454995842e-15 1.257681818505022e-15 1 -1.141340932680635e-16 9.245637473087425e-16 -3.582762961739659e-16 -1.352673540440179e-17 3.277486399698581e-17 -1.517419253185138e-17 -2.257068011162914e-17 -5.365247986793929e-18 0.002964039920737342 8.60896668810892e-19 2.120335402896218e-18 9.142863233373095e-19 
3.556743149734564e-19 1.291841711593052e-17 -4.847611908784037e-17 9.081887267930392e-18 -1.212214714136695e-16 1.596430518606498e-17 -5.228804836230729e-18 -4.867026618111263e-22 -1.115216730043846e-21 -1.036880719033436e-21 -1.308163582505533e-19 -2.934423270287589e-18 -1.723263903178516e-18 3.599832950367879e-18 -2.375474783816771e-17 8.504475488228289e-18 -9.693127411024267e-18 1.935893800949734e-17 1.116389424481207e-17 2.86369134566422e-17 4.304409688637202e-16 -8.326503287528364e-17 4.660838741820393e-17 6.801093588130671e-17 -1.306837696685082e-16 -2.302007315498707e-18 6.081212757117903e-17 4.866247083243059e-17 2.009108185079919e-17 5.563665471473689e-17 6.613879931795725e-18 -2.772521347575125e-20 1.947464867354291e-17 -4.258988324703623e-18 -2.625728945998251e-18 0.0002799737922670701 -3.772472988834085e-18 3.185394453091745e-16 -3.532127390050398e-17 -2.344324617786157e-16 0.006079559653789333 2.363327807920655e-18 4.54594113335439e-16 9.651940534292678e-17 -3.489500463685071e-17 0.0008825548297987738 -1.28366175545507e-18 1.020473160672029e-16 5.168881710603199e-17 -1.134912000076289e-17 1.262691351228995e-05 -3.929947001639593e-17 3.131216108202803e-18 4.405439534492802e-16 8.855835342661582e-18 -3.100971738029733e-16 0.01986905265701904 -3.151088295238628e-17 9.020392668543147e-17 -1.42407414257128e-18 9.491139699289075e-16 1.250580619155818e-16 -5.637919059580141e-16 0.00358763564953472 -3.203160969179597e-18 1.346727722580437e-17 -5.774186534116137e-19 -5.091597701573034e-17 -1.515487980985609e-17 4.023496398640267e-17 -6.518320254456886e-05 -1.303701599143912e-19 -2.845421897843162e-18 -4.736460010279734e-17 -1.907412318098117e-18 -9.885679175756699e-17 6.227354464478021e-17 -2.445733519813617e-17 0.03682885403304088 -6.896245795012248e-17 8.060047888715538e-19 -1.504040933845072e-18 6.75883015982058e-18 -4.190226113847695e-19 1.30616197630909e-16 7.106345549277709e-18 7.96163450533343e-18 -1.093430529518646e-05 -2.291378317020353e-18 -7.493972817892073e-20 5.349772031887126e-16 -3.351455262401316e-17 -6.464386046854823e-17 3.003409425111472e-17 5.988694724988866e-17 -6.65779963154471e-19 3.035780062474316e-18 -2.168414330338806e-18 1.450141781555916e-18 -9.900534576949863e-17 2.310156660648459e-16 -1.547850691898361e-17 -9.096650647683878e-16 -2.41805036551509e-15 1.397218362445371e-15 -2.282485071647719e-15 4.826686806854687e-15 3.489246347095817e-18 -9.662625754592578e-16 1.251179471443865e-15 -1.08101838739504e-16 -1.158148148799771e-17 2.442707494649805e-16 7.390055415400042e-17 3.150414208498595e-17 2.039216314322739e-16 -1.080087310670401e-17 1.230181683499785e-16 -1.341639129286589e-15 5.004812224069022e-16 -3.124803605571045e-16 -1.303276063457849e-14 1.212993532115594e-16 -7.98842066511417e-16 9.43425296651795e-18 1.31004688484928e-15 -8.929489092591296e-15 -1.799690903030991e-17 3.550262365450714e-16 -5.346810776247992e-17 7.646484052219462e-17 2.710505431213575e-17 2.246755346525967e-19 -1.274451393126888e-17 -1.085897479540687e-18 3.20126655365239e-17 -1.912262996616975e-16 -1.177574214151325e-15 2.444016557559931e-16 -4.536689089615045e-15 -2.358523536960251e-18 6.99809151457814e-16 -1.58280506756819e-13 -2.175363117679275e-15 1.465028185571004e-15 -8.614663886754998e-17 -2.090734811839465e-15 -1.493643076111626e-16 6.108286196049352e-15 -3.380368901462299e-14 1.587192359421778e-15 9.689255668672149e-17 3.337839382941235e-19 1.74048386468506e-17 -1.153659660648816e-18 1.117281818534606e-16 -2.83762864158164e-16 -6.001505843635202e-17 -3.094254727053468e-15 -8.794773154394822e-15 9.624873429958393e-17 1.212218951918693e-15 9.721190671351562e-17 -1.141340932680635e-16 1 -4.727241664689205e-15 1.795174629236419e-16 -3.408789573262807e-17 -3.443692144975788e-18 1.008763363504072e-18 3.869406165943218e-18 5.658182547549114e-19 2.185768997270018e-18 0.002964039874819295 3.720989579320135e-18 4.87891128934308e-19 
-4.971708109664151e-19 -4.760000701976685e-17 1.040260617811694e-16 1.001453936505734e-15 8.065268091800655e-16 2.855373999249967e-16 1.760548615247539e-16 -6.233332979700863e-22 1.008340474145972e-22 -1.809791861751683e-22 -8.036975307179127e-19 -1.469002683220203e-19 -2.263285650311681e-18 -1.172639029624239e-17 -1.03843666801718e-17 1.105384282740051e-17 -3.709623144150244e-17 -5.443898619107911e-17 1.178679698027393e-16 7.566487100005481e-17 -2.254860473179738e-16 2.173475957205273e-15 2.427304228368362e-17 -2.993750036362737e-16 4.556234225011453e-16 1.848919736550649e-18 -1.719106366473852e-16 2.549270154417163e-16 -5.266324035495362e-18 -1.248614586064514e-16 3.023397816953736e-16 1.208343393484583e-18 -4.621285283174596e-18 -7.952313104357132e-18 7.513243375965679e-20 -2.253220611647266e-20 1.858580868690283e-17 -7.496272023451186e-17 1.053493787076798e-15 -1.665976164396192e-17 3.197612903357939e-17 1.232457293562495e-16 -5.210788941637928e-16 1.380143428383777e-15 1.789789091318013e-16 1.025213755173305e-16 8.149944503091221e-18 -2.134051097953213e-16 3.158925754006534e-16 8.479757907037545e-18 2.487856625834267e-17 -9.467793072409872e-18 -7.511456412519251e-17 -5.948372251901906e-17 -2.804849218194959e-16 -5.105115218707135e-17 1.869046026927623e-16 -0.0051826174405058 -2.661549573857688e-18 4.127860484933353e-16 -1.262722412937492e-15 4.074810811466007e-17 1.18684456624745e-16 6.184542242961437e-17 -0.00385994936425992 -9.040310279368459e-19 2.742843160582227e-17 -2.22781752441659e-16 2.329279498287612e-16 -6.497465817985734e-18 5.32811376571069e-17 -7.293474254425841e-05 -5.714825416008825e-19 8.159921675880225e-18 -4.545235969692809e-16 9.444618863087391e-17 -4.558112657201536e-16 4.043084133615729e-17 2.565183363351642e-16 -0.01580241718236113 -1.103221122720121e-18 1.835523683198476e-18 -6.529504388724363e-18 6.845435816178392e-17 -2.689229446001935e-16 1.228803709549757e-17 -4.515661855040226e-18 5.706516295760139e-17 4.732629952765357e-05 1.114602718863145e-18 1.960807370849851e-15 5.992929308362572e-15 2.668729978014763e-15 1.173813599912599e-15 8.636325953322494e-16 3.902798861701648e-16 -3.170374217589791e-17 7.752081230965798e-18 1.666954984673161e-17 6.568576704434336e-17 -3.683190574164556e-16 5.347905164551487e-16 8.404614191501113e-16 -2.683522412513137e-15 1.723511681357976e-15 2.8986790944038e-18 -2.61138267111225e-15 5.200835315113209e-15 -1.785054173703748e-16 -3.301037743800686e-15 2.765259123233636e-15 9.215432592663437e-17 -2.144718127428578e-15 9.436860769273719e-16 5.248008074614292e-18 -5.133527256097703e-16 1.95650400149395e-16 2.860532062342856e-15 4.270698628678768e-16 -6.643256872919458e-16 1.264318557186594e-15 1.712876127222753e-15 1.518218254769567e-15 5.477111972109535e-16 -1.105333315179493e-15 -8.253700796287617e-18 4.920076636215787e-15 8.685677011474616e-16 -2.064959387497358e-15 -8.693395599207457e-17 1.109697864198465e-17 2.311409340973629e-15 1.54434042760629e-16 -1.170297018857494e-16 -2.473699022378688e-17 2.855825253379018e-18 3.413074140715396e-16 -4.56731381728876e-17 -5.73887301225427e-16 1.749151798805297e-15 -2.22608294101909e-15 1.257452254171726e-15 -1.020888964381775e-15 -1.123865811612684e-13 -5.952513448921122e-16 -3.526456504470586e-16 -5.166809922212165e-16 -1.271596988879691e-15 1.96236781571721e-16 6.94917434279234e-15 -4.63948541043765e-14 -6.755010738652857e-18 1.838808039826922e-17 4.973911428869257e-18 -4.308623958980077e-17 -6.59122872213157e-18 1.774688659549973e-16 -4.5808235646023e-16 -9.203853271619368e-16 -4.3176073794732e-16 2.855640906571398e-15 3.094290550595089e-16 9.511312942812376e-16 9.245637473087425e-16 -4.727241664689205e-15 1 -2.768170708001195e-15 1.394200663526906e-17 -2.870515489451259e-18 1.256507281130537e-18 1.193014402758865e-17 1.300024085653149e-18 3.347289649388897e-18 6.789685132452478e-18 0.002964039522437841 1.24631672419276e-17 
2.167872800261903e-19 -1.03180789074285e-17 1.444614691543629e-17 -8.404260909577325e-17 3.548899966665911e-17 5.32360915073974e-17 -1.488934576564849e-17 -1.826012286505378e-24 -2.327163670718621e-24 5.798561824292628e-24 -2.149265815289898e-20 -4.583199040302522e-20 1.741714518941104e-19 -6.77771155770171e-18 -1.142065110695693e-18 1.034984264294949e-17 8.34905288335067e-17 3.492570951416917e-17 4.236350582401695e-17 5.761380476324662e-17 5.338509864442315e-17 -4.847908375809605e-17 2.675231207464184e-17 -2.139185465338171e-17 5.803875902682328e-18 1.43234069549713e-17 -2.196695854390608e-17 -9.188007121444396e-18 9.898957450220436e-18 7.963340859209233e-18 -2.019740690239268e-17 2.085524667574675e-19 -2.94302952031965e-19 -1.345083344232584e-18 6.674044009353069e-20 -1.804656064999218e-20 -7.686612238103516e-18 1.099279358947592e-16 1.273878260365317e-16 1.182976802048233e-16 -8.885375616705844e-19 -2.602540500743041e-17 -1.963693426053741e-16 -2.028474523172033e-17 1.502431045827779e-16 6.108801710494768e-18 1.897354462564296e-18 8.692447363798654e-18 -3.256953275243896e-17 6.117875239466374e-17 2.533644456157465e-18 4.263265054299858e-17 -3.657832373381865e-18 -2.040282141370967e-16 -1.117026816774935e-16 1.422770241229189e-16 5.787776128592952e-18 1.725754191160094e-17 -5.132172627448786e-18 -3.191726024375511e-17 -9.503370855056192e-17 5.890665220724755e-16 2.229348365535807e-16 -3.119791751333678e-17 1.156997242771667e-16 2.375304606994711e-18 4.498275012540245e-18 4.999352781565427e-18 9.935039772512032e-19 3.775259940054901e-17 1.142682340541586e-18 8.621424999568907e-18 2.118376461525413e-19 5.515370332756081e-17 -1.69451270438969e-16 -5.091769155833997e-17 1.230035835015392e-16 1.0107554162343e-16 -4.580415365576364e-17 2.833947248388578e-17 0.002099541725112063 -1.301710057849104e-20 8.905574551381254e-18 -1.670870530255389e-17 -2.200615439619919e-17 2.25848693386326e-19 1.79532180596688e-17 -3.663964914890496e-18 2.437486640303137e-17 0.0001972843488463588 2.449369828944237e-10 3.148252058357885e-16 3.69679059499975e-16 -1.823187597437213e-16 -3.677818519409002e-18 -1.008546527901056e-16 -2.342565106246282e-17 -1.849928475571992e-18 -2.249256326722109e-17 7.240102448210298e-16 5.958911854835055e-16 6.714518929431187e-17 1.253360852599117e-15 -8.786310348963307e-16 2.342292003412624e-16 1.900807578693721e-16 3.289113637486148e-16 1.569357233685851e-16 -1.90052170507415e-16 -8.416932515557336e-16 -1.071708436514514e-16 3.499427683182202e-16 3.995115599088662e-16 1.611734292047791e-17 6.239905529416038e-17 1.769622478229093e-17 5.127731348828244e-19 -6.180454435482264e-15 1.497567485636637e-16 4.700561695188738e-16 -8.435105309653537e-17 1.135659424032179e-17 -4.015928045570545e-15 -3.29660987906926e-16 4.272197016729179e-16 2.540978668965854e-16 -9.577570941203348e-17 8.077052075139252e-16 -9.252140882866087e-18 -1.237311848032315e-16 -3.582758784475693e-17 4.855870480023576e-17 -1.171532564835853e-16 7.792069837695603e-18 3.54060176636836e-19 2.547756644505524e-18 1.346783382629244e-19 3.960160243355821e-15 -1.150883746071972e-15 -2.636106292293914e-16 -4.848071821208866e-16 -5.90076688268612e-16 6.19425268160308e-17 -8.962280146736497e-15 4.154513647169453e-15 -7.318851708228427e-16 2.059577551909555e-16 -3.589175059051232e-17 -1.047129657967469e-16 2.520939457620633e-17 5.259596875871918e-15 9.481690171405457e-17 -8.263071531908975e-18 1.333230291520731e-18 2.245909390758548e-18 -5.655879051781085e-18 1.015380926455223e-19 1.881350839759913e-16 1.505003111424519e-16 -3.746188702834113e-15 -5.201389989346059e-15 4.882748489803845e-16 -6.130244784055728e-16 -3.582762961739659e-16 1.795174629236419e-16 -2.768170708001195e-15 1 -4.495628380743394e-19 5.023646952023189e-18 -2.378256905909134e-18 7.156371174463127e-19 -1.570188008612095e-18 8.436582344210497e-19 -1.249373850428496e-19 1.249819717719959e-17 0.002964040193332527 
5.252218698699891e-18 3.977430447482682e-16 2.747368924258665e-16 -1.76941834572915e-16 -2.999772366249558e-15 5.607591576341868e-16 -1.10394977542186e-15 3.17240744730073e-19 2.65485270995539e-19 9.676929892662643e-21 -5.784462816132388e-18 7.991490039624871e-18 -3.481991206903328e-19 1.393776088165963e-15 -9.005605502841498e-16 4.049496026876229e-17 4.031064585791002e-16 -4.449566718688638e-16 -1.049507939495781e-16 -7.025631675658921e-16 -8.838418120365937e-16 1.264613700427779e-15 2.203103180311567e-16 6.487878656980536e-16 7.225132559423431e-16 6.331988027417877e-16 -1.628968974724763e-15 -4.007317131648368e-16 -4.284974642633533e-16 -2.886719759247869e-15 -8.231571763722616e-16 1.319944643202282e-17 7.38681635192699e-18 -1.404397176478937e-18 -4.113900985628764e-18 -5.232453470668642e-17 -1.627604668151977e-15 -7.071168162593951e-16 -8.241022570358549e-16 7.116704664101012e-16 2.108773700743017e-16 -4.562323781550238e-16 -5.134782655994718e-16 1.07292672285222e-15 -2.142383979781541e-15 -3.799045327600418e-16 -1.474556943135142e-16 -2.583061861369786e-15 -4.337014662726157e-17 6.418622489636133e-17 2.810440028531186e-16 -1.591516990707269e-14 -2.806349535733987e-15 3.971921343951707e-15 -4.923905276053342e-16 -6.490686188620052e-15 -4.293875251630405e-15 -3.066666536015767e-15 -6.453172785036687e-16 -1.66360018839076e-15 -4.605691866728781e-16 -4.423545860705368e-16 9.887926041564769e-16 -2.735659538159986e-15 -2.196160415552919e-15 8.951621146130025e-16 -3.431324700382023e-15 8.457056831620353e-16 2.469913068234617e-16 1.490610478475851e-15 4.201629513097648e-15 -3.788825694408502e-15 0.0795585518192725 4.260237871648365e-15 3.529946228729293e-15 -4.673942408852042e-15 1.273558368934568e-15 3.166596117522466e-15 -5.25328597028772e-15 1.091358152785439e-15 -4.180820044615127e-16 0.4524733951007862 -2.248249537721514e-15 9.202841896285474e-16 -5.906912446266474e-16 -5.94815921341457e-16 3.382813295218671e-16 1.873565133229243e-15 1.77639469647132e-15 -5.49718369022836e-17 -4.028487473791374e-18 3.694961836572043e-16 -3.803382078254918e-16 5.022025596009791e-16 6.418480859869223e-17 2.569172610679121e-15 1.404559464541667e-21 2.61390336157343e-21 2.752951426282102e-23 -8.717460988735768e-19 -2.681059874817235e-19 -2.558869185773306e-20 1.725364150758407e-17 4.581686947577166e-17 9.73558713163284e-20 1.369889753670261e-16 -2.171657440919367e-16 2.358309663242642e-17 3.449064728433818e-15 -5.380679754266962e-15 -8.546225550697742e-17 -1.833603127380444e-15 -4.034967714557091e-15 -6.411159941389366e-16 2.75474343849051e-15 1.982790774681793e-15 -4.219720451203726e-16 1.557524534433611e-17 1.463842669353995e-17 3.786238127539017e-18 1.810543920713805e-17 -3.294840322771401e-16 -2.178379495903901e-15 -1.047746110568344e-16 -7.444133793984958e-16 4.774285342530508e-16 -1.280659894764946e-15 -3.361894854119839e-15 2.383076912201823e-16 -7.103694235099224e-16 -3.358859087352972e-16 2.654127516410543e-16 3.805984933015965e-15 -3.06612522087285e-16 1.104153003330599e-15 3.26648587887048e-15 6.952778403081311e-15 1.270405711594331e-16 1.841026525773095e-18 -1.556762204609289e-17 -2.151781808332712e-18 -1.522160900915813e-17 -6.834488045549232e-17 1.18981050849916e-16 3.848918579762196e-16 -4.101537742884646e-16 4.616533890880822e-16 -2.42319240162494e-17 -6.844569857475573e-16 -3.264533477088609e-16 -4.076601087297625e-17 3.275159821324722e-15 1.210837322664526e-15 -5.059323799317749e-15 -2.087958437771028e-15 -1.318390566597461e-16 -3.903129396112133e-16 7.729932290160555e-15 0.002964039942067816 5.879219954213451e-17 -7.499419646912175e-19 -1.053566287019412e-17 1.480190408919681e-19 -1.352673540440179e-17 -3.408789573262807e-17 1.394200663526906e-17 -4.495628380743394e-19 1 -2.366163552779346e-15 2.019218706984754e-15 -3.979023737906205e-16 -4.367169233632521e-16 1.738193693899509e-15 -2.033096784122788e-15 1.347880557558319e-15 -1.65677022699977e-15 
8.008082255375615e-17 -2.236072300440709e-15 2.866630784271154e-16 -1.272419777302384e-15 -1.660131125096922e-15 7.089937672975488e-15 2.080829020857966e-15 -8.599333644810532e-18 3.313709651693585e-14 -1.897274754882113e-18 7.416292676256428e-17 2.830469604689646e-18 4.850430767743338e-18 -4.832219183965035e-15 4.422664320087594e-15 -2.564273878081754e-16 -7.05381992529099e-16 -2.56850942264403e-12 -7.285839209645079e-16 2.325071758555017e-15 -1.111670998796468e-08 6.158268862744997e-16 4.900602837211912e-15 -1.468022905034452e-07 1.125836822859895e-15 -4.97885015504102e-16 -1.76442222007225e-07 -4.157374089345535e-15 5.233913630200242e-15 -1.522361253712718e-07 -1.341858768772015e-15 -3.995753295905769e-16 -1.131391266879046e-17 -1.158047032003539e-16 -1.596301360392739e-17 -3.390118166841423e-16 6.174098208816384e-15 -5.661183802074846e-14 7.190429410470832e-15 2.535949093952163e-15 -1.192926066307749e-14 5.431853353038155e-15 3.200457968345935e-10 2.221747301130939e-15 -4.922278285021966e-17 -6.18082035885854e-15 1.120663118126369e-15 2.188524771247645e-07 4.088936845132615e-15 1.170964747872113e-15 -1.677589581997352e-15 -0.2047155344849415 -5.590851601251643e-15 -1.568385310102206e-14 -1.984415402591089e-15 2.445256929876312e-14 4.117800196164625e-15 9.503168363456606e-16 -0.5389153007048084 -6.695165816577129e-15 5.065541709545444e-10 4.648191943413146e-15 -2.942524942715071e-15 -6.921547249170958e-16 -2.523589188165203e-15 -0.2113583379023341 -3.892766196944244e-15 4.378750193016235e-07 5.703134723277546e-16 9.003511536849897e-16 6.019674792053933e-16 5.681502926962159e-16 4.190552539727239e-14 -0.0454328519295044 -1.462079278181772e-14 5.211756044709843e-15 -1.315711972630979e-14 -2.38086751270949e-15 1.227772327051434e-14 2.950385409113674e-16 -2.196810625979198e-15 5.638105782909865e-16 0.2058681633979098 -1.040849077482298e-17 -6.927769602277529e-08 -1.831937364959744e-15 1.710488941986348e-15 2.65074733173732e-15 -7.641618681777422e-16 6.765763583965853e-16 4.960815653388759e-17 9.059052011338008e-16 -2.645453522549385e-17 3.825065586002378e-15 -1.599415814862049e-15 1.912567455951848e-15 -6.088077853652164e-22 1.733933790197358e-21 -1.776777863355839e-21 -1.019170379599001e-19 -6.028301737239859e-20 3.740084847958119e-19 -3.414940667964374e-17 2.367457285964911e-19 7.95851048107509e-18 -2.593920033720111e-16 -7.11860101052453e-16 3.413746351409049e-16 -1.794517376167246e-15 -1.241628431977196e-15 3.411008740694071e-15 2.089474601943073e-15 -8.534840217152141e-16 -2.181848634760082e-15 1.307982530581003e-15 3.630605621025211e-14 2.568261148429554e-15 3.977285888770117e-17 -2.665358798477864e-17 -8.937045375390856e-18 -7.471731193408539e-17 6.35173119713558e-17 3.601313342966955e-16 -7.404017256348568e-15 -2.066706354378617e-15 3.942023904221353e-16 1.697860744390575e-16 2.875304402377336e-16 2.605858455892114e-13 -3.406997192319593e-15 2.998469779492985e-15 -5.537237799329685e-15 -5.169477436045173e-16 1.146859514669191e-07 -5.100093276063375e-16 -3.753942878989838e-15 -1.374769487115893e-15 -2.409639530273062e-16 7.911997780461497e-17 5.992123329244124e-18 -1.698682366418172e-17 -4.84788760073693e-18 2.039655507908448e-18 -1.43172932280876e-17 -3.571795936347224e-15 9.008568843450486e-16 -6.312225577165157e-16 -1.083443321755644e-15 -5.115537329003755e-16 1.92879582648192e-15 6.361556780147635e-17 -2.585498227029257e-09 -1.251776630854115e-14 -2.408287227171547e-12 -6.938899215856195e-17 1.94982998297596e-15 4.510282219192579e-17 2.899591560545341e-15 5.661280173256071e-17 0.002964039522437826 7.567816501414734e-18 1.797827581203316e-19 -2.959348077236609e-18 3.277486399698581e-17 -3.443692144975788e-18 -2.870515489451259e-18 5.023646952023189e-18 -2.366163552779346e-15 1 -6.047680601905538e-16 -1.06641245852436e-07 -2.04285479271474e-15 1.294104103863877e-15 4.917942463295228e-16 1.941155894948982e-15 -7.004816155479101e-15 
-2.655743060942404e-16 1.288545224390406e-14 -1.12594402631488e-15 3.73832932684312e-15 -5.724589963686184e-16 -2.57090467478681e-15 -2.931722359133386e-15 1.053581223588942e-16 -6.666512988560871e-17 5.071144471241021e-17 -4.848397869751352e-17 3.288058096197805e-16 -3.253991924387765e-17 1.650384508299361e-15 -3.923481420217092e-15 -1.657963759583978e-15 -1.092442177096725e-14 -5.336443425634633e-15 -4.050362728461246e-15 -1.120631437662731e-15 -4.88151217582494e-15 2.9906634624014e-15 -1.790237882996743e-15 -2.081671956972962e-16 -6.765429144720794e-16 4.059410840684818e-16 -1.561311861801853e-15 -2.189278526249577e-15 -2.060951030572194e-15 2.911006590319999e-15 -1.883980079653922e-15 0.05846766389017946 -5.685153349095503e-16 1.601039138710173e-16 -1.164827001735892e-16 5.982278251479307e-18 0.4182365425730145 5.453103586666061e-15 6.323609565220075e-16 -4.729290171194015e-15 -2.102810244619728e-15 0.4025232570096399 3.642919533642112e-16 8.727286022178169e-15 4.624773084137949e-15 2.125036423550465e-17 0.04706154148011828 -4.302211129482238e-16 2.428727815160127e-17 -1.235150937173932e-15 -1.819412653942082e-16 -1.268741592848881e-14 -0.06074456817662584 8.332365265512661e-16 3.407522957288588e-14 6.03350415083189e-15 -1.777393718525783e-14 -4.097417105679608e-15 -2.598355720482358e-14 -0.2709322432435411 1.199561358419879e-15 -9.062196003460752e-15 2.501471408302953e-15 1.428111190624611e-15 1.163132163156197e-14 -1.460710034148673e-15 -0.2106648492787237 4.380321029413587e-15 6.869783427983868e-16 1.491911320909179e-15 4.055040208775155e-16 1.984622659223364e-15 5.781345814847199e-15 3.718808262435449e-14 -0.05055418169045388 -1.194321951090444e-14 3.178609917331147e-15 3.438639561578452e-14 -5.085125346385636e-15 -8.708312392257658e-15 -2.324669193752514e-14 -4.423744442422454e-17 -3.885862765001166e-16 0.08732613692740634 -8.777965375968738e-16 -4.822713792890393e-16 1.33230778828932e-15 -2.472064703312209e-17 -1.804150569464828e-15 -4.753382518517927e-16 -2.095558533490322e-17 -4.288019859485182e-16 7.526098269683395e-15 -1.552577608164226e-15 6.938897095605753e-17 -6.401246041727561e-15 -2.249941767194344e-21 -5.717499078988003e-21 -1.085257219131577e-21 -8.9385673671474e-19 -3.670549161809249e-19 3.259643929573642e-19 -4.151520491525515e-19 1.639495899083806e-17 -5.797305610634757e-18 4.055458478989257e-16 -1.827422875641388e-16 -4.61794768333699e-16 2.93298389984293e-15 2.956836349124984e-15 -1.492634776435207e-15 6.626644091428793e-16 3.712308470067379e-16 1.756624469376511e-15 5.4192802889162e-15 3.781700073571524e-15 -3.079463012215046e-15 -7.941781408527018e-17 2.33883810766767e-17 -4.975048325830504e-18 3.765773722365545e-17 2.086665795638515e-18 -9.913945283219271e-16 2.45719529931515e-15 1.950479829889496e-16 3.750025155433167e-15 -1.221895924561275e-16 2.760986056477499e-13 1.881958248316807e-15 9.322404541035281e-15 -1.401656655965065e-14 -1.586838398569319e-15 1.196709233622117e-07 3.927198360807982e-15 6.13398960446786e-15 3.07132889307516e-15 -9.003222063099966e-16 1.794862927119179e-18 5.689351254777737e-17 4.710308161662618e-17 2.864718545752896e-18 4.212951559854687e-17 -1.389663515717374e-19 1.21053721203036e-17 8.115795868059019e-16 -2.099015536779424e-15 1.623484434283775e-15 9.165642449648776e-16 2.223048273043604e-15 7.771019555716517e-17 -2.437286635681995e-16 -2.6090251950161e-15 -4.295267873829567e-08 4.926616577234472e-16 -2.036377140625847e-15 3.767820847096229e-15 1.241357575971002e-15 1.623701850089825e-15 -4.568684244052997e-19 8.567441010531359e-18 0.002964039458827513 2.908221631241469e-18 3.778169520924018e-17 -1.517419253185138e-17 1.008763363504072e-18 1.256507281130537e-18 -2.378256905909134e-18 2.019218706984754e-15 -6.047680601905538e-16 1 -6.505214859707915e-16 3.2543428586232e-15 -3.66308648750151e-15 -2.365729767331173e-16 -5.594484027578434e-16 -4.302115822875286e-15 
5.04191762821267e-16 -2.07778175970491e-14 -9.389192862217075e-17 -2.527492658014067e-15 3.481158393898817e-15 1.515307411193885e-15 1.752094700690626e-16 -6.075514745645291e-16 -0.02338201730931523 -7.439780334147579e-16 2.796827518292796e-16 -0.09746639567354584 1.342578343337149e-16 1.08506977095896e-15 -0.2488508801637038 2.081533100039946e-15 6.788191282949774e-16 -0.3231222294824818 -1.53696533504371e-15 1.054495265211555e-15 -0.181071251083932 1.981054644026529e-15 -9.645081570377866e-16 -0.03483921094687859 -7.927696412711425e-16 3.504278280365957e-16 -0.00468271138006685 1.793751465067106e-15 -2.467763718737041e-15 -0.002080903891230274 -3.101801940488258e-15 6.17705371833828e-16 0.03415156994865242 -1.290563287740543e-15 7.168147991426891e-16 2.809413485839441e-16 -1.662841234732371e-15 0.3176107037746663 -5.287465413427065e-15 -5.874208652134724e-16 9.161076675356231e-15 6.982263531782066e-16 0.3862425386031959 -3.949098895707949e-15 9.346908986224673e-16 -2.079933933795523e-15 -2.465112236606787e-15 0.05762311280681305 -1.419071187431575e-15 -9.523847895813099e-16 1.795558894195309e-16 -2.709519398387136e-14 -4.975898167143091e-14 -0.02445161112536234 -6.974240416338337e-15 -1.098676511192324e-14 -6.946484834666348e-15 4.651786698986903e-14 6.390024132560135e-10 -5.048046416452595e-16 -0.1709916599442635 -7.768093420268507e-15 8.258369749625081e-16 -8.448105171186982e-15 7.755516672333297e-15 2.739905412492022e-07 1.637598834099981e-15 -0.2006246963797939 1.554375482501801e-15 -9.784164140939257e-16 -1.01137489203452e-15 1.022670664276655e-15 -2.840764810506483e-14 9.792516158375219e-15 1.694955310087645e-14 -0.04934542661686175 1.448104105599383e-14 -6.614176796298471e-16 4.427232117040772e-15 -8.9433688316216e-15 1.098128988975781e-14 -1.459402192994138e-15 -1.860906883160114e-07 -2.029655973829663e-15 0.03226502129186631 2.376661484136608e-15 5.941607924483943e-16 7.043217024230442e-16 1.141472365103817e-15 -1.484564862819339e-15 -4.23270702489714e-17 -2.871401660080342e-15 -2.893519389224157e-15 4.632580054448654e-15 -2.429481724204439e-15 -2.151096566046938e-15 2.249942117820732e-22 1.911700867969854e-15 -8.999695414804812e-22 1.951662846849446e-19 -1.453892666496278e-18 5.335871233891821e-19 3.407074306640117e-17 6.796593851618376e-17 -9.601438189280767e-17 3.183311446562112e-16 1.833169433191153e-15 -1.316438565046613e-15 6.449784606029933e-16 -5.129361597130961e-15 -4.013717318236287e-15 -8.508820506221891e-16 -2.687648468450086e-10 2.324529964980064e-16 -4.043644149187716e-15 -1.801128621968316e-07 -3.538840558481401e-15 -7.098074119145416e-17 1.705450389407056e-16 2.16034953297798e-16 2.053949466094606e-17 -3.217031835549226e-17 -2.965632401955314e-16 4.743602379996275e-15 3.98054072451962e-15 3.547510282352474e-16 -7.72819477158015e-16 -2.880942641279276e-15 2.373813469669112e-13 -1.156280185184356e-14 8.563030626533774e-15 4.864165687880492e-15 5.31866441232875e-15 -1.132508721257062e-07 -1.83533993576874e-15 1.002670644928218e-15 8.920824022089634e-16 1.703807145130961e-18 -8.105397683529281e-17 2.581485935904831e-16 -1.327300917932082e-17 7.447988799955079e-18 -3.159094769316874e-17 2.55450369548322e-17 1.9611053174569e-15 -9.917199435414856e-16 -5.030699177907857e-17 3.424128048204556e-15 1.324522649258851e-16 -1.341592060936141e-15 -4.026592221843544e-16 -1.330748773672085e-12 -2.907397332637998e-15 -3.031630036640717e-07 7.840957167562193e-16 3.107758793502412e-15 2.737394730106832e-15 3.469448938299675e-16 -8.977915924945517e-18 -1.190716825388158e-18 1.546126633641629e-18 0.002964039920737355 -1.476654034941077e-17 -2.257068011162914e-17 3.869406165943218e-18 1.193014402758865e-17 7.156371174463127e-19 -3.979023737906205e-16 -1.06641245852436e-07 -6.505214859707915e-16 0.9999999999999998 -1.222113486773657e-15 -1.50227118571275e-15 2.400858301174258e-15 -2.428613599744546e-15 7.355231424043293e-16 
0.1292064980630991 0.187389990271221 0.1441438601958722 0.04466396580193775 0.006276051752045612 0.0003442369116085062 6.00350951165776e-06 -5.583351105123974e-15 -8.249862639098285e-15 -0.01599497482082987 -3.716746508319038e-15 -1.69886076512282e-17 -0.06867277178531377 2.331536704466503e-15 -1.920245702075051e-15 -0.1879837385841504 -2.045023026815481e-15 3.331537883998454e-15 -0.2723930289606307 2.824131052537706e-15 3.365365013466293e-15 -0.1748465384751157 5.037648011955688e-15 2.962914188849978e-15 -0.03798866609915342 4.389022757145996e-15 2.040114925851261e-15 -0.005451590020192775 1.50581326662204e-15 -1.491934803335209e-15 -0.002463162097938657 7.673482757390929e-16 -3.025322211427466e-15 0.03529262312175585 1.576983727122786e-15 1.343805120147766e-16 -9.524720226154602e-16 -1.427244360353848e-15 0.317377731621005 -2.102052085881227e-15 -4.419643657358501e-15 3.235260697387877e-15 3.580470817904657e-15 0.3885076194495493 1.590742122101992e-15 4.383648197676354e-15 9.922902918496283e-16 6.869662265099323e-16 0.06051886789827678 -3.816479036166288e-15 2.147731780132432e-15 -3.431149001900829e-15 2.402026562872721e-14 -2.008067979699625e-14 -0.007657097652518416 1.330383051406136e-14 -2.202232410171957e-15 1.389945078898917e-14 3.399192128994205e-15 -5.52509667301995e-15 -1.068590125774625e-15 -0.1332716467409547 -7.116272473147768e-15 7.806259035673496e-17 -1.128004430660165e-15 6.661672945413698e-16 1.71045847470236e-15 -4.362974848181178e-16 -0.1962271105788561 -1.559568345333945e-15 3.015042783951269e-15 -1.195284546716149e-15 -2.992460283402798e-15 6.93629483424425e-15 -1.488038313100628e-14 -1.672030212267241e-15 -0.04655104300648497 1.297480042265531e-14 -5.87838410451574e-15 1.219375608463131e-15 2.778106644448735e-15 1.398684425476472e-16 -4.701201792370717e-16 -1.169220874044591e-15 3.101780224751609e-15 0.0162701596354098 -1.942949581499881e-16 3.87116802794438e-15 -6.696176722712536e-16 -6.354471384677809e-07 1.59979436475503e-15 1.29789898494362e-15 -3.223598138225658e-12 -1.58468607918558e-08 -6.086782748142377e-07 -2.025801458880235e-06 7.047614336563922e-22 4.367535645194561e-22 -1.757580990356422e-14 1.029211100861872e-19 5.695180183509687e-19 5.991172519708142e-19 -8.064180680233729e-18 -1.423651245029447e-17 1.292369551459845e-16 -2.038300970423298e-16 -6.510636876272497e-17 -6.951365250994718e-16 -1.638663875903181e-15 4.193695826382499e-16 2.243432110638397e-15 8.777704604690438e-16 1.505740631792722e-15 -2.671208569369778e-09 2.220448576541896e-16 6.827879372866403e-15 -1.061719037627835e-06 3.225545217096151e-17 -6.527304903733576e-18 -2.107147838307358e-16 -6.983710276938018e-18 5.824201077389633e-18 7.773732956349249e-16 7.481879157159184e-16 2.77902821669627e-15 -3.484691671840919e-15 2.333204089548655e-16 -2.756476801704145e-15 -3.799696585609014e-15 5.959124675402862e-13 1.082283605162582e-14 -1.654926915560665e-15 3.080870855200521e-15 -6.550320372348212e-15 -7.781911877126134e-07 2.251672627994697e-15 -8.777711099231476e-16 -1.218033907691456e-17 1.439496061987591e-17 -4.8092010554239e-17 4.380178681122707e-17 -2.830721812908011e-17 1.809977846271734e-18 -2.977745620646206e-18 -6.960580973466949e-16 1.393593420795635e-15 -1.391031992049504e-15 -2.983725675853755e-15 2.127747688540285e-16 8.407144469681219e-16 -1.477768203556997e-16 3.28209940644946e-15 -6.236333934658537e-16 -1.471046624418266e-15 -8.807316061426587e-07 -5.932758791875564e-15 3.776495321974144e-15 1.110223900701733e-15 -4.055171997964105e-20 -5.493765440076187e-18 3.978489013120406e-17 -1.468995320690254e-17 0.002964040562672185 -5.365247986793929e-18 5.658182547549114e-19 1.300024085653149e-18 -1.570188008612095e-18 -4.367169233632521e-16 -2.04285479271474e-15 3.2543428586232e-15 -1.222113486773657e-15 1 4.972154409460582e-16 3.837210774825089e-15 -3.293374226913427e-15 -2.499896819115742e-07 
3.084672598337443e-15 8.697166793326496e-16 3.825608200269377e-16 -2.331252021817872e-15 3.096483235634414e-16 -1.885677339402113e-15 1.543925033281832e-16 -0.02338201730931428 -6.204634364757228e-16 -6.96324624586558e-16 -0.09746639567353413 2.612417217307013e-16 3.713962712939912e-15 -0.2488508801637151 1.224892918200007e-15 -4.03429005894712e-15 -0.3231222294825297 7.116704612885633e-16 1.853606648601487e-15 -0.1810712510839342 1.118246366994847e-15 -1.492946718927604e-15 -0.03483921094687749 -1.0000700585113e-15 -1.809318896817939e-15 -0.004682711380067873 3.599691797900658e-16 -8.465674225848585e-16 -0.002080903891231094 -2.480774775250595e-15 2.817296617087756e-15 1.073598848756269e-15 6.989724122434158e-16 -1.040181588235894e-15 0.03415156994865681 7.091480423229265e-16 7.053604032680322e-15 -5.777714637730847e-16 6.702959421068763e-15 0.3176107037746708 -2.356240174922618e-14 -3.449498393279149e-15 9.201625863135355e-16 2.055647788892553e-15 0.3862425386031871 3.533361495800089e-15 -4.365555906700177e-15 -9.749367062744884e-16 -7.893366629356526e-16 0.05762311280680518 3.504375812825611e-16 4.426231940317864e-14 7.695126598103245e-15 -1.098836431047705e-14 2.50574355560988e-14 -0.02445161112534507 2.728518690352385e-14 -1.245829883158164e-14 5.637852526999235e-17 7.361300676363057e-15 8.720239975874124e-16 1.326196386734088e-15 -0.1709916599442614 7.352247586256605e-15 -6.390033435017098e-10 -1.298939202505761e-15 -1.554331096772857e-15 -9.73212071465764e-16 -7.68513770924436e-16 -0.2006246963797926 -2.428687562347036e-15 -2.739905430573055e-07 9.090158995779902e-14 1.381273869106507e-16 -3.503253140015463e-14 -6.43772285422871e-16 -1.677591808507115e-14 -0.04934542661684357 8.31938324016405e-15 7.842794966213374e-15 -5.318853073167799e-15 -9.714891269856923e-17 -6.435961207500214e-16 -1.526578852111192e-15 5.941607924483943e-16 1.141491428147359e-15 0.03226502129186463 -3.375886780579404e-15 1.860906898556105e-07 -9.524114632635854e-16 -7.351793710452069e-17 -3.362552127636879e-16 1.882500642801964e-15 3.590878379595084e-16 1.804113526006858e-16 -3.958711583644427e-15 1.911701450307797e-15 4.930020228754251e-22 -7.490922948205148e-21 -1.256428067585685e-18 1.892257090203009e-19 2.480511409835365e-19 8.239938308641976e-17 3.392455044176523e-17 -2.441166691946254e-17 6.431488690377056e-16 3.181608909966766e-16 -5.771006135325436e-16 4.714112074470891e-16 6.534894495139946e-16 4.049658628095678e-15 -2.687595455289124e-10 -8.725660988031647e-16 1.27241994724841e-15 -1.801128607327209e-07 -4.040174699038287e-15 -3.302917854582626e-15 -6.263111209221064e-17 2.059751643049138e-17 4.853235148828152e-17 9.096458211777142e-17 -4.266791759848835e-17 -3.528536740194595e-15 3.550762889579386e-16 -1.560302791897988e-16 4.871104583298633e-15 1.516772065175546e-15 -2.566442627479368e-16 8.547418111843001e-15 5.886134878634235e-16 2.434407373905263e-13 1.128227803103595e-15 1.141448526846804e-15 9.853234019363766e-16 1.177878843465944e-15 -1.132508681549217e-07 -1.628906904568231e-15 2.919151458833425e-17 -6.021600887443764e-17 7.497725526677829e-18 9.343357781858252e-17 2.757126726168029e-16 -4.605245023590586e-17 -3.51486986060846e-18 4.521801672168646e-17 -2.859258593098934e-15 1.361182243214219e-16 8.378445166396252e-16 1.807582256337941e-15 2.721348046670195e-16 -5.569547775197117e-16 -9.974665697611407e-16 -1.318390198570924e-15 3.161535250437127e-15 -6.217254532863446e-15 -3.031630124348375e-07 -4.097418474342401e-15 1.333333513131127e-12 -1.584105481700067e-17 3.228126646090521e-17 -1.195619691384345e-17 -2.201366318305285e-17 -5.443527906342819e-18 0.002964039920737342 2.185768997270018e-18 3.347289649388897e-18 8.436582344210497e-19 1.738193693899509e-15 1.294104103863877e-15 -3.66308648750151e-15 -1.50227118571275e-15 4.972154409460582e-16 0.9999999999999999 8.508822230678961e-16 1.066412530289885e-07 -3.714044924263354e-15 
2.440191268427379e-16 -1.140736770725881e-15 -7.984066416424523e-16 -1.276756738146933e-15 9.887929506827858e-16 5.939796789410785e-15 -1.160545877825113e-15 2.78107031360343e-17 -2.946381201053976e-17 1.636367421978945e-18 1.459503239678165e-16 1.055406667972867e-16 1.165641793527031e-17 -5.066906165916636e-15 1.223308947291882e-15 1.294827341656014e-15 8.163637437639125e-16 -7.525665644986852e-15 4.549096397342887e-15 -1.02925501713199e-14 1.105712969991029e-14 2.378306370301578e-15 -4.359368635048449e-15 -1.040836124563898e-14 -1.668806089908425e-15 -4.382082573799264e-15 -2.685456779192898e-15 -1.429449888121576e-15 -1.054762965025173e-15 3.372465796067346e-15 -4.454936946183172e-15 4.991128849739194e-18 1.308365405821326e-16 -2.082337831974495e-16 -1.523588164748644e-16 0.05846767209590063 -2.12069987921325e-15 -3.826800763635108e-15 -1.667882750095838e-15 1.405516613198669e-14 0.4182366012716411 8.45677868077551e-17 2.213507608241873e-15 1.257403737465854e-15 2.264248280295966e-15 0.402523352753471 -1.632854930866189e-16 -2.01232484298646e-16 4.601572452750617e-16 -1.1345348683734e-15 0.04706438482768725 5.112258224928917e-15 -1.775619941812134e-14 -6.389475748042571e-15 -3.012868343735878e-14 4.445961644780586e-15 -0.06074457670187745 -1.925881584231465e-14 -4.243134482278827e-15 1.479502584444881e-15 -6.591950544816288e-17 -3.989864803446316e-16 2.834538734271048e-15 -0.2709322807601662 -5.020290757038244e-15 -2.324645748772137e-16 3.957385892390853e-16 -5.585994334354087e-16 -1.51620998957664e-15 -1.138883627485544e-15 -0.2106677884273017 -6.522886578644169e-16 2.905169099102865e-14 -3.717838423215157e-14 -5.067805926847686e-15 1.426508126765275e-14 -3.876348812960404e-15 -4.359943737486782e-14 -0.05055418878553387 2.274930380014388e-14 -7.313351711526115e-15 7.182080220381331e-16 1.873541238927138e-15 -2.688860436495279e-17 -1.249038726819109e-15 3.192012454792038e-16 -1.755593321584628e-15 0.08732764551893743 -2.01232207144026e-16 -2.331586496896542e-15 -2.072011319345453e-17 -6.39679411419131e-17 4.250073377563751e-16 5.724588632409795e-16 4.447833662519934e-15 2.990718082591893e-15 3.441087891593854e-22 -6.452039796738504e-22 8.053998320966589e-23 -1.202984633660751e-19 -6.555026697341404e-20 5.702398563790603e-20 7.785716670962611e-18 -1.711853933365838e-18 4.147285908581153e-19 -8.058334280291788e-17 -2.238335838770659e-16 -1.178426356386025e-16 2.15105754619576e-15 5.707241392729977e-16 1.875534613268852e-15 1.745782692006583e-15 -1.325329004290654e-15 2.67581150405579e-16 -5.620509155042729e-16 2.77556007656434e-16 1.564288933418698e-15 1.783004715356294e-18 4.291705055359319e-18 5.790318401033971e-18 -6.426863789912572e-18 -8.407989551787689e-17 -1.257674774993537e-16 -1.025032046679433e-15 -6.800117404102255e-16 1.657352434361272e-15 1.539567396974872e-15 -1.57079242587095e-15 -1.362408726083268e-15 3.620368628153555e-15 -1.24176952589931e-14 3.53411815944621e-12 -9.202711764610758e-16 9.26342761413471e-16 4.503348203633831e-15 3.751341238870094e-15 5.796341707331424e-07 3.85230662491247e-17 -2.469101541693004e-19 2.106063146917781e-17 1.75664080952965e-18 3.142524634987581e-17 -2.650874849016477e-17 -1.56358078589645e-17 -6.383783685483903e-16 7.914677463320792e-17 1.113909537782941e-15 4.443603504578101e-16 -5.296328686071377e-16 -3.243933557569431e-16 -2.413434525116825e-16 -2.470247605800904e-15 1.290580385326487e-15 -1.901257931851613e-15 1.791970935533885e-15 -6.255416151694276e-15 -4.294670855988383e-08 -1.894319090965322e-15 -3.157951225665957e-17 1.259697066565094e-19 5.717473552805435e-20 4.156126816762286e-18 9.910287491524581e-20 8.60896668810892e-19 0.002964039874819295 6.789685132452478e-18 -1.249373850428496e-19 -2.033096784122788e-15 4.917942463295228e-16 -2.365729767331173e-16 2.400858301174258e-15 3.837210774825089e-15 8.508822230678961e-16 1 2.121892679654997e-15 -8.291982467516092e-16 
-2.715126256089188e-17 -1.02786101509912e-15 -2.198762190053664e-16 3.850761181871903e-15 -3.995069990698225e-15 2.053080801557736e-15 -1.795463140131713e-15 -3.312499473754858e-14 6.710049595306156e-18 1.687449845060155e-18 5.426054988868661e-17 -2.827288624508838e-17 -1.317734433761472e-17 1.732917746948822e-15 2.108238077328465e-15 -3.291841359424269e-16 2.565213881444672e-12 -2.006749969216039e-15 -1.059699292188554e-15 1.111670676398085e-08 -5.587978476844242e-16 6.703622601822574e-16 1.468022837675008e-07 -8.28331983988916e-16 4.753147757528665e-16 1.764422269930139e-07 -2.687191250926314e-15 1.809364145707232e-15 1.522361210637441e-07 -9.966467950116167e-16 -5.66408387852698e-16 6.690054051719926e-17 6.442695098666752e-17 2.492381648738229e-17 3.320377703284892e-17 -5.666467795543233e-17 -1.911231749815877e-15 -1.308198450945988e-15 2.745742231908525e-17 5.52871596953997e-14 -1.081388758466643e-14 4.665539191375994e-15 -2.688821618249927e-17 -1.722580573900462e-15 -3.200442013225331e-10 -4.994703064339997e-15 -4.670007916402753e-15 8.500336688256803e-16 -7.719885006720447e-17 -2.188524768350584e-07 2.978719040630244e-15 9.419820314462175e-16 4.903196315728306e-15 9.114075276200857e-16 6.391995758690339e-15 -9.333084133395058e-15 -5.286353395592268e-15 -0.2047155344849571 -2.568041480962272e-15 7.500944938691393e-15 4.075191047230264e-15 -2.513614527339292e-15 -5.065522127768432e-10 2.325288594188114e-15 -0.5389153007048416 5.841972856960343e-16 -8.257382842002922e-16 3.12260515728898e-16 -7.468287447516282e-16 -4.378750179207362e-07 -1.752124363105031e-15 -0.2113583379023277 3.320044170799228e-15 2.94171179100692e-16 1.646686397560654e-15 7.505254642687572e-15 7.802515798239391e-15 3.995366655577179e-15 -2.834158926483808e-15 -0.04543285192949963 2.325464777052757e-14 1.860574908360251e-15 -7.693661487782695e-16 2.428647847458689e-17 -2.157193711318487e-15 -6.436067825758175e-16 6.92777025047646e-08 6.175824935199499e-16 0.2058681633979098 1.128494669581994e-15 -3.738801764484766e-18 -7.311250200192328e-17 -3.23363325041128e-15 -7.129714085473803e-16 7.374313046614481e-15 1.811084284819705e-15 -1.544663638853761e-21 8.073320632017015e-22 4.992845057363042e-21 2.602315251041928e-19 6.961404686039657e-20 3.073223392501375e-19 -2.129388068277422e-18 -2.722078246961428e-17 1.194041269979459e-17 4.35171683448073e-16 4.883653569932049e-17 -2.678589454223033e-16 -3.378482672793851e-15 1.72138793350523e-15 -6.321441296404035e-15 -2.981989905139173e-15 8.500145744724673e-16 2.600350708412129e-15 -3.789159471549174e-14 3.131178339122983e-15 -1.108489614215793e-15 1.036048436253294e-17 -4.384962880446213e-17 -1.306813128444713e-17 1.387376556391438e-17 6.262326862060931e-17 -1.994606903866719e-15 4.278804232271131e-16 3.692386333087116e-16 2.482064241464275e-15 -3.945683086860399e-16 -4.708473589232377e-15 -1.450228947443408e-14 -2.443791901568338e-16 -2.77834202556254e-13 -2.398797507639587e-15 1.304512426814081e-15 5.707242177392117e-15 -1.954168393022237e-15 -1.146859519769276e-07 -4.590082098307436e-15 -1.431729322808781e-17 3.32553633288983e-17 7.892971301289194e-18 -2.227326261010982e-17 -5.199565121995085e-18 5.490076271424469e-17 -2.836408646180201e-16 6.296504644346908e-17 -5.963112448369909e-17 1.363113295584142e-16 1.289875432695573e-15 7.864803218268034e-16 -2.847657244662591e-16 -3.537968825731183e-15 2.903061009017386e-15 2.609024463420986e-15 -1.516148936940375e-15 -3.583941444989716e-15 2.407022125350128e-12 -7.882585540004241e-15 -2.585486458660063e-09 1.314875823986885e-17 -2.595150349179573e-18 -2.018896581516096e-18 1.177923819830009e-17 5.868085931633726e-19 2.120335402896218e-18 3.720989579320135e-18 0.002964039522437841 1.249819717719959e-17 1.347880557558319e-15 1.941155894948982e-15 -5.594484027578434e-16 -2.428613599744546e-15 -3.293374226913427e-15 1.066412530289885e-07 2.121892679654997e-15 1 2.30024423530591e-15 
1.170162190577754e-14 3.340970030692746e-16 -4.827632793281913e-12 -1.658166055360152e-08 -3.009336740086879e-07 -9.509124654372182e-07 -1.18232057792049e-06 -4.898225234389591e-20 -7.858915977500405e-20 1.257123586856071e-17 4.791653950480645e-18 1.103470694471896e-17 1.542077311890462e-18 -4.870068262632461e-16 1.252931524166394e-17 1.604619712940046e-17 -1.086370913761019e-16 6.084544479067997e-16 -7.231254515048129e-13 -1.68615174509493e-15 2.576932528126036e-15 -7.622311430007466e-09 4.562332169603449e-15 4.364573284685287e-15 -2.468515492399268e-07 -4.413309289668932e-15 -7.633082104773311e-16 -6.042933128410778e-07 6.55757308591427e-16 -1.373967694191569e-15 -6.680756092934643e-07 1.601444910046163e-18 4.483068847522903e-18 8.385440015887156e-17 1.244592693145432e-17 1.070021981668126e-17 -1.010476738148905e-16 -3.655930859482549e-16 1.320708384015893e-12 8.057793044980538e-16 1.461504981786102e-15 1.595946096896892e-15 -3.893588056881013e-15 4.143601011993845e-08 7.632785676220158e-17 -1.960238166257432e-15 -1.150501467749439e-14 -7.393559829686359e-15 9.158623286288283e-07 2.407851019147034e-15 3.566830363265124e-15 5.002510375341157e-16 3.028719708174342e-15 -3.562689443730378e-16 4.888127010669277e-16 9.436627585473757e-16 3.652027730450606e-15 -7.210380364145945e-15 1.651457261327671e-15 -2.669740257529698e-14 -9.506287596695173e-15 4.501842025030772e-10 -2.084270902815589e-15 4.51028243637796e-16 -8.975462048434666e-15 -3.705555114149571e-15 -9.714570248255769e-16 1.817183134787492e-15 1.033216412780961e-06 8.743296419407104e-16 -4.98227951468006e-15 3.608405729134395e-16 -4.066030458414257e-16 -3.383145508282485e-15 6.648329783613905e-16 1.639558138784327e-15 -1.440037772112953e-15 -1.723461860429647e-15 -7.548217865871157e-16 3.884914429328905e-15 0.07955855856352881 -8.272837857820328e-17 -5.273672202203756e-15 -1.401677074938202e-15 1.977644863313263e-15 -1.363584711885202e-07 6.071716685610869e-16 3.249247955570157e-15 -2.026200372425654e-15 0.4524757047123577 1.884164917003526e-14 7.32704055408832e-16 -4.53203511656579e-12 -1.384552418086248e-08 -3.545490159415273e-07 -1.119940471255502e-06 4.714952665820574e-23 -1.853720863877886e-21 -1.274862186877056e-21 1.53373203960241e-19 3.695075891011795e-20 7.315695813750415e-20 -8.10716661078859e-19 -5.8292825509152e-18 9.926170429168513e-19 -2.080042513024098e-16 -1.66099824339485e-16 2.492852618228334e-16 -1.622400634083644e-15 -8.899134191767348e-16 -1.770502696778e-16 -1.835338006830867e-15 1.033244990849355e-15 -9.020564872805608e-17 1.70696963051682e-15 -1.828400396915394e-15 -2.183065838428562e-14 -2.922137519365692e-17 -2.685095275559547e-18 4.156053147968967e-17 -9.179722412895019e-20 4.201284721380389e-19 1.442206177130543e-15 -1.474298571389198e-15 -1.594428209357953e-15 2.91155807457359e-16 -1.977585375948094e-16 -2.368592168700868e-14 -2.023555562318416e-15 2.694717681245123e-12 -3.634680490311184e-15 5.030699640568982e-17 5.578873556144321e-15 -3.48679616203153e-16 4.449436607273558e-07 3.662003332362466e-15 -2.407798712963043e-15 2.256496471322091e-17 -1.695755192373818e-17 -1.414545460626042e-18 -2.86085466662569e-19 -2.819932374669489e-18 8.957376195282594e-19 5.880866873401608e-17 -2.782063637435473e-15 2.831801427524096e-16 4.553650536721989e-18 -1.739440294902423e-15 3.68303592220114e-16 -2.331035393798353e-16 9.518213824258466e-16 7.771566336523217e-15 4.243135160894617e-15 -6.781038370663727e-15 9.29045956845916e-13 -3.05311525514663e-16 3.918742245892325e-15 -2.622903638576615e-15 -5.73864999744968e-19 4.849582764451218e-18 1.25450912352007e-18 9.639237929301251e-19 -1.099872623126989e-18 9.142863233373095e-19 4.87891128934308e-19 1.24631672419276e-17 0.002964040193332527 -1.65677022699977e-15 -7.004816155479101e-15 -4.302115822875286e-15 7.355231424043293e-16 -2.499896819115742e-07 -3.714044924263354e-15 -8.291982467516092e-16 2.30024423530591e-15 0.9999999999999998 
