1.003404115 0.000077394 -0.002245439 -0.003253290 0.004172070 -0.001581095 -0.000000000 -0.000000000 0.014462570 -0.000000000 -0.000000000 0.029628088 0.000000000 0.000000000 -0.086095627 -0.000000000 -0.000000000 0.038429528 -0.000000000 -0.000000000 0.013118233 -0.000000000 0.000000000 -0.000476588 0.000000000 0.000000000 0.000000000 -0.000000000 0.000217913 -0.000000000 -0.000000000 -0.000000000 0.000000000 -0.000163432 0.000000000 0.000000000 0.000000000 -0.000000000 -0.000168076 -0.000000000 -0.000000000 -0.000000000 0.000000000 -0.000000000 -0.000085318 0.000000000 0.000000000 -0.000000000 0.000000000 0.000000000 -0.000000000 0.000133075 -0.000000000 -0.000000000 0.000000000 -0.000000000 -0.000000000 -0.000000000 -0.000198881 -0.000000000 0.000000000 -0.000000000 0.000000000 0.000000000 0.000000000 -0.000000000 0.000031139 -0.000000000 -0.000000000 0.000000000 0.000000000 -0.000000000 -0.000000000 0.000000000 -0.000000000 -0.000090208 -0.000000000 0.000000000 -0.000000000 -0.000000000 -0.000000000 -0.000000000 0.000000000 0.000000000 -0.000000000 -0.000016546 -0.000000000 -0.000000000 -0.000000000 0.000000000 -0.000000000 0.000061446 0.000016368 -0.002422622 0.000473852 -0.000771477 0.000000000 0.000000000 0.000003414 -0.000000000 -0.000000000 -0.000014886 0.000000000 0.000000000 0.000047508 -0.000000000 -0.000000000 -0.000151126 -0.000000000 0.000000000 -0.000000867 0.000000000 0.000000000 0.000000000 -0.000000000 0.000002617 -0.000000000 0.000000000 0.000000000 0.000000000 0.000001810 0.000000000 -0.000000000 0.000000000 -0.000000000 0.000000000 -0.000000938 0.000000000 0.000000000 -0.000000000 -0.000000000 -0.000000000 -0.000000000 0.000003203 -0.000000000 0.000000000 0.000000000 -0.000000000 -0.000000000 0.000000000 0.000000000 -0.000000027 0.000000000 0.000000000 0.000000000 -0.000000000
0.000077394 0.000001838 0.000011870 0.000033814 -0.000463261 -0.000045803 -0.000000000 0.000000000 0.000010948 0.000000000 -0.000000000 0.000003388 -0.000000000 -0.000000000 -0.000267623 -0.000000000 -0.000000000 0.000045968 0.000000000 0.000000000 0.000003244 0.000000000 -0.000000000 0.000000112 0.000000000 -0.000000000 0.000000000 0.000000000 -0.000005009 0.000000000 0.000000000 -0.000000000 0.000000000 -0.000004467 0.000000000 0.000000000 0.000000000 0.000000000 -0.000043614 0.000000000 -0.000000000 0.000000000 -0.000000000 0.000000000 -0.000000434 -0.000000000 -0.000000000 -0.000000000 -0.000000000 0.000000000 0.000000000 -0.000001235 0.000000000 0.000000000 0.000000000 0.000000000 -0.000000000 0.000000000 -0.000009269 -0.000000000 -0.000000000 -0.000000000 0.000000000 0.000000000 -0.000000000 -0.000000000 0.000000174 0.000000000 0.000000000 0.000000000 -0.000000000 -0.000000000 -0.000000000 -0.000000000 0.000000000 -0.000002876 -0.000000000 -0.000000000 -0.000000000 0.000000000 0.000000000 -0.000000000 -0.000000000 -0.000000000 0.000000000 -0.000000507 -0.000000000 -0.000000000 -0.000000000 0.000000000 -0.000000000 0.000013394 0.000038255 -0.000912445 0.000059879 -0.000283840 -0.000000000 -0.000000000 -0.000000019 -0.000000000 -0.000000000 0.000001070 -0.000000000 0.000000000 -0.000000568 -0.000000000 -0.000000000 0.000014123 -0.000000000 0.000000000 -0.000000110 0.000000000 0.000000000 0.000000000 -0.000000000 0.000000370 -0.000000000 -0.000000000 -0.000000000 0.000000000 -0.000001625 0.000000000 0.000000000 0.000000000 -0.000000000 -0.000000000 -0.000000026 -0.000000000 0.000000000 -0.000000000 -0.000000000 0.000000000 0.000000000 0.000000151 -0.000000000 -0.000000000 0.000000000 -0.000000000 -0.000000000 -0.000000000 -0.000000000 -0.000000003 0.000000000 0.000000000 0.000000000 0.000000000
-0.002245439 0.000011870 0.000084177 0.000231178 -0.003056279 -0.000296702 -0.000000000 0.000000000 0.000032259 0.000000000 -0.000000000 -0.000059056 -0.000000000 -0.000000000 -0.001522665 -0.000000000 -0.000000000 0.000196652 0.000000000 0.000000000 -0.000014685 0.000000000 -0.000000000 0.000002041 0.000000000 -0.000000000 0.000000000 0.000000000 -0.000033518 0.000000000 0.000000000 -0.000000000 0.000000000 -0.000028913 0.000000000 0.000000000 0.000000000 0.000000000 -0.000286197 0.000000000 -0.000000000 0.000000000 -0.000000000 0.000000000 -0.000002617 -0.000000000 -0.000000000 -0.000000000 -0.000000000 0.000000000 0.000000000 -0.000008481 0.000000000 0.000000000 0.000000000 0.000000000 -0.000000000 0.000000000 -0.000060374 -0.000000000 -0.000000000 -0.000000000 0.000000000 0.000000000 -0.000000000 -0.000000000 0.000001057 0.000000000 0.000000000 0.000000000 -0.000000000 -0.000000000 -0.000000000 -0.000000000 0.000000000 -0.000018655 -0.000000000 -0.000000000 -0.000000000 0.000000000 0.000000000 -0.000000000 -0.000000000 -0.000000000 0.000000000 -0.000003287 -0.000000000 -0.000000000 -0.000000000 0.000000000 -0.000000000 0.000087862 0.000251390 -0.005990490 0.000392257 -0.001863448 -0.000000000 -0.000000000 -0.000000134 -0.000000000 -0.000000000 0.000007071 -0.000000000 0.000000000 -0.000003861 -0.000000000 -0.000000000 0.000093237 -0.000000000 0.000000000 -0.000000719 0.000000000 0.000000000 0.000000000 -0.000000000 0.000002426 -0.000000000 -0.000000000 -0.000000000 0.000000000 -0.000010688 0.000000000 0.000000000 0.000000000 -0.000000000 -0.000000000 -0.000000171 -0.000000000 0.000000000 -0.000000000 -0.000000000 0.000000000 0.000000000 0.000000985 -0.000000000 -0.000000000 0.000000000 -0.000000000 -0.000000000 -0.000000000 -0.000000000 -0.000000021 0.000000000 0.000000000 0.000000000 0.000000000
-0.003253290 0.000033814 0.000231178 0.000643884 -0.008632389 -0.000844162 -0.000000000 0.000000000 0.000135908 0.000000000 -0.000000000 -0.000075563 -0.000000000 -0.000000000 -0.004573000 -0.000000000 -0.000000000 0.000674933 0.000000000 0.000000000 -0.000001033 0.000000000 -0.000000000 0.000004302 0.000000000 -0.000000000 0.000000000 0.000000000 -0.000094140 0.000000000 0.000000000 -0.000000000 0.000000000 -0.000082292 0.000000000 0.000000000 0.000000000 0.000000000 -0.000810082 0.000000000 -0.000000000 0.000000000 -0.000000000 0.000000000 -0.000007666 -0.000000000 -0.000000000 -0.000000000 -0.000000000 0.000000000 0.000000000 -0.000023579 0.000000000 0.000000000 0.000000000 0.000000000 -0.000000000 0.000000000 -0.000171393 -0.000000000 -0.000000000 -0.000000000 0.000000000 0.000000000 -0.000000000 -0.000000000 0.000003087 0.000000000 0.000000000 0.000000000 -0.000000000 -0.000000000 -0.000000000 -0.000000000 0.000000000 -0.000053047 -0.000000000 -0.000000000 -0.000000000 0.000000000 0.000000000 -0.000000000 -0.000000000 -0.000000000 0.000000000 -0.000009349 -0.000000000 -0.000000000 -0.000000000 0.000000000 -0.000000000 0.000248723 0.000711155 -0.016952732 0.001111038 -0.005273502 -0.000000000 -0.000000000 -0.000000370 -0.000000000 -0.000000000 0.000019955 -0.000000000 0.000000000 -0.000010776 -0.000000000 -0.000000000 0.000263273 -0.000000000 0.000000000 -0.000002035 0.000000000 0.000000000 0.000000000 -0.000000000 0.000006870 -0.000000000 -0.000000000 -0.000000000 0.000000000 -0.000030229 0.000000000 0.000000000 0.000000000 -0.000000000 -0.000000000 -0.000000486 -0.000000000 0.000000000 -0.000000000 -0.000000000 0.000000000 0.000000000 0.000002797 -0.000000000 -0.000000000 0.000000000 -0.000000000 -0.000000000 -0.000000000 -0.000000000 -0.000000059 0.000000000 0.000000000 0.000000000 0.000000000
0.004172070 -0.000463261 -0.003056279 -0.008632389 0.117308547 0.011551099 0.000000000 -0.000000000 -0.002427522 -0.000000000 0.000000000 -0.000155771 0.000000000 0.000000000 0.065673218 0.000000000 0.000000000 -0.010720767 -0.000000000 -0.000000000 -0.000510214 -0.000000000 0.000000000 -0.000039495 -0.000000000 0.000000000 -0.000000000 -0.000000000 0.001272412 -0.000000000 -0.000000000 0.000000000 -0.000000000 0.001126411 -0.000000000 -0.000000000 -0.000000000 -0.000000000 0.011030857 -0.000000000 0.000000000 -0.000000000 0.000000000 -0.000000000 0.000107732 0.000000000 0.000000000 0.000000000 0.000000000 -0.000000000 -0.000000000 0.000315556 -0.000000000 -0.000000000 -0.000000000 -0.000000000 0.000000000 -0.000000000 0.002340384 0.000000000 0.000000000 0.000000000 -0.000000000 -0.000000000 0.000000000 0.000000000 -0.000043255 -0.000000000 -0.000000000 -0.000000000 0.000000000 0.000000000 0.000000000 0.000000000 -0.000000000 0.000725508 0.000000000 0.000000000 0.000000000 -0.000000000 -0.000000000 0.000000000 0.000000000 0.000000000 -0.000000000 0.000127891 0.000000000 0.000000000 0.000000000 -0.000000000 0.000000000 -0.003387247 -0.009678524 0.230800856 -0.015138679 0.071796154 0.000000000 0.000000000 0.000004894 0.000000000 0.000000000 -0.000270970 0.000000000 -0.000000000 0.000144751 0.000000000 0.000000000 -0.003576760 0.000000000 -0.000000000 0.000027731 -0.000000000 -0.000000000 -0.000000000 0.000000000 -0.000093602 0.000000000 0.000000000 0.000000000 -0.000000000 0.000411299 -0.000000000 -0.000000000 -0.000000000 0.000000000 0.000000000 0.000006646 0.000000000 -0.000000000 0.000000000 0.000000000 -0.000000000 -0.000000000 -0.000038195 0.000000000 0.000000000 -0.000000000 0.000000000 0.000000000 0.000000000 0.000000000 0.000000808 -0.000000000 -0.000000000 -0.000000000 -0.000000000
-0.001581095 -0.000045803 -0.000296702 -0.000844162 0.011551099 0.001141365 0.000000000 -0.000000000 -0.000267919 -0.000000000 0.000000000 -0.000074174 0.000000000 0.000000000 0.006642264 0.000000000 0.000000000 -0.001132706 -0.000000000 -0.000000000 -0.000076321 -0.000000000 0.000000000 -0.000002945 -0.000000000 0.000000000 -0.000000000 -0.000000000 0.000124949 -0.000000000 -0.000000000 0.000000000 -0.000000000 0.000111319 -0.000000000 -0.000000000 -0.000000000 -0.000000000 0.001087295 -0.000000000 0.000000000 -0.000000000 0.000000000 -0.000000000 0.000010785 0.000000000 0.000000000 0.000000000 0.000000000 -0.000000000 -0.000000000 0.000030830 -0.000000000 -0.000000000 -0.000000000 -0.000000000 0.000000000 -0.000000000 0.000231012 0.000000000 0.000000000 0.000000000 -0.000000000 -0.000000000 0.000000000 0.000000000 -0.000004324 -0.000000000 -0.000000000 -0.000000000 0.000000000 0.000000000 0.000000000 0.000000000 -0.000000000 0.000071669 0.000000000 0.000000000 0.000000000 -0.000000000 -0.000000000 0.000000000 0.000000000 0.000000000 -0.000000000 0.000012635 0.000000000 0.000000000 0.000000000 -0.000000000 0.000000000 -0.000333895 -0.000953738 0.022747529 -0.001492680 0.007076201 0.000000000 0.000000000 0.000000476 0.000000000 0.000000000 -0.000026671 0.000000000 -0.000000000 0.000014169 0.000000000 0.000000000 -0.000352148 0.000000000 -0.000000000 0.000002734 -0.000000000 -0.000000000 -0.000000000 0.000000000 -0.000009229 0.000000000 0.000000000 0.000000000 -0.000000000 0.000040525 -0.000000000 -0.000000000 -0.000000000 0.000000000 0.000000000 0.000000657 0.000000000 -0.000000000 0.000000000 0.000000000 -0.000000000 -0.000000000 -0.000003770 0.000000000 0.000000000 -0.000000000 0.000000000 0.000000000 0.000000000 0.000000000 0.000000080 -0.000000000 -0.000000000 -0.000000000 -0.000000000
-0.000000000 -0.000000000 -0.000000000 -0.000000000 0.000000000 0.000000000 0.000000000 -0.000000000 -0.000000000 -0.000000000 0.000000000 -0.000000000 0.000000000 0.000000000 0.000000000 0.000000000 0.000000000 -0.000000000 -0.000000000 -0.000000000 -0.000000000 -0.000000000 0.000000000 -0.000000000 -0.000000000 0.000000000 -0.000000000 -0.000000000 0.000000000 -0.000000000 -0.000000000 0.000000000 -0.000000000 0.000000000 -0.000000000 -0.000000000 -0.000000000 -0.000000000 0.000000000 -0.000000000 0.000000000 -0.000000000 0.000000000 -0.000000000 0.000000000 0.000000000 0.000000000 0.000000000 0.000000000 -0.000000000 -0.000000000 0.000000000 -0.000000000 -0.000000000 -0.000000000 -0.000000000 0.000000000 -0.000000000 0.000000000 0.000000000 0.000000000 0.000000000 -0.000000000 -0.000000000 0.000000000 0.000000000 -0.000000000 -0.000000000 -0.000000000 -0.000000000 0.000000000 0.000000000 0.000000000 0.000000000 -0.000000000 0.000000000 0.000000000 0.000000000 0.000000000 -0.000000000 -0.000000000 0.000000000 0.000000000 0.000000000 -0.000000000 0.000000000 0.000000000 0.000000000 0.000000000 -0.000000000 0.000000000 -0.000000000 -0.000000000 0.000000000 -0.000000000 0.000000000 0.000000000 0.000000000 0.000000000 0.000000000 0.000000000 -0.000000000 0.000000000 -0.000000000 0.000000000 0.000000000 0.000000000 -0.000000000 0.000000000 -0.000000000 0.000000000 -0.000000000 -0.000000000 -0.000000000 0.000000000 -0.000000000 0.000000000 0.000000000 0.000000000 -0.000000000 0.000000000 -0.000000000 -0.000000000 -0.000000000 0.000000000 0.000000000 0.000000000 0.000000000 -0.000000000 0.000000000 0.000000000 -0.000000000 -0.000000000 -0.000000000 0.000000000 0.000000000 -0.000000000 0.000000000 0.000000000 0.000000000 0.000000000 0.000000000 -0.000000000 -0.000000000 -0.000000000 -0.000000000
-0.000000000 0.000000000 0.000000000 0.000000000 -0.000000000 -0.000000000 -0.000000000 0.000000000 0.000000000 0.000000000 -0.000000000 -0.000000000 -0.000000000 -0.000000000 -0.000000000 -0.000000000 -0.000000000 0.000000000 0.000000000 0.000000000 0.000000000 0.000000000 -0.000000000 0.000000000 0.000000000 -0.000000000 0.000000000 0.000000000 -0.000000000 0.000000000 0.000000000 -0.000000000 0.000000000 -0.000000000 0.000000000 0.000000000 0.000000000 0.000000000 -0.000000000 0.000000000 -0.000000000 0.000000000 -0.000000000 0.000000000 -0.000000000 -0.000000000 -0.000000000 -0.000000000 -0.000000000 0.000000000 0.000000000 -0.000000000 0.000000000 0.000000000 0.000000000 0.000000000 -0.000000000 0.000000000 -0.000000000 -0.000000000 -0.000000000 -0.000000000 0.000000000 0.000000000 -0.000000000 -0.000000000 0.000000000 0.000000000 0.000000000 0.000000000 -0.000000000 -0.000000000 -0.000000000 -0.000000000 0.000000000 -0.000000000 -0.000000000 -0.000000000 -0.000000000 0.000000000 0.000000000 -0.000000000 -0.000000000 -0.000000000 0.000000000 -0.000000000 -0.000000000 -0.000000000 -0.000000000 0.000000000 -0.000000000 0.000000000 0.000000000 -0.000000000 0.000000000 -0.000000000 -0.000000000 -0.000000000 -0.000000000 -0.000000000 -0.000000000 0.000000000 -0.000000000 0.000000000 -0.000000000 -0.000000000 -0.000000000 0.000000000 -0.000000000 0.000000000 -0.000000000 0.000000000 0.000000000 0.000000000 -0.000000000 0.000000000 -0.000000000 -0.000000000 -0.000000000 0.000000000 -0.000000000 0.000000000 0.000000000 0.000000000 -0.000000000 -0.000000000 -0.000000000 -0.000000000 0.000000000 -0.000000000 -0.000000000 0.000000000 0.000000000 0.000000000 -0.000000000 -0.000000000 0.000000000 -0.000000000 -0.000000000 -0.000000000 -0.000000000 -0.000000000 0.000000000 0.000000000 0.000000000 0.000000000
0.014462570 0.000010948 0.000032259 0.000135908 -0.002427522 -0.000267919 -0.000000000 0.000000000 0.000261218 0.000000000 -0.000000000 0.000432961 0.000000000 0.000000000 -0.002641411 -0.000000000 -0.000000000 0.000784672 0.000000000 0.000000000 0.000201058 0.000000000 0.000000000 -0.000006074 0.000000000 -0.000000000 0.000000000 0.000000000 -0.000023827 0.000000000 0.000000000 -0.000000000 0.000000000 -0.000026260 0.000000000 0.000000000 0.000000000 0.000000000 -0.000236393 0.000000000 -0.000000000 0.000000000 -0.000000000 0.000000000 -0.000003522 -0.000000000 -0.000000000 -0.000000000 -0.000000000 0.000000000 0.000000000 -0.000004763 0.000000000 0.000000000 0.000000000 0.000000000 -0.000000000 0.000000000 -0.000052522 -0.000000000 -0.000000000 -0.000000000 0.000000000 0.000000000 -0.000000000 -0.000000000 0.000001369 0.000000000 0.000000000 0.000000000 -0.000000000 -0.000000000 -0.000000000 -0.000000000 0.000000000 -0.000016696 -0.000000000 -0.000000000 -0.000000000 0.000000000 -0.000000000 -0.000000000 -0.000000000 -0.000000000 0.000000000 -0.000002952 -0.000000000 -0.000000000 -0.000000000 0.000000000 -0.000000000 0.000072732 0.000205511 -0.004930241 0.000327951 -0.001533929 -0.000000000 -0.000000000 -0.000000054 -0.000000000 -0.000000000 0.000005531 -0.000000000 0.000000000 -0.000002381 -0.000000000 -0.000000000 0.000073669 -0.000000000 0.000000000 -0.000000601 0.000000000 0.000000000 0.000000000 -0.000000000 0.000002023 -0.000000000 -0.000000000 -0.000000000 0.000000000 -0.000008697 0.000000000 0.000000000 0.000000000 -0.000000000 -0.000000000 -0.000000155 -0.000000000 0.000000000 -0.000000000 -0.000000000 0.000000000 0.000000000 0.000000857 -0.000000000 -0.000000000 0.000000000 -0.000000000 -0.000000000 -0.000000000 -0.000000000 -0.000000018 0.000000000 0.000000000 0.000000000 0.000000000
-0.000000000 0.000000000 0.000000000 0.000000000 -0.000000000 -0.000000000 -0.000000000 0.000000000 0.000000000 0.000000000 -0.000000000 -0.000000000 -0.000000000 -0.000000000 -0.000000000 -0.000000000 -0.000000000 0.000000000 0.000000000 0.000000000 0.000000000 0.000000000 -0.000000000 0.000000000 0.000000000 -0.000000000 0.000000000 0.000000000 -0.000000000 0.000000000 0.000000000 -0.000000000 0.000000000 -0.000000000 0.000000000 0.000000000 0.000000000 0.000000000 -0.000000000 0.000000000 -0.000000000 0.000000000 -0.000000000 0.000000000 -0.000000000 -0.000000000 -0.000000000 -0.000000000 -0.000000000 0.000000000 0.000000000 -0.000000000 0.000000000 0.000000000 0.000000000 0.000000000 -0.000000000 0.000000000 -0.000000000 -0.000000000 -0.000000000 -0.000000000 0.000000000 0.000000000 -0.000000000 -0.000000000 0.000000000 0.000000000 0.000000000 0.000000000 -0.000000000 -0.000000000 -0.000000000 -0.000000000 0.000000000 -0.000000000 -0.000000000 -0.000000000 -0.000000000 0.000000000 0.000000000 -0.000000000 -0.000000000 -0.000000000 0.000000000 -0.000000000 -0.000000000 -0.000000000 -0.000000000 0.000000000 -0.000000000 0.000000000 0.000000000 -0.000000000 0.000000000 -0.000000000 -0.000000000 -0.000000000 -0.000000000 -0.000000000 -0.000000000 0.000000000 -0.000000000 0.000000000 -0.000000000 -0.000000000 -0.000000000 0.000000000 -0.000000000 0.000000000 -0.000000000 0.000000000 0.000000000 0.000000000 -0.000000000 0.000000000 -0.000000000 -0.000000000 -0.000000000 0.000000000 -0.000000000 0.000000000 0.000000000 0.000000000 -0.000000000 -0.000000000 -0.000000000 -0.000000000 0.000000000 -0.000000000 -0.000000000 0.000000000 0.000000000 0.000000000 -0.000000000 -0.000000000 0.000000000 -0.000000000 -0.000000000 -0.000000000 -0.000000000 -0.000000000 0.000000000 0.000000000 0.000000000 0.000000000
-0.000000000 -0.000000000 -0.000000000 -0.000000000 0.000000000 0.000000000 0.000000000 -0.000000000 -0.000000000 -0.000000000 0.000000000 -0.000000000 0.000000000 0.000000000 0.000000000 0.000000000 0.000000000 -0.000000000 -0.000000000 -0.000000000 -0.000000000 -0.000000000 0.000000000 -0.000000000 -0.000000000 0.000000000 -0.000000000 -0.000000000 0.000000000 -0.000000000 -0.000000000 0.000000000 -0.000000000 0.000000000 -0.000000000 -0.000000000 -0.000000000 -0.000000000 0.000000000 -0.000000000 0.000000000 -0.000000000 0.000000000 -0.000000000 0.000000000 0.000000000 0.000000000 0.000000000 0.000000000 -0.000000000 -0.000000000 0.000000000 -0.000000000 -0.000000000 -0.000000000 -0.000000000 0.000000000 -0.000000000 0.000000000 0.000000000 0.000000000 0.000000000 -0.000000000 -0.000000000 0.000000000 0.000000000 -0.000000000 -0.000000000 -0.000000000 -0.000000000 0.000000000 0.000000000 0.000000000 0.000000000 -0.000000000 0.000000000 0.000000000 0.000000000 0.000000000 -0.000000000 -0.000000000 0.000000000 0.000000000 0.000000000 -0.000000000 0.000000000 0.000000000 0.000000000 0.000000000 -0.000000000 0.000000000 -0.000000000 -0.000000000 0.000000000 -0.000000000 0.000000000 0.000000000 0.000000000 0.000000000 0.000000000 0.000000000 -0.000000000 0.000000000 -0.000000000 0.000000000 0.000000000 0.000000000 -0.000000000 0.000000000 -0.000000000 0.000000000 -0.000000000 -0.000000000 -0.000000000 0.000000000 -0.000000000 0.000000000 0.000000000 0.000000000 -0.000000000 0.000000000 -0.000000000 -0.000000000 -0.000000000 0.000000000 0.000000000 0.000000000 0.000000000 -0.000000000 0.000000000 0.000000000 -0.000000000 -0.000000000 -0.000000000 0.000000000 0.000000000 -0.000000000 0.000000000 0.000000000 0.000000000 0.000000000 0.000000000 -0.000000000 -0.000000000 -0.000000000 -0.000000000
0.029628088 0.000003388 -0.000059056 -0.000075563 -0.000155771 -0.000074174 -0.000000000 -0.000000000 0.000432961 -0.000000000 -0.000000000 0.000875509 0.000000000 0.000000000 -0.002699241 -0.000000000 -0.000000000 0.001160609 -0.000000000 -0.000000000 0.000388693 0.000000000 0.000000000 -0.000013983 0.000000000 0.000000000 0.000000000 -0.000000000 0.000003410 -0.000000000 0.000000000 -0.000000000 0.000000000 -0.000007506 0.000000000 0.000000000 0.000000000 0.000000000 -0.000031200 -0.000000000 -0.000000000 0.000000000 -0.000000000 -0.000000000 -0.000002776 -0.000000000 -0.000000000 -0.000000000 -0.000000000 0.000000000 -0.000000000 0.000003180 0.000000000 0.000000000 0.000000000 0.000000000 -0.000000000 0.000000000 -0.000011441 -0.000000000 -0.000000000 -0.000000000 0.000000000 0.000000000 -0.000000000 -0.000000000 0.000001023 0.000000000 -0.000000000 0.000000000 0.000000000 -0.000000000 -0.000000000 -0.000000000 0.000000000 -0.000004390 -0.000000000 0.000000000 -0.000000000 0.000000000 -0.000000000 -0.000000000 -0.000000000 -0.000000000 -0.000000000 -0.000000793 -0.000000000 -0.000000000 -0.000000000 0.000000000 -0.000000000 0.000009871 0.000023503 -0.000620488 0.000050002 -0.000193545 -0.000000000 -0.000000000 0.000000089 -0.000000000 -0.000000000 0.000000205 0.000000000 0.000000000 0.000001059 -0.000000000 -0.000000000 0.000004043 -0.000000000 0.000000000 -0.000000092 0.000000000 0.000000000 0.000000000 -0.000000000 0.000000300 -0.000000000 -0.000000000 -0.000000000 0.000000000 -0.000000925 0.000000000 0.000000000 0.000000000 -0.000000000 0.000000000 -0.000000044 0.000000000 0.000000000 -0.000000000 -0.000000000 0.000000000 -0.000000000 0.000000185 -0.000000000 -0.000000000 0.000000000 -0.000000000 -0.000000000 -0.000000000 0.000000000 -0.000000003 0.000000000 0.000000000 0.000000000 -0.000000000
0.000000000 -0.000000000 -0.000000000 -0.000000000 0.000000000 0.000000000 0.000000000 -0.000000000 0.000000000 -0.000000000 0.000000000 0.000000000 0.000000000 0.000000000 0.000000000 0.000000000 0.000000000 0.000000000 -0.000000000 -0.000000000 0.000000000 -0.000000000 0.000000000 -0.000000000 -0.000000000 0.000000000 -0.000000000 -0.000000000 0.000000000 -0.000000000 -0.000000000 0.000000000 -0.000000000 0.000000000 -0.000000000 -0.000000000 -0.000000000 -0.000000000 0.000000000 -0.000000000 0.000000000 -0.000000000 0.000000000 -0.000000000 0.000000000 0.000000000 0.000000000 0.000000000 0.000000000 -0.000000000 -0.000000000 0.000000000 -0.000000000 -0.000000000 -0.000000000 -0.000000000 0.000000000 -0.000000000 0.000000000 0.000000000 0.000000000 0.000000000 -0.000000000 -0.000000000 0.000000000 0.000000000 -0.000000000 -0.000000000 -0.000000000 -0.000000000 0.000000000 0.000000000 0.000000000 0.000000000 -0.000000000 0.000000000 0.000000000 0.000000000 0.000000000 -0.000000000 -0.000000000 0.000000000 0.000000000 0.000000000 -0.000000000 0.000000000 0.000000000 0.000000000 0.000000000 -0.000000000 -0.000000000 -0.000000000 -0.000000000 0.000000000 -0.000000000 0.000000000 0.000000000 0.000000000 0.000000000 0.000000000 0.000000000 -0.000000000 0.000000000 0.000000000 0.000000000 0.000000000 0.000000000 -0.000000000 0.000000000 -0.000000000 0.000000000 -0.000000000 -0.000000000 -0.000000000 0.000000000 -0.000000000 0.000000000 0.000000000 0.000000000 -0.000000000 0.000000000 -0.000000000 -0.000000000 -0.000000000 0.000000000 0.000000000 0.000000000 0.000000000 -0.000000000 0.000000000 0.000000000 -0.000000000 -0.000000000 -0.000000000 0.000000000 0.000000000 -0.000000000 0.000000000 0.000000000 0.000000000 0.000000000 0.000000000 -0.000000000 -0.000000000 -0.000000000 -0.000000000
0.000000000 -0.000000000 -0.000000000 -0.000000000 0.000000000 0.000000000 0.000000000 -0.000000000 0.000000000 -0.000000000 0.000000000 0.000000000 0.000000000 0.000000000 -0.000000000 -0.000000000 -0.000000000 0.000000000 -0.000000000 -0.000000000 0.000000000 -0.000000000 0.000000000 -0.000000000 0.000000000 0.000000000 -0.000000000 -0.000000000 0.000000000 -0.000000000 -0.000000000 0.000000000 -0.000000000 0.000000000 -0.000000000 -0.000000000 -0.000000000 -0.000000000 0.000000000 -0.000000000 0.000000000 -0.000000000 0.000000000 -0.000000000 -0.000000000 0.000000000 0.000000000 0.000000000 0.000000000 -0.000000000 -0.000000000 0.000000000 -0.000000000 -0.000000000 -0.000000000 -0.000000000 0.000000000 -0.000000000 0.000000000 0.000000000 0.000000000 0.000000000 -0.000000000 0.000000000 0.000000000 0.000000000 0.000000000 -0.000000000 -0.000000000 -0.000000000 0.000000000 0.000000000 0.000000000 0.000000000 -0.000000000 0.000000000 0.000000000 0.000000000 0.000000000 -0.000000000 -0.000000000 0.000000000 0.000000000 0.000000000 -0.000000000 0.000000000 0.000000000 0.000000000 0.000000000 0.000000000 -0.000000000 -0.000000000 -0.000000000 0.000000000 -0.000000000 0.000000000 0.000000000 0.000000000 0.000000000 0.000000000 -0.000000000 -0.000000000 0.000000000 0.000000000 0.000000000 0.000000000 0.000000000 -0.000000000 0.000000000 -0.000000000 0.000000000 -0.000000000 -0.000000000 -0.000000000 0.000000000 -0.000000000 0.000000000 0.000000000 0.000000000 -0.000000000 0.000000000 0.000000000 -0.000000000 -0.000000000 0.000000000 0.000000000 0.000000000 0.000000000 -0.000000000 0.000000000 0.000000000 -0.000000000 -0.000000000 -0.000000000 0.000000000 0.000000000 -0.000000000 0.000000000 0.000000000 0.000000000 0.000000000 0.000000000 -0.000000000 -0.000000000 -0.000000000 -0.000000000
-0.086095627 -0.000267623 -0.001522665 -0.004573000 0.065673218 0.006642264 0.000000000 -0.000000000 -0.002641411 -0.000000000 0.000000000 -0.002699241 0.000000000 -0.000000000 0.044560763 0.000000000 0.000000000 -0.009422794 -0.000000000 -0.000000000 -0.001443532 -0.000000000 -0.000000000 0.000019774 -0.000000000 0.000000000 -0.000000000 -0.000000000 0.000697120 -0.000000000 -0.000000000 0.000000000 -0.000000000 0.000648539 -0.000000000 -0.000000000 -0.000000000 -0.000000000 0.006224835 -0.000000000 0.000000000 -0.000000000 0.000000000 -0.000000000 0.000068170 0.000000000 0.000000000 0.000000000 0.000000000 -0.000000000 -0.000000000 0.000165918 -0.000000000 -0.000000000 -0.000000000 -0.000000000 0.000000000 -0.000000000 0.001335092 0.000000000 0.000000000 0.000000000 -0.000000000 -0.000000000 0.000000000 0.000000000 -0.000027096 -0.000000000 -0.000000000 -0.000000000 0.000000000 0.000000000 0.000000000 0.000000000 -0.000000000 0.000416389 0.000000000 0.000000000 0.000000000 -0.000000000 -0.000000000 0.000000000 0.000000000 0.000000000 -0.000000000 0.000073457 0.000000000 0.000000000 0.000000000 -0.000000000 0.000000000 -0.001912328 -0.005450142 0.130147045 -0.008564360 0.040486941 0.000000000 0.000000000 0.000002454 0.000000000 0.000000000 -0.000151235 0.000000000 -0.000000000 0.000077303 0.000000000 0.000000000 -0.002000281 0.000000000 -0.000000000 0.000015688 -0.000000000 -0.000000000 -0.000000000 0.000000000 -0.000052926 0.000000000 0.000000000 0.000000000 -0.000000000 0.000231388 -0.000000000 -0.000000000 -0.000000000 0.000000000 0.000000000 0.000003824 0.000000000 -0.000000000 0.000000000 0.000000000 -0.000000000 -0.000000000 -0.000021785 0.000000000 0.000000000 -0.000000000 0.000000000 0.000000000 0.000000000 0.000000000 0.000000458 -0.000000000 -0.000000000 -0.000000000 -0.000000000
-0.000000000 -0.000000000 -0.000000000 -0.000000000 0.000000000 0.000000000 0.000000000 -0.000000000 -0.000000000 -0.000000000 0.000000000 -0.000000000 0.000000000 -0.000000000 0.000000000 0.000000000 0.000000000 -0.000000000 -0.000000000 -0.000000000 -0.000000000 -0.000000000 0.000000000 -0.000000000 -0.000000000 0.000000000 -0.000000000 -0.000000000 0.000000000 -0.000000000 -0.000000000 0.000000000 -0.000000000 0.000000000 -0.000000000 -0.000000000 -0.000000000 -0.000000000 0.000000000 -0.000000000 0.000000000 -0.000000000 0.000000000 -0.000000000 0.000000000 0.000000000 0.000000000 0.000000000 0.000000000 -0.000000000 -0.000000000 0.000000000 -0.000000000 -0.000000000 -0.000000000 -0.000000000 0.000000000 -0.000000000 0.000000000 0.000000000 0.000000000 0.000000000 -0.000000000 -0.000000000 0.000000000 0.000000000 -0.000000000 -0.000000000 -0.000000000 -0.000000000 0.000000000 0.000000000 0.000000000 0.000000000 -0.000000000 0.000000000 0.000000000 0.000000000 0.000000000 -0.000000000 -0.000000000 0.000000000 0.000000000 0.000000000 -0.000000000 0.000000000 0.000000000 0.000000000 0.000000000 -0.000000000 0.000000000 -0.000000000 -0.000000000 0.000000000 -0.000000000 0.000000000 0.000000000 0.000000000 0.000000000 0.000000000 0.000000000 -0.000000000 0.000000000 -0.000000000 0.000000000 0.000000000 0.000000000 -0.000000000 0.000000000 -0.000000000 0.000000000 -0.000000000 -0.000000000 -0.000000000 0.000000000 -0.000000000 0.000000000 0.000000000 0.000000000 -0.000000000 0.000000000 -0.000000000 -0.000000000 -0.000000000 0.000000000 0.000000000 0.000000000 0.000000000 -0.000000000 0.000000000 0.000000000 -0.000000000 -0.000000000 -0.000000000 0.000000000 0.000000000 -0.000000000 0.000000000 0.000000000 0.000000000 0.000000000 0.000000000 -0.000000000 -0.000000000 -0.000000000 -0.000000000
-0.000000000 -0.000000000 -0.000000000 -0.000000000 0.000000000 0.000000000 0.000000000 -0.000000000 -0.000000000 -0.000000000 0.000000000 -0.000000000 0.000000000 -0.000000000 0.000000000 0.000000000 0.000000000 -0.000000000 -0.000000000 -0.000000000 -0.000000000 -0.000000000 0.000000000 -0.000000000 -0.000000000 0.000000000 -0.000000000 -0.000000000 0.000000000 -0.000000000 -0.000000000 0.000000000 -0.000000000 0.000000000 -0.000000000 -0.000000000 -0.000000000 -0.000000000 0.000000000 -0.000000000 0.000000000 -0.000000000 0.000000000 -0.000000000 0.000000000 0.000000000 0.000000000 0.000000000 0.000000000 -0.000000000 -0.000000000 0.000000000 -0.000000000 -0.000000000 -0.000000000 -0.000000000 0.000000000 -0.000000000 0.000000000 0.000000000 0.000000000 0.000000000 -0.000000000 -0.000000000 0.000000000 0.000000000 -0.000000000 -0.000000000 -0.000000000 -0.000000000 0.000000000 0.000000000 0.000000000 0.000000000 -0.000000000 0.000000000 0.000000000 0.000000000 0.000000000 -0.000000000 -0.000000000 0.000000000 0.000000000 0.000000000 -0.000000000 0.000000000 0.000000000 0.000000000 0.000000000 -0.000000000 0.000000000 -0.000000000 -0.000000000 0.000000000 -0.000000000 0.000000000 0.000000000 0.000000000 0.000000000 0.000000000 0.000000000 -0.000000000 0.000000000 -0.000000000 0.000000000 0.000000000 0.000000000 -0.000000000 0.000000000 -0.000000000 0.000000000 -0.000000000 -0.000000000 -0.000000000 0.000000000 -0.000000000 0.000000000 0.000000000 0.000000000 -0.000000000 0.000000000 -0.000000000 -0.000000000 -0.000000000 0.000000000 0.000000000 0.000000000 0.000000000 -0.000000000 0.000000000 0.000000000 -0.000000000 -0.000000000 -0.000000000 0.000000000 0.000000000 -0.000000000 0.000000000 0.000000000 0.000000000 0.000000000 0.000000000 -0.000000000 -0.000000000 -0.000000000 -0.000000000
0.038429528 0.000045968 0.000196652 0.000674933 -0.010720767 -0.001132706 -0.000000000 0.000000000 0.000784672 0.000000000 -0.000000000 0.001160609 0.000000000 0.000000000 -0.009422794 -0.000000000 -0.000000000 0.002481156 0.000000000 0.000000000 0.000554807 0.000000000 0.000000000 -0.000014773 0.000000000 -0.000000000 0.000000000 0.000000000 -0.000109606 0.000000000 0.000000000 -0.000000000 0.000000000 -0.000110814 0.000000000 0.000000000 0.000000000 0.000000000 -0.001029783 0.000000000 -0.000000000 0.000000000 -0.000000000 0.000000000 -0.000013294 -0.000000000 -0.000000000 -0.000000000 -0.000000000 0.000000000 0.000000000 -0.000024125 0.000000000 0.000000000 0.000000000 0.000000000 -0.000000000 0.000000000 -0.000224800 -0.000000000 -0.000000000 -0.000000000 0.000000000 0.000000000 -0.000000000 -0.000000000 0.000005217 0.000000000 0.000000000 0.000000000 -0.000000000 -0.000000000 -0.000000000 -0.000000000 0.000000000 -0.000070792 -0.000000000 -0.000000000 -0.000000000 0.000000000 0.000000000 -0.000000000 -0.000000000 -0.000000000 0.000000000 -0.000012504 -0.000000000 -0.000000000 -0.000000000 0.000000000 -0.000000000 0.000316596 0.000898464 -0.021504030 0.001422675 -0.006690036 -0.000000000 -0.000000000 -0.000000322 -0.000000000 -0.000000000 0.000024561 -0.000000000 0.000000000 -0.000011590 -0.000000000 -0.000000000 0.000325953 -0.000000000 0.000000000 -0.000002606 0.000000000 0.000000000 0.000000000 -0.000000000 0.000008784 -0.000000000 -0.000000000 -0.000000000 0.000000000 -0.000038084 0.000000000 0.000000000 0.000000000 -0.000000000 -0.000000000 -0.000000653 -0.000000000 0.000000000 -0.000000000 -0.000000000 0.000000000 0.000000000 0.000003667 -0.000000000 -0.000000000 0.000000000 -0.000000000 -0.000000000 -0.000000000 -0.000000000 -0.000000076 0.000000000 0.000000000 0.000000000 0.000000000
-0.000000000 0.000000000 0.000000000 0.000000000 -0.000000000 -0.000000000 -0.000000000 0.000000000 0.000000000 0.000000000 -0.000000000 -0.000000000 -0.000000000 -0.000000000 -0.000000000 -0.000000000 -0.000000000 0.000000000 0.000000000 0.000000000 -0.000000000 0.000000000 -0.000000000 0.000000000 0.000000000 -0.000000000 0.000000000 0.000000000 -0.000000000 0.000000000 0.000000000 -0.000000000 0.000000000 -0.000000000 0.000000000 0.000000000 0.000000000 0.000000000 -0.000000000 0.000000000 -0.000000000 0.000000000 -0.000000000 0.000000000 -0.000000000 -0.000000000 -0.000000000 -0.000000000 -0.000000000 0.000000000 0.000000000 -0.000000000 0.000000000 0.000000000 0.000000000 0.000000000 -0.000000000 0.000000000 -0.000000000 -0.000000000 -0.000000000 -0.000000000 0.000000000 0.000000000 -0.000000000 -0.000000000 0.000000000 0.000000000 0.000000000 0.000000000 -0.000000000 -0.000000000 -0.000000000 -0.000000000 0.000000000 -0.000000000 -0.000000000 -0.000000000 -0.000000000 0.000000000 0.000000000 -0.000000000 -0.000000000 -0.000000000 0.000000000 -0.000000000 -0.000000000 -0.000000000 -0.000000000 0.000000000 -0.000000000 0.000000000 0.000000000 -0.000000000 0.000000000 -0.000000000 -0.000000000 -0.000000000 -0.000000000 -0.000000000 -0.000000000 0.000000000 -0.000000000 0.000000000 -0.000000000 -0.000000000 -0.000000000 0.000000000 -0.000000000 0.000000000 -0.000000000 0.000000000 0.000000000 0.000000000 -0.000000000 0.000000000 -0.000000000 -0.000000000 -0.000000000 0.000000000 -0.000000000 0.000000000 0.000000000 0.000000000 -0.000000000 -0.000000000 -0.000000000 -0.000000000 0.000000000 -0.000000000 -0.000000000 0.000000000 0.000000000 0.000000000 -0.000000000 -0.000000000 0.000000000 -0.000000000 -0.000000000 -0.000000000 -0.000000000 -0.000000000 0.000000000 0.000000000 0.000000000 0.000000000
-0.000000000 0.000000000 0.000000000 0.000000000 -0.000000000 -0.000000000 -0.000000000 0.000000000 0.000000000 0.000000000 -0.000000000 -0.000000000 -0.000000000 -0.000000000 -0.000000000 -0.000000000 -0.000000000 0.000000000 0.000000000 0.000000000 -0.000000000 0.000000000 -0.000000000 0.000000000 0.000000000 -0.000000000 0.000000000 0.000000000 -0.000000000 0.000000000 0.000000000 -0.000000000 0.000000000 -0.000000000 0.000000000 0.000000000 0.000000000 0.000000000 -0.000000000 0.000000000 -0.000000000 0.000000000 -0.000000000 0.000000000 -0.000000000 -0.000000000 -0.000000000 -0.000000000 -0.000000000 0.000000000 0.000000000 -0.000000000 0.000000000 0.000000000 0.000000000 0.000000000 -0.000000000 0.000000000 -0.000000000 -0.000000000 -0.000000000 -0.000000000 0.000000000 0.000000000 -0.000000000 -0.000000000 0.000000000 0.000000000 0.000000000 0.000000000 -0.000000000 -0.000000000 -0.000000000 -0.000000000 0.000000000 -0.000000000 -0.000000000 -0.000000000 -0.000000000 0.000000000 0.000000000 -0.000000000 -0.000000000 -0.000000000 0.000000000 -0.000000000 -0.000000000 -0.000000000 -0.000000000 0.000000000 -0.000000000 0.000000000 0.000000000 -0.000000000 0.000000000 -0.000000000 -0.000000000 -0.000000000 -0.000000000 -0.000000000 -0.000000000 0.000000000 -0.000000000 0.000000000 -0.000000000 -0.000000000 -0.000000000 0.000000000 -0.000000000 0.000000000 -0.000000000 0.000000000 0.000000000 0.000000000 -0.000000000 0.000000000 -0.000000000 -0.000000000 -0.000000000 0.000000000 -0.000000000 0.000000000 0.000000000 0.000000000 -0.000000000 -0.000000000 -0.000000000 -0.000000000 0.000000000 -0.000000000 -0.000000000 0.000000000 0.000000000 0.000000000 -0.000000000 -0.000000000 0.000000000 -0.000000000 -0.000000000 -0.000000000 -0.000000000 -0.000000000 0.000000000 0.000000000 0.000000000 0.000000000
0.013118233 0.000003244 -0.000014685 -0.000001033 -0.000510214 -0.000076321 -0.000000000 0.000000000 0.000201058 0.000000000 -0.000000000 0.000388693 0.000000000 0.000000000 -0.001443532 -0.000000000 -0.000000000 0.000554807 -0.000000000 -0.000000000 0.000174224 0.000000000 0.000000000 -0.000006050 0.000000000 -0.000000000 0.000000000 -0.000000000 -0.000003273 0.000000000 0.000000000 -0.000000000 0.000000000 -0.000007564 0.000000000 0.000000000 0.000000000 0.000000000 -0.000055314 0.000000000 -0.000000000 0.000000000 -0.000000000 0.000000000 -0.000001636 -0.000000000 -0.000000000 -0.000000000 -0.000000000 0.000000000 -0.000000000 0.000000223 0.000000000 0.000000000 0.000000000 0.000000000 -0.000000000 0.000000000 -0.000013873 -0.000000000 -0.000000000 -0.000000000 0.000000000 0.000000000 -0.000000000 -0.000000000 0.000000616 0.000000000 -0.000000000 0.000000000 -0.000000000 -0.000000000 -0.000000000 -0.000000000 0.000000000 -0.000004674 -0.000000000 -0.000000000 -0.000000000 0.000000000 -0.000000000 -0.000000000 -0.000000000 -0.000000000 0.000000000 -0.000000832 -0.000000000 -0.000000000 -0.000000000 0.000000000 -0.000000000 0.000017114 0.000046817 -0.001143031 0.000079097 -0.000355801 -0.000000000 -0.000000000 0.000000021 -0.000000000 -0.000000000 0.000001110 0.000000000 0.000000000 -0.000000075 -0.000000000 -0.000000000 0.000015243 -0.000000000 0.000000000 -0.000000145 0.000000000 0.000000000 0.000000000 -0.000000000 0.000000485 -0.000000000 -0.000000000 -0.000000000 0.000000000 -0.000001957 0.000000000 0.000000000 0.000000000 -0.000000000 -0.000000000 -0.000000044 -0.000000000 0.000000000 -0.000000000 -0.000000000 0.000000000 -0.000000000 0.000000226 -0.000000000 -0.000000000 0.000000000 -0.000000000 -0.000000000 -0.000000000 -0.000000000 -0.000000004 0.000000000 0.000000000 0.000000000 0.000000000
-0.000000000 0.000000000 0.000000000 0.000000000 -0.000000000 -0.000000000 -0.000000000 0.000000000 0.000000000 0.000000000 -0.000000000 0.000000000 -0.000000000 -0.000000000 -0.000000000 -0.000000000 -0.000000000 0.000000000 0.000000000 0.000000000 0.000000000 0.000000000 -0.000000000 0.000000000 0.000000000 -0.000000000 0.000000000 0.000000000 -0.000000000 0.000000000 0.000000000 -0.000000000 0.000000000 -0.000000000 0.000000000 0.000000000 0.000000000 0.000000000 -0.000000000 0.000000000 -0.000000000 0.000000000 -0.000000000 0.000000000 -0.000000000 -0.000000000 -0.000000000 -0.000000000 -0.000000000 0.000000000 0.000000000 -0.000000000 0.000000000 0.000000000 0.000000000 0.000000000 -0.000000000 0.000000000 -0.000000000 -0.000000000 -0.000000000 -0.000000000 0.000000000 0.000000000 -0.000000000 -0.000000000 0.000000000 0.000000000 0.000000000 0.000000000 -0.000000000 -0.000000000 -0.000000000 -0.000000000 0.000000000 -0.000000000 -0.000000000 -0.000000000 -0.000000000 0.000000000 0.000000000 -0.000000000 -0.000000000 -0.000000000 0.000000000 -0.000000000 -0.000000000 -0.000000000 -0.000000000 0.000000000 -0.000000000 0.000000000 0.000000000 -0.000000000 0.000000000 -0.000000000 -0.000000000 -0.000000000 -0.000000000 -0.000000000 -0.000000000 0.000000000 -0.000000000 0.000000000 -0.000000000 -0.000000000 -0.000000000 0.000000000 -0.000000000 0.000000000 -0.000000000 0.000000000 0.000000000 0.000000000 -0.000000000 0.000000000 -0.000000000 -0.000000000 -0.000000000 0.000000000 -0.000000000 0.000000000 0.000000000 0.000000000 -0.000000000 -0.000000000 -0.000000000 -0.000000000 0.000000000 -0.000000000 -0.000000000 0.000000000 0.000000000 0.000000000 -0.000000000 -0.000000000 0.000000000 -0.000000000 -0.000000000 -0.000000000 -0.000000000 -0.000000000 0.000000000 0.000000000 0.000000000 0.000000000
0.000000000 -0.000000000 -0.000000000 -0.000000000 0.000000000 0.000000000 0.000000000 -0.000000000 0.000000000 -0.000000000 0.000000000 0.000000000 0.000000000 0.000000000 -0.000000000 0.000000000 0.000000000 0.000000000 -0.000000000 -0.000000000 0.000000000 -0.000000000 0.000000000 -0.000000000 -0.000000000 0.000000000 -0.000000000 -0.000000000 0.000000000 -0.000000000 -0.000000000 0.000000000 -0.000000000 0.000000000 -0.000000000 -0.000000000 -0.000000000 -0.000000000 0.000000000 -0.000000000 0.000000000 -0.000000000 0.000000000 -0.000000000 0.000000000 0.000000000 0.000000000 0.000000000 0.000000000 -0.000000000 -0.000000000 0.000000000 -0.000000000 -0.000000000 -0.000000000 -0.000000000 0.000000000 -0.000000000 0.000000000 0.000000000 0.000000000 0.000000000 -0.000000000 -0.000000000 0.000000000 0.000000000 -0.000000000 -0.000000000 -0.000000000 -0.000000000 0.000000000 0.000000000 0.000000000 0.000000000 -0.000000000 0.000000000 0.000000000 0.000000000 0.000000000 -0.000000000 -0.000000000 0.000000000 0.000000000 0.000000000 -0.000000000 0.000000000 0.000000000 0.000000000 0.000000000 -0.000000000 -0.000000000 -0.000000000 -0.000000000 0.000000000 -0.000000000 0.000000000 0.000000000 0.000000000 0.000000000 0.000000000 0.000000000 -0.000000000 0.000000000 0.000000000 0.000000000 0.000000000 0.000000000 -0.000000000 0.000000000 -0.000000000 0.000000000 -0.000000000 -0.000000000 -0.000000000 0.000000000 -0.000000000 0.000000000 0.000000000 0.000000000 -0.000000000 0.000000000 0.000000000 -0.000000000 -0.000000000 0.000000000 0.000000000 0.000000000 0.000000000 -0.000000000 0.000000000 0.000000000 -0.000000000 -0.000000000 -0.000000000 0.000000000 0.000000000 -0.000000000 0.000000000 0.000000000 0.000000000 0.000000000 0.000000000 -0.000000000 -0.000000000 -0.000000000 -0.000000000
-0.000476588 0.000000112 0.000002041 0.000004302 -0.000039495 -0.000002945 -0.000000000 0.000000000 -0.000006074 0.000000000 -0.000000000 -0.000013983 -0.000000000 -0.000000000 0.000019774 -0.000000000 -0.000000000 -0.000014773 0.000000000 0.000000000 -0.000006050 0.000000000 -0.000000000 0.000000238 -0.000000000 -0.000000000 0.000000000 0.000000000 -0.000000510 0.000000000 0.000000000 -0.000000000 0.000000000 -0.000000283 0.000000000 0.000000000 0.000000000 0.000000000 -0.000003448 0.000000000 -0.000000000 0.000000000 -0.000000000 0.000000000 0.000000006 -0.000000000 -0.000000000 -0.000000000 -0.000000000 0.000000000 0.000000000 -0.000000164 0.000000000 0.000000000 0.000000000 0.000000000 -0.000000000 0.000000000 -0.000000654 -0.000000000 -0.000000000 -0.000000000 0.000000000 0.000000000 -0.000000000 -0.000000000 -0.000000001 0.000000000 0.000000000 0.000000000 -0.000000000 -0.000000000 -0.000000000 -0.000000000 0.000000000 -0.000000189 -0.000000000 -0.000000000 -0.000000000 0.000000000 0.000000000 -0.000000000 -0.000000000 -0.000000000 0.000000000 -0.000000033 -0.000000000 -0.000000000 -0.000000000 0.000000000 0.000000000 0.000001054 0.000003088 -0.000072669 0.000004617 -0.000022597 -0.000000000 -0.000000000 -0.000000003 -0.000000000 -0.000000000 0.000000094 -0.000000000 -0.000000000 -0.000000069 -0.000000000 -0.000000000 0.000001216 -0.000000000 0.000000000 -0.000000008 0.000000000 0.000000000 0.000000000 -0.000000000 0.000000029 -0.000000000 -0.000000000 -0.000000000 0.000000000 -0.000000132 -0.000000000 0.000000000 0.000000000 -0.000000000 -0.000000000 -0.000000002 -0.000000000 0.000000000 -0.000000000 -0.000000000 0.000000000 0.000000000 0.000000011 -0.000000000 -0.000000000 0.000000000 -0.000000000 -0.000000000 -0.000000000 -0.000000000 -0.000000000 0.000000000 0.000000000 0.000000000 0.000000000
0.000000000 0.000000000 0.000000000 0.000000000 -0.000000000 -0.000000000 -0.000000000 0.000000000 0.000000000 0.000000000 -0.000000000 0.000000000 -0.000000000 0.000000000 -0.000000000 -0.000000000 -0.000000000 0.000000000 0.000000000 0.000000000 0.000000000 0.000000000 -0.000000000 -0.000000000 0.000000000 -0.000000000 0.000000000 0.000000000 -0.000000000 0.000000000 0.000000000 -0.000000000 0.000000000 -0.000000000 0.000000000 0.000000000 0.000000000 0.000000000 -0.000000000 0.000000000 -0.000000000 0.000000000 -0.000000000 0.000000000 -0.000000000 -0.000000000 -0.000000000 -0.000000000 -0.000000000 0.000000000 0.000000000 -0.000000000 0.000000000 0.000000000 0.000000000 0.000000000 -0.000000000 0.000000000 -0.000000000 -0.000000000 -0.000000000 -0.000000000 0.000000000 0.000000000 -0.000000000 -0.000000000 0.000000000 0.000000000 0.000000000 0.000000000 -0.000000000 -0.000000000 -0.000000000 -0.000000000 0.000000000 -0.000000000 -0.000000000 -0.000000000 -0.000000000 0.000000000 0.000000000 -0.000000000 -0.000000000 -0.000000000 0.000000000 -0.000000000 -0.000000000 -0.000000000 -0.000000000 0.000000000 -0.000000000 0.000000000 0.000000000 -0.000000000 0.000000000 -0.000000000 -0.000000000 -0.000000000 -0.000000000 -0.000000000 -0.000000000 0.000000000 -0.000000000 0.000000000 -0.000000000 -0.000000000 -0.000000000 0.000000000 -0.000000000 0.000000000 -0.000000000 0.000000000 0.000000000 0.000000000 -0.000000000 0.000000000 -0.000000000 -0.000000000 -0.000000000 0.000000000 -0.000000000 0.000000000 0.000000000 0.000000000 -0.000000000 -0.000000000 -0.000000000 -0.000000000 0.000000000 -0.000000000 -0.000000000 0.000000000 0.000000000 0.000000000 -0.000000000 -0.000000000 0.000000000 -0.000000000 -0.000000000 -0.000000000 -0.000000000 -0.000000000 0.000000000 0.000000000 0.000000000 0.000000000
0.000000000 -0.000000000 -0.000000000 -0.000000000 0.000000000 0.000000000 0.000000000 -0.000000000 -0.000000000 -0.000000000 0.000000000 0.000000000 0.000000000 0.000000000 0.000000000 0.000000000 0.000000000 -0.000000000 -0.000000000 -0.000000000 -0.000000000 -0.000000000 0.000000000 -0.000000000 -0.000000000 0.000000000 -0.000000000 -0.000000000 0.000000000 -0.000000000 -0.000000000 0.000000000 -0.000000000 0.000000000 -0.000000000 -0.000000000 -0.000000000 -0.000000000 0.000000000 -0.000000000 0.000000000 -0.000000000 0.000000000 -0.000000000 0.000000000 0.000000000 0.000000000 0.000000000 0.000000000 -0.000000000 -0.000000000 0.000000000 -0.000000000 -0.000000000 -0.000000000 -0.000000000 0.000000000 -0.000000000 0.000000000 0.000000000 0.000000000 0.000000000 -0.000000000 -0.000000000 0.000000000 0.000000000 -0.000000000 -0.000000000 -0.000000000 -0.000000000 0.000000000 0.000000000 0.000000000 0.000000000 -0.000000000 0.000000000 0.000000000 0.000000000 0.000000000 -0.000000000 -0.000000000 0.000000000 0.000000000 0.000000000 -0.000000000 0.000000000 0.000000000 0.000000000 0.000000000 -0.000000000 0.000000000 -0.000000000 -0.000000000 0.000000000 -0.000000000 0.000000000 0.000000000 0.000000000 0.000000000 0.000000000 0.000000000 -0.000000000 0.000000000 -0.000000000 0.000000000 0.000000000 0.000000000 -0.000000000 0.000000000 -0.000000000 0.000000000 -0.000000000 -0.000000000 -0.000000000 0.000000000 -0.000000000 0.000000000 0.000000000 0.000000000 -0.000000000 0.000000000 -0.000000000 -0.000000000 -0.000000000 0.000000000 0.000000000 0.000000000 0.000000000 -0.000000000 0.000000000 0.000000000 -0.000000000 -0.000000000 -0.000000000 0.000000000 0.000000000 -0.000000000 0.000000000 0.000000000 0.000000000 0.000000000 0.000000000 -0.000000000 -0.000000000 -0.000000000 -0.000000000
0.000000000 0.000000000 0.000000000 0.000000000 -0.000000000 -0.000000000 -0.000000000 0.000000000 0.000000000 0.000000000 -0.000000000 0.000000000 -0.000000000 -0.000000000 -0.000000000 -0.000000000 -0.000000000 0.000000000 0.000000000 0.000000000 0.000000000 0.000000000 -0.000000000 0.000000000 0.000000000 -0.000000000 0.000000000 0.000000000 -0.000000000 0.000000000 0.000000000 -0.000000000 0.000000000 -0.000000000 0.000000000 0.000000000 0.000000000 0.000000000 -0.000000000 0.000000000 -0.000000000 0.000000000 -0.000000000 0.000000000 -0.000000000 -0.000000000 -0.000000000 -0.000000000 -0.000000000 0.000000000 0.000000000 -0.000000000 0.000000000 0.000000000 0.000000000 0.000000000 -0.000000000 0.000000000 -0.000000000 -0.000000000 -0.000000000 -0.000000000 0.000000000 0.000000000 -0.000000000 -0.000000000 0.000000000 0.000000000 0.000000000 0.000000000 -0.000000000 -0.000000000 -0.000000000 -0.000000000 0.000000000 -0.000000000 -0.000000000 -0.000000000 -0.000000000 0.000000000 0.000000000 -0.000000000 -0.000000000 -0.000000000 0.000000000 -0.000000000 -0.000000000 -0.000000000 -0.000000000 0.000000000 -0.000000000 0.000000000 0.000000000 -0.000000000 0.000000000 -0.000000000 -0.000000000 -0.000000000 -0.000000000 -0.000000000 -0.000000000 0.000000000 -0.000000000 0.000000000 -0.000000000 -0.000000000 -0.000000000 0.000000000 -0.000000000 0.000000000 -0.000000000 0.000000000 0.000000000 0.000000000 -0.000000000 0.000000000 -0.000000000 -0.000000000 -0.000000000 0.000000000 -0.000000000 0.000000000 0.000000000 0.000000000 -0.000000000 -0.000000000 -0.000000000 -0.000000000 0.000000000 -0.000000000 -0.000000000 0.000000000 0.000000000 0.000000000 -0.000000000 -0.000000000 0.000000000 -0.000000000 -0.000000000 -0.000000000 -0.000000000 -0.000000000 0.000000000 0.000000000 0.000000000 0.000000000
-0.000000000 0.000000000 0.000000000 0.000000000 -0.000000000 -0.000000000 -0.000000000 0.000000000 0.000000000 0.000000000 -0.000000000 -0.000000000 -0.000000000 -0.000000000 -0.000000000 -0.000000000 -0.000000000 0.000000000 0.000000000 0.000000000 -0.000000000 0.000000000 -0.000000000 0.000000000 0.000000000 -0.000000000 0.000000000 0.000000000 -0.000000000 0.000000000 0.000000000 -0.000000000 0.000000000 -0.000000000 0.000000000 0.000000000 0.000000000 0.000000000 -0.000000000 0.000000000 -0.000000000 0.000000000 -0.000000000 0.000000000 -0.000000000 -0.000000000 -0.000000000 -0.000000000 -0.000000000 0.000000000 0.000000000 -0.000000000 0.000000000 0.000000000 0.000000000 0.000000000 -0.000000000 0.000000000 -0.000000000 -0.000000000 -0.000000000 -0.000000000 0.000000000 0.000000000 -0.000000000 -0.000000000 0.000000000 0.000000000 0.000000000 0.000000000 -0.000000000 -0.000000000 -0.000000000 -0.000000000 0.000000000 -0.000000000 -0.000000000 -0.000000000 -0.000000000 0.000000000 0.000000000 -0.000000000 -0.000000000 -0.000000000 0.000000000 -0.000000000 -0.000000000 -0.000000000 -0.000000000 0.000000000 -0.000000000 0.000000000 0.000000000 -0.000000000 0.000000000 -0.000000000 -0.000000000 -0.000000000 -0.000000000 -0.000000000 -0.000000000 0.000000000 -0.000000000 0.000000000 -0.000000000 -0.000000000 -0.000000000 0.000000000 -0.000000000 0.000000000 -0.000000000 0.000000000 0.000000000 0.000000000 -0.000000000 0.000000000 -0.000000000 -0.000000000 -0.000000000 0.000000000 -0.000000000 0.000000000 0.000000000 0.000000000 -0.000000000 -0.000000000 -0.000000000 -0.000000000 0.000000000 -0.000000000 -0.000000000 0.000000000 0.000000000 0.000000000 -0.000000000 -0.000000000 0.000000000 -0.000000000 -0.000000000 -0.000000000 -0.000000000 -0.000000000 0.000000000 0.000000000 0.000000000 0.000000000
0.000217913 -0.000005009 -0.000033518 -0.000094140 0.001272412 0.000124949 0.000000000 -0.000000000 -0.000023827 -0.000000000 0.000000000 0.000003410 0.000000000 0.000000000 0.000697120 0.000000000 0.000000000 -0.000109606 -0.000000000 -0.000000000 -0.000003273 -0.000000000 0.000000000 -0.000000510 -0.000000000 0.000000000 -0.000000000 -0.000000000 0.000013831 -0.000000000 -0.000000000 0.000000000 -0.000000000 0.000012183 -0.000000000 -0.000000000 -0.000000000 -0.000000000 0.000119552 -0.000000000 0.000000000 -0.000000000 0.000000000 -0.000000000 0.000001153 0.000000000 0.000000000 0.000000000 0.000000000 -0.000000000 -0.000000000 0.000003444 -0.000000000 -0.000000000 -0.000000000 -0.000000000 0.000000000 -0.000000000 0.000025337 0.000000000 0.000000000 0.000000000 -0.000000000 -0.000000000 0.000000000 0.000000000 -0.000000464 -0.000000000 -0.000000000 -0.000000000 0.000000000 0.000000000 0.000000000 0.000000000 -0.000000000 0.000007849 0.000000000 0.000000000 0.000000000 -0.000000000 -0.000000000 0.000000000 0.000000000 0.000000000 -0.000000000 0.000001384 0.000000000 0.000000000 0.000000000 -0.000000000 0.000000000 -0.000036709 -0.000104918 0.002501602 -0.000164031 0.000778180 0.000000000 0.000000000 0.000000054 0.000000000 0.000000000 -0.000002940 0.000000000 -0.000000000 0.000001577 0.000000000 0.000000000 -0.000038800 0.000000000 -0.000000000 0.000000300 -0.000000000 -0.000000000 -0.000000000 0.000000000 -0.000001014 0.000000000 0.000000000 0.000000000 -0.000000000 0.000004459 -0.000000000 -0.000000000 -0.000000000 0.000000000 0.000000000 0.000000072 0.000000000 -0.000000000 0.000000000 0.000000000 -0.000000000 -0.000000000 -0.000000414 0.000000000 0.000000000 -0.000000000 0.000000000 0.000000000 0.000000000 0.000000000 0.000000009 -0.000000000 -0.000000000 -0.000000000 -0.000000000
-0.000000000 0.000000000 0.000000000 0.000000000 -0.000000000 -0.000000000 -0.000000000 0.000000000 0.000000000 0.000000000 -0.000000000 -0.000000000 -0.000000000 -0.000000000 -0.000000000 -0.000000000 -0.000000000 0.000000000 0.000000000 0.000000000 0.000000000 0.000000000 -0.000000000 0.000000000 0.000000000 -0.000000000 0.000000000 0.000000000 -0.000000000 0.000000000 0.000000000 -0.000000000 0.000000000 -0.000000000 0.000000000 0.000000000 0.000000000 0.000000000 -0.000000000 0.000000000 -0.000000000 0.000000000 -0.000000000 0.000000000 -0.000000000 -0.000000000 -0.000000000 -0.000000000 -0.000000000 0.000000000 0.000000000 -0.000000000 0.000000000 0.000000000 0.000000000 0.000000000 -0.000000000 0.000000000 -0.000000000 -0.000000000 -0.000000000 -0.000000000 0.000000000 0.000000000 -0.000000000 -0.000000000 0.000000000 0.000000000 0.000000000 0.000000000 -0.000000000 -0.000000000 -0.000000000 -0.000000000 0.000000000 -0.000000000 -0.000000000 -0.000000000 -0.000000000 0.000000000 0.000000000 -0.000000000 -0.000000000 -0.000000000 0.000000000 -0.000000000 -0.000000000 -0.000000000 -0.000000000 0.000000000 -0.000000000 0.000000000 0.000000000 -0.000000000 0.000000000 -0.000000000 -0.000000000 -0.000000000 -0.000000000 -0.000000000 -0.000000000 0.000000000 -0.000000000 0.000000000 -0.000000000 -0.000000000 -0.000000000 0.000000000 -0.000000000 0.000000000 -0.000000000 0.000000000 0.000000000 0.000000000 -0.000000000 0.000000000 -0.000000000 -0.000000000 -0.000000000 0.000000000 -0.000000000 0.000000000 0.000000000 0.000000000 -0.000000000 -0.000000000 -0.000000000 -0.000000000 0.000000000 -0.000000000 -0.000000000 0.000000000 0.000000000 0.000000000 -0.000000000 -0.000000000 0.000000000 -0.000000000 -0.000000000 -0.000000000 -0.000000000 -0.000000000 0.000000000 0.000000000 0.000000000 0.000000000
-0.000000000 0.000000000 0.000000000 0.000000000 -0.000000000 -0.000000000 -0.000000000 0.000000000 0.000000000 0.000000000 -0.000000000 0.000000000 -0.000000000 -0.000000000 -0.000000000 -0.000000000 -0.000000000 0.000000000 0.000000000 0.000000000 0.000000000 0.000000000 -0.000000000 0.000000000 0.000000000 -0.000000000 0.000000000 0.000000000 -0.000000000 0.000000000 0.000000000 -0.000000000 0.000000000 -0.000000000 0.000000000 0.000000000 0.000000000 0.000000000 -0.000000000 0.000000000 -0.000000000 0.000000000 -0.000000000 0.000000000 -0.000000000 -0.000000000 -0.000000000 -0.000000000 -0.000000000 0.000000000 0.000000000 -0.000000000 0.000000000 0.000000000 0.000000000 0.000000000 -0.000000000 0.000000000 -0.000000000 -0.000000000 -0.000000000 -0.000000000 0.000000000 0.000000000 -0.000000000 -0.000000000 0.000000000 0.000000000 0.000000000 0.000000000 -0.000000000 -0.000000000 -0.000000000 -0.000000000 0.000000000 -0.000000000 -0.000000000 -0.000000000 -0.000000000 0.000000000 0.000000000 -0.000000000 -0.000000000 -0.000000000 0.000000000 -0.000000000 -0.000000000 -0.000000000 -0.000000000 0.000000000 -0.000000000 0.000000000 0.000000000 -0.000000000 0.000000000 -0.000000000 -0.000000000 -0.000000000 -0.000000000 -0.000000000 -0.000000000 0.000000000 -0.000000000 0.000000000 -0.000000000 -0.000000000 -0.000000000 0.000000000 -0.000000000 0.000000000 -0.000000000 0.000000000 0.000000000 0.000000000 -0.000000000 0.000000000 -0.000000000 -0.000000000 -0.000000000 0.000000000 -0.000000000 0.000000000 0.000000000 0.000000000 -0.000000000 -0.000000000 -0.000000000 -0.000000000 0.000000000 -0.000000000 -0.000000000 0.000000000 0.000000000 0.000000000 -0.000000000 -0.000000000 0.000000000 -0.000000000 -0.000000000 -0.000000000 -0.000000000 -0.000000000 0.000000000 0.000000000 0.000000000 0.000000000
-0.000000000 -0.000000000 -0.000000000 -0.000000000 0.000000000 0.000000000 0.000000000 -0.000000000 -0.000000000 -0.000000000 0.000000000 -0.000000000 0.000000000 0.000000000 0.000000000 0.000000000 0.000000000 -0.000000000 -0.000000000 -0.000000000 -0.000000000 -0.000000000 0.000000000 -0.000000000 -0.000000000 0.000000000 -0.000000000 -0.000000000 0.000000000 -0.000000000 -0.000000000 0.000000000 -0.000000000 0.000000000 -0.000000000 -0.000000000 -0.000000000 -0.000000000 0.000000000 -0.000000000 0.000000000 -0.000000000 0.000000000 -0.000000000 0.000000000 0.000000000 0.000000000 0.000000000 0.000000000 -0.000000000 -0.000000000 0.000000000 -0.000000000 -0.000000000 -0.000000000 -0.000000000 0.000000000 -0.000000000 0.000000000 0.000000000 0.000000000 0.000000000 -0.000000000 -0.000000000 0.000000000 0.000000000 -0.000000000 -0.000000000 -0.000000000 -0.000000000 0.000000000 0.000000000 0.000000000 0.000000000 -0.000000000 0.000000000 0.000000000 0.000000000 0.000000000 -0.000000000 -0.000000000 0.000000000 0.000000000 0.000000000 -0.000000000 0.000000000 0.000000000 0.000000000 0.000000000 -0.000000000 0.000000000 -0.000000000 -0.000000000 0.000000000 -0.000000000 0.000000000 0.000000000 0.000000000 0.000000000 0.000000000 0.000000000 -0.000000000 0.000000000 -0.000000000 0.000000000 0.000000000 0.000000000 -0.000000000 0.000000000 -0.000000000 0.000000000 -0.000000000 -0.000000000 -0.000000000 0.000000000 -0.000000000 0.000000000 0.000000000 0.000000000 -0.000000000 0.000000000 -0.000000000 -0.000000000 -0.000000000 0.000000000 0.000000000 0.000000000 0.000000000 -0.000000000 0.000000000 0.000000000 -0.000000000 -0.000000000 -0.000000000 0.000000000 0.000000000 -0.000000000 0.000000000 0.000000000 0.000000000 0.000000000 0.000000000 -0.000000000 -0.000000000 -0.000000000 -0.000000000
0.000000000 0.000000000 0.000000000 0.000000000 -0.000000000 -0.000000000 -0.000000000 0.000000000 0.000000000 0.000000000 -0.000000000 0.000000000 -0.000000000 -0.000000000 -0.000000000 -0.000000000 -0.000000000 0.000000000 0.000000000 0.000000000 0.000000000 0.000000000 -0.000000000 0.000000000 0.000000000 -0.000000000 0.000000000 0.000000000 -0.000000000 0.000000000 0.000000000 -0.000000000 0.000000000 -0.000000000 0.000000000 0.000000000 0.000000000 0.000000000 -0.000000000 0.000000000 -0.000000000 0.000000000 -0.000000000 0.000000000 -0.000000000 -0.000000000 -0.000000000 -0.000000000 -0.000000000 0.000000000 0.000000000 -0.000000000 0.000000000 0.000000000 0.000000000 0.000000000 -0.000000000 0.000000000 -0.000000000 -0.000000000 -0.000000000 -0.000000000 0.000000000 0.000000000 -0.000000000 -0.000000000 0.000000000 0.000000000 0.000000000 0.000000000 -0.000000000 -0.000000000 -0.000000000 -0.000000000 0.000000000 -0.000000000 -0.000000000 -0.000000000 -0.000000000 0.000000000 0.000000000 -0.000000000 -0.000000000 -0.000000000 0.000000000 -0.000000000 -0.000000000 -0.000000000 -0.000000000 0.000000000 -0.000000000 0.000000000 0.000000000 -0.000000000 0.000000000 -0.000000000 -0.000000000 -0.000000000 -0.000000000 -0.000000000 -0.000000000 0.000000000 -0.000000000 0.000000000 -0.000000000 -0.000000000 -0.000000000 0.000000000 -0.000000000 0.000000000 -0.000000000 0.000000000 0.000000000 0.000000000 -0.000000000 0.000000000 -0.000000000 -0.000000000 -0.000000000 0.000000000 -0.000000000 0.000000000 0.000000000 0.000000000 -0.000000000 -0.000000000 -0.000000000 -0.000000000 0.000000000 -0.000000000 -0.000000000 0.000000000 0.000000000 0.000000000 -0.000000000 -0.000000000 0.000000000 -0.000000000 -0.000000000 -0.000000000 -0.000000000 -0.000000000 0.000000000 0.000000000 0.000000000 0.000000000
-0.000163432 -0.000004467 -0.000028913 -0.000082292 0.001126411 0.000111319 0.000000000 -0.000000000 -0.000026260 -0.000000000 0.000000000 -0.000007506 0.000000000 0.000000000 0.000648539 0.000000000 0.000000000 -0.000110814 -0.000000000 -0.000000000 -0.000007564 -0.000000000 0.000000000 -0.000000283 -0.000000000 0.000000000 -0.000000000 -0.000000000 0.000012183 -0.000000000 -0.000000000 0.000000000 -0.000000000 0.000010857 -0.000000000 -0.000000000 -0.000000000 -0.000000000 0.000106033 -0.000000000 0.000000000 -0.000000000 0.000000000 -0.000000000 0.000001053 0.000000000 0.000000000 0.000000000 0.000000000 -0.000000000 -0.000000000 0.000003005 -0.000000000 -0.000000000 -0.000000000 -0.000000000 0.000000000 -0.000000000 0.000022530 0.000000000 0.000000000 0.000000000 -0.000000000 -0.000000000 0.000000000 0.000000000 -0.000000422 -0.000000000 -0.000000000 -0.000000000 0.000000000 0.000000000 0.000000000 0.000000000 -0.000000000 0.000006990 0.000000000 0.000000000 0.000000000 -0.000000000 -0.000000000 0.000000000 0.000000000 0.000000000 -0.000000000 0.000001232 0.000000000 0.000000000 0.000000000 -0.000000000 0.000000000 -0.000032562 -0.000093007 0.002218334 -0.000145569 0.000690070 0.000000000 0.000000000 0.000000046 0.000000000 0.000000000 -0.000002601 0.000000000 -0.000000000 0.000001381 0.000000000 0.000000000 -0.000034340 0.000000000 -0.000000000 0.000000267 -0.000000000 -0.000000000 -0.000000000 0.000000000 -0.000000900 0.000000000 0.000000000 0.000000000 -0.000000000 0.000003952 -0.000000000 -0.000000000 -0.000000000 0.000000000 0.000000000 0.000000064 0.000000000 -0.000000000 0.000000000 0.000000000 -0.000000000 -0.000000000 -0.000000368 0.000000000 0.000000000 -0.000000000 0.000000000 0.000000000 0.000000000 0.000000000 0.000000008 -0.000000000 -0.000000000 -0.000000000 -0.000000000
0.000000000 0.000000000 0.000000000 0.000000000 -0.000000000 -0.000000000 -0.000000000 0.000000000 0.000000000 0.000000000 -0.000000000 0.000000000 -0.000000000 -0.000000000 -0.000000000 -0.000000000 -0.000000000 0.000000000 0.000000000 0.000000000 0.000000000 0.000000000 -0.000000000 0.000000000 0.000000000 -0.000000000 0.000000000 0.000000000 -0.000000000 0.000000000 0.000000000 -0.000000000 0.000000000 -0.000000000 0.000000000 0.000000000 0.000000000 0.000000000 -0.000000000 0.000000000 -0.000000000 0.000000000 -0.000000000 0.000000000 -0.000000000 -0.000000000 -0.000000000 -0.000000000 -0.000000000 0.000000000 0.000000000 -0.000000000 0.000000000 0.000000000 0.000000000 0.000000000 -0.000000000 0.000000000 -0.000000000 -0.000000000 -0.000000000 -0.000000000 0.000000000 0.000000000 -0.000000000 -0.000000000 0.000000000 0.000000000 0.000000000 0.000000000 -0.000000000 -0.000000000 -0.000000000 -0.000000000 0.000000000 -0.000000000 -0.000000000 -0.000000000 -0.000000000 0.000000000 0.000000000 -0.000000000 -0.000000000 -0.000000000 0.000000000 -0.000000000 -0.000000000 -0.000000000 -0.000000000 0.000000000 -0.000000000 0.000000000 0.000000000 -0.000000000 0.000000000 -0.000000000 -0.000000000 -0.000000000 -0.000000000 -0.000000000 -0.000000000 0.000000000 -0.000000000 0.000000000 -0.000000000 -0.000000000 -0.000000000 0.000000000 -0.000000000 0.000000000 -0.000000000 0.000000000 0.000000000 0.000000000 -0.000000000 0.000000000 -0.000000000 -0.000000000 -0.000000000 0.000000000 -0.000000000 0.000000000 0.000000000 0.000000000 -0.000000000 -0.000000000 -0.000000000 -0.000000000 0.000000000 -0.000000000 -0.000000000 0.000000000 0.000000000 0.000000000 -0.000000000 -0.000000000 0.000000000 -0.000000000 -0.000000000 -0.000000000 -0.000000000 -0.000000000 0.000000000 0.000000000 0.000000000 0.000000000
0.000000000 0.000000000 0.000000000 0.000000000 -0.000000000 -0.000000000 -0.000000000 0.000000000 0.000000000 0.000000000 -0.000000000 0.000000000 -0.000000000 -0.000000000 -0.000000000 -0.000000000 -0.000000000 0.000000000 0.000000000 0.000000000 0.000000000 0.000000000 -0.000000000 0.000000000 0.000000000 -0.000000000 0.000000000 0.000000000 -0.000000000 0.000000000 0.000000000 -0.000000000 0.000000000 -0.000000000 0.000000000 0.000000000 0.000000000 0.000000000 -0.000000000 0.000000000 -0.000000000 0.000000000 -0.000000000 0.000000000 -0.000000000 -0.000000000 -0.000000000 -0.000000000 -0.000000000 0.000000000 0.000000000 -0.000000000 0.000000000 0.000000000 0.000000000 0.000000000 -0.000000000 0.000000000 -0.000000000 -0.000000000 -0.000000000 -0.000000000 0.000000000 0.000000000 -0.000000000 -0.000000000 0.000000000 0.000000000 0.000000000 0.000000000 -0.000000000 -0.000000000 -0.000000000 -0.000000000 0.000000000 -0.000000000 -0.000000000 -0.000000000 -0.000000000 0.000000000 0.000000000 -0.000000000 -0.000000000 -0.000000000 0.000000000 -0.000000000 -0.000000000 -0.000000000 -0.000000000 0.000000000 -0.000000000 0.000000000 0.000000000 -0.000000000 0.000000000 -0.000000000 -0.000000000 -0.000000000 -0.000000000 -0.000000000 -0.000000000 0.000000000 -0.000000000 0.000000000 -0.000000000 -0.000000000 -0.000000000 0.000000000 -0.000000000 0.000000000 -0.000000000 0.000000000 0.000000000 0.000000000 -0.000000000 0.000000000 -0.000000000 -0.000000000 -0.000000000 0.000000000 -0.000000000 0.000000000 0.000000000 0.000000000 -0.000000000 -0.000000000 -0.000000000 -0.000000000 0.000000000 -0.000000000 -0.000000000 0.000000000 0.000000000 0.000000000 -0.000000000 -0.000000000 0.000000000 -0.000000000 -0.000000000 -0.000000000 -0.000000000 -0.000000000 0.000000000 0.000000000 0.000000000 0.000000000
0.000000000 0.000000000 0.000000000 0.000000000 -0.000000000 -0.000000000 -0.000000000 0.000000000 0.000000000 0.000000000 -0.000000000 0.000000000 -0.000000000 -0.000000000 -0.000000000 -0.000000000 -0.000000000 0.000000000 0.000000000 0.000000000 0.000000000 0.000000000 -0.000000000 0.000000000 0.000000000 -0.000000000 0.000000000 0.000000000 -0.000000000 0.000000000 0.000000000 -0.000000000 0.000000000 -0.000000000 0.000000000 0.000000000 0.000000000 0.000000000 -0.000000000 0.000000000 -0.000000000 0.000000000 -0.000000000 0.000000000 -0.000000000 -0.000000000 -0.000000000 -0.000000000 -0.000000000 0.000000000 0.000000000 -0.000000000 0.000000000 0.000000000 0.000000000 0.000000000 -0.000000000 0.000000000 -0.000000000 -0.000000000 -0.000000000 -0.000000000 0.000000000 0.000000000 -0.000000000 -0.000000000 0.000000000 0.000000000 0.000000000 0.000000000 -0.000000000 -0.000000000 -0.000000000 -0.000000000 0.000000000 -0.000000000 -0.000000000 -0.000000000 -0.000000000 0.000000000 0.000000000 -0.000000000 -0.000000000 -0.000000000 0.000000000 -0.000000000 -0.000000000 -0.000000000 -0.000000000 0.000000000 -0.000000000 0.000000000 0.000000000 -0.000000000 0.000000000 -0.000000000 -0.000000000 -0.000000000 -0.000000000 -0.000000000 -0.000000000 0.000000000 -0.000000000 0.000000000 -0.000000000 -0.000000000 -0.000000000 0.000000000 -0.000000000 0.000000000 -0.000000000 0.000000000 0.000000000 0.000000000 -0.000000000 0.000000000 -0.000000000 -0.000000000 -0.000000000 0.000000000 -0.000000000 0.000000000 0.000000000 0.000000000 -0.000000000 -0.000000000 -0.000000000 -0.000000000 0.000000000 -0.000000000 -0.000000000 0.000000000 0.000000000 0.000000000 -0.000000000 -0.000000000 0.000000000 -0.000000000 -0.000000000 -0.000000000 -0.000000000 -0.000000000 0.000000000 0.000000000 0.000000000 0.000000000
-0.000000000 0.000000000 0.000000000 0.000000000 -0.000000000 -0.000000000 -0.000000000 0.000000000 0.000000000 0.000000000 -0.000000000 0.000000000 -0.000000000 -0.000000000 -0.000000000 -0.000000000 -0.000000000 0.000000000 0.000000000 0.000000000 0.000000000 0.000000000 -0.000000000 0.000000000 0.000000000 -0.000000000 0.000000000 0.000000000 -0.000000000 0.000000000 0.000000000 -0.000000000 0.000000000 -0.000000000 0.000000000 0.000000000 0.000000000 0.000000000 -0.000000000 0.000000000 -0.000000000 0.000000000 -0.000000000 0.000000000 -0.000000000 -0.000000000 -0.000000000 -0.000000000 -0.000000000 0.000000000 0.000000000 -0.000000000 0.000000000 0.000000000 0.000000000 0.000000000 -0.000000000 0.000000000 -0.000000000 -0.000000000 -0.000000000 -0.000000000 0.000000000 0.000000000 -0.000000000 -0.000000000 0.000000000 0.000000000 0.000000000 0.000000000 -0.000000000 -0.000000000 -0.000000000 -0.000000000 0.000000000 -0.000000000 -0.000000000 -0.000000000 -0.000000000 0.000000000 0.000000000 -0.000000000 -0.000000000 -0.000000000 0.000000000 -0.000000000 -0.000000000 -0.000000000 -0.000000000 0.000000000 -0.000000000 0.000000000 0.000000000 -0.000000000 0.000000000 -0.000000000 -0.000000000 -0.000000000 -0.000000000 -0.000000000 -0.000000000 0.000000000 -0.000000000 0.000000000 -0.000000000 -0.000000000 -0.000000000 0.000000000 -0.000000000 0.000000000 -0.000000000 0.000000000 0.000000000 0.000000000 -0.000000000 0.000000000 -0.000000000 -0.000000000 -0.000000000 0.000000000 -0.000000000 0.000000000 0.000000000 0.000000000 -0.000000000 -0.000000000 -0.000000000 -0.000000000 0.000000000 -0.000000000 -0.000000000 0.000000000 0.000000000 0.000000000 -0.000000000 -0.000000000 0.000000000 -0.000000000 -0.000000000 -0.000000000 -0.000000000 -0.000000000 0.000000000 0.000000000 0.000000000 0.000000000
-0.000168076 -0.000043614 -0.000286197 -0.000810082 0.011030857 0.001087295 0.000000000 -0.000000000 -0.000236393 -0.000000000 0.000000000 -0.000031200 0.000000000 0.000000000 0.006224835 0.000000000 0.000000000 -0.001029783 -0.000000000 -0.000000000 -0.000055314 -0.000000000 0.000000000 -0.000003448 -0.000000000 0.000000000 -0.000000000 -0.000000000 0.000119552 -0.000000000 -0.000000000 0.000000000 -0.000000000 0.000106033 -0.000000000 -0.000000000 -0.000000000 -0.000000000 0.001037576 -0.000000000 0.000000000 -0.000000000 0.000000000 -0.000000000 0.000010180 0.000000000 0.000000000 0.000000000 0.000000000 -0.000000000 -0.000000000 0.000029605 -0.000000000 -0.000000000 -0.000000000 -0.000000000 0.000000000 -0.000000000 0.000220231 0.000000000 0.000000000 0.000000000 -0.000000000 -0.000000000 0.000000000 0.000000000 -0.000004086 -0.000000000 -0.000000000 -0.000000000 0.000000000 0.000000000 0.000000000 0.000000000 -0.000000000 0.000068286 0.000000000 0.000000000 0.000000000 -0.000000000 -0.000000000 0.000000000 0.000000000 0.000000000 -0.000000000 0.000012038 0.000000000 0.000000000 0.000000000 -0.000000000 0.000000000 -0.000318614 -0.000910301 0.021708800 -0.001424099 0.006753054 0.000000000 0.000000000 0.000000458 0.000000000 0.000000000 -0.000025477 0.000000000 -0.000000000 0.000013588 0.000000000 0.000000000 -0.000336320 0.000000000 -0.000000000 0.000002609 -0.000000000 -0.000000000 -0.000000000 0.000000000 -0.000008805 0.000000000 0.000000000 0.000000000 -0.000000000 0.000038683 -0.000000000 -0.000000000 -0.000000000 0.000000000 0.000000000 0.000000626 0.000000000 -0.000000000 0.000000000 0.000000000 -0.000000000 -0.000000000 -0.000003594 0.000000000 0.000000000 -0.000000000 0.000000000 0.000000000 0.000000000 0.000000000 0.000000076 -0.000000000 -0.000000000 -0.000000000 -0.000000000
-0.000000000 0.000000000 0.000000000 0.000000000 -0.000000000 -0.000000000 -0.000000000 0.000000000 0.000000000 0.000000000 -0.000000000 -0.000000000 -0.000000000 -0.000000000 -0.000000000 -0.000000000 -0.000000000 0.000000000 0.000000000 0.000000000 0.000000000 0.000000000 -0.000000000 0.000000000 0.000000000 -0.000000000 0.000000000 0.000000000 -0.000000000 0.000000000 0.000000000 -0.000000000 0.000000000 -0.000000000 0.000000000 0.000000000 0.000000000 0.000000000 -0.000000000 0.000000000 -0.000000000 0.000000000 -0.000000000 0.000000000 -0.000000000 -0.000000000 -0.000000000 -0.000000000 -0.000000000 0.000000000 0.000000000 -0.000000000 0.000000000 0.000000000 0.000000000 0.000000000 -0.000000000 0.000000000 -0.000000000 -0.000000000 -0.000000000 -0.000000000 0.000000000 0.000000000 -0.000000000 -0.000000000 0.000000000 0.000000000 0.000000000 0.000000000 -0.000000000 -0.000000000 -0.000000000 -0.000000000 0.000000000 -0.000000000 -0.000000000 -0.000000000 -0.000000000 0.000000000 0.000000000 -0.000000000 -0.000000000 -0.000000000 0.000000000 -0.000000000 -0.000000000 -0.000000000 -0.000000000 0.000000000 -0.000000000 0.000000000 0.000000000 -0.000000000 0.000000000 -0.000000000 -0.000000000 -0.000000000 -0.000000000 -0.000000000 -0.000000000 0.000000000 -0.000000000 0.000000000 -0.000000000 -0.000000000 -0.000000000 0.000000000 -0.000000000 0.000000000 -0.000000000 0.000000000 0.000000000 0.000000000 -0.000000000 0.000000000 -0.000000000 -0.000000000 -0.000000000 0.000000000 -0.000000000 0.000000000 0.000000000 0.000000000 -0.000000000 -0.000000000 -0.000000000 -0.000000000 0.000000000 -0.000000000 -0.000000000 0.000000000 0.000000000 0.000000000 -0.000000000 -0.000000000 0.000000000 -0.000000000 -0.000000000 -0.000000000 -0.000000000 -0.000000000 0.000000000 0.000000000 0.000000000 0.000000000
-0.000000000 -0.000000000 -0.000000000 -0.000000000 0.000000000 0.000000000 0.000000000 -0.000000000 -0.000000000 -0.000000000 0.000000000 -0.000000000 0.000000000 0.000000000 0.000000000 0.000000000 0.000000000 -0.000000000 -0.000000000 -0.000000000 -0.000000000 -0.000000000 0.000000000 -0.000000000 -0.000000000 0.000000000 -0.000000000 -0.000000000 0.000000000 -0.000000000 -0.000000000 0.000000000 -0.000000000 0.000000000 -0.000000000 -0.000000000 -0.000000000 -0.000000000 0.000000000 -0.000000000 0.000000000 -0.000000000 0.000000000 -0.000000000 0.000000000 0.000000000 0.000000000 0.000000000 0.000000000 -0.000000000 -0.000000000 0.000000000 -0.000000000 -0.000000000 -0.000000000 -0.000000000 0.000000000 -0.000000000 0.000000000 0.000000000 0.000000000 0.000000000 -0.000000000 -0.000000000 0.000000000 0.000000000 -0.000000000 -0.000000000 -0.000000000 -0.000000000 0.000000000 0.000000000 0.000000000 0.000000000 -0.000000000 0.000000000 0.000000000 0.000000000 0.000000000 -0.000000000 -0.000000000 0.000000000 0.000000000 0.000000000 -0.000000000 0.000000000 0.000000000 0.000000000 0.000000000 -0.000000000 0.000000000 -0.000000000 -0.000000000 0.000000000 -0.000000000 0.000000000 0.000000000 0.000000000 0.000000000 0.000000000 0.000000000 -0.000000000 0.000000000 -0.000000000 0.000000000 0.000000000 0.000000000 -0.000000000 0.000000000 -0.000000000 0.000000000 -0.000000000 -0.000000000 -0.000000000 0.000000000 -0.000000000 0.000000000 0.000000000 0.000000000 -0.000000000 0.000000000 -0.000000000 -0.000000000 -0.000000000 0.000000000 0.000000000 0.000000000 0.000000000 -0.000000000 0.000000000 0.000000000 -0.000000000 -0.000000000 -0.000000000 0.000000000 0.000000000 -0.000000000 0.000000000 0.000000000 0.000000000 0.000000000 0.000000000 -0.000000000 -0.000000000 -0.000000000 -0.000000000
-0.000000000 0.000000000 0.000000000 0.000000000 -0.000000000 -0.000000000 -0.000000000 0.000000000 0.000000000 0.000000000 -0.000000000 0.000000000 -0.000000000 -0.000000000 -0.000000000 -0.000000000 -0.000000000 0.000000000 0.000000000 0.000000000 0.000000000 0.000000000 -0.000000000 0.000000000 0.000000000 -0.000000000 0.000000000 0.000000000 -0.000000000 0.000000000 0.000000000 -0.000000000 0.000000000 -0.000000000 0.000000000 0.000000000 0.000000000 0.000000000 -0.000000000 0.000000000 -0.000000000 0.000000000 -0.000000000 0.000000000 -0.000000000 -0.000000000 -0.000000000 -0.000000000 -0.000000000 0.000000000 0.000000000 -0.000000000 0.000000000 0.000000000 0.000000000 0.000000000 -0.000000000 0.000000000 -0.000000000 -0.000000000 -0.000000000 -0.000000000 0.000000000 0.000000000 -0.000000000 -0.000000000 0.000000000 0.000000000 0.000000000 0.000000000 -0.000000000 -0.000000000 -0.000000000 -0.000000000 0.000000000 -0.000000000 -0.000000000 -0.000000000 -0.000000000 0.000000000 0.000000000 -0.000000000 -0.000000000 -0.000000000 0.000000000 -0.000000000 -0.000000000 -0.000000000 -0.000000000 0.000000000 -0.000000000 0.000000000 0.000000000 -0.000000000 0.000000000 -0.000000000 -0.000000000 -0.000000000 -0.000000000 -0.000000000 -0.000000000 0.000000000 -0.000000000 0.000000000 -0.000000000 -0.000000000 -0.000000000 0.000000000 -0.000000000 0.000000000 -0.000000000 0.000000000 0.000000000 0.000000000 -0.000000000 0.000000000 -0.000000000 -0.000000000 -0.000000000 0.000000000 -0.000000000 0.000000000 0.000000000 0.000000000 -0.000000000 -0.000000000 -0.000000000 -0.000000000 0.000000000 -0.000000000 -0.000000000 0.000000000 0.000000000 0.000000000 -0.000000000 -0.000000000 0.000000000 -0.000000000 -0.000000000 -0.000000000 -0.000000000 -0.000000000 0.000000000 0.000000000 0.000000000 0.000000000
0.000000000 -0.000000000 -0.000000000 -0.000000000 0.000000000 0.000000000 0.000000000 -0.000000000 -0.000000000 -0.000000000 0.000000000 -0.000000000 0.000000000 0.000000000 0.000000000 0.000000000 0.000000000 -0.000000000 -0.000000000 -0.000000000 -0.000000000 -0.000000000 0.000000000 -0.000000000 -0.000000000 0.000000000 -0.000000000 -0.000000000 0.000000000 -0.000000000 -0.000000000 0.000000000 -0.000000000 0.000000000 -0.000000000 -0.000000000 -0.000000000 -0.000000000 0.000000000 -0.000000000 0.000000000 -0.000000000 0.000000000 -0.000000000 0.000000000 0.000000000 0.000000000 0.000000000 0.000000000 -0.000000000 -0.000000000 0.000000000 -0.000000000 -0.000000000 -0.000000000 -0.000000000 0.000000000 -0.000000000 0.000000000 0.000000000 0.000000000 0.000000000 -0.000000000 -0.000000000 0.000000000 0.000000000 -0.000000000 -0.000000000 -0.000000000 -0.000000000 0.000000000 0.000000000 0.000000000 0.000000000 -0.000000000 0.000000000 0.000000000 0.000000000 0.000000000 -0.000000000 -0.000000000 0.000000000 0.000000000 0.000000000 -0.000000000 0.000000000 0.000000000 0.000000000 0.000000000 -0.000000000 0.000000000 -0.000000000 -0.000000000 0.000000000 -0.000000000 0.000000000 0.000000000 0.000000000 0.000000000 0.000000000 0.000000000 -0.000000000 0.000000000 -0.000000000 0.000000000 0.000000000 0.000000000 -0.000000000 0.000000000 -0.000000000 0.000000000 -0.000000000 -0.000000000 -0.000000000 0.000000000 -0.000000000 0.000000000 0.000000000 0.000000000 -0.000000000 0.000000000 -0.000000000 -0.000000000 -0.000000000 0.000000000 0.000000000 0.000000000 0.000000000 -0.000000000 0.000000000 0.000000000 -0.000000000 -0.000000000 -0.000000000 0.000000000 0.000000000 -0.000000000 0.000000000 0.000000000 0.000000000 0.000000000 0.000000000 -0.000000000 -0.000000000 -0.000000000 -0.000000000
-0.000000000 0.000000000 0.000000000 0.000000000 -0.000000000 -0.000000000 -0.000000000 0.000000000 0.000000000 0.000000000 -0.000000000 -0.000000000 -0.000000000 -0.000000000 -0.000000000 -0.000000000 -0.000000000 0.000000000 0.000000000 0.000000000 0.000000000 0.000000000 -0.000000000 0.000000000 0.000000000 -0.000000000 0.000000000 0.000000000 -0.000000000 0.000000000 0.000000000 -0.000000000 0.000000000 -0.000000000 0.000000000 0.000000000 0.000000000 0.000000000 -0.000000000 0.000000000 -0.000000000 0.000000000 -0.000000000 0.000000000 -0.000000000 -0.000000000 -0.000000000 -0.000000000 -0.000000000 0.000000000 0.000000000 -0.000000000 0.000000000 0.000000000 0.000000000 0.000000000 -0.000000000 0.000000000 -0.000000000 -0.000000000 -0.000000000 -0.000000000 0.000000000 0.000000000 -0.000000000 -0.000000000 0.000000000 0.000000000 0.000000000 0.000000000 -0.000000000 -0.000000000 -0.000000000 -0.000000000 0.000000000 -0.000000000 -0.000000000 -0.000000000 -0.000000000 0.000000000 0.000000000 -0.000000000 -0.000000000 -0.000000000 0.000000000 -0.000000000 -0.000000000 -0.000000000 -0.000000000 0.000000000 -0.000000000 0.000000000 0.000000000 -0.000000000 0.000000000 -0.000000000 -0.000000000 -0.000000000 -0.000000000 -0.000000000 -0.000000000 0.000000000 -0.000000000 0.000000000 -0.000000000 -0.000000000 -0.000000000 0.000000000 -0.000000000 0.000000000 -0.000000000 0.000000000 0.000000000 0.000000000 -0.000000000 0.000000000 -0.000000000 -0.000000000 -0.000000000 0.000000000 -0.000000000 0.000000000 0.000000000 0.000000000 -0.000000000 -0.000000000 -0.000000000 -0.000000000 0.000000000 -0.000000000 -0.000000000 0.000000000 0.000000000 0.000000000 -0.000000000 -0.000000000 0.000000000 -0.000000000 -0.000000000 -0.000000000 -0.000000000 -0.000000000 0.000000000 0.000000000 0.000000000 0.000000000
-0.000085318 -0.000000434 -0.000002617 -0.000007666 0.000107732 0.000010785 0.000000000 -0.000000000 -0.000003522 -0.000000000 0.000000000 -0.000002776 0.000000000 -0.000000000 0.000068170 0.000000000 0.000000000 -0.000013294 -0.000000000 -0.000000000 -0.000001636 -0.000000000 0.000000000 0.000000006 -0.000000000 0.000000000 -0.000000000 -0.000000000 0.000001153 -0.000000000 -0.000000000 0.000000000 -0.000000000 0.000001053 -0.000000000 -0.000000000 -0.000000000 -0.000000000 0.000010180 -0.000000000 0.000000000 -0.000000000 0.000000000 -0.000000000 0.000000107 0.000000000 0.000000000 0.000000000 0.000000000 -0.000000000 -0.000000000 0.000000279 -0.000000000 -0.000000000 -0.000000000 -0.000000000 0.000000000 -0.000000000 0.000002174 0.000000000 0.000000000 0.000000000 -0.000000000 -0.000000000 0.000000000 0.000000000 -0.000000043 -0.000000000 -0.000000000 -0.000000000 0.000000000 0.000000000 0.000000000 0.000000000 -0.000000000 0.000000677 0.000000000 0.000000000 0.000000000 -0.000000000 -0.000000000 0.000000000 0.000000000 0.000000000 -0.000000000 0.000000119 0.000000000 0.000000000 0.000000000 -0.000000000 0.000000000 -0.000003127 -0.000008920 0.000212905 -0.000013993 0.000066231 0.000000000 0.000000000 0.000000004 0.000000000 0.000000000 -0.000000248 0.000000000 -0.000000000 0.000000129 0.000000000 0.000000000 -0.000003283 0.000000000 -0.000000000 0.000000026 -0.000000000 -0.000000000 -0.000000000 0.000000000 -0.000000086 0.000000000 0.000000000 0.000000000 -0.000000000 0.000000379 -0.000000000 -0.000000000 -0.000000000 0.000000000 0.000000000 0.000000006 0.000000000 -0.000000000 0.000000000 0.000000000 -0.000000000 -0.000000000 -0.000000035 0.000000000 0.000000000 -0.000000000 0.000000000 0.000000000 0.000000000 0.000000000 0.000000001 -0.000000000 -0.000000000 -0.000000000 -0.000000000
0.000000000 -0.000000000 -0.000000000 -0.000000000 0.000000000 0.000000000 0.000000000 -0.000000000 -0.000000000 -0.000000000 0.000000000 -0.000000000 0.000000000 0.000000000 0.000000000 0.000000000 0.000000000 -0.000000000 -0.000000000 -0.000000000 -0.000000000 -0.000000000 0.000000000 -0.000000000 -0.000000000 0.000000000 -0.000000000 -0.000000000 0.000000000 -0.000000000 -0.000000000 0.000000000 -0.000000000 0.000000000 -0.000000000 -0.000000000 -0.000000000 -0.000000000 0.000000000 -0.000000000 0.000000000 -0.000000000 0.000000000 -0.000000000 0.000000000 0.000000000 0.000000000 0.000000000 0.000000000 -0.000000000 -0.000000000 0.000000000 -0.000000000 -0.000000000 -0.000000000 -0.000000000 0.000000000 -0.000000000 0.000000000 0.000000000 0.000000000 0.000000000 -0.000000000 -0.000000000 0.000000000 0.000000000 -0.000000000 -0.000000000 -0.000000000 -0.000000000 0.000000000 0.000000000 0.000000000 0.000000000 -0.000000000 0.000000000 0.000000000 0.000000000 0.000000000 -0.000000000 -0.000000000 0.000000000 0.000000000 0.000000000 -0.000000000 0.000000000 0.000000000 0.000000000 0.000000000 -0.000000000 0.000000000 -0.000000000 -0.000000000 0.000000000 -0.000000000 0.000000000 0.000000000 0.000000000 0.000000000 0.000000000 0.000000000 -0.000000000 0.000000000 -0.000000000 0.000000000 0.000000000 0.000000000 -0.000000000 0.000000000 -0.000000000 0.000000000 -0.000000000 -0.000000000 -0.000000000 0.000000000 -0.000000000 0.000000000 0.000000000 0.000000000 -0.000000000 0.000000000 -0.000000000 -0.000000000 -0.000000000 0.000000000 0.000000000 0.000000000 0.000000000 -0.000000000 0.000000000 0.000000000 -0.000000000 -0.000000000 -0.000000000 0.000000000 0.000000000 -0.000000000 0.000000000 0.000000000 0.000000000 0.000000000 0.000000000 -0.000000000 -0.000000000 -0.000000000 -0.000000000
0.000000000 -0.000000000 -0.000000000 -0.000000000 0.000000000 0.000000000 0.000000000 -0.000000000 -0.000000000 -0.000000000 0.000000000 -0.000000000 0.000000000 0.000000000 0.000000000 0.000000000 0.000000000 -0.000000000 -0.000000000 -0.000000000 -0.000000000 -0.000000000 0.000000000 -0.000000000 -0.000000000 0.000000000 -0.000000000 -0.000000000 0.000000000 -0.000000000 -0.000000000 0.000000000 -0.000000000 0.000000000 -0.000000000 -0.000000000 -0.000000000 -0.000000000 0.000000000 -0.000000000 0.000000000 -0.000000000 0.000000000 -0.000000000 0.000000000 0.000000000 0.000000000 0.000000000 0.000000000 -0.000000000 -0.000000000 0.000000000 -0.000000000 -0.000000000 -0.000000000 -0.000000000 0.000000000 -0.000000000 0.000000000 0.000000000 0.000000000 0.000000000 -0.000000000 -0.000000000 0.000000000 0.000000000 -0.000000000 -0.000000000 -0.000000000 -0.000000000 0.000000000 0.000000000 0.000000000 0.000000000 -0.000000000 0.000000000 0.000000000 0.000000000 0.000000000 -0.000000000 -0.000000000 0.000000000 0.000000000 0.000000000 -0.000000000 0.000000000 0.000000000 0.000000000 0.000000000 -0.000000000 0.000000000 -0.000000000 -0.000000000 0.000000000 -0.000000000 0.000000000 0.000000000 0.000000000 0.000000000 0.000000000 0.000000000 -0.000000000 0.000000000 -0.000000000 0.000000000 0.000000000 0.000000000 -0.000000000 0.000000000 -0.000000000 0.000000000 -0.000000000 -0.000000000 -0.000000000 0.000000000 -0.000000000 0.000000000 0.000000000 0.000000000 -0.000000000 0.000000000 -0.000000000 -0.000000000 -0.000000000 0.000000000 0.000000000 0.000000000 0.000000000 -0.000000000 0.000000000 0.000000000 -0.000000000 -0.000000000 -0.000000000 0.000000000 0.000000000 -0.000000000 0.000000000 0.000000000 0.000000000 0.000000000 0.000000000 -0.000000000 -0.000000000 -0.000000000 -0.000000000
-0.000000000 -0.000000000 -0.000000000 -0.000000000 0.000000000 0.000000000 0.000000000 -0.000000000 -0.000000000 -0.000000000 0.000000000 -0.000000000 0.000000000 0.000000000 0.000000000 0.000000000 0.000000000 -0.000000000 -0.000000000 -0.000000000 -0.000000000 -0.000000000 0.000000000 -0.000000000 -0.000000000 0.000000000 -0.000000000 -0.000000000 0.000000000 -0.000000000 -0.000000000 0.000000000 -0.000000000 0.000000000 -0.000000000 -0.000000000 -0.000000000 -0.000000000 0.000000000 -0.000000000 0.000000000 -0.000000000 0.000000000 -0.000000000 0.000000000 0.000000000 0.000000000 0.000000000 0.000000000 -0.000000000 -0.000000000 0.000000000 -0.000000000 -0.000000000 -0.000000000 -0.000000000 0.000000000 -0.000000000 0.000000000 0.000000000 0.000000000 0.000000000 -0.000000000 -0.000000000 0.000000000 0.000000000 -0.000000000 -0.000000000 -0.000000000 -0.000000000 0.000000000 0.000000000 0.000000000 0.000000000 -0.000000000 0.000000000 0.000000000 0.000000000 0.000000000 -0.000000000 -0.000000000 0.000000000 0.000000000 0.000000000 -0.000000000 0.000000000 0.000000000 0.000000000 0.000000000 -0.000000000 0.000000000 -0.000000000 -0.000000000 0.000000000 -0.000000000 0.000000000 0.000000000 0.000000000 0.000000000 0.000000000 0.000000000 -0.000000000 0.000000000 -0.000000000 0.000000000 0.000000000 0.000000000 -0.000000000 0.000000000 -0.000000000 0.000000000 -0.000000000 -0.000000000 -0.000000000 0.000000000 -0.000000000 0.000000000 0.000000000 0.000000000 -0.000000000 0.000000000 -0.000000000 -0.000000000 -0.000000000 0.000000000 0.000000000 0.000000000 0.000000000 -0.000000000 0.000000000 0.000000000 -0.000000000 -0.000000000 -0.000000000 0.000000000 0.000000000 -0.000000000 0.000000000 0.000000000 0.000000000 0.000000000 0.000000000 -0.000000000 -0.000000000 -0.000000000 -0.000000000
0.000000000 -0.000000000 -0.000000000 -0.000000000 0.000000000 0.000000000 0.000000000 -0.000000000 -0.000000000 -0.000000000 0.000000000 -0.000000000 0.000000000 0.000000000 0.000000000 0.000000000 0.000000000 -0.000000000 -0.000000000 -0.000000000 -0.000000000 -0.000000000 0.000000000 -0.000000000 -0.000000000 0.000000000 -0.000000000 -0.000000000 0.000000000 -0.000000000 -0.000000000 0.000000000 -0.000000000 0.000000000 -0.000000000 -0.000000000 -0.000000000 -0.000000000 0.000000000 -0.000000000 0.000000000 -0.000000000 0.000000000 -0.000000000 0.000000000 0.000000000 0.000000000 0.000000000 0.000000000 -0.000000000 -0.000000000 0.000000000 -0.000000000 -0.000000000 -0.000000000 -0.000000000 0.000000000 -0.000000000 0.000000000 0.000000000 0.000000000 0.000000000 -0.000000000 -0.000000000 0.000000000 0.000000000 -0.000000000 -0.000000000 -0.000000000 -0.000000000 0.000000000 0.000000000 0.000000000 0.000000000 -0.000000000 0.000000000 0.000000000 0.000000000 0.000000000 -0.000000000 -0.000000000 0.000000000 0.000000000 0.000000000 -0.000000000 0.000000000 0.000000000 0.000000000 0.000000000 -0.000000000 0.000000000 -0.000000000 -0.000000000 0.000000000 -0.000000000 0.000000000 0.000000000 0.000000000 0.000000000 0.000000000 0.000000000 -0.000000000 0.000000000 -0.000000000 0.000000000 0.000000000 0.000000000 -0.000000000 0.000000000 -0.000000000 0.000000000 -0.000000000 -0.000000000 -0.000000000 0.000000000 -0.000000000 0.000000000 0.000000000 0.000000000 -0.000000000 0.000000000 -0.000000000 -0.000000000 -0.000000000 0.000000000 0.000000000 0.000000000 0.000000000 -0.000000000 0.000000000 0.000000000 -0.000000000 -0.000000000 -0.000000000 0.000000000 0.000000000 -0.000000000 0.000000000 0.000000000 0.000000000 0.000000000 0.000000000 -0.000000000 -0.000000000 -0.000000000 -0.000000000
0.000000000 0.000000000 0.000000000 0.000000000 -0.000000000 -0.000000000 -0.000000000 0.000000000 0.000000000 0.000000000 -0.000000000 0.000000000 -0.000000000 -0.000000000 -0.000000000 -0.000000000 -0.000000000 0.000000000 0.000000000 0.000000000 0.000000000 0.000000000 -0.000000000 0.000000000 0.000000000 -0.000000000 0.000000000 0.000000000 -0.000000000 0.000000000 0.000000000 -0.000000000 0.000000000 -0.000000000 0.000000000 0.000000000 0.000000000 0.000000000 -0.000000000 0.000000000 -0.000000000 0.000000000 -0.000000000 0.000000000 -0.000000000 -0.000000000 -0.000000000 -0.000000000 -0.000000000 0.000000000 0.000000000 -0.000000000 0.000000000 0.000000000 0.000000000 0.000000000 -0.000000000 0.000000000 -0.000000000 -0.000000000 -0.000000000 -0.000000000 0.000000000 0.000000000 -0.000000000 -0.000000000 0.000000000 0.000000000 0.000000000 0.000000000 -0.000000000 -0.000000000 -0.000000000 -0.000000000 0.000000000 -0.000000000 -0.000000000 -0.000000000 -0.000000000 0.000000000 0.000000000 -0.000000000 -0.000000000 -0.000000000 0.000000000 -0.000000000 -0.000000000 -0.000000000 -0.000000000 0.000000000 -0.000000000 0.000000000 0.000000000 -0.000000000 0.000000000 -0.000000000 -0.000000000 -0.000000000 -0.000000000 -0.000000000 -0.000000000 0.000000000 -0.000000000 0.000000000 -0.000000000 -0.000000000 -0.000000000 0.000000000 -0.000000000 0.000000000 -0.000000000 0.000000000 0.000000000 0.000000000 -0.000000000 0.000000000 -0.000000000 -0.000000000 -0.000000000 0.000000000 -0.000000000 0.000000000 0.000000000 0.000000000 -0.000000000 -0.000000000 -0.000000000 -0.000000000 0.000000000 -0.000000000 -0.000000000 0.000000000 0.000000000 0.000000000 -0.000000000 -0.000000000 0.000000000 -0.000000000 -0.000000000 -0.000000000 -0.000000000 -0.000000000 0.000000000 0.000000000 0.000000000 0.000000000
-0.000000000 0.000000000 0.000000000 0.000000000 -0.000000000 -0.000000000 -0.000000000 0.000000000 0.000000000 0.000000000 -0.000000000 -0.000000000 -0.000000000 -0.000000000 -0.000000000 -0.000000000 -0.000000000 0.000000000 0.000000000 0.000000000 -0.000000000 0.000000000 -0.000000000 0.000000000 0.000000000 -0.000000000 0.000000000 0.000000000 -0.000000000 0.000000000 0.000000000 -0.000000000 0.000000000 -0.000000000 0.000000000 0.000000000 0.000000000 0.000000000 -0.000000000 0.000000000 -0.000000000 0.000000000 -0.000000000 0.000000000 -0.000000000 -0.000000000 -0.000000000 -0.000000000 -0.000000000 0.000000000 0.000000000 -0.000000000 0.000000000 0.000000000 0.000000000 0.000000000 -0.000000000 0.000000000 -0.000000000 -0.000000000 -0.000000000 -0.000000000 0.000000000 0.000000000 -0.000000000 -0.000000000 0.000000000 0.000000000 0.000000000 0.000000000 -0.000000000 -0.000000000 -0.000000000 -0.000000000 0.000000000 -0.000000000 -0.000000000 -0.000000000 -0.000000000 0.000000000 0.000000000 -0.000000000 -0.000000000 -0.000000000 0.000000000 -0.000000000 -0.000000000 -0.000000000 -0.000000000 0.000000000 -0.000000000 0.000000000 0.000000000 -0.000000000 0.000000000 -0.000000000 -0.000000000 -0.000000000 -0.000000000 -0.000000000 -0.000000000 0.000000000 -0.000000000 0.000000000 -0.000000000 -0.000000000 -0.000000000 0.000000000 -0.000000000 0.000000000 -0.000000000 0.000000000 0.000000000 0.000000000 -0.000000000 0.000000000 -0.000000000 -0.000000000 -0.000000000 0.000000000 -0.000000000 0.000000000 0.000000000 0.000000000 -0.000000000 -0.000000000 -0.000000000 -0.000000000 0.000000000 -0.000000000 -0.000000000 0.000000000 0.000000000 0.000000000 -0.000000000 -0.000000000 0.000000000 -0.000000000 -0.000000000 -0.000000000 -0.000000000 -0.000000000 0.000000000 0.000000000 0.000000000 0.000000000
0.000133075 -0.000001235 -0.000008481 -0.000023579 0.000315556 0.000030830 0.000000000 -0.000000000 -0.000004763 -0.000000000 0.000000000 0.000003180 0.000000000 0.000000000 0.000165918 0.000000000 0.000000000 -0.000024125 -0.000000000 -0.000000000 0.000000223 -0.000000000 0.000000000 -0.000000164 -0.000000000 0.000000000 -0.000000000 -0.000000000 0.000003444 -0.000000000 -0.000000000 0.000000000 -0.000000000 0.000003005 -0.000000000 -0.000000000 -0.000000000 -0.000000000 0.000029605 -0.000000000 0.000000000 -0.000000000 0.000000000 -0.000000000 0.000000279 0.000000000 0.000000000 0.000000000 0.000000000 -0.000000000 -0.000000000 0.000000864 -0.000000000 -0.000000000 -0.000000000 -0.000000000 0.000000000 -0.000000000 0.000006261 0.000000000 0.000000000 0.000000000 -0.000000000 -0.000000000 0.000000000 0.000000000 -0.000000112 -0.000000000 -0.000000000 -0.000000000 0.000000000 0.000000000 0.000000000 0.000000000 -0.000000000 0.000001938 0.000000000 0.000000000 0.000000000 -0.000000000 -0.000000000 0.000000000 0.000000000 0.000000000 -0.000000000 0.000000341 0.000000000 0.000000000 0.000000000 -0.000000000 0.000000000 -0.000009089 -0.000025991 0.000619555 -0.000040600 0.000192725 0.000000000 0.000000000 0.000000014 0.000000000 0.000000000 -0.000000730 0.000000000 -0.000000000 0.000000395 0.000000000 0.000000000 -0.000009624 0.000000000 -0.000000000 0.000000074 -0.000000000 -0.000000000 -0.000000000 0.000000000 -0.000000251 0.000000000 0.000000000 0.000000000 -0.000000000 0.000001105 -0.000000000 -0.000000000 -0.000000000 0.000000000 0.000000000 0.000000018 0.000000000 -0.000000000 0.000000000 0.000000000 -0.000000000 -0.000000000 -0.000000102 0.000000000 0.000000000 -0.000000000 0.000000000 0.000000000 0.000000000 0.000000000 0.000000002 -0.000000000 -0.000000000 -0.000000000 -0.000000000
-0.000000000 0.000000000 0.000000000 0.000000000 -0.000000000 -0.000000000 -0.000000000 0.000000000 0.000000000 0.000000000 -0.000000000 0.000000000 -0.000000000 -0.000000000 -0.000000000 -0.000000000 -0.000000000 0.000000000 0.000000000 0.000000000 0.000000000 0.000000000 -0.000000000 0.000000000 0.000000000 -0.000000000 0.000000000 0.000000000 -0.000000000 0.000000000 0.000000000 -0.000000000 0.000000000 -0.000000000 0.000000000 0.000000000 0.000000000 0.000000000 -0.000000000 0.000000000 -0.000000000 0.000000000 -0.000000000 0.000000000 -0.000000000 -0.000000000 -0.000000000 -0.000000000 -0.000000000 0.000000000 0.000000000 -0.000000000 0.000000000 0.000000000 0.000000000 0.000000000 -0.000000000 0.000000000 -0.000000000 -0.000000000 -0.000000000 -0.000000000 0.000000000 0.000000000 -0.000000000 -0.000000000 0.000000000 0.000000000 0.000000000 0.000000000 -0.000000000 -0.000000000 -0.000000000 -0.000000000 0.000000000 -0.000000000 -0.000000000 -0.000000000 -0.000000000 0.000000000 0.000000000 -0.000000000 -0.000000000 -0.000000000 0.000000000 -0.000000000 -0.000000000 -0.000000000 -0.000000000 0.000000000 -0.000000000 0.000000000 0.000000000 -0.000000000 0.000000000 -0.000000000 -0.000000000 -0.000000000 -0.000000000 -0.000000000 -0.000000000 0.000000000 -0.000000000 0.000000000 -0.000000000 -0.000000000 -0.000000000 0.000000000 -0.000000000 0.000000000 -0.000000000 0.000000000 0.000000000 0.000000000 -0.000000000 0.000000000 -0.000000000 -0.000000000 -0.000000000 0.000000000 -0.000000000 0.000000000 0.000000000 0.000000000 -0.000000000 -0.000000000 -0.000000000 -0.000000000 0.000000000 -0.000000000 -0.000000000 0.000000000 0.000000000 0.000000000 -0.000000000 -0.000000000 0.000000000 -0.000000000 -0.000000000 -0.000000000 -0.000000000 -0.000000000 0.000000000 0.000000000 0.000000000 0.000000000
-0.000000000 0.000000000 0.000000000 0.000000000 -0.000000000 -0.000000000 -0.000000000 0.000000000 0.000000000 0.000000000 -0.000000000 0.000000000 -0.000000000 -0.000000000 -0.000000000 -0.000000000 -0.000000000 0.000000000 0.000000000 0.000000000 0.000000000 0.000000000 -0.000000000 0.000000000 0.000000000 -0.000000000 0.000000000 0.000000000 -0.000000000 0.000000000 0.000000000 -0.000000000 0.000000000 -0.000000000 0.000000000 0.000000000 0.000000000 0.000000000 -0.000000000 0.000000000 -0.000000000 0.000000000 -0.000000000 0.000000000 -0.000000000 -0.000000000 -0.000000000 -0.000000000 -0.000000000 0.000000000 0.000000000 -0.000000000 0.000000000 0.000000000 0.000000000 0.000000000 -0.000000000 0.000000000 -0.000000000 -0.000000000 -0.000000000 -0.000000000 0.000000000 0.000000000 -0.000000000 -0.000000000 0.000000000 0.000000000 0.000000000 0.000000000 -0.000000000 -0.000000000 -0.000000000 -0.000000000 0.000000000 -0.000000000 -0.000000000 -0.000000000 -0.000000000 0.000000000 0.000000000 -0.000000000 -0.000000000 -0.000000000 0.000000000 -0.000000000 -0.000000000 -0.000000000 -0.000000000 0.000000000 -0.000000000 0.000000000 0.000000000 -0.000000000 0.000000000 -0.000000000 -0.000000000 -0.000000000 -0.000000000 -0.000000000 -0.000000000 0.000000000 -0.000000000 0.000000000 -0.000000000 -0.000000000 -0.000000000 0.000000000 -0.000000000 0.000000000 -0.000000000 0.000000000 0.000000000 0.000000000 -0.000000000 0.000000000 -0.000000000 -0.000000000 -0.000000000 0.000000000 -0.000000000 0.000000000 0.000000000 0.000000000 -0.000000000 -0.000000000 -0.000000000 -0.000000000 0.000000000 -0.000000000 -0.000000000 0.000000000 0.000000000 0.000000000 -0.000000000 -0.000000000 0.000000000 -0.000000000 -0.000000000 -0.000000000 -0.000000000 -0.000000000 0.000000000 0.000000000 0.000000000 0.000000000
0.000000000 0.000000000 0.000000000 0.000000000 -0.000000000 -0.000000000 -0.000000000 0.000000000 0.000000000 0.000000000 -0.000000000 0.000000000 -0.000000000 -0.000000000 -0.000000000 -0.000000000 -0.000000000 0.000000000 0.000000000 0.000000000 0.000000000 0.000000000 -0.000000000 0.000000000 0.000000000 -0.000000000 0.000000000 0.000000000 -0.000000000 0.000000000 0.000000000 -0.000000000 0.000000000 -0.000000000 0.000000000 0.000000000 0.000000000 0.000000000 -0.000000000 0.000000000 -0.000000000 0.000000000 -0.000000000 0.000000000 -0.000000000 -0.000000000 -0.000000000 -0.000000000 -0.000000000 0.000000000 0.000000000 -0.000000000 0.000000000 0.000000000 0.000000000 0.000000000 -0.000000000 0.000000000 -0.000000000 -0.000000000 -0.000000000 -0.000000000 0.000000000 0.000000000 -0.000000000 -0.000000000 0.000000000 0.000000000 0.000000000 0.000000000 -0.000000000 -0.000000000 -0.000000000 -0.000000000 0.000000000 -0.000000000 -0.000000000 -0.000000000 -0.000000000 0.000000000 0.000000000 -0.000000000 -0.000000000 -0.000000000 0.000000000 -0.000000000 -0.000000000 -0.000000000 -0.000000000 0.000000000 -0.000000000 0.000000000 0.000000000 -0.000000000 0.000000000 -0.000000000 -0.000000000 -0.000000000 -0.000000000 -0.000000000 -0.000000000 0.000000000 -0.000000000 0.000000000 -0.000000000 -0.000000000 -0.000000000 0.000000000 -0.000000000 0.000000000 -0.000000000 0.000000000 0.000000000 0.000000000 -0.000000000 0.000000000 -0.000000000 -0.000000000 -0.000000000 0.000000000 -0.000000000 0.000000000 0.000000000 0.000000000 -0.000000000 -0.000000000 -0.000000000 -0.000000000 0.000000000 -0.000000000 -0.000000000 0.000000000 0.000000000 0.000000000 -0.000000000 -0.000000000 0.000000000 -0.000000000 -0.000000000 -0.000000000 -0.000000000 -0.000000000 0.000000000 0.000000000 0.000000000 0.000000000
-0.000000000 0.000000000 0.000000000 0.000000000 -0.000000000 -0.000000000 -0.000000000 0.000000000 0.000000000 0.000000000 -0.000000000 0.000000000 -0.000000000 -0.000000000 -0.000000000 -0.000000000 -0.000000000 0.000000000 0.000000000 0.000000000 0.000000000 0.000000000 -0.000000000 0.000000000 0.000000000 -0.000000000 0.000000000 0.000000000 -0.000000000 0.000000000 0.000000000 -0.000000000 0.000000000 -0.000000000 0.000000000 0.000000000 0.000000000 0.000000000 -0.000000000 0.000000000 -0.000000000 0.000000000 -0.000000000 0.000000000 -0.000000000 -0.000000000 -0.000000000 -0.000000000 -0.000000000 0.000000000 0.000000000 -0.000000000 0.000000000 0.000000000 0.000000000 0.000000000 -0.000000000 0.000000000 -0.000000000 -0.000000000 -0.000000000 -0.000000000 0.000000000 0.000000000 -0.000000000 -0.000000000 0.000000000 0.000000000 0.000000000 0.000000000 -0.000000000 -0.000000000 -0.000000000 -0.000000000 0.000000000 -0.000000000 -0.000000000 -0.000000000 -0.000000000 0.000000000 0.000000000 -0.000000000 -0.000000000 -0.000000000 0.000000000 -0.000000000 -0.000000000 -0.000000000 -0.000000000 0.000000000 -0.000000000 0.000000000 0.000000000 -0.000000000 0.000000000 -0.000000000 -0.000000000 -0.000000000 -0.000000000 -0.000000000 -0.000000000 0.000000000 -0.000000000 0.000000000 -0.000000000 -0.000000000 -0.000000000 0.000000000 -0.000000000 0.000000000 -0.000000000 0.000000000 0.000000000 0.000000000 -0.000000000 0.000000000 -0.000000000 -0.000000000 -0.000000000 0.000000000 -0.000000000 0.000000000 0.000000000 0.000000000 -0.000000000 -0.000000000 -0.000000000 -0.000000000 0.000000000 -0.000000000 -0.000000000 0.000000000 0.000000000 0.000000000 -0.000000000 -0.000000000 0.000000000 -0.000000000 -0.000000000 -0.000000000 -0.000000000 -0.000000000 0.000000000 0.000000000 0.000000000 0.000000000
-0.000000000 -0.000000000 -0.000000000 -0.000000000 0.000000000 0.000000000 0.000000000 -0.000000000 -0.000000000 -0.000000000 0.000000000 -0.000000000 0.000000000 0.000000000 0.000000000 0.000000000 0.000000000 -0.000000000 -0.000000000 -0.000000000 -0.000000000 -0.000000000 0.000000000 -0.000000000 -0.000000000 0.000000000 -0.000000000 -0.000000000 0.000000000 -0.000000000 -0.000000000 0.000000000 -0.000000000 0.000000000 -0.000000000 -0.000000000 -0.000000000 -0.000000000 0.000000000 -0.000000000 0.000000000 -0.000000000 0.000000000 -0.000000000 0.000000000 0.000000000 0.000000000 0.000000000 0.000000000 -0.000000000 -0.000000000 0.000000000 -0.000000000 -0.000000000 -0.000000000 -0.000000000 0.000000000 -0.000000000 0.000000000 0.000000000 0.000000000 0.000000000 -0.000000000 -0.000000000 0.000000000 0.000000000 -0.000000000 -0.000000000 -0.000000000 -0.000000000 0.000000000 0.000000000 0.000000000 0.000000000 -0.000000000 0.000000000 0.000000000 0.000000000 0.000000000 -0.000000000 -0.000000000 0.000000000 0.000000000 0.000000000 -0.000000000 0.000000000 0.000000000 0.000000000 0.000000000 -0.000000000 0.000000000 -0.000000000 -0.000000000 0.000000000 -0.000000000 0.000000000 0.000000000 0.000000000 0.000000000 0.000000000 0.000000000 -0.000000000 0.000000000 -0.000000000 0.000000000 0.000000000 0.000000000 -0.000000000 0.000000000 -0.000000000 0.000000000 -0.000000000 -0.000000000 -0.000000000 0.000000000 -0.000000000 0.000000000 0.000000000 0.000000000 -0.000000000 0.000000000 -0.000000000 -0.000000000 -0.000000000 0.000000000 0.000000000 0.000000000 0.000000000 -0.000000000 0.000000000 0.000000000 -0.000000000 -0.000000000 -0.000000000 0.000000000 0.000000000 -0.000000000 0.000000000 0.000000000 0.000000000 0.000000000 0.000000000 -0.000000000 -0.000000000 -0.000000000 -0.000000000
-0.000000000 0.000000000 0.000000000 0.000000000 -0.000000000 -0.000000000 -0.000000000 0.000000000 0.000000000 0.000000000 -0.000000000 0.000000000 -0.000000000 -0.000000000 -0.000000000 -0.000000000 -0.000000000 0.000000000 0.000000000 0.000000000 0.000000000 0.000000000 -0.000000000 0.000000000 0.000000000 -0.000000000 0.000000000 0.000000000 -0.000000000 0.000000000 0.000000000 -0.000000000 0.000000000 -0.000000000 0.000000000 0.000000000 0.000000000 0.000000000 -0.000000000 0.000000000 -0.000000000 0.000000000 -0.000000000 0.000000000 -0.000000000 -0.000000000 -0.000000000 -0.000000000 -0.000000000 0.000000000 0.000000000 -0.000000000 0.000000000 0.000000000 0.000000000 0.000000000 -0.000000000 0.000000000 -0.000000000 -0.000000000 -0.000000000 -0.000000000 0.000000000 0.000000000 -0.000000000 -0.000000000 0.000000000 0.000000000 0.000000000 0.000000000 -0.000000000 -0.000000000 -0.000000000 -0.000000000 0.000000000 -0.000000000 -0.000000000 -0.000000000 -0.000000000 0.000000000 0.000000000 -0.000000000 -0.000000000 -0.000000000 0.000000000 -0.000000000 -0.000000000 -0.000000000 -0.000000000 0.000000000 -0.000000000 0.000000000 0.000000000 -0.000000000 0.000000000 -0.000000000 -0.000000000 -0.000000000 -0.000000000 -0.000000000 -0.000000000 0.000000000 -0.000000000 0.000000000 -0.000000000 -0.000000000 -0.000000000 0.000000000 -0.000000000 0.000000000 -0.000000000 0.000000000 0.000000000 0.000000000 -0.000000000 0.000000000 -0.000000000 -0.000000000 -0.000000000 0.000000000 -0.000000000 0.000000000 0.000000000 0.000000000 -0.000000000 -0.000000000 -0.000000000 -0.000000000 0.000000000 -0.000000000 -0.000000000 0.000000000 0.000000000 0.000000000 -0.000000000 -0.000000000 0.000000000 -0.000000000 -0.000000000 -0.000000000 -0.000000000 -0.000000000 0.000000000 0.000000000 0.000000000 0.000000000
-0.000198881 -0.000009269 -0.000060374 -0.000171393 0.002340384 0.000231012 0.000000000 -0.000000000 -0.000052522 -0.000000000 0.000000000 -0.000011441 0.000000000 0.000000000 0.001335092 0.000000000 0.000000000 -0.000224800 -0.000000000 -0.000000000 -0.000013873 -0.000000000 0.000000000 -0.000000654 -0.000000000 0.000000000 -0.000000000 -0.000000000 0.000025337 -0.000000000 -0.000000000 0.000000000 -0.000000000 0.000022530 -0.000000000 -0.000000000 -0.000000000 -0.000000000 0.000220231 -0.000000000 0.000000000 -0.000000000 0.000000000 -0.000000000 0.000002174 0.000000000 0.000000000 0.000000000 0.000000000 -0.000000000 -0.000000000 0.000006261 -0.000000000 -0.000000000 -0.000000000 -0.000000000 0.000000000 -0.000000000 0.000046772 0.000000000 0.000000000 0.000000000 -0.000000000 -0.000000000 0.000000000 0.000000000 -0.000000872 -0.000000000 -0.000000000 -0.000000000 0.000000000 0.000000000 0.000000000 0.000000000 -0.000000000 0.000014507 0.000000000 0.000000000 0.000000000 -0.000000000 -0.000000000 0.000000000 0.000000000 0.000000000 -0.000000000 0.000002557 0.000000000 0.000000000 0.000000000 -0.000000000 0.000000000 -0.000067629 -0.000193194 0.004607621 -0.000302311 0.001433316 0.000000000 0.000000000 0.000000097 0.000000000 0.000000000 -0.000005405 0.000000000 -0.000000000 0.000002876 0.000000000 0.000000000 -0.000071352 0.000000000 -0.000000000 0.000000554 -0.000000000 -0.000000000 -0.000000000 0.000000000 -0.000001869 0.000000000 0.000000000 0.000000000 -0.000000000 0.000008209 -0.000000000 -0.000000000 -0.000000000 0.000000000 0.000000000 0.000000133 0.000000000 -0.000000000 0.000000000 0.000000000 -0.000000000 -0.000000000 -0.000000763 0.000000000 0.000000000 -0.000000000 0.000000000 0.000000000 0.000000000 0.000000000 0.000000016 -0.000000000 -0.000000000 -0.000000000 -0.000000000
-0.000000000 -0.000000000 -0.000000000 -0.000000000 0.000000000 0.000000000 0.000000000 -0.000000000 -0.000000000 -0.000000000 0.000000000 -0.000000000 0.000000000 0.000000000 0.000000000 0.000000000 0.000000000 -0.000000000 -0.000000000 -0.000000000 -0.000000000 -0.000000000 0.000000000 -0.000000000 -0.000000000 0.000000000 -0.000000000 -0.000000000 0.000000000 -0.000000000 -0.000000000 0.000000000 -0.000000000 0.000000000 -0.000000000 -0.000000000 -0.000000000 -0.000000000 0.000000000 -0.000000000 0.000000000 -0.000000000 0.000000000 -0.000000000 0.000000000 0.000000000 0.000000000 0.000000000 0.000000000 -0.000000000 -0.000000000 0.000000000 -0.000000000 -0.000000000 -0.000000000 -0.000000000 0.000000000 -0.000000000 0.000000000 0.000000000 0.000000000 0.000000000 -0.000000000 -0.000000000 0.000000000 0.000000000 -0.000000000 -0.000000000 -0.000000000 -0.000000000 0.000000000 0.000000000 0.000000000 0.000000000 -0.000000000 0.000000000 0.000000000 0.000000000 0.000000000 -0.000000000 -0.000000000 0.000000000 0.000000000 0.000000000 -0.000000000 0.000000000 0.000000000 0.000000000 0.000000000 -0.000000000 0.000000000 -0.000000000 -0.000000000 0.000000000 -0.000000000 0.000000000 0.000000000 0.000000000 0.000000000 0.000000000 0.000000000 -0.000000000 0.000000000 -0.000000000 0.000000000 0.000000000 0.000000000 -0.000000000 0.000000000 -0.000000000 0.000000000 -0.000000000 -0.000000000 -0.000000000 0.000000000 -0.000000000 0.000000000 0.000000000 0.000000000 -0.000000000 0.000000000 -0.000000000 -0.000000000 -0.000000000 0.000000000 0.000000000 0.000000000 0.000000000 -0.000000000 0.000000000 0.000000000 -0.000000000 -0.000000000 -0.000000000 0.000000000 0.000000000 -0.000000000 0.000000000 0.000000000 0.000000000 0.000000000 0.000000000 -0.000000000 -0.000000000 -0.000000000 -0.000000000
0.000000000 -0.000000000 -0.000000000 -0.000000000 0.000000000 0.000000000 0.000000000 -0.000000000 -0.000000000 -0.000000000 0.000000000 -0.000000000 0.000000000 0.000000000 0.000000000 0.000000000 0.000000000 -0.000000000 -0.000000000 -0.000000000 -0.000000000 -0.000000000 0.000000000 -0.000000000 -0.000000000 0.000000000 -0.000000000 -0.000000000 0.000000000 -0.000000000 -0.000000000 0.000000000 -0.000000000 0.000000000 -0.000000000 -0.000000000 -0.000000000 -0.000000000 0.000000000 -0.000000000 0.000000000 -0.000000000 0.000000000 -0.000000000 0.000000000 0.000000000 0.000000000 0.000000000 0.000000000 -0.000000000 -0.000000000 0.000000000 -0.000000000 -0.000000000 -0.000000000 -0.000000000 0.000000000 -0.000000000 0.000000000 0.000000000 0.000000000 0.000000000 -0.000000000 -0.000000000 0.000000000 0.000000000 -0.000000000 -0.000000000 -0.000000000 -0.000000000 0.000000000 0.000000000 0.000000000 0.000000000 -0.000000000 0.000000000 0.000000000 0.000000000 0.000000000 -0.000000000 -0.000000000 0.000000000 0.000000000 0.000000000 -0.000000000 0.000000000 0.000000000 0.000000000 0.000000000 -0.000000000 0.000000000 -0.000000000 -0.000000000 0.000000000 -0.000000000 0.000000000 0.000000000 0.000000000 0.000000000 0.000000000 0.000000000 -0.000000000 0.000000000 -0.000000000 0.000000000 0.000000000 0.000000000 -0.000000000 0.000000000 -0.000000000 0.000000000 -0.000000000 -0.000000000 -0.000000000 0.000000000 -0.000000000 0.000000000 0.000000000 0.000000000 -0.000000000 0.000000000 -0.000000000 -0.000000000 -0.000000000 0.000000000 0.000000000 0.000000000 0.000000000 -0.000000000 0.000000000 0.000000000 -0.000000000 -0.000000000 -0.000000000 0.000000000 0.000000000 -0.000000000 0.000000000 0.000000000 0.000000000 0.000000000 0.000000000 -0.000000000 -0.000000000 -0.000000000 -0.000000000
-0.000000000 -0.000000000 -0.000000000 -0.000000000 0.000000000 0.000000000 0.000000000 -0.000000000 -0.000000000 -0.000000000 0.000000000 -0.000000000 0.000000000 0.000000000 0.000000000 0.000000000 0.000000000 -0.000000000 -0.000000000 -0.000000000 -0.000000000 -0.000000000 0.000000000 -0.000000000 -0.000000000 0.000000000 -0.000000000 -0.000000000 0.000000000 -0.000000000 -0.000000000 0.000000000 -0.000000000 0.000000000 -0.000000000 -0.000000000 -0.000000000 -0.000000000 0.000000000 -0.000000000 0.000000000 -0.000000000 0.000000000 -0.000000000 0.000000000 0.000000000 0.000000000 0.000000000 0.000000000 -0.000000000 -0.000000000 0.000000000 -0.000000000 -0.000000000 -0.000000000 -0.000000000 0.000000000 -0.000000000 0.000000000 0.000000000 0.000000000 0.000000000 -0.000000000 -0.000000000 0.000000000 0.000000000 -0.000000000 -0.000000000 -0.000000000 -0.000000000 0.000000000 0.000000000 0.000000000 0.000000000 -0.000000000 0.000000000 0.000000000 0.000000000 0.000000000 -0.000000000 -0.000000000 0.000000000 0.000000000 0.000000000 -0.000000000 0.000000000 0.000000000 0.000000000 0.000000000 -0.000000000 0.000000000 -0.000000000 -0.000000000 0.000000000 -0.000000000 0.000000000 0.000000000 0.000000000 0.000000000 0.000000000 0.000000000 -0.000000000 0.000000000 -0.000000000 0.000000000 0.000000000 0.000000000 -0.000000000 0.000000000 -0.000000000 0.000000000 -0.000000000 -0.000000000 -0.000000000 0.000000000 -0.000000000 0.000000000 0.000000000 0.000000000 -0.000000000 0.000000000 -0.000000000 -0.000000000 -0.000000000 0.000000000 0.000000000 0.000000000 0.000000000 -0.000000000 0.000000000 0.000000000 -0.000000000 -0.000000000 -0.000000000 0.000000000 0.000000000 -0.000000000 0.000000000 0.000000000 0.000000000 0.000000000 0.000000000 -0.000000000 -0.000000000 -0.000000000 -0.000000000
0.000000000 0.000000000 0.000000000 0.000000000 -0.000000000 -0.000000000 -0.000000000 0.000000000 0.000000000 0.000000000 -0.000000000 0.000000000 -0.000000000 -0.000000000 -0.000000000 -0.000000000 -0.000000000 0.000000000 0.000000000 0.000000000 0.000000000 0.000000000 -0.000000000 0.000000000 0.000000000 -0.000000000 0.000000000 0.000000000 -0.000000000 0.000000000 0.000000000 -0.000000000 0.000000000 -0.000000000 0.000000000 0.000000000 0.000000000 0.000000000 -0.000000000 0.000000000 -0.000000000 0.000000000 -0.000000000 0.000000000 -0.000000000 -0.000000000 -0.000000000 -0.000000000 -0.000000000 0.000000000 0.000000000 -0.000000000 0.000000000 0.000000000 0.000000000 0.000000000 -0.000000000 0.000000000 -0.000000000 -0.000000000 -0.000000000 -0.000000000 0.000000000 0.000000000 -0.000000000 -0.000000000 0.000000000 0.000000000 0.000000000 0.000000000 -0.000000000 -0.000000000 -0.000000000 -0.000000000 0.000000000 -0.000000000 -0.000000000 -0.000000000 -0.000000000 0.000000000 0.000000000 -0.000000000 -0.000000000 -0.000000000 0.000000000 -0.000000000 -0.000000000 -0.000000000 -0.000000000 0.000000000 -0.000000000 0.000000000 0.000000000 -0.000000000 0.000000000 -0.000000000 -0.000000000 -0.000000000 -0.000000000 -0.000000000 -0.000000000 0.000000000 -0.000000000 0.000000000 -0.000000000 -0.000000000 -0.000000000 0.000000000 -0.000000000 0.000000000 -0.000000000 0.000000000 0.000000000 0.000000000 -0.000000000 0.000000000 -0.000000000 -0.000000000 -0.000000000 0.000000000 -0.000000000 0.000000000 0.000000000 0.000000000 -0.000000000 -0.000000000 -0.000000000 -0.000000000 0.000000000 -0.000000000 -0.000000000 0.000000000 0.000000000 0.000000000 -0.000000000 -0.000000000 0.000000000 -0.000000000 -0.000000000 -0.000000000 -0.000000000 -0.000000000 0.000000000 0.000000000 0.000000000 0.000000000
0.000000000 0.000000000 0.000000000 0.000000000 -0.000000000 -0.000000000 -0.000000000 0.000000000 0.000000000 0.000000000 -0.000000000 0.000000000 -0.000000000 0.000000000 -0.000000000 -0.000000000 -0.000000000 0.000000000 0.000000000 0.000000000 0.000000000 0.000000000 -0.000000000 0.000000000 0.000000000 -0.000000000 0.000000000 0.000000000 -0.000000000 0.000000000 0.000000000 -0.000000000 0.000000000 -0.000000000 0.000000000 0.000000000 0.000000000 0.000000000 -0.000000000 0.000000000 -0.000000000 0.000000000 -0.000000000 0.000000000 -0.000000000 -0.000000000 -0.000000000 -0.000000000 -0.000000000 0.000000000 0.000000000 -0.000000000 0.000000000 0.000000000 0.000000000 0.000000000 -0.000000000 0.000000000 -0.000000000 -0.000000000 -0.000000000 -0.000000000 0.000000000 0.000000000 -0.000000000 -0.000000000 0.000000000 0.000000000 0.000000000 0.000000000 -0.000000000 -0.000000000 -0.000000000 -0.000000000 0.000000000 -0.000000000 -0.000000000 -0.000000000 -0.000000000 0.000000000 0.000000000 -0.000000000 -0.000000000 -0.000000000 0.000000000 -0.000000000 -0.000000000 -0.000000000 -0.000000000 0.000000000 -0.000000000 0.000000000 0.000000000 -0.000000000 0.000000000 -0.000000000 -0.000000000 -0.000000000 -0.000000000 -0.000000000 -0.000000000 0.000000000 -0.000000000 0.000000000 -0.000000000 -0.000000000 -0.000000000 0.000000000 -0.000000000 0.000000000 -0.000000000 0.000000000 0.000000000 0.000000000 -0.000000000 0.000000000 -0.000000000 -0.000000000 -0.000000000 0.000000000 -0.000000000 0.000000000 0.000000000 0.000000000 -0.000000000 -0.000000000 -0.000000000 -0.000000000 0.000000000 -0.000000000 -0.000000000 0.000000000 0.000000000 0.000000000 -0.000000000 -0.000000000 0.000000000 -0.000000000 -0.000000000 -0.000000000 -0.000000000 -0.000000000 0.000000000 0.000000000 0.000000000 0.000000000
0.000000000 -0.000000000 -0.000000000 -0.000000000 0.000000000 0.000000000 0.000000000 -0.000000000 -0.000000000 -0.000000000 0.000000000 -0.000000000 0.000000000 0.000000000 0.000000000 0.000000000 0.000000000 -0.000000000 -0.000000000 -0.000000000 -0.000000000 -0.000000000 0.000000000 -0.000000000 -0.000000000 0.000000000 -0.000000000 -0.000000000 0.000000000 -0.000000000 -0.000000000 0.000000000 -0.000000000 0.000000000 -0.000000000 -0.000000000 -0.000000000 -0.000000000 0.000000000 -0.000000000 0.000000000 -0.000000000 0.000000000 -0.000000000 0.000000000 0.000000000 0.000000000 0.000000000 0.000000000 -0.000000000 -0.000000000 0.000000000 -0.000000000 -0.000000000 -0.000000000 -0.000000000 0.000000000 -0.000000000 0.000000000 0.000000000 0.000000000 0.000000000 -0.000000000 -0.000000000 0.000000000 0.000000000 -0.000000000 -0.000000000 -0.000000000 -0.000000000 0.000000000 0.000000000 0.000000000 0.000000000 -0.000000000 0.000000000 0.000000000 0.000000000 0.000000000 -0.000000000 -0.000000000 0.000000000 0.000000000 0.000000000 -0.000000000 0.000000000 0.000000000 0.000000000 0.000000000 -0.000000000 0.000000000 -0.000000000 -0.000000000 0.000000000 -0.000000000 0.000000000 0.000000000 0.000000000 0.000000000 0.000000000 0.000000000 -0.000000000 0.000000000 -0.000000000 0.000000000 0.000000000 0.000000000 -0.000000000 0.000000000 -0.000000000 0.000000000 -0.000000000 -0.000000000 -0.000000000 0.000000000 -0.000000000 0.000000000 0.000000000 0.000000000 -0.000000000 0.000000000 -0.000000000 -0.000000000 -0.000000000 0.000000000 0.000000000 0.000000000 0.000000000 -0.000000000 0.000000000 0.000000000 -0.000000000 -0.000000000 -0.000000000 0.000000000 0.000000000 -0.000000000 0.000000000 0.000000000 0.000000000 0.000000000 0.000000000 -0.000000000 -0.000000000 -0.000000000 -0.000000000
-0.000000000 -0.000000000 -0.000000000 -0.000000000 0.000000000 0.000000000 0.000000000 -0.000000000 -0.000000000 -0.000000000 0.000000000 -0.000000000 0.000000000 0.000000000 0.000000000 0.000000000 0.000000000 -0.000000000 -0.000000000 -0.000000000 -0.000000000 -0.000000000 0.000000000 -0.000000000 -0.000000000 0.000000000 -0.000000000 -0.000000000 0.000000000 -0.000000000 -0.000000000 0.000000000 -0.000000000 0.000000000 -0.000000000 -0.000000000 -0.000000000 -0.000000000 0.000000000 -0.000000000 0.000000000 -0.000000000 0.000000000 -0.000000000 0.000000000 0.000000000 0.000000000 0.000000000 0.000000000 -0.000000000 -0.000000000 0.000000000 -0.000000000 -0.000000000 -0.000000000 -0.000000000 0.000000000 -0.000000000 0.000000000 0.000000000 0.000000000 0.000000000 -0.000000000 -0.000000000 0.000000000 0.000000000 -0.000000000 -0.000000000 -0.000000000 -0.000000000 0.000000000 0.000000000 0.000000000 0.000000000 -0.000000000 0.000000000 0.000000000 0.000000000 0.000000000 -0.000000000 -0.000000000 0.000000000 0.000000000 0.000000000 -0.000000000 0.000000000 0.000000000 0.000000000 0.000000000 -0.000000000 0.000000000 -0.000000000 -0.000000000 0.000000000 -0.000000000 0.000000000 0.000000000 0.000000000 0.000000000 0.000000000 0.000000000 -0.000000000 0.000000000 -0.000000000 0.000000000 0.000000000 0.000000000 -0.000000000 0.000000000 -0.000000000 0.000000000 -0.000000000 -0.000000000 -0.000000000 0.000000000 -0.000000000 0.000000000 0.000000000 0.000000000 -0.000000000 0.000000000 -0.000000000 -0.000000000 -0.000000000 0.000000000 0.000000000 0.000000000 0.000000000 -0.000000000 0.000000000 0.000000000 -0.000000000 -0.000000000 -0.000000000 0.000000000 0.000000000 -0.000000000 0.000000000 0.000000000 0.000000000 0.000000000 0.000000000 -0.000000000 -0.000000000 -0.000000000 -0.000000000
0.000031139 0.000000174 0.000001057 0.000003087 -0.000043255 -0.000004324 -0.000000000 0.000000000 0.000001369 0.000000000 -0.000000000 0.000001023 -0.000000000 0.000000000 -0.000027096 -0.000000000 -0.000000000 0.000005217 0.000000000 0.000000000 0.000000616 0.000000000 -0.000000000 -0.000000001 0.000000000 -0.000000000 0.000000000 0.000000000 -0.000000464 0.000000000 0.000000000 -0.000000000 0.000000000 -0.000000422 0.000000000 0.000000000 0.000000000 0.000000000 -0.000004086 0.000000000 -0.000000000 0.000000000 -0.000000000 0.000000000 -0.000000043 -0.000000000 -0.000000000 -0.000000000 -0.000000000 0.000000000 0.000000000 -0.000000112 0.000000000 0.000000000 0.000000000 0.000000000 -0.000000000 0.000000000 -0.000000872 -0.000000000 -0.000000000 -0.000000000 0.000000000 0.000000000 -0.000000000 -0.000000000 0.000000017 0.000000000 0.000000000 0.000000000 -0.000000000 -0.000000000 -0.000000000 -0.000000000 0.000000000 -0.000000271 -0.000000000 -0.000000000 -0.000000000 0.000000000 0.000000000 -0.000000000 -0.000000000 -0.000000000 0.000000000 -0.000000048 -0.000000000 -0.000000000 -0.000000000 0.000000000 -0.000000000 0.000001255 0.000003581 -0.000085449 0.000005615 -0.000026582 -0.000000000 -0.000000000 -0.000000002 -0.000000000 -0.000000000 0.000000100 -0.000000000 0.000000000 -0.000000052 -0.000000000 -0.000000000 0.000001318 -0.000000000 0.000000000 -0.000000010 0.000000000 0.000000000 0.000000000 -0.000000000 0.000000035 -0.000000000 -0.000000000 -0.000000000 0.000000000 -0.000000152 0.000000000 0.000000000 0.000000000 -0.000000000 -0.000000000 -0.000000002 -0.000000000 0.000000000 -0.000000000 -0.000000000 0.000000000 0.000000000 0.000000014 -0.000000000 -0.000000000 0.000000000 -0.000000000 -0.000000000 -0.000000000 -0.000000000 -0.000000000 0.000000000 0.000000000 0.000000000 0.000000000
-0.000000000 0.000000000 0.000000000 0.000000000 -0.000000000 -0.000000000 -0.000000000 0.000000000 0.000000000 0.000000000 -0.000000000 0.000000000 -0.000000000 -0.000000000 -0.000000000 -0.000000000 -0.000000000 0.000000000 0.000000000 0.000000000 0.000000000 0.000000000 -0.000000000 0.000000000 0.000000000 -0.000000000 0.000000000 0.000000000 -0.000000000 0.000000000 0.000000000 -0.000000000 0.000000000 -0.000000000 0.000000000 0.000000000 0.000000000 0.000000000 -0.000000000 0.000000000 -0.000000000 0.000000000 -0.000000000 0.000000000 -0.000000000 -0.000000000 -0.000000000 -0.000000000 -0.000000000 0.000000000 0.000000000 -0.000000000 0.000000000 0.000000000 0.000000000 0.000000000 -0.000000000 0.000000000 -0.000000000 -0.000000000 -0.000000000 -0.000000000 0.000000000 0.000000000 -0.000000000 -0.000000000 0.000000000 0.000000000 0.000000000 0.000000000 -0.000000000 -0.000000000 -0.000000000 -0.000000000 0.000000000 -0.000000000 -0.000000000 -0.000000000 -0.000000000 0.000000000 0.000000000 -0.000000000 -0.000000000 -0.000000000 0.000000000 -0.000000000 -0.000000000 -0.000000000 -0.000000000 0.000000000 -0.000000000 0.000000000 0.000000000 -0.000000000 0.000000000 -0.000000000 -0.000000000 -0.000000000 -0.000000000 -0.000000000 -0.000000000 0.000000000 -0.000000000 0.000000000 -0.000000000 -0.000000000 -0.000000000 0.000000000 -0.000000000 0.000000000 -0.000000000 0.000000000 0.000000000 0.000000000 -0.000000000 0.000000000 -0.000000000 -0.000000000 -0.000000000 0.000000000 -0.000000000 0.000000000 0.000000000 0.000000000 -0.000000000 -0.000000000 -0.000000000 -0.000000000 0.000000000 -0.000000000 -0.000000000 0.000000000 0.000000000 0.000000000 -0.000000000 -0.000000000 0.000000000 -0.000000000 -0.000000000 -0.000000000 -0.000000000 -0.000000000 0.000000000 0.000000000 0.000000000 0.000000000
-0.000000000 0.000000000 0.000000000 0.000000000 -0.000000000 -0.000000000 -0.000000000 0.000000000 0.000000000 0.000000000 -0.000000000 -0.000000000 -0.000000000 -0.000000000 -0.000000000 -0.000000000 -0.000000000 0.000000000 0.000000000 0.000000000 -0.000000000 0.000000000 -0.000000000 0.000000000 0.000000000 -0.000000000 0.000000000 0.000000000 -0.000000000 0.000000000 0.000000000 -0.000000000 0.000000000 -0.000000000 0.000000000 0.000000000 0.000000000 0.000000000 -0.000000000 0.000000000 -0.000000000 0.000000000 -0.000000000 0.000000000 -0.000000000 -0.000000000 -0.000000000 -0.000000000 -0.000000000 0.000000000 0.000000000 -0.000000000 0.000000000 0.000000000 0.000000000 0.000000000 -0.000000000 0.000000000 -0.000000000 -0.000000000 -0.000000000 -0.000000000 0.000000000 0.000000000 -0.000000000 -0.000000000 0.000000000 0.000000000 0.000000000 0.000000000 -0.000000000 -0.000000000 -0.000000000 -0.000000000 0.000000000 -0.000000000 -0.000000000 -0.000000000 -0.000000000 0.000000000 0.000000000 -0.000000000 -0.000000000 -0.000000000 0.000000000 -0.000000000 -0.000000000 -0.000000000 -0.000000000 0.000000000 0.000000000 0.000000000 0.000000000 -0.000000000 0.000000000 -0.000000000 -0.000000000 -0.000000000 -0.000000000 -0.000000000 -0.000000000 0.000000000 -0.000000000 -0.000000000 -0.000000000 -0.000000000 -0.000000000 0.000000000 -0.000000000 0.000000000 -0.000000000 0.000000000 0.000000000 0.000000000 -0.000000000 0.000000000 -0.000000000 -0.000000000 -0.000000000 0.000000000 -0.000000000 0.000000000 0.000000000 0.000000000 -0.000000000 -0.000000000 -0.000000000 -0.000000000 0.000000000 -0.000000000 -0.000000000 0.000000000 0.000000000 0.000000000 -0.000000000 -0.000000000 0.000000000 -0.000000000 -0.000000000 -0.000000000 -0.000000000 -0.000000000 0.000000000 0.000000000 0.000000000 0.000000000
0.000000000 0.000000000 0.000000000 0.000000000 -0.000000000 -0.000000000 -0.000000000 0.000000000 0.000000000 0.000000000 -0.000000000 0.000000000 -0.000000000 -0.000000000 -0.000000000 -0.000000000 -0.000000000 0.000000000 0.000000000 0.000000000 0.000000000 0.000000000 -0.000000000 0.000000000 0.000000000 -0.000000000 0.000000000 0.000000000 -0.000000000 0.000000000 0.000000000 -0.000000000 0.000000000 -0.000000000 0.000000000 0.000000000 0.000000000 0.000000000 -0.000000000 0.000000000 -0.000000000 0.000000000 -0.000000000 0.000000000 -0.000000000 -0.000000000 -0.000000000 -0.000000000 -0.000000000 0.000000000 0.000000000 -0.000000000 0.000000000 0.000000000 0.000000000 0.000000000 -0.000000000 0.000000000 -0.000000000 -0.000000000 -0.000000000 -0.000000000 0.000000000 0.000000000 -0.000000000 -0.000000000 0.000000000 0.000000000 0.000000000 0.000000000 -0.000000000 -0.000000000 -0.000000000 -0.000000000 0.000000000 -0.000000000 -0.000000000 -0.000000000 -0.000000000 0.000000000 0.000000000 -0.000000000 -0.000000000 -0.000000000 0.000000000 -0.000000000 -0.000000000 -0.000000000 -0.000000000 0.000000000 -0.000000000 0.000000000 0.000000000 -0.000000000 0.000000000 -0.000000000 -0.000000000 -0.000000000 -0.000000000 -0.000000000 -0.000000000 0.000000000 -0.000000000 0.000000000 -0.000000000 -0.000000000 -0.000000000 0.000000000 -0.000000000 0.000000000 -0.000000000 0.000000000 0.000000000 0.000000000 -0.000000000 0.000000000 -0.000000000 -0.000000000 -0.000000000 0.000000000 -0.000000000 0.000000000 0.000000000 0.000000000 -0.000000000 -0.000000000 -0.000000000 -0.000000000 0.000000000 -0.000000000 -0.000000000 0.000000000 0.000000000 0.000000000 -0.000000000 -0.000000000 0.000000000 -0.000000000 -0.000000000 -0.000000000 -0.000000000 -0.000000000 0.000000000 0.000000000 0.000000000 0.000000000
0.000000000 -0.000000000 -0.000000000 -0.000000000 0.000000000 0.000000000 0.000000000 -0.000000000 -0.000000000 -0.000000000 0.000000000 0.000000000 0.000000000 0.000000000 0.000000000 0.000000000 0.000000000 -0.000000000 -0.000000000 -0.000000000 -0.000000000 -0.000000000 0.000000000 -0.000000000 -0.000000000 0.000000000 -0.000000000 -0.000000000 0.000000000 -0.000000000 -0.000000000 0.000000000 -0.000000000 0.000000000 -0.000000000 -0.000000000 -0.000000000 -0.000000000 0.000000000 -0.000000000 0.000000000 -0.000000000 0.000000000 -0.000000000 0.000000000 0.000000000 0.000000000 0.000000000 0.000000000 -0.000000000 -0.000000000 0.000000000 -0.000000000 -0.000000000 -0.000000000 -0.000000000 0.000000000 -0.000000000 0.000000000 0.000000000 0.000000000 0.000000000 -0.000000000 -0.000000000 0.000000000 0.000000000 -0.000000000 -0.000000000 -0.000000000 -0.000000000 0.000000000 0.000000000 0.000000000 0.000000000 -0.000000000 0.000000000 0.000000000 0.000000000 0.000000000 -0.000000000 -0.000000000 0.000000000 0.000000000 0.000000000 -0.000000000 0.000000000 0.000000000 0.000000000 0.000000000 -0.000000000 0.000000000 -0.000000000 -0.000000000 0.000000000 -0.000000000 0.000000000 0.000000000 0.000000000 0.000000000 0.000000000 0.000000000 -0.000000000 0.000000000 -0.000000000 0.000000000 0.000000000 0.000000000 -0.000000000 0.000000000 -0.000000000 0.000000000 -0.000000000 -0.000000000 -0.000000000 0.000000000 -0.000000000 0.000000000 0.000000000 0.000000000 -0.000000000 0.000000000 -0.000000000 -0.000000000 -0.000000000 0.000000000 0.000000000 0.000000000 0.000000000 -0.000000000 0.000000000 0.000000000 -0.000000000 -0.000000000 -0.000000000 0.000000000 0.000000000 -0.000000000 0.000000000 0.000000000 0.000000000 0.000000000 0.000000000 -0.000000000 -0.000000000 -0.000000000 -0.000000000
-0.000000000 -0.000000000 -0.000000000 -0.000000000 0.000000000 0.000000000 0.000000000 -0.000000000 -0.000000000 -0.000000000 0.000000000 -0.000000000 0.000000000 0.000000000 0.000000000 0.000000000 0.000000000 -0.000000000 -0.000000000 -0.000000000 -0.000000000 -0.000000000 0.000000000 -0.000000000 -0.000000000 0.000000000 -0.000000000 -0.000000000 0.000000000 -0.000000000 -0.000000000 0.000000000 -0.000000000 0.000000000 -0.000000000 -0.000000000 -0.000000000 -0.000000000 0.000000000 -0.000000000 0.000000000 -0.000000000 0.000000000 -0.000000000 0.000000000 0.000000000 0.000000000 0.000000000 0.000000000 -0.000000000 -0.000000000 0.000000000 -0.000000000 -0.000000000 -0.000000000 -0.000000000 0.000000000 -0.000000000 0.000000000 0.000000000 0.000000000 0.000000000 -0.000000000 -0.000000000 0.000000000 0.000000000 -0.000000000 -0.000000000 -0.000000000 -0.000000000 0.000000000 0.000000000 0.000000000 0.000000000 -0.000000000 0.000000000 0.000000000 0.000000000 0.000000000 -0.000000000 -0.000000000 0.000000000 0.000000000 0.000000000 -0.000000000 0.000000000 0.000000000 0.000000000 0.000000000 -0.000000000 0.000000000 -0.000000000 -0.000000000 0.000000000 -0.000000000 0.000000000 0.000000000 0.000000000 0.000000000 0.000000000 0.000000000 -0.000000000 0.000000000 -0.000000000 0.000000000 0.000000000 0.000000000 -0.000000000 0.000000000 -0.000000000 0.000000000 -0.000000000 -0.000000000 -0.000000000 0.000000000 -0.000000000 0.000000000 0.000000000 0.000000000 -0.000000000 0.000000000 -0.000000000 -0.000000000 -0.000000000 0.000000000 0.000000000 0.000000000 0.000000000 -0.000000000 0.000000000 0.000000000 -0.000000000 -0.000000000 -0.000000000 0.000000000 0.000000000 -0.000000000 0.000000000 0.000000000 0.000000000 0.000000000 0.000000000 -0.000000000 -0.000000000 -0.000000000 -0.000000000
-0.000000000 -0.000000000 -0.000000000 -0.000000000 0.000000000 0.000000000 0.000000000 -0.000000000 -0.000000000 -0.000000000 0.000000000 -0.000000000 0.000000000 0.000000000 0.000000000 0.000000000 0.000000000 -0.000000000 -0.000000000 -0.000000000 -0.000000000 -0.000000000 0.000000000 -0.000000000 -0.000000000 0.000000000 -0.000000000 -0.000000000 0.000000000 -0.000000000 -0.000000000 0.000000000 -0.000000000 0.000000000 -0.000000000 -0.000000000 -0.000000000 -0.000000000 0.000000000 -0.000000000 0.000000000 -0.000000000 0.000000000 -0.000000000 0.000000000 0.000000000 0.000000000 0.000000000 0.000000000 -0.000000000 -0.000000000 0.000000000 -0.000000000 -0.000000000 -0.000000000 -0.000000000 0.000000000 -0.000000000 0.000000000 0.000000000 0.000000000 0.000000000 -0.000000000 -0.000000000 0.000000000 0.000000000 -0.000000000 -0.000000000 -0.000000000 -0.000000000 0.000000000 0.000000000 0.000000000 0.000000000 -0.000000000 0.000000000 0.000000000 0.000000000 0.000000000 -0.000000000 -0.000000000 0.000000000 0.000000000 0.000000000 -0.000000000 0.000000000 0.000000000 0.000000000 0.000000000 -0.000000000 0.000000000 -0.000000000 -0.000000000 0.000000000 -0.000000000 0.000000000 0.000000000 0.000000000 0.000000000 0.000000000 0.000000000 -0.000000000 0.000000000 -0.000000000 0.000000000 0.000000000 0.000000000 -0.000000000 0.000000000 -0.000000000 0.000000000 -0.000000000 -0.000000000 -0.000000000 0.000000000 -0.000000000 0.000000000 0.000000000 0.000000000 -0.000000000 0.000000000 -0.000000000 -0.000000000 -0.000000000 0.000000000 0.000000000 0.000000000 0.000000000 -0.000000000 0.000000000 0.000000000 -0.000000000 -0.000000000 -0.000000000 0.000000000 0.000000000 -0.000000000 0.000000000 0.000000000 0.000000000 0.000000000 0.000000000 -0.000000000 -0.000000000 -0.000000000 -0.000000000
0.000000000 -0.000000000 -0.000000000 -0.000000000 0.000000000 0.000000000 0.000000000 -0.000000000 -0.000000000 -0.000000000 0.000000000 -0.000000000 0.000000000 0.000000000 0.000000000 0.000000000 0.000000000 -0.000000000 -0.000000000 -0.000000000 -0.000000000 -0.000000000 0.000000000 -0.000000000 -0.000000000 0.000000000 -0.000000000 -0.000000000 0.000000000 -0.000000000 -0.000000000 0.000000000 -0.000000000 0.000000000 -0.000000000 -0.000000000 -0.000000000 -0.000000000 0.000000000 -0.000000000 0.000000000 -0.000000000 0.000000000 -0.000000000 0.000000000 0.000000000 0.000000000 0.000000000 0.000000000 -0.000000000 -0.000000000 0.000000000 -0.000000000 -0.000000000 -0.000000000 -0.000000000 0.000000000 -0.000000000 0.000000000 0.000000000 0.000000000 0.000000000 -0.000000000 -0.000000000 0.000000000 0.000000000 -0.000000000 -0.000000000 -0.000000000 -0.000000000 0.000000000 0.000000000 0.000000000 0.000000000 -0.000000000 0.000000000 0.000000000 0.000000000 0.000000000 -0.000000000 -0.000000000 0.000000000 0.000000000 0.000000000 -0.000000000 0.000000000 0.000000000 0.000000000 0.000000000 -0.000000000 0.000000000 -0.000000000 -0.000000000 0.000000000 -0.000000000 0.000000000 0.000000000 0.000000000 0.000000000 0.000000000 0.000000000 -0.000000000 0.000000000 -0.000000000 0.000000000 0.000000000 0.000000000 -0.000000000 0.000000000 -0.000000000 0.000000000 -0.000000000 -0.000000000 -0.000000000 0.000000000 -0.000000000 0.000000000 0.000000000 0.000000000 -0.000000000 0.000000000 -0.000000000 -0.000000000 -0.000000000 0.000000000 0.000000000 0.000000000 0.000000000 -0.000000000 0.000000000 0.000000000 -0.000000000 -0.000000000 -0.000000000 0.000000000 0.000000000 -0.000000000 0.000000000 0.000000000 0.000000000 0.000000000 0.000000000 -0.000000000 -0.000000000 -0.000000000 -0.000000000
-0.000000000 0.000000000 0.000000000 0.000000000 -0.000000000 -0.000000000 -0.000000000 0.000000000 0.000000000 0.000000000 -0.000000000 0.000000000 -0.000000000 -0.000000000 -0.000000000 -0.000000000 -0.000000000 0.000000000 0.000000000 0.000000000 0.000000000 0.000000000 -0.000000000 0.000000000 0.000000000 -0.000000000 0.000000000 0.000000000 -0.000000000 0.000000000 0.000000000 -0.000000000 0.000000000 -0.000000000 0.000000000 0.000000000 0.000000000 0.000000000 -0.000000000 0.000000000 -0.000000000 0.000000000 -0.000000000 0.000000000 -0.000000000 -0.000000000 -0.000000000 -0.000000000 -0.000000000 0.000000000 0.000000000 -0.000000000 0.000000000 0.000000000 0.000000000 0.000000000 -0.000000000 0.000000000 -0.000000000 -0.000000000 -0.000000000 -0.000000000 0.000000000 0.000000000 -0.000000000 -0.000000000 0.000000000 0.000000000 0.000000000 0.000000000 -0.000000000 -0.000000000 -0.000000000 -0.000000000 0.000000000 -0.000000000 -0.000000000 -0.000000000 -0.000000000 0.000000000 0.000000000 -0.000000000 -0.000000000 -0.000000000 0.000000000 -0.000000000 -0.000000000 -0.000000000 -0.000000000 0.000000000 -0.000000000 0.000000000 0.000000000 -0.000000000 0.000000000 -0.000000000 -0.000000000 -0.000000000 -0.000000000 -0.000000000 -0.000000000 0.000000000 -0.000000000 0.000000000 -0.000000000 -0.000000000 -0.000000000 0.000000000 -0.000000000 0.000000000 -0.000000000 0.000000000 0.000000000 0.000000000 -0.000000000 0.000000000 -0.000000000 -0.000000000 -0.000000000 0.000000000 -0.000000000 0.000000000 0.000000000 0.000000000 -0.000000000 -0.000000000 -0.000000000 -0.000000000 0.000000000 -0.000000000 -0.000000000 0.000000000 0.000000000 0.000000000 -0.000000000 -0.000000000 0.000000000 -0.000000000 -0.000000000 -0.000000000 -0.000000000 -0.000000000 0.000000000 0.000000000 0.000000000 0.000000000
-0.000090208 -0.000002876 -0.000018655 -0.000053047 0.000725508 0.000071669 0.000000000 -0.000000000 -0.000016696 -0.000000000 0.000000000 -0.000004390 0.000000000 0.000000000 0.000416389 0.000000000 0.000000000 -0.000070792 -0.000000000 -0.000000000 -0.000004674 -0.000000000 0.000000000 -0.000000189 -0.000000000 0.000000000 -0.000000000 -0.000000000 0.000007849 -0.000000000 -0.000000000 0.000000000 -0.000000000 0.000006990 -0.000000000 -0.000000000 -0.000000000 -0.000000000 0.000068286 -0.000000000 0.000000000 -0.000000000 0.000000000 -0.000000000 0.000000677 0.000000000 0.000000000 0.000000000 0.000000000 -0.000000000 -0.000000000 0.000001938 -0.000000000 -0.000000000 -0.000000000 -0.000000000 0.000000000 -0.000000000 0.000014507 0.000000000 0.000000000 0.000000000 -0.000000000 -0.000000000 0.000000000 0.000000000 -0.000000271 -0.000000000 -0.000000000 -0.000000000 0.000000000 0.000000000 0.000000000 0.000000000 -0.000000000 0.000004500 0.000000000 0.000000000 0.000000000 -0.000000000 -0.000000000 0.000000000 0.000000000 0.000000000 -0.000000000 0.000000793 0.000000000 0.000000000 0.000000000 -0.000000000 0.000000000 -0.000020970 -0.000059900 0.001428643 -0.000093744 0.000444416 0.000000000 0.000000000 0.000000030 0.000000000 0.000000000 -0.000001675 0.000000000 -0.000000000 0.000000890 0.000000000 0.000000000 -0.000022118 0.000000000 -0.000000000 0.000000172 -0.000000000 -0.000000000 -0.000000000 0.000000000 -0.000000580 0.000000000 0.000000000 0.000000000 -0.000000000 0.000002545 -0.000000000 -0.000000000 -0.000000000 0.000000000 0.000000000 0.000000041 0.000000000 -0.000000000 0.000000000 0.000000000 -0.000000000 -0.000000000 -0.000000237 0.000000000 0.000000000 -0.000000000 0.000000000 0.000000000 0.000000000 0.000000000 0.000000005 -0.000000000 -0.000000000 -0.000000000 -0.000000000
-0.000000000 -0.000000000 -0.000000000 -0.000000000 0.000000000 0.000000000 0.000000000 -0.000000000 -0.000000000 -0.000000000 0.000000000 -0.000000000 0.000000000 0.000000000 0.000000000 0.000000000 0.000000000 -0.000000000 -0.000000000 -0.000000000 -0.000000000 -0.000000000 0.000000000 -0.000000000 -0.000000000 0.000000000 -0.000000000 -0.000000000 0.000000000 -0.000000000 -0.000000000 0.000000000 -0.000000000 0.000000000 -0.000000000 -0.000000000 -0.000000000 -0.000000000 0.000000000 -0.000000000 0.000000000 -0.000000000 0.000000000 -0.000000000 0.000000000 0.000000000 0.000000000 0.000000000 0.000000000 -0.000000000 -0.000000000 0.000000000 -0.000000000 -0.000000000 -0.000000000 -0.000000000 0.000000000 -0.000000000 0.000000000 0.000000000 0.000000000 0.000000000 -0.000000000 -0.000000000 0.000000000 0.000000000 -0.000000000 -0.000000000 -0.000000000 -0.000000000 0.000000000 0.000000000 0.000000000 0.000000000 -0.000000000 0.000000000 0.000000000 0.000000000 0.000000000 -0.000000000 -0.000000000 0.000000000 0.000000000 0.000000000 -0.000000000 0.000000000 0.000000000 0.000000000 0.000000000 -0.000000000 0.000000000 -0.000000000 -0.000000000 0.000000000 -0.000000000 0.000000000 0.000000000 0.000000000 0.000000000 0.000000000 0.000000000 -0.000000000 0.000000000 -0.000000000 0.000000000 0.000000000 0.000000000 -0.000000000 0.000000000 -0.000000000 0.000000000 -0.000000000 -0.000000000 -0.000000000 0.000000000 -0.000000000 0.000000000 0.000000000 0.000000000 -0.000000000 0.000000000 -0.000000000 -0.000000000 -0.000000000 0.000000000 0.000000000 0.000000000 0.000000000 -0.000000000 0.000000000 0.000000000 -0.000000000 -0.000000000 -0.000000000 0.000000000 0.000000000 -0.000000000 0.000000000 0.000000000 0.000000000 0.000000000 0.000000000 -0.000000000 -0.000000000 -0.000000000 -0.000000000
0.000000000 -0.000000000 -0.000000000 -0.000000000 0.000000000 0.000000000 0.000000000 -0.000000000 -0.000000000 -0.000000000 0.000000000 0.000000000 0.000000000 0.000000000 0.000000000 0.000000000 0.000000000 -0.000000000 -0.000000000 -0.000000000 -0.000000000 -0.000000000 0.000000000 -0.000000000 -0.000000000 0.000000000 -0.000000000 -0.000000000 0.000000000 -0.000000000 -0.000000000 0.000000000 -0.000000000 0.000000000 -0.000000000 -0.000000000 -0.000000000 -0.000000000 0.000000000 -0.000000000 0.000000000 -0.000000000 0.000000000 -0.000000000 0.000000000 0.000000000 0.000000000 0.000000000 0.000000000 -0.000000000 -0.000000000 0.000000000 -0.000000000 -0.000000000 -0.000000000 -0.000000000 0.000000000 -0.000000000 0.000000000 0.000000000 0.000000000 0.000000000 -0.000000000 -0.000000000 0.000000000 0.000000000 -0.000000000 -0.000000000 -0.000000000 -0.000000000 0.000000000 0.000000000 0.000000000 0.000000000 -0.000000000 0.000000000 0.000000000 0.000000000 0.000000000 -0.000000000 -0.000000000 0.000000000 0.000000000 0.000000000 -0.000000000 0.000000000 0.000000000 0.000000000 0.000000000 -0.000000000 0.000000000 -0.000000000 -0.000000000 0.000000000 -0.000000000 0.000000000 0.000000000 0.000000000 0.000000000 0.000000000 0.000000000 -0.000000000 0.000000000 -0.000000000 0.000000000 0.000000000 0.000000000 -0.000000000 0.000000000 -0.000000000 0.000000000 -0.000000000 -0.000000000 -0.000000000 0.000000000 -0.000000000 0.000000000 0.000000000 0.000000000 -0.000000000 0.000000000 -0.000000000 -0.000000000 -0.000000000 0.000000000 0.000000000 0.000000000 0.000000000 -0.000000000 0.000000000 0.000000000 -0.000000000 -0.000000000 -0.000000000 0.000000000 0.000000000 -0.000000000 0.000000000 0.000000000 0.000000000 0.000000000 0.000000000 -0.000000000 -0.000000000 -0.000000000 -0.000000000
-0.000000000 -0.000000000 -0.000000000 -0.000000000 0.000000000 0.000000000 0.000000000 -0.000000000 -0.000000000 -0.000000000 0.000000000 -0.000000000 0.000000000 0.000000000 0.000000000 0.000000000 0.000000000 -0.000000000 -0.000000000 -0.000000000 -0.000000000 -0.000000000 0.000000000 -0.000000000 -0.000000000 0.000000000 -0.000000000 -0.000000000 0.000000000 -0.000000000 -0.000000000 0.000000000 -0.000000000 0.000000000 -0.000000000 -0.000000000 -0.000000000 -0.000000000 0.000000000 -0.000000000 0.000000000 -0.000000000 0.000000000 -0.000000000 0.000000000 0.000000000 0.000000000 0.000000000 0.000000000 -0.000000000 -0.000000000 0.000000000 -0.000000000 -0.000000000 -0.000000000 -0.000000000 0.000000000 -0.000000000 0.000000000 0.000000000 0.000000000 0.000000000 -0.000000000 -0.000000000 0.000000000 0.000000000 -0.000000000 -0.000000000 -0.000000000 -0.000000000 0.000000000 0.000000000 0.000000000 0.000000000 -0.000000000 0.000000000 0.000000000 0.000000000 0.000000000 -0.000000000 -0.000000000 0.000000000 0.000000000 0.000000000 -0.000000000 0.000000000 0.000000000 0.000000000 0.000000000 -0.000000000 0.000000000 -0.000000000 -0.000000000 0.000000000 -0.000000000 0.000000000 0.000000000 0.000000000 0.000000000 0.000000000 0.000000000 -0.000000000 0.000000000 -0.000000000 0.000000000 0.000000000 0.000000000 -0.000000000 0.000000000 -0.000000000 0.000000000 -0.000000000 -0.000000000 -0.000000000 0.000000000 -0.000000000 0.000000000 0.000000000 0.000000000 -0.000000000 0.000000000 -0.000000000 -0.000000000 -0.000000000 0.000000000 0.000000000 0.000000000 0.000000000 -0.000000000 0.000000000 0.000000000 -0.000000000 -0.000000000 -0.000000000 0.000000000 0.000000000 -0.000000000 0.000000000 0.000000000 0.000000000 0.000000000 0.000000000 -0.000000000 -0.000000000 -0.000000000 -0.000000000
-0.000000000 0.000000000 0.000000000 0.000000000 -0.000000000 -0.000000000 -0.000000000 0.000000000 0.000000000 0.000000000 -0.000000000 0.000000000 -0.000000000 -0.000000000 -0.000000000 -0.000000000 -0.000000000 0.000000000 0.000000000 0.000000000 0.000000000 0.000000000 -0.000000000 0.000000000 0.000000000 -0.000000000 0.000000000 0.000000000 -0.000000000 0.000000000 0.000000000 -0.000000000 0.000000000 -0.000000000 0.000000000 0.000000000 0.000000000 0.000000000 -0.000000000 0.000000000 -0.000000000 0.000000000 -0.000000000 0.000000000 -0.000000000 -0.000000000 -0.000000000 -0.000000000 -0.000000000 0.000000000 0.000000000 -0.000000000 0.000000000 0.000000000 0.000000000 0.000000000 -0.000000000 0.000000000 -0.000000000 -0.000000000 -0.000000000 -0.000000000 0.000000000 0.000000000 -0.000000000 -0.000000000 0.000000000 0.000000000 0.000000000 0.000000000 -0.000000000 -0.000000000 -0.000000000 -0.000000000 0.000000000 -0.000000000 -0.000000000 -0.000000000 -0.000000000 0.000000000 0.000000000 -0.000000000 -0.000000000 -0.000000000 0.000000000 -0.000000000 -0.000000000 -0.000000000 -0.000000000 0.000000000 -0.000000000 0.000000000 0.000000000 -0.000000000 0.000000000 -0.000000000 -0.000000000 -0.000000000 -0.000000000 -0.000000000 -0.000000000 0.000000000 -0.000000000 0.000000000 -0.000000000 -0.000000000 -0.000000000 0.000000000 -0.000000000 0.000000000 -0.000000000 0.000000000 0.000000000 0.000000000 -0.000000000 0.000000000 -0.000000000 -0.000000000 -0.000000000 0.000000000 -0.000000000 0.000000000 0.000000000 0.000000000 -0.000000000 -0.000000000 -0.000000000 -0.000000000 0.000000000 -0.000000000 -0.000000000 0.000000000 0.000000000 0.000000000 -0.000000000 -0.000000000 0.000000000 -0.000000000 -0.000000000 -0.000000000 -0.000000000 -0.000000000 0.000000000 0.000000000 0.000000000 0.000000000
-0.000000000 0.000000000 0.000000000 0.000000000 -0.000000000 -0.000000000 -0.000000000 0.000000000 -0.000000000 0.000000000 -0.000000000 -0.000000000 -0.000000000 -0.000000000 -0.000000000 -0.000000000 -0.000000000 0.000000000 0.000000000 0.000000000 -0.000000000 0.000000000 -0.000000000 0.000000000 0.000000000 -0.000000000 0.000000000 0.000000000 -0.000000000 0.000000000 0.000000000 -0.000000000 0.000000000 -0.000000000 0.000000000 0.000000000 0.000000000 0.000000000 -0.000000000 0.000000000 -0.000000000 0.000000000 -0.000000000 0.000000000 -0.000000000 -0.000000000 -0.000000000 -0.000000000 -0.000000000 0.000000000 0.000000000 -0.000000000 0.000000000 0.000000000 0.000000000 0.000000000 -0.000000000 0.000000000 -0.000000000 -0.000000000 -0.000000000 -0.000000000 0.000000000 0.000000000 -0.000000000 -0.000000000 0.000000000 0.000000000 0.000000000 0.000000000 -0.000000000 -0.000000000 -0.000000000 -0.000000000 0.000000000 -0.000000000 -0.000000000 -0.000000000 -0.000000000 0.000000000 0.000000000 -0.000000000 -0.000000000 -0.000000000 0.000000000 -0.000000000 -0.000000000 -0.000000000 -0.000000000 0.000000000 0.000000000 0.000000000 0.000000000 -0.000000000 0.000000000 -0.000000000 -0.000000000 -0.000000000 -0.000000000 -0.000000000 -0.000000000 0.000000000 -0.000000000 -0.000000000 -0.000000000 -0.000000000 -0.000000000 0.000000000 -0.000000000 0.000000000 -0.000000000 0.000000000 0.000000000 0.000000000 -0.000000000 0.000000000 -0.000000000 -0.000000000 -0.000000000 0.000000000 -0.000000000 0.000000000 0.000000000 0.000000000 -0.000000000 -0.000000000 -0.000000000 -0.000000000 0.000000000 -0.000000000 -0.000000000 0.000000000 0.000000000 0.000000000 -0.000000000 -0.000000000 0.000000000 -0.000000000 -0.000000000 -0.000000000 -0.000000000 -0.000000000 0.000000000 0.000000000 0.000000000 0.000000000
-0.000000000 -0.000000000 -0.000000000 -0.000000000 0.000000000 0.000000000 0.000000000 -0.000000000 -0.000000000 -0.000000000 0.000000000 -0.000000000 0.000000000 0.000000000 0.000000000 0.000000000 0.000000000 -0.000000000 -0.000000000 -0.000000000 -0.000000000 -0.000000000 0.000000000 -0.000000000 -0.000000000 0.000000000 -0.000000000 -0.000000000 0.000000000 -0.000000000 -0.000000000 0.000000000 -0.000000000 0.000000000 -0.000000000 -0.000000000 -0.000000000 -0.000000000 0.000000000 -0.000000000 0.000000000 -0.000000000 0.000000000 -0.000000000 0.000000000 0.000000000 0.000000000 0.000000000 0.000000000 -0.000000000 -0.000000000 0.000000000 -0.000000000 -0.000000000 -0.000000000 -0.000000000 0.000000000 -0.000000000 0.000000000 0.000000000 0.000000000 0.000000000 -0.000000000 -0.000000000 0.000000000 0.000000000 -0.000000000 -0.000000000 -0.000000000 -0.000000000 0.000000000 0.000000000 0.000000000 0.000000000 -0.000000000 0.000000000 0.000000000 0.000000000 0.000000000 -0.000000000 -0.000000000 0.000000000 0.000000000 0.000000000 -0.000000000 0.000000000 0.000000000 0.000000000 0.000000000 -0.000000000 0.000000000 -0.000000000 -0.000000000 0.000000000 -0.000000000 0.000000000 0.000000000 0.000000000 0.000000000 0.000000000 0.000000000 -0.000000000 0.000000000 -0.000000000 0.000000000 0.000000000 0.000000000 -0.000000000 0.000000000 -0.000000000 0.000000000 -0.000000000 -0.000000000 -0.000000000 0.000000000 -0.000000000 0.000000000 0.000000000 0.000000000 -0.000000000 0.000000000 -0.000000000 -0.000000000 -0.000000000 0.000000000 0.000000000 0.000000000 0.000000000 -0.000000000 0.000000000 0.000000000 -0.000000000 -0.000000000 -0.000000000 0.000000000 0.000000000 -0.000000000 0.000000000 0.000000000 0.000000000 0.000000000 0.000000000 -0.000000000 -0.000000000 -0.000000000 -0.000000000
0.000000000 -0.000000000 -0.000000000 -0.000000000 0.000000000 0.000000000 0.000000000 -0.000000000 -0.000000000 -0.000000000 0.000000000 -0.000000000 0.000000000 0.000000000 0.000000000 0.000000000 0.000000000 -0.000000000 -0.000000000 -0.000000000 -0.000000000 -0.000000000 0.000000000 -0.000000000 -0.000000000 0.000000000 -0.000000000 -0.000000000 0.000000000 -0.000000000 -0.000000000 0.000000000 -0.000000000 0.000000000 -0.000000000 -0.000000000 -0.000000000 -0.000000000 0.000000000 -0.000000000 0.000000000 -0.000000000 0.000000000 -0.000000000 0.000000000 0.000000000 0.000000000 0.000000000 0.000000000 -0.000000000 -0.000000000 0.000000000 -0.000000000 -0.000000000 -0.000000000 -0.000000000 0.000000000 -0.000000000 0.000000000 0.000000000 0.000000000 0.000000000 -0.000000000 -0.000000000 0.000000000 0.000000000 -0.000000000 -0.000000000 -0.000000000 -0.000000000 0.000000000 0.000000000 0.000000000 0.000000000 -0.000000000 0.000000000 0.000000000 0.000000000 0.000000000 -0.000000000 -0.000000000 0.000000000 0.000000000 0.000000000 -0.000000000 0.000000000 0.000000000 0.000000000 0.000000000 -0.000000000 0.000000000 -0.000000000 -0.000000000 0.000000000 -0.000000000 0.000000000 0.000000000 0.000000000 0.000000000 0.000000000 0.000000000 -0.000000000 0.000000000 -0.000000000 0.000000000 0.000000000 0.000000000 -0.000000000 0.000000000 -0.000000000 0.000000000 -0.000000000 -0.000000000 -0.000000000 0.000000000 -0.000000000 0.000000000 0.000000000 0.000000000 -0.000000000 0.000000000 -0.000000000 -0.000000000 -0.000000000 0.000000000 0.000000000 0.000000000 0.000000000 -0.000000000 0.000000000 0.000000000 -0.000000000 -0.000000000 -0.000000000 0.000000000 0.000000000 -0.000000000 0.000000000 0.000000000 0.000000000 0.000000000 0.000000000 -0.000000000 -0.000000000 -0.000000000 -0.000000000
0.000000000 -0.000000000 -0.000000000 -0.000000000 0.000000000 0.000000000 0.000000000 -0.000000000 -0.000000000 -0.000000000 0.000000000 -0.000000000 0.000000000 0.000000000 0.000000000 0.000000000 0.000000000 -0.000000000 -0.000000000 -0.000000000 -0.000000000 -0.000000000 0.000000000 -0.000000000 -0.000000000 0.000000000 -0.000000000 -0.000000000 0.000000000 -0.000000000 -0.000000000 0.000000000 -0.000000000 0.000000000 -0.000000000 -0.000000000 -0.000000000 -0.000000000 0.000000000 -0.000000000 0.000000000 -0.000000000 0.000000000 -0.000000000 0.000000000 0.000000000 0.000000000 0.000000000 0.000000000 -0.000000000 -0.000000000 0.000000000 -0.000000000 -0.000000000 -0.000000000 -0.000000000 0.000000000 -0.000000000 0.000000000 0.000000000 0.000000000 0.000000000 -0.000000000 -0.000000000 0.000000000 0.000000000 -0.000000000 -0.000000000 -0.000000000 -0.000000000 0.000000000 0.000000000 0.000000000 0.000000000 -0.000000000 0.000000000 0.000000000 0.000000000 0.000000000 -0.000000000 -0.000000000 0.000000000 0.000000000 0.000000000 -0.000000000 0.000000000 0.000000000 0.000000000 0.000000000 -0.000000000 0.000000000 -0.000000000 -0.000000000 0.000000000 -0.000000000 0.000000000 0.000000000 0.000000000 0.000000000 0.000000000 0.000000000 -0.000000000 0.000000000 -0.000000000 0.000000000 0.000000000 0.000000000 -0.000000000 0.000000000 -0.000000000 0.000000000 -0.000000000 -0.000000000 -0.000000000 0.000000000 -0.000000000 0.000000000 0.000000000 0.000000000 -0.000000000 0.000000000 -0.000000000 -0.000000000 -0.000000000 0.000000000 0.000000000 0.000000000 0.000000000 -0.000000000 0.000000000 0.000000000 -0.000000000 -0.000000000 -0.000000000 0.000000000 0.000000000 -0.000000000 0.000000000 0.000000000 0.000000000 0.000000000 0.000000000 -0.000000000 -0.000000000 -0.000000000 -0.000000000
-0.000000000 0.000000000 0.000000000 0.000000000 -0.000000000 -0.000000000 -0.000000000 0.000000000 0.000000000 0.000000000 -0.000000000 -0.000000000 -0.000000000 -0.000000000 -0.000000000 -0.000000000 -0.000000000 0.000000000 0.000000000 0.000000000 0.000000000 0.000000000 -0.000000000 0.000000000 0.000000000 -0.000000000 0.000000000 0.000000000 -0.000000000 0.000000000 0.000000000 -0.000000000 0.000000000 -0.000000000 0.000000000 0.000000000 0.000000000 0.000000000 -0.000000000 0.000000000 -0.000000000 0.000000000 -0.000000000 0.000000000 -0.000000000 -0.000000000 -0.000000000 -0.000000000 -0.000000000 0.000000000 0.000000000 -0.000000000 0.000000000 0.000000000 0.000000000 0.000000000 -0.000000000 0.000000000 -0.000000000 -0.000000000 -0.000000000 -0.000000000 0.000000000 0.000000000 -0.000000000 -0.000000000 0.000000000 0.000000000 0.000000000 0.000000000 -0.000000000 -0.000000000 -0.000000000 -0.000000000 0.000000000 -0.000000000 -0.000000000 -0.000000000 -0.000000000 0.000000000 0.000000000 -0.000000000 -0.000000000 -0.000000000 0.000000000 -0.000000000 -0.000000000 -0.000000000 -0.000000000 0.000000000 -0.000000000 0.000000000 0.000000000 -0.000000000 0.000000000 -0.000000000 -0.000000000 -0.000000000 -0.000000000 -0.000000000 -0.000000000 0.000000000 -0.000000000 0.000000000 -0.000000000 -0.000000000 -0.000000000 0.000000000 -0.000000000 0.000000000 -0.000000000 0.000000000 0.000000000 0.000000000 -0.000000000 0.000000000 -0.000000000 -0.000000000 -0.000000000 0.000000000 -0.000000000 0.000000000 0.000000000 0.000000000 -0.000000000 -0.000000000 -0.000000000 -0.000000000 0.000000000 -0.000000000 -0.000000000 0.000000000 0.000000000 0.000000000 -0.000000000 -0.000000000 0.000000000 -0.000000000 -0.000000000 -0.000000000 -0.000000000 -0.000000000 0.000000000 0.000000000 0.000000000 0.000000000
-0.000016546 -0.000000507 -0.000003287 -0.000009349 0.000127891 0.000012635 0.000000000 -0.000000000 -0.000002952 -0.000000000 0.000000000 -0.000000793 0.000000000 0.000000000 0.000073457 0.000000000 0.000000000 -0.000012504 -0.000000000 -0.000000000 -0.000000832 -0.000000000 0.000000000 -0.000000033 -0.000000000 0.000000000 -0.000000000 -0.000000000 0.000001384 -0.000000000 -0.000000000 0.000000000 -0.000000000 0.000001232 -0.000000000 -0.000000000 -0.000000000 -0.000000000 0.000012038 -0.000000000 0.000000000 -0.000000000 0.000000000 -0.000000000 0.000000119 0.000000000 0.000000000 0.000000000 0.000000000 -0.000000000 -0.000000000 0.000000341 -0.000000000 -0.000000000 -0.000000000 -0.000000000 0.000000000 -0.000000000 0.000002557 0.000000000 0.000000000 0.000000000 -0.000000000 -0.000000000 0.000000000 0.000000000 -0.000000048 -0.000000000 -0.000000000 -0.000000000 0.000000000 0.000000000 0.000000000 0.000000000 -0.000000000 0.000000793 0.000000000 0.000000000 0.000000000 -0.000000000 -0.000000000 0.000000000 0.000000000 0.000000000 -0.000000000 0.000000140 0.000000000 0.000000000 0.000000000 -0.000000000 0.000000000 -0.000003697 -0.000010559 0.000251844 -0.000016526 0.000078343 0.000000000 0.000000000 0.000000005 0.000000000 0.000000000 -0.000000295 0.000000000 -0.000000000 0.000000157 0.000000000 0.000000000 -0.000003899 0.000000000 -0.000000000 0.000000030 -0.000000000 -0.000000000 -0.000000000 0.000000000 -0.000000102 0.000000000 0.000000000 0.000000000 -0.000000000 0.000000449 -0.000000000 -0.000000000 -0.000000000 0.000000000 0.000000000 0.000000007 0.000000000 -0.000000000 0.000000000 0.000000000 -0.000000000 -0.000000000 -0.000000042 0.000000000 0.000000000 -0.000000000 0.000000000 0.000000000 0.000000000 0.000000000 0.000000001 -0.000000000 -0.000000000 -0.000000000 -0.000000000
-0.000000000 -0.000000000 -0.000000000 -0.000000000 0.000000000 0.000000000 0.000000000 -0.000000000 -0.000000000 -0.000000000 0.000000000 -0.000000000 0.000000000 0.000000000 0.000000000 0.000000000 0.000000000 -0.000000000 -0.000000000 -0.000000000 -0.000000000 -0.000000000 0.000000000 -0.000000000 -0.000000000 0.000000000 -0.000000000 -0.000000000 0.000000000 -0.000000000 -0.000000000 0.000000000 -0.000000000 0.000000000 -0.000000000 -0.000000000 -0.000000000 -0.000000000 0.000000000 -0.000000000 0.000000000 -0.000000000 0.000000000 -0.000000000 0.000000000 0.000000000 0.000000000 0.000000000 0.000000000 -0.000000000 -0.000000000 0.000000000 -0.000000000 -0.000000000 -0.000000000 -0.000000000 0.000000000 -0.000000000 0.000000000 0.000000000 0.000000000 0.000000000 -0.000000000 -0.000000000 0.000000000 0.000000000 -0.000000000 -0.000000000 -0.000000000 -0.000000000 0.000000000 0.000000000 0.000000000 0.000000000 -0.000000000 0.000000000 0.000000000 0.000000000 0.000000000 -0.000000000 -0.000000000 0.000000000 0.000000000 0.000000000 -0.000000000 0.000000000 0.000000000 0.000000000 0.000000000 -0.000000000 0.000000000 -0.000000000 -0.000000000 0.000000000 -0.000000000 0.000000000 0.000000000 0.000000000 0.000000000 0.000000000 0.000000000 -0.000000000 0.000000000 -0.000000000 0.000000000 0.000000000 0.000000000 -0.000000000 0.000000000 -0.000000000 0.000000000 -0.000000000 -0.000000000 -0.000000000 0.000000000 -0.000000000 0.000000000 0.000000000 0.000000000 -0.000000000 0.000000000 -0.000000000 -0.000000000 -0.000000000 0.000000000 0.000000000 0.000000000 0.000000000 -0.000000000 0.000000000 0.000000000 -0.000000000 -0.000000000 -0.000000000 0.000000000 0.000000000 -0.000000000 0.000000000 0.000000000 0.000000000 0.000000000 0.000000000 -0.000000000 -0.000000000 -0.000000000 -0.000000000
-0.000000000 -0.000000000 -0.000000000 -0.000000000 0.000000000 0.000000000 0.000000000 -0.000000000 -0.000000000 -0.000000000 0.000000000 -0.000000000 0.000000000 0.000000000 0.000000000 0.000000000 0.000000000 -0.000000000 -0.000000000 -0.000000000 -0.000000000 -0.000000000 0.000000000 -0.000000000 -0.000000000 0.000000000 -0.000000000 -0.000000000 0.000000000 -0.000000000 -0.000000000 0.000000000 -0.000000000 0.000000000 -0.000000000 -0.000000000 -0.000000000 -0.000000000 0.000000000 -0.000000000 0.000000000 -0.000000000 0.000000000 -0.000000000 0.000000000 0.000000000 0.000000000 0.000000000 0.000000000 -0.000000000 -0.000000000 0.000000000 -0.000000000 -0.000000000 -0.000000000 -0.000000000 0.000000000 -0.000000000 0.000000000 0.000000000 0.000000000 0.000000000 -0.000000000 -0.000000000 0.000000000 0.000000000 -0.000000000 -0.000000000 -0.000000000 -0.000000000 0.000000000 0.000000000 0.000000000 0.000000000 -0.000000000 0.000000000 0.000000000 0.000000000 0.000000000 -0.000000000 -0.000000000 0.000000000 0.000000000 0.000000000 -0.000000000 0.000000000 0.000000000 0.000000000 0.000000000 -0.000000000 0.000000000 -0.000000000 -0.000000000 0.000000000 -0.000000000 0.000000000 0.000000000 0.000000000 0.000000000 0.000000000 0.000000000 -0.000000000 0.000000000 -0.000000000 0.000000000 0.000000000 0.000000000 -0.000000000 0.000000000 -0.000000000 0.000000000 -0.000000000 -0.000000000 -0.000000000 0.000000000 -0.000000000 0.000000000 0.000000000 0.000000000 -0.000000000 0.000000000 -0.000000000 -0.000000000 -0.000000000 0.000000000 0.000000000 0.000000000 0.000000000 -0.000000000 0.000000000 0.000000000 -0.000000000 -0.000000000 -0.000000000 0.000000000 0.000000000 -0.000000000 0.000000000 0.000000000 0.000000000 0.000000000 0.000000000 -0.000000000 -0.000000000 -0.000000000 -0.000000000
-0.000000000 -0.000000000 -0.000000000 -0.000000000 0.000000000 0.000000000 0.000000000 -0.000000000 -0.000000000 -0.000000000 0.000000000 -0.000000000 0.000000000 0.000000000 0.000000000 0.000000000 0.000000000 -0.000000000 -0.000000000 -0.000000000 -0.000000000 -0.000000000 0.000000000 -0.000000000 -0.000000000 0.000000000 -0.000000000 -0.000000000 0.000000000 -0.000000000 -0.000000000 0.000000000 -0.000000000 0.000000000 -0.000000000 -0.000000000 -0.000000000 -0.000000000 0.000000000 -0.000000000 0.000000000 -0.000000000 0.000000000 -0.000000000 0.000000000 0.000000000 0.000000000 0.000000000 0.000000000 -0.000000000 -0.000000000 0.000000000 -0.000000000 -0.000000000 -0.000000000 -0.000000000 0.000000000 -0.000000000 0.000000000 0.000000000 0.000000000 0.000000000 -0.000000000 -0.000000000 0.000000000 0.000000000 -0.000000000 -0.000000000 -0.000000000 -0.000000000 0.000000000 0.000000000 0.000000000 0.000000000 -0.000000000 0.000000000 0.000000000 0.000000000 0.000000000 -0.000000000 -0.000000000 0.000000000 0.000000000 0.000000000 -0.000000000 0.000000000 0.000000000 0.000000000 0.000000000 -0.000000000 0.000000000 -0.000000000 -0.000000000 0.000000000 -0.000000000 0.000000000 0.000000000 0.000000000 0.000000000 0.000000000 0.000000000 -0.000000000 0.000000000 -0.000000000 0.000000000 0.000000000 0.000000000 -0.000000000 0.000000000 -0.000000000 0.000000000 -0.000000000 -0.000000000 -0.000000000 0.000000000 -0.000000000 0.000000000 0.000000000 0.000000000 -0.000000000 0.000000000 -0.000000000 -0.000000000 -0.000000000 0.000000000 0.000000000 0.000000000 0.000000000 -0.000000000 0.000000000 0.000000000 -0.000000000 -0.000000000 -0.000000000 0.000000000 0.000000000 -0.000000000 0.000000000 0.000000000 0.000000000 0.000000000 0.000000000 -0.000000000 -0.000000000 -0.000000000 -0.000000000
0.000000000 0.000000000 0.000000000 0.000000000 -0.000000000 -0.000000000 -0.000000000 0.000000000 0.000000000 0.000000000 -0.000000000 0.000000000 -0.000000000 0.000000000 -0.000000000 -0.000000000 -0.000000000 0.000000000 0.000000000 0.000000000 0.000000000 0.000000000 -0.000000000 0.000000000 0.000000000 -0.000000000 0.000000000 0.000000000 -0.000000000 0.000000000 0.000000000 -0.000000000 0.000000000 -0.000000000 0.000000000 0.000000000 0.000000000 0.000000000 -0.000000000 0.000000000 -0.000000000 0.000000000 -0.000000000 0.000000000 -0.000000000 -0.000000000 -0.000000000 -0.000000000 -0.000000000 0.000000000 0.000000000 -0.000000000 0.000000000 0.000000000 0.000000000 0.000000000 -0.000000000 0.000000000 -0.000000000 -0.000000000 -0.000000000 -0.000000000 0.000000000 0.000000000 -0.000000000 -0.000000000 0.000000000 0.000000000 0.000000000 0.000000000 -0.000000000 -0.000000000 -0.000000000 -0.000000000 0.000000000 -0.000000000 -0.000000000 -0.000000000 -0.000000000 0.000000000 0.000000000 -0.000000000 -0.000000000 -0.000000000 0.000000000 -0.000000000 -0.000000000 -0.000000000 -0.000000000 0.000000000 -0.000000000 0.000000000 0.000000000 -0.000000000 0.000000000 -0.000000000 -0.000000000 -0.000000000 -0.000000000 -0.000000000 -0.000000000 0.000000000 -0.000000000 0.000000000 -0.000000000 -0.000000000 -0.000000000 0.000000000 -0.000000000 0.000000000 -0.000000000 0.000000000 0.000000000 0.000000000 -0.000000000 0.000000000 -0.000000000 -0.000000000 -0.000000000 0.000000000 -0.000000000 0.000000000 0.000000000 0.000000000 -0.000000000 -0.000000000 -0.000000000 -0.000000000 0.000000000 -0.000000000 -0.000000000 0.000000000 0.000000000 0.000000000 -0.000000000 -0.000000000 0.000000000 -0.000000000 -0.000000000 -0.000000000 -0.000000000 -0.000000000 0.000000000 0.000000000 0.000000000 0.000000000
-0.000000000 -0.000000000 -0.000000000 -0.000000000 0.000000000 0.000000000 0.000000000 -0.000000000 -0.000000000 -0.000000000 0.000000000 -0.000000000 -0.000000000 -0.000000000 0.000000000 0.000000000 0.000000000 -0.000000000 -0.000000000 -0.000000000 -0.000000000 -0.000000000 -0.000000000 0.000000000 -0.000000000 0.000000000 -0.000000000 -0.000000000 0.000000000 -0.000000000 -0.000000000 0.000000000 -0.000000000 0.000000000 -0.000000000 -0.000000000 -0.000000000 -0.000000000 0.000000000 -0.000000000 0.000000000 -0.000000000 0.000000000 -0.000000000 0.000000000 0.000000000 0.000000000 0.000000000 0.000000000 -0.000000000 -0.000000000 0.000000000 -0.000000000 -0.000000000 -0.000000000 -0.000000000 0.000000000 -0.000000000 0.000000000 0.000000000 0.000000000 0.000000000 -0.000000000 -0.000000000 0.000000000 0.000000000 -0.000000000 -0.000000000 0.000000000 -0.000000000 0.000000000 0.000000000 0.000000000 0.000000000 -0.000000000 0.000000000 0.000000000 0.000000000 0.000000000 -0.000000000 0.000000000 0.000000000 0.000000000 0.000000000 -0.000000000 0.000000000 0.000000000 0.000000000 0.000000000 -0.000000000 0.000000000 -0.000000000 -0.000000000 0.000000000 -0.000000000 0.000000000 0.000000000 0.000000000 0.000000000 0.000000000 0.000000000 -0.000000000 0.000000000 -0.000000000 0.000000000 0.000000000 0.000000000 -0.000000000 0.000000000 -0.000000000 0.000000000 -0.000000000 -0.000000000 -0.000000000 0.000000000 -0.000000000 0.000000000 0.000000000 0.000000000 -0.000000000 0.000000000 -0.000000000 -0.000000000 -0.000000000 0.000000000 0.000000000 0.000000000 0.000000000 -0.000000000 0.000000000 0.000000000 -0.000000000 -0.000000000 -0.000000000 0.000000000 0.000000000 -0.000000000 0.000000000 0.000000000 0.000000000 0.000000000 0.000000000 -0.000000000 -0.000000000 -0.000000000 -0.000000000
0.000061446 0.000013394 0.000087862 0.000248723 -0.003387247 -0.000333895 -0.000000000 0.000000000 0.000072732 0.000000000 -0.000000000 0.000009871 -0.000000000 -0.000000000 -0.001912328 -0.000000000 -0.000000000 0.000316596 0.000000000 0.000000000 0.000017114 0.000000000 -0.000000000 0.000001054 0.000000000 -0.000000000 0.000000000 0.000000000 -0.000036709 0.000000000 0.000000000 -0.000000000 0.000000000 -0.000032562 0.000000000 0.000000000 0.000000000 0.000000000 -0.000318614 0.000000000 -0.000000000 0.000000000 -0.000000000 0.000000000 -0.000003127 -0.000000000 -0.000000000 -0.000000000 -0.000000000 0.000000000 0.000000000 -0.000009089 0.000000000 0.000000000 0.000000000 0.000000000 -0.000000000 0.000000000 -0.000067629 -0.000000000 -0.000000000 -0.000000000 0.000000000 0.000000000 -0.000000000 -0.000000000 0.000001255 0.000000000 0.000000000 0.000000000 -0.000000000 -0.000000000 -0.000000000 -0.000000000 0.000000000 -0.000020970 -0.000000000 -0.000000000 -0.000000000 0.000000000 0.000000000 -0.000000000 -0.000000000 -0.000000000 0.000000000 -0.000003697 -0.000000000 -0.000000000 -0.000000000 0.000000000 -0.000000000 0.000097839 0.000279530 -0.006666228 0.000437308 -0.002073694 -0.000000000 -0.000000000 -0.000000141 -0.000000000 -0.000000000 0.000007823 -0.000000000 0.000000000 -0.000004172 -0.000000000 -0.000000000 0.000103273 -0.000000000 0.000000000 -0.000000801 0.000000000 0.000000000 0.000000000 -0.000000000 0.000002704 -0.000000000 -0.000000000 -0.000000000 0.000000000 -0.000011878 0.000000000 0.000000000 0.000000000 -0.000000000 -0.000000000 -0.000000192 -0.000000000 0.000000000 -0.000000000 -0.000000000 0.000000000 0.000000000 0.000001104 -0.000000000 -0.000000000 0.000000000 -0.000000000 -0.000000000 -0.000000000 -0.000000000 -0.000000023 0.000000000 0.000000000 0.000000000 0.000000000
0.000016368 0.000038255 0.000251390 0.000711155 -0.009678524 -0.000953738 -0.000000000 0.000000000 0.000205511 0.000000000 -0.000000000 0.000023503 -0.000000000 -0.000000000 -0.005450142 -0.000000000 -0.000000000 0.000898464 0.000000000 0.000000000 0.000046817 0.000000000 -0.000000000 0.000003088 0.000000000 -0.000000000 0.000000000 0.000000000 -0.000104918 0.000000000 0.000000000 -0.000000000 0.000000000 -0.000093007 0.000000000 0.000000000 0.000000000 0.000000000 -0.000910301 0.000000000 -0.000000000 0.000000000 -0.000000000 0.000000000 -0.000008920 -0.000000000 -0.000000000 -0.000000000 -0.000000000 0.000000000 0.000000000 -0.000025991 0.000000000 0.000000000 0.000000000 0.000000000 -0.000000000 0.000000000 -0.000193194 -0.000000000 -0.000000000 -0.000000000 0.000000000 0.000000000 -0.000000000 -0.000000000 0.000003581 0.000000000 0.000000000 0.000000000 -0.000000000 -0.000000000 -0.000000000 -0.000000000 0.000000000 -0.000059900 -0.000000000 -0.000000000 -0.000000000 0.000000000 0.000000000 -0.000000000 -0.000000000 -0.000000000 0.000000000 -0.000010559 -0.000000000 -0.000000000 -0.000000000 0.000000000 -0.000000000 0.000279530 0.000798655 -0.019046010 0.001249378 -0.005924726 -0.000000000 -0.000000000 -0.000000403 -0.000000000 -0.000000000 0.000022354 -0.000000000 0.000000000 -0.000011927 -0.000000000 -0.000000000 0.000295091 -0.000000000 0.000000000 -0.000002289 0.000000000 0.000000000 0.000000000 -0.000000000 0.000007725 -0.000000000 -0.000000000 -0.000000000 0.000000000 -0.000033939 0.000000000 0.000000000 0.000000000 -0.000000000 -0.000000000 -0.000000549 -0.000000000 0.000000000 -0.000000000 -0.000000000 0.000000000 0.000000000 0.000003153 -0.000000000 -0.000000000 0.000000000 -0.000000000 -0.000000000 -0.000000000 -0.000000000 -0.000000067 0.000000000 0.000000000 0.000000000 0.000000000
-0.002422622 -0.000912445 -0.005990490 -0.016952732 0.230800856 0.022747529 0.000000000 -0.000000000 -0.004930241 -0.000000000 0.000000000 -0.000620488 0.000000000 0.000000000 0.130147045 0.000000000 0.000000000 -0.021504030 -0.000000000 -0.000000000 -0.001143031 -0.000000000 0.000000000 -0.000072669 -0.000000000 0.000000000 -0.000000000 -0.000000000 0.002501602 -0.000000000 -0.000000000 0.000000000 -0.000000000 0.002218334 -0.000000000 -0.000000000 -0.000000000 -0.000000000 0.021708800 -0.000000000 0.000000000 -0.000000000 0.000000000 -0.000000000 0.000212905 0.000000000 0.000000000 0.000000000 0.000000000 -0.000000000 -0.000000000 0.000619555 -0.000000000 -0.000000000 -0.000000000 -0.000000000 0.000000000 -0.000000000 0.004607621 0.000000000 0.000000000 0.000000000 -0.000000000 -0.000000000 0.000000000 0.000000000 -0.000085449 -0.000000000 -0.000000000 -0.000000000 0.000000000 0.000000000 0.000000000 0.000000000 -0.000000000 0.001428643 0.000000000 0.000000000 0.000000000 -0.000000000 -0.000000000 0.000000000 0.000000000 0.000000000 -0.000000000 0.000251844 0.000000000 0.000000000 0.000000000 -0.000000000 0.000000000 -0.006666228 -0.019046010 0.454206035 -0.029795599 0.141291895 0.000000000 0.000000000 0.000009595 0.000000000 0.000000000 -0.000533069 0.000000000 -0.000000000 0.000284345 0.000000000 0.000000000 -0.007036909 0.000000000 -0.000000000 0.000054580 -0.000000000 -0.000000000 -0.000000000 0.000000000 -0.000184222 0.000000000 0.000000000 0.000000000 -0.000000000 0.000809353 -0.000000000 -0.000000000 -0.000000000 0.000000000 0.000000000 0.000013089 0.000000000 -0.000000000 0.000000000 0.000000000 -0.000000000 -0.000000000 -0.000075195 0.000000000 0.000000000 -0.000000000 0.000000000 0.000000000 0.000000000 0.000000000 0.000001591 -0.000000000 -0.000000000 -0.000000000 -0.000000000
0.000473852 0.000059879 0.000392257 0.001111038 -0.015138679 -0.001492680 -0.000000000 0.000000000 0.000327951 0.000000000 -0.000000000 0.000050002 -0.000000000 -0.000000000 -0.008564360 -0.000000000 -0.000000000 0.001422675 0.000000000 0.000000000 0.000079097 0.000000000 -0.000000000 0.000004617 0.000000000 -0.000000000 0.000000000 0.000000000 -0.000164031 0.000000000 0.000000000 -0.000000000 0.000000000 -0.000145569 0.000000000 0.000000000 0.000000000 0.000000000 -0.001424099 0.000000000 -0.000000000 0.000000000 -0.000000000 0.000000000 -0.000013993 -0.000000000 -0.000000000 -0.000000000 -0.000000000 0.000000000 0.000000000 -0.000040600 0.000000000 0.000000000 0.000000000 0.000000000 -0.000000000 0.000000000 -0.000302311 -0.000000000 -0.000000000 -0.000000000 0.000000000 0.000000000 -0.000000000 -0.000000000 0.000005615 0.000000000 0.000000000 0.000000000 -0.000000000 -0.000000000 -0.000000000 -0.000000000 0.000000000 -0.000093744 -0.000000000 -0.000000000 -0.000000000 0.000000000 0.000000000 -0.000000000 -0.000000000 -0.000000000 0.000000000 -0.000016526 -0.000000000 -0.000000000 -0.000000000 0.000000000 -0.000000000 0.000437308 0.001249378 -0.029795599 0.001954669 -0.009268655 -0.000000000 -0.000000000 -0.000000628 -0.000000000 -0.000000000 0.000034963 -0.000000000 0.000000000 -0.000018637 -0.000000000 -0.000000000 0.000461557 -0.000000000 0.000000000 -0.000003581 0.000000000 0.000000000 0.000000000 -0.000000000 0.000012085 -0.000000000 -0.000000000 -0.000000000 0.000000000 -0.000053091 0.000000000 0.000000000 0.000000000 -0.000000000 -0.000000000 -0.000000859 -0.000000000 0.000000000 -0.000000000 -0.000000000 0.000000000 0.000000000 0.000004934 -0.000000000 -0.000000000 0.000000000 -0.000000000 -0.000000000 -0.000000000 -0.000000000 -0.000000104 0.000000000 0.000000000 0.000000000 0.000000000
-0.000771477 -0.000283840 -0.001863448 -0.005273502 0.071796154 0.007076201 0.000000000 -0.000000000 -0.001533929 -0.000000000 0.000000000 -0.000193545 0.000000000 0.000000000 0.040486941 0.000000000 0.000000000 -0.006690036 -0.000000000 -0.000000000 -0.000355801 -0.000000000 0.000000000 -0.000022597 -0.000000000 0.000000000 -0.000000000 -0.000000000 0.000778180 -0.000000000 -0.000000000 0.000000000 -0.000000000 0.000690070 -0.000000000 -0.000000000 -0.000000000 -0.000000000 0.006753054 -0.000000000 0.000000000 -0.000000000 0.000000000 -0.000000000 0.000066231 0.000000000 0.000000000 0.000000000 0.000000000 -0.000000000 -0.000000000 0.000192725 -0.000000000 -0.000000000 -0.000000000 -0.000000000 0.000000000 -0.000000000 0.001433316 0.000000000 0.000000000 0.000000000 -0.000000000 -0.000000000 0.000000000 0.000000000 -0.000026582 -0.000000000 -0.000000000 -0.000000000 0.000000000 0.000000000 0.000000000 0.000000000 -0.000000000 0.000444416 0.000000000 0.000000000 0.000000000 -0.000000000 -0.000000000 0.000000000 0.000000000 0.000000000 -0.000000000 0.000078343 0.000000000 0.000000000 0.000000000 -0.000000000 0.000000000 -0.002073694 -0.005924726 0.141291895 -0.009268655 0.043952300 0.000000000 0.000000000 0.000002985 0.000000000 0.000000000 -0.000165824 0.000000000 -0.000000000 0.000088451 0.000000000 0.000000000 -0.002188999 0.000000000 -0.000000000 0.000016978 -0.000000000 -0.000000000 -0.000000000 0.000000000 -0.000057307 0.000000000 0.000000000 0.000000000 -0.000000000 0.000251769 -0.000000000 -0.000000000 -0.000000000 0.000000000 0.000000000 0.000004072 0.000000000 -0.000000000 0.000000000 0.000000000 -0.000000000 -0.000000000 -0.000023391 0.000000000 0.000000000 -0.000000000 0.000000000 0.000000000 0.000000000 0.000000000 0.000000495 -0.000000000 -0.000000000 -0.000000000 -0.000000000
0.000000000 -0.000000000 -0.000000000 -0.000000000 0.000000000 0.000000000 0.000000000 -0.000000000 -0.000000000 -0.000000000 0.000000000 -0.000000000 0.000000000 0.000000000 0.000000000 0.000000000 0.000000000 -0.000000000 -0.000000000 -0.000000000 -0.000000000 -0.000000000 0.000000000 -0.000000000 -0.000000000 0.000000000 -0.000000000 -0.000000000 0.000000000 -0.000000000 -0.000000000 0.000000000 -0.000000000 0.000000000 -0.000000000 -0.000000000 -0.000000000 -0.000000000 0.000000000 -0.000000000 0.000000000 -0.000000000 0.000000000 -0.000000000 0.000000000 0.000000000 0.000000000 0.000000000 0.000000000 -0.000000000 -0.000000000 0.000000000 -0.000000000 -0.000000000 -0.000000000 -0.000000000 0.000000000 -0.000000000 0.000000000 0.000000000 0.000000000 0.000000000 -0.000000000 -0.000000000 0.000000000 0.000000000 -0.000000000 -0.000000000 -0.000000000 -0.000000000 0.000000000 0.000000000 0.000000000 0.000000000 -0.000000000 0.000000000 0.000000000 0.000000000 0.000000000 -0.000000000 -0.000000000 0.000000000 0.000000000 0.000000000 -0.000000000 0.000000000 0.000000000 0.000000000 0.000000000 -0.000000000 0.000000000 -0.000000000 -0.000000000 0.000000000 -0.000000000 0.000000000 0.000000000 0.000000000 0.000000000 0.000000000 0.000000000 -0.000000000 0.000000000 -0.000000000 0.000000000 0.000000000 0.000000000 -0.000000000 0.000000000 -0.000000000 0.000000000 -0.000000000 -0.000000000 -0.000000000 0.000000000 -0.000000000 0.000000000 0.000000000 0.000000000 -0.000000000 0.000000000 -0.000000000 -0.000000000 -0.000000000 0.000000000 0.000000000 0.000000000 0.000000000 -0.000000000 0.000000000 0.000000000 -0.000000000 -0.000000000 -0.000000000 0.000000000 0.000000000 -0.000000000 0.000000000 0.000000000 0.000000000 0.000000000 0.000000000 -0.000000000 -0.000000000 -0.000000000 -0.000000000
0.000000000 -0.000000000 -0.000000000 -0.000000000 0.000000000 0.000000000 0.000000000 -0.000000000 -0.000000000 -0.000000000 0.000000000 -0.000000000 0.000000000 0.000000000 0.000000000 0.000000000 0.000000000 -0.000000000 -0.000000000 -0.000000000 -0.000000000 -0.000000000 0.000000000 -0.000000000 -0.000000000 0.000000000 -0.000000000 -0.000000000 0.000000000 -0.000000000 -0.000000000 0.000000000 -0.000000000 0.000000000 -0.000000000 -0.000000000 -0.000000000 -0.000000000 0.000000000 -0.000000000 0.000000000 -0.000000000 0.000000000 -0.000000000 0.000000000 0.000000000 0.000000000 0.000000000 0.000000000 -0.000000000 -0.000000000 0.000000000 -0.000000000 -0.000000000 -0.000000000 -0.000000000 0.000000000 -0.000000000 0.000000000 0.000000000 0.000000000 0.000000000 -0.000000000 -0.000000000 0.000000000 0.000000000 -0.000000000 -0.000000000 -0.000000000 -0.000000000 0.000000000 0.000000000 0.000000000 0.000000000 -0.000000000 0.000000000 0.000000000 0.000000000 0.000000000 -0.000000000 -0.000000000 0.000000000 0.000000000 0.000000000 -0.000000000 0.000000000 0.000000000 0.000000000 0.000000000 -0.000000000 0.000000000 -0.000000000 -0.000000000 0.000000000 -0.000000000 0.000000000 0.000000000 0.000000000 0.000000000 0.000000000 0.000000000 -0.000000000 0.000000000 -0.000000000 0.000000000 0.000000000 0.000000000 -0.000000000 0.000000000 -0.000000000 0.000000000 -0.000000000 -0.000000000 -0.000000000 0.000000000 -0.000000000 0.000000000 0.000000000 0.000000000 -0.000000000 0.000000000 -0.000000000 -0.000000000 -0.000000000 0.000000000 0.000000000 0.000000000 0.000000000 -0.000000000 0.000000000 0.000000000 -0.000000000 -0.000000000 -0.000000000 0.000000000 0.000000000 -0.000000000 0.000000000 0.000000000 0.000000000 0.000000000 0.000000000 -0.000000000 -0.000000000 -0.000000000 -0.000000000
0.000003414 -0.000000019 -0.000000134 -0.000000370 0.000004894 0.000000476 0.000000000 -0.000000000 -0.000000054 -0.000000000 0.000000000 0.000000089 0.000000000 0.000000000 0.000002454 0.000000000 0.000000000 -0.000000322 -0.000000000 -0.000000000 0.000000021 -0.000000000 0.000000000 -0.000000003 -0.000000000 0.000000000 -0.000000000 -0.000000000 0.000000054 -0.000000000 -0.000000000 0.000000000 -0.000000000 0.000000046 -0.000000000 -0.000000000 -0.000000000 -0.000000000 0.000000458 -0.000000000 0.000000000 -0.000000000 0.000000000 -0.000000000 0.000000004 0.000000000 0.000000000 0.000000000 0.000000000 -0.000000000 -0.000000000 0.000000014 -0.000000000 -0.000000000 -0.000000000 -0.000000000 0.000000000 -0.000000000 0.000000097 0.000000000 0.000000000 0.000000000 -0.000000000 -0.000000000 0.000000000 0.000000000 -0.000000002 -0.000000000 -0.000000000 -0.000000000 0.000000000 0.000000000 0.000000000 0.000000000 -0.000000000 0.000000030 0.000000000 0.000000000 0.000000000 -0.000000000 -0.000000000 0.000000000 0.000000000 0.000000000 -0.000000000 0.000000005 0.000000000 0.000000000 0.000000000 -0.000000000 0.000000000 -0.000000141 -0.000000403 0.000009595 -0.000000628 0.000002985 0.000000000 0.000000000 0.000000000 0.000000000 0.000000000 -0.000000011 0.000000000 -0.000000000 0.000000006 0.000000000 0.000000000 -0.000000149 0.000000000 -0.000000000 0.000000001 -0.000000000 -0.000000000 -0.000000000 0.000000000 -0.000000004 0.000000000 0.000000000 0.000000000 -0.000000000 0.000000017 -0.000000000 -0.000000000 -0.000000000 0.000000000 0.000000000 0.000000000 0.000000000 -0.000000000 0.000000000 0.000000000 -0.000000000 -0.000000000 -0.000000002 0.000000000 0.000000000 -0.000000000 0.000000000 0.000000000 0.000000000 0.000000000 0.000000000 -0.000000000 -0.000000000 -0.000000000 -0.000000000
-0.000000000 -0.000000000 -0.000000000 -0.000000000 0.000000000 0.000000000 0.000000000 -0.000000000 -0.000000000 -0.000000000 0.000000000 -0.000000000 0.000000000 0.000000000 0.000000000 0.000000000 0.000000000 -0.000000000 -0.000000000 -0.000000000 -0.000000000 -0.000000000 0.000000000 -0.000000000 -0.000000000 0.000000000 -0.000000000 -0.000000000 0.000000000 -0.000000000 -0.000000000 0.000000000 -0.000000000 0.000000000 -0.000000000 -0.000000000 -0.000000000 -0.000000000 0.000000000 -0.000000000 0.000000000 -0.000000000 0.000000000 -0.000000000 0.000000000 0.000000000 0.000000000 0.000000000 0.000000000 -0.000000000 -0.000000000 0.000000000 -0.000000000 -0.000000000 -0.000000000 -0.000000000 0.000000000 -0.000000000 0.000000000 0.000000000 0.000000000 0.000000000 -0.000000000 -0.000000000 0.000000000 0.000000000 -0.000000000 -0.000000000 -0.000000000 -0.000000000 0.000000000 0.000000000 0.000000000 0.000000000 -0.000000000 0.000000000 0.000000000 0.000000000 0.000000000 -0.000000000 -0.000000000 0.000000000 0.000000000 0.000000000 -0.000000000 0.000000000 0.000000000 0.000000000 0.000000000 -0.000000000 0.000000000 -0.000000000 -0.000000000 0.000000000 -0.000000000 0.000000000 0.000000000 0.000000000 0.000000000 0.000000000 0.000000000 -0.000000000 0.000000000 -0.000000000 0.000000000 0.000000000 0.000000000 -0.000000000 0.000000000 -0.000000000 0.000000000 -0.000000000 -0.000000000 -0.000000000 0.000000000 -0.000000000 0.000000000 0.000000000 0.000000000 -0.000000000 0.000000000 -0.000000000 -0.000000000 -0.000000000 0.000000000 0.000000000 0.000000000 0.000000000 -0.000000000 0.000000000 0.000000000 -0.000000000 -0.000000000 -0.000000000 0.000000000 0.000000000 -0.000000000 0.000000000 0.000000000 0.000000000 0.000000000 0.000000000 -0.000000000 -0.000000000 -0.000000000 -0.000000000
-0.000000000 -0.000000000 -0.000000000 -0.000000000 0.000000000 0.000000000 0.000000000 -0.000000000 -0.000000000 -0.000000000 0.000000000 -0.000000000 0.000000000 -0.000000000 0.000000000 0.000000000 0.000000000 -0.000000000 -0.000000000 -0.000000000 -0.000000000 -0.000000000 0.000000000 -0.000000000 -0.000000000 0.000000000 -0.000000000 -0.000000000 0.000000000 -0.000000000 -0.000000000 0.000000000 -0.000000000 0.000000000 -0.000000000 -0.000000000 -0.000000000 -0.000000000 0.000000000 -0.000000000 0.000000000 -0.000000000 0.000000000 -0.000000000 0.000000000 0.000000000 0.000000000 0.000000000 0.000000000 -0.000000000 -0.000000000 0.000000000 -0.000000000 -0.000000000 -0.000000000 -0.000000000 0.000000000 -0.000000000 0.000000000 0.000000000 0.000000000 0.000000000 -0.000000000 -0.000000000 0.000000000 0.000000000 -0.000000000 -0.000000000 -0.000000000 -0.000000000 0.000000000 0.000000000 0.000000000 0.000000000 -0.000000000 0.000000000 0.000000000 0.000000000 0.000000000 -0.000000000 -0.000000000 0.000000000 0.000000000 0.000000000 -0.000000000 0.000000000 0.000000000 0.000000000 0.000000000 -0.000000000 0.000000000 -0.000000000 -0.000000000 0.000000000 -0.000000000 0.000000000 0.000000000 0.000000000 0.000000000 0.000000000 0.000000000 -0.000000000 0.000000000 -0.000000000 0.000000000 0.000000000 0.000000000 -0.000000000 0.000000000 -0.000000000 0.000000000 -0.000000000 -0.000000000 -0.000000000 0.000000000 -0.000000000 0.000000000 0.000000000 0.000000000 -0.000000000 0.000000000 -0.000000000 -0.000000000 -0.000000000 0.000000000 0.000000000 0.000000000 0.000000000 -0.000000000 0.000000000 0.000000000 -0.000000000 -0.000000000 -0.000000000 0.000000000 0.000000000 -0.000000000 0.000000000 0.000000000 0.000000000 0.000000000 0.000000000 -0.000000000 -0.000000000 -0.000000000 -0.000000000
-0.000014886 0.000001070 0.000007071 0.000019955 -0.000270970 -0.000026671 -0.000000000 0.000000000 0.000005531 0.000000000 -0.000000000 0.000000205 -0.000000000 -0.000000000 -0.000151235 -0.000000000 -0.000000000 0.000024561 0.000000000 0.000000000 0.000001110 0.000000000 -0.000000000 0.000000094 0.000000000 -0.000000000 0.000000000 0.000000000 -0.000002940 0.000000000 0.000000000 -0.000000000 0.000000000 -0.000002601 0.000000000 0.000000000 0.000000000 0.000000000 -0.000025477 0.000000000 -0.000000000 0.000000000 -0.000000000 0.000000000 -0.000000248 -0.000000000 -0.000000000 -0.000000000 -0.000000000 0.000000000 0.000000000 -0.000000730 0.000000000 0.000000000 0.000000000 0.000000000 -0.000000000 0.000000000 -0.000005405 -0.000000000 -0.000000000 -0.000000000 0.000000000 0.000000000 -0.000000000 -0.000000000 0.000000100 0.000000000 0.000000000 0.000000000 -0.000000000 -0.000000000 -0.000000000 -0.000000000 0.000000000 -0.000001675 -0.000000000 -0.000000000 -0.000000000 0.000000000 0.000000000 -0.000000000 -0.000000000 -0.000000000 0.000000000 -0.000000295 -0.000000000 -0.000000000 -0.000000000 0.000000000 -0.000000000 0.000007823 0.000022354 -0.000533069 0.000034963 -0.000165824 -0.000000000 -0.000000000 -0.000000011 -0.000000000 -0.000000000 0.000000626 -0.000000000 0.000000000 -0.000000335 -0.000000000 -0.000000000 0.000008262 -0.000000000 0.000000000 -0.000000064 0.000000000 0.000000000 0.000000000 -0.000000000 0.000000216 -0.000000000 -0.000000000 -0.000000000 0.000000000 -0.000000950 0.000000000 0.000000000 0.000000000 -0.000000000 -0.000000000 -0.000000015 -0.000000000 0.000000000 -0.000000000 -0.000000000 0.000000000 0.000000000 0.000000088 -0.000000000 -0.000000000 0.000000000 -0.000000000 -0.000000000 -0.000000000 -0.000000000 -0.000000002 0.000000000 0.000000000 0.000000000 0.000000000
0.000000000 -0.000000000 -0.000000000 -0.000000000 0.000000000 0.000000000 0.000000000 -0.000000000 -0.000000000 -0.000000000 0.000000000 0.000000000 0.000000000 0.000000000 0.000000000 0.000000000 0.000000000 -0.000000000 -0.000000000 -0.000000000 0.000000000 -0.000000000 0.000000000 -0.000000000 -0.000000000 0.000000000 -0.000000000 -0.000000000 0.000000000 -0.000000000 -0.000000000 0.000000000 -0.000000000 0.000000000 -0.000000000 -0.000000000 -0.000000000 -0.000000000 0.000000000 -0.000000000 0.000000000 -0.000000000 0.000000000 -0.000000000 0.000000000 0.000000000 0.000000000 0.000000000 0.000000000 -0.000000000 -0.000000000 0.000000000 -0.000000000 -0.000000000 -0.000000000 -0.000000000 0.000000000 -0.000000000 0.000000000 0.000000000 0.000000000 0.000000000 -0.000000000 -0.000000000 0.000000000 0.000000000 -0.000000000 -0.000000000 -0.000000000 -0.000000000 0.000000000 0.000000000 0.000000000 0.000000000 -0.000000000 0.000000000 0.000000000 0.000000000 0.000000000 -0.000000000 -0.000000000 0.000000000 0.000000000 0.000000000 -0.000000000 0.000000000 0.000000000 0.000000000 0.000000000 -0.000000000 0.000000000 -0.000000000 -0.000000000 0.000000000 -0.000000000 0.000000000 0.000000000 0.000000000 0.000000000 0.000000000 0.000000000 -0.000000000 0.000000000 -0.000000000 0.000000000 0.000000000 0.000000000 -0.000000000 0.000000000 -0.000000000 0.000000000 -0.000000000 -0.000000000 -0.000000000 0.000000000 -0.000000000 0.000000000 0.000000000 0.000000000 -0.000000000 0.000000000 -0.000000000 -0.000000000 -0.000000000 0.000000000 0.000000000 0.000000000 0.000000000 -0.000000000 0.000000000 0.000000000 -0.000000000 -0.000000000 -0.000000000 0.000000000 0.000000000 -0.000000000 0.000000000 0.000000000 0.000000000 0.000000000 0.000000000 -0.000000000 -0.000000000 -0.000000000 -0.000000000
0.000000000 0.000000000 0.000000000 0.000000000 -0.000000000 -0.000000000 -0.000000000 0.000000000 0.000000000 0.000000000 -0.000000000 0.000000000 0.000000000 0.000000000 -0.000000000 -0.000000000 -0.000000000 0.000000000 0.000000000 0.000000000 0.000000000 0.000000000 0.000000000 -0.000000000 0.000000000 -0.000000000 0.000000000 0.000000000 -0.000000000 0.000000000 0.000000000 -0.000000000 0.000000000 -0.000000000 0.000000000 0.000000000 0.000000000 0.000000000 -0.000000000 0.000000000 -0.000000000 0.000000000 -0.000000000 0.000000000 -0.000000000 -0.000000000 -0.000000000 -0.000000000 -0.000000000 0.000000000 0.000000000 -0.000000000 0.000000000 0.000000000 0.000000000 0.000000000 -0.000000000 0.000000000 -0.000000000 -0.000000000 -0.000000000 -0.000000000 0.000000000 0.000000000 -0.000000000 -0.000000000 0.000000000 0.000000000 -0.000000000 0.000000000 -0.000000000 -0.000000000 -0.000000000 -0.000000000 0.000000000 -0.000000000 -0.000000000 -0.000000000 -0.000000000 0.000000000 -0.000000000 -0.000000000 -0.000000000 -0.000000000 0.000000000 -0.000000000 -0.000000000 -0.000000000 -0.000000000 0.000000000 -0.000000000 0.000000000 0.000000000 -0.000000000 0.000000000 -0.000000000 -0.000000000 -0.000000000 -0.000000000 -0.000000000 -0.000000000 0.000000000 -0.000000000 0.000000000 -0.000000000 -0.000000000 -0.000000000 0.000000000 -0.000000000 0.000000000 -0.000000000 0.000000000 0.000000000 0.000000000 -0.000000000 0.000000000 -0.000000000 -0.000000000 -0.000000000 0.000000000 -0.000000000 0.000000000 0.000000000 0.000000000 -0.000000000 -0.000000000 -0.000000000 -0.000000000 0.000000000 -0.000000000 -0.000000000 0.000000000 0.000000000 0.000000000 -0.000000000 -0.000000000 0.000000000 -0.000000000 -0.000000000 -0.000000000 -0.000000000 -0.000000000 0.000000000 0.000000000 0.000000000 0.000000000
0.000047508 -0.000000568 -0.000003861 -0.000010776 0.000144751 0.000014169 0.000000000 -0.000000000 -0.000002381 -0.000000000 0.000000000 0.000001059 0.000000000 0.000000000 0.000077303 0.000000000 0.000000000 -0.000011590 -0.000000000 -0.000000000 -0.000000075 -0.000000000 0.000000000 -0.000000069 -0.000000000 0.000000000 -0.000000000 -0.000000000 0.000001577 -0.000000000 -0.000000000 0.000000000 -0.000000000 0.000001381 -0.000000000 -0.000000000 -0.000000000 -0.000000000 0.000013588 -0.000000000 0.000000000 -0.000000000 0.000000000 -0.000000000 0.000000129 0.000000000 0.000000000 0.000000000 0.000000000 -0.000000000 -0.000000000 0.000000395 -0.000000000 -0.000000000 -0.000000000 -0.000000000 0.000000000 -0.000000000 0.000002876 0.000000000 0.000000000 0.000000000 -0.000000000 -0.000000000 0.000000000 0.000000000 -0.000000052 -0.000000000 -0.000000000 -0.000000000 0.000000000 0.000000000 0.000000000 0.000000000 -0.000000000 0.000000890 0.000000000 0.000000000 0.000000000 -0.000000000 -0.000000000 0.000000000 0.000000000 0.000000000 -0.000000000 0.000000157 0.000000000 0.000000000 0.000000000 -0.000000000 0.000000000 -0.000004172 -0.000011927 0.000284345 -0.000018637 0.000088451 0.000000000 0.000000000 0.000000006 0.000000000 0.000000000 -0.000000335 0.000000000 -0.000000000 0.000000180 0.000000000 0.000000000 -0.000004415 0.000000000 -0.000000000 0.000000034 -0.000000000 -0.000000000 -0.000000000 0.000000000 -0.000000115 0.000000000 0.000000000 0.000000000 -0.000000000 0.000000507 -0.000000000 -0.000000000 -0.000000000 0.000000000 0.000000000 0.000000008 0.000000000 -0.000000000 0.000000000 0.000000000 -0.000000000 -0.000000000 -0.000000047 0.000000000 0.000000000 -0.000000000 0.000000000 0.000000000 0.000000000 0.000000000 0.000000001 -0.000000000 -0.000000000 -0.000000000 -0.000000000
-0.000000000 -0.000000000 -0.000000000 -0.000000000 0.000000000 0.000000000 0.000000000 -0.000000000 -0.000000000 -0.000000000 0.000000000 -0.000000000 0.000000000 0.000000000 0.000000000 0.000000000 0.000000000 -0.000000000 -0.000000000 -0.000000000 -0.000000000 -0.000000000 0.000000000 -0.000000000 -0.000000000 0.000000000 -0.000000000 -0.000000000 0.000000000 -0.000000000 -0.000000000 0.000000000 -0.000000000 0.000000000 -0.000000000 -0.000000000 -0.000000000 -0.000000000 0.000000000 -0.000000000 0.000000000 -0.000000000 0.000000000 -0.000000000 0.000000000 0.000000000 0.000000000 0.000000000 0.000000000 -0.000000000 -0.000000000 0.000000000 -0.000000000 -0.000000000 -0.000000000 -0.000000000 0.000000000 -0.000000000 0.000000000 0.000000000 0.000000000 0.000000000 -0.000000000 -0.000000000 0.000000000 0.000000000 -0.000000000 -0.000000000 -0.000000000 -0.000000000 0.000000000 0.000000000 0.000000000 0.000000000 -0.000000000 0.000000000 0.000000000 0.000000000 0.000000000 -0.000000000 -0.000000000 0.000000000 0.000000000 0.000000000 -0.000000000 0.000000000 0.000000000 0.000000000 0.000000000 -0.000000000 0.000000000 -0.000000000 -0.000000000 0.000000000 -0.000000000 0.000000000 0.000000000 0.000000000 0.000000000 0.000000000 0.000000000 -0.000000000 0.000000000 -0.000000000 0.000000000 0.000000000 0.000000000 -0.000000000 0.000000000 -0.000000000 0.000000000 -0.000000000 -0.000000000 -0.000000000 0.000000000 -0.000000000 0.000000000 0.000000000 0.000000000 -0.000000000 0.000000000 -0.000000000 -0.000000000 -0.000000000 0.000000000 0.000000000 0.000000000 0.000000000 -0.000000000 0.000000000 0.000000000 -0.000000000 -0.000000000 -0.000000000 0.000000000 0.000000000 -0.000000000 0.000000000 0.000000000 0.000000000 0.000000000 0.000000000 -0.000000000 -0.000000000 -0.000000000 -0.000000000
-0.000000000 -0.000000000 -0.000000000 -0.000000000 0.000000000 0.000000000 0.000000000 -0.000000000 -0.000000000 -0.000000000 0.000000000 -0.000000000 0.000000000 0.000000000 0.000000000 0.000000000 0.000000000 -0.000000000 -0.000000000 -0.000000000 -0.000000000 -0.000000000 0.000000000 -0.000000000 -0.000000000 0.000000000 -0.000000000 -0.000000000 0.000000000 -0.000000000 -0.000000000 0.000000000 -0.000000000 0.000000000 -0.000000000 -0.000000000 -0.000000000 -0.000000000 0.000000000 -0.000000000 0.000000000 -0.000000000 0.000000000 -0.000000000 0.000000000 0.000000000 0.000000000 0.000000000 0.000000000 -0.000000000 -0.000000000 0.000000000 -0.000000000 -0.000000000 -0.000000000 -0.000000000 0.000000000 -0.000000000 0.000000000 0.000000000 0.000000000 0.000000000 -0.000000000 -0.000000000 0.000000000 0.000000000 -0.000000000 -0.000000000 -0.000000000 -0.000000000 0.000000000 0.000000000 0.000000000 0.000000000 -0.000000000 0.000000000 0.000000000 0.000000000 0.000000000 -0.000000000 -0.000000000 0.000000000 0.000000000 0.000000000 -0.000000000 0.000000000 0.000000000 0.000000000 0.000000000 -0.000000000 0.000000000 -0.000000000 -0.000000000 0.000000000 -0.000000000 0.000000000 0.000000000 0.000000000 0.000000000 0.000000000 0.000000000 -0.000000000 0.000000000 -0.000000000 0.000000000 0.000000000 0.000000000 -0.000000000 0.000000000 -0.000000000 0.000000000 -0.000000000 -0.000000000 -0.000000000 0.000000000 -0.000000000 0.000000000 0.000000000 0.000000000 -0.000000000 0.000000000 -0.000000000 -0.000000000 -0.000000000 0.000000000 0.000000000 0.000000000 0.000000000 -0.000000000 0.000000000 0.000000000 -0.000000000 -0.000000000 -0.000000000 0.000000000 0.000000000 -0.000000000 0.000000000 0.000000000 0.000000000 0.000000000 0.000000000 -0.000000000 -0.000000000 -0.000000000 -0.000000000
-0.000151126 0.000014123 0.000093237 0.000263273 -0.003576760 -0.000352148 -0.000000000 0.000000000 0.000073669 0.000000000 -0.000000000 0.000004043 -0.000000000 -0.000000000 -0.002000281 -0.000000000 -0.000000000 0.000325953 0.000000000 0.000000000 0.000015243 0.000000000 -0.000000000 0.000001216 0.000000000 -0.000000000 0.000000000 0.000000000 -0.000038800 0.000000000 0.000000000 -0.000000000 0.000000000 -0.000034340 0.000000000 0.000000000 0.000000000 0.000000000 -0.000336320 0.000000000 -0.000000000 0.000000000 -0.000000000 0.000000000 -0.000003283 -0.000000000 -0.000000000 -0.000000000 -0.000000000 0.000000000 0.000000000 -0.000009624 0.000000000 0.000000000 0.000000000 0.000000000 -0.000000000 0.000000000 -0.000071352 -0.000000000 -0.000000000 -0.000000000 0.000000000 0.000000000 -0.000000000 -0.000000000 0.000001318 0.000000000 0.000000000 0.000000000 -0.000000000 -0.000000000 -0.000000000 -0.000000000 0.000000000 -0.000022118 -0.000000000 -0.000000000 -0.000000000 0.000000000 0.000000000 -0.000000000 -0.000000000 -0.000000000 0.000000000 -0.000003899 -0.000000000 -0.000000000 -0.000000000 0.000000000 -0.000000000 0.000103273 0.000295091 -0.007036909 0.000461557 -0.002188999 -0.000000000 -0.000000000 -0.000000149 -0.000000000 -0.000000000 0.000008262 -0.000000000 0.000000000 -0.000004415 -0.000000000 -0.000000000 0.000109057 -0.000000000 0.000000000 -0.000000845 0.000000000 0.000000000 0.000000000 -0.000000000 0.000002854 -0.000000000 -0.000000000 -0.000000000 0.000000000 -0.000012540 0.000000000 0.000000000 0.000000000 -0.000000000 -0.000000000 -0.000000203 -0.000000000 0.000000000 -0.000000000 -0.000000000 0.000000000 0.000000000 0.000001164 -0.000000000 -0.000000000 0.000000000 -0.000000000 -0.000000000 -0.000000000 -0.000000000 -0.000000025 0.000000000 0.000000000 0.000000000 0.000000000
-0.000000000 -0.000000000 -0.000000000 -0.000000000 0.000000000 0.000000000 0.000000000 -0.000000000 -0.000000000 -0.000000000 0.000000000 -0.000000000 0.000000000 0.000000000 0.000000000 0.000000000 0.000000000 -0.000000000 -0.000000000 -0.000000000 -0.000000000 -0.000000000 0.000000000 -0.000000000 -0.000000000 0.000000000 -0.000000000 -0.000000000 0.000000000 -0.000000000 -0.000000000 0.000000000 -0.000000000 0.000000000 -0.000000000 -0.000000000 -0.000000000 -0.000000000 0.000000000 -0.000000000 0.000000000 -0.000000000 0.000000000 -0.000000000 0.000000000 0.000000000 0.000000000 0.000000000 0.000000000 -0.000000000 -0.000000000 0.000000000 -0.000000000 -0.000000000 -0.000000000 -0.000000000 0.000000000 -0.000000000 0.000000000 0.000000000 0.000000000 0.000000000 -0.000000000 -0.000000000 0.000000000 0.000000000 -0.000000000 -0.000000000 -0.000000000 -0.000000000 0.000000000 0.000000000 0.000000000 0.000000000 -0.000000000 0.000000000 0.000000000 0.000000000 0.000000000 -0.000000000 -0.000000000 0.000000000 0.000000000 0.000000000 -0.000000000 0.000000000 0.000000000 0.000000000 0.000000000 -0.000000000 0.000000000 -0.000000000 -0.000000000 0.000000000 -0.000000000 0.000000000 0.000000000 0.000000000 0.000000000 0.000000000 0.000000000 -0.000000000 0.000000000 -0.000000000 0.000000000 0.000000000 0.000000000 -0.000000000 0.000000000 -0.000000000 0.000000000 -0.000000000 -0.000000000 -0.000000000 0.000000000 -0.000000000 0.000000000 0.000000000 0.000000000 -0.000000000 0.000000000 -0.000000000 -0.000000000 -0.000000000 0.000000000 0.000000000 0.000000000 0.000000000 -0.000000000 0.000000000 0.000000000 -0.000000000 -0.000000000 -0.000000000 0.000000000 0.000000000 -0.000000000 0.000000000 0.000000000 0.000000000 0.000000000 0.000000000 -0.000000000 -0.000000000 -0.000000000 -0.000000000
0.000000000 0.000000000 0.000000000 0.000000000 -0.000000000 -0.000000000 -0.000000000 0.000000000 0.000000000 0.000000000 -0.000000000 0.000000000 -0.000000000 -0.000000000 -0.000000000 -0.000000000 -0.000000000 0.000000000 0.000000000 0.000000000 0.000000000 0.000000000 -0.000000000 0.000000000 0.000000000 -0.000000000 0.000000000 0.000000000 -0.000000000 0.000000000 0.000000000 -0.000000000 0.000000000 -0.000000000 0.000000000 0.000000000 0.000000000 0.000000000 -0.000000000 0.000000000 -0.000000000 0.000000000 -0.000000000 0.000000000 -0.000000000 -0.000000000 -0.000000000 -0.000000000 -0.000000000 0.000000000 0.000000000 -0.000000000 0.000000000 0.000000000 0.000000000 0.000000000 -0.000000000 0.000000000 -0.000000000 -0.000000000 -0.000000000 -0.000000000 0.000000000 0.000000000 -0.000000000 -0.000000000 0.000000000 0.000000000 0.000000000 0.000000000 -0.000000000 -0.000000000 -0.000000000 -0.000000000 0.000000000 -0.000000000 -0.000000000 -0.000000000 -0.000000000 0.000000000 0.000000000 -0.000000000 -0.000000000 -0.000000000 0.000000000 -0.000000000 -0.000000000 -0.000000000 -0.000000000 0.000000000 -0.000000000 0.000000000 0.000000000 -0.000000000 0.000000000 -0.000000000 -0.000000000 -0.000000000 -0.000000000 -0.000000000 -0.000000000 0.000000000 -0.000000000 0.000000000 -0.000000000 -0.000000000 -0.000000000 0.000000000 -0.000000000 0.000000000 -0.000000000 0.000000000 0.000000000 0.000000000 -0.000000000 0.000000000 -0.000000000 -0.000000000 -0.000000000 0.000000000 -0.000000000 0.000000000 0.000000000 0.000000000 -0.000000000 -0.000000000 -0.000000000 -0.000000000 0.000000000 -0.000000000 -0.000000000 0.000000000 0.000000000 0.000000000 -0.000000000 -0.000000000 0.000000000 -0.000000000 -0.000000000 -0.000000000 -0.000000000 -0.000000000 0.000000000 0.000000000 0.000000000 0.000000000
-0.000000867 -0.000000110 -0.000000719 -0.000002035 0.000027731 0.000002734 0.000000000 -0.000000000 -0.000000601 -0.000000000 0.000000000 -0.000000092 0.000000000 0.000000000 0.000015688 0.000000000 0.000000000 -0.000002606 -0.000000000 -0.000000000 -0.000000145 -0.000000000 0.000000000 -0.000000008 -0.000000000 0.000000000 -0.000000000 -0.000000000 0.000000300 -0.000000000 -0.000000000 0.000000000 -0.000000000 0.000000267 -0.000000000 -0.000000000 -0.000000000 -0.000000000 0.000002609 -0.000000000 0.000000000 -0.000000000 0.000000000 -0.000000000 0.000000026 0.000000000 0.000000000 0.000000000 0.000000000 -0.000000000 -0.000000000 0.000000074 -0.000000000 -0.000000000 -0.000000000 -0.000000000 0.000000000 -0.000000000 0.000000554 0.000000000 0.000000000 0.000000000 -0.000000000 -0.000000000 0.000000000 0.000000000 -0.000000010 -0.000000000 -0.000000000 -0.000000000 0.000000000 0.000000000 0.000000000 0.000000000 -0.000000000 0.000000172 0.000000000 0.000000000 0.000000000 -0.000000000 -0.000000000 0.000000000 0.000000000 0.000000000 -0.000000000 0.000000030 0.000000000 0.000000000 0.000000000 -0.000000000 0.000000000 -0.000000801 -0.000002289 0.000054580 -0.000003581 0.000016978 0.000000000 0.000000000 0.000000001 0.000000000 0.000000000 -0.000000064 0.000000000 -0.000000000 0.000000034 0.000000000 0.000000000 -0.000000845 0.000000000 -0.000000000 0.000000007 -0.000000000 -0.000000000 -0.000000000 0.000000000 -0.000000022 0.000000000 0.000000000 0.000000000 -0.000000000 0.000000097 -0.000000000 -0.000000000 -0.000000000 0.000000000 0.000000000 0.000000002 0.000000000 -0.000000000 0.000000000 0.000000000 -0.000000000 -0.000000000 -0.000000009 0.000000000 0.000000000 -0.000000000 0.000000000 0.000000000 0.000000000 0.000000000 0.000000000 -0.000000000 -0.000000000 -0.000000000 -0.000000000
0.000000000 0.000000000 0.000000000 0.000000000 -0.000000000 -0.000000000 -0.000000000 0.000000000 0.000000000 0.000000000 -0.000000000 0.000000000 -0.000000000 -0.000000000 -0.000000000 -0.000000000 -0.000000000 0.000000000 0.000000000 0.000000000 0.000000000 0.000000000 -0.000000000 0.000000000 0.000000000 -0.000000000 0.000000000 0.000000000 -0.000000000 0.000000000 0.000000000 -0.000000000 0.000000000 -0.000000000 0.000000000 0.000000000 0.000000000 0.000000000 -0.000000000 0.000000000 -0.000000000 0.000000000 -0.000000000 0.000000000 -0.000000000 -0.000000000 -0.000000000 -0.000000000 -0.000000000 0.000000000 0.000000000 -0.000000000 0.000000000 0.000000000 0.000000000 0.000000000 -0.000000000 0.000000000 -0.000000000 -0.000000000 -0.000000000 -0.000000000 0.000000000 0.000000000 -0.000000000 -0.000000000 0.000000000 0.000000000 0.000000000 0.000000000 -0.000000000 -0.000000000 -0.000000000 -0.000000000 0.000000000 -0.000000000 -0.000000000 -0.000000000 -0.000000000 0.000000000 0.000000000 -0.000000000 -0.000000000 -0.000000000 0.000000000 -0.000000000 -0.000000000 -0.000000000 -0.000000000 0.000000000 -0.000000000 0.000000000 0.000000000 -0.000000000 0.000000000 -0.000000000 -0.000000000 -0.000000000 -0.000000000 -0.000000000 -0.000000000 0.000000000 -0.000000000 0.000000000 -0.000000000 -0.000000000 -0.000000000 0.000000000 -0.000000000 0.000000000 -0.000000000 0.000000000 0.000000000 0.000000000 -0.000000000 0.000000000 -0.000000000 -0.000000000 -0.000000000 0.000000000 -0.000000000 0.000000000 0.000000000 0.000000000 -0.000000000 -0.000000000 -0.000000000 -0.000000000 0.000000000 -0.000000000 -0.000000000 0.000000000 0.000000000 0.000000000 -0.000000000 -0.000000000 0.000000000 -0.000000000 -0.000000000 -0.000000000 -0.000000000 -0.000000000 0.000000000 0.000000000 0.000000000 0.000000000
0.000000000 0.000000000 0.000000000 0.000000000 -0.000000000 -0.000000000 -0.000000000 0.000000000 0.000000000 0.000000000 -0.000000000 0.000000000 -0.000000000 -0.000000000 -0.000000000 -0.000000000 -0.000000000 0.000000000 0.000000000 0.000000000 0.000000000 0.000000000 -0.000000000 0.000000000 0.000000000 -0.000000000 0.000000000 0.000000000 -0.000000000 0.000000000 0.000000000 -0.000000000 0.000000000 -0.000000000 0.000000000 0.000000000 0.000000000 0.000000000 -0.000000000 0.000000000 -0.000000000 0.000000000 -0.000000000 0.000000000 -0.000000000 -0.000000000 -0.000000000 -0.000000000 -0.000000000 0.000000000 0.000000000 -0.000000000 0.000000000 0.000000000 0.000000000 0.000000000 -0.000000000 0.000000000 -0.000000000 -0.000000000 -0.000000000 -0.000000000 0.000000000 0.000000000 -0.000000000 -0.000000000 0.000000000 0.000000000 0.000000000 0.000000000 -0.000000000 -0.000000000 -0.000000000 -0.000000000 0.000000000 -0.000000000 -0.000000000 -0.000000000 -0.000000000 0.000000000 0.000000000 -0.000000000 -0.000000000 -0.000000000 0.000000000 -0.000000000 -0.000000000 -0.000000000 -0.000000000 0.000000000 -0.000000000 0.000000000 0.000000000 -0.000000000 0.000000000 -0.000000000 -0.000000000 -0.000000000 -0.000000000 -0.000000000 -0.000000000 0.000000000 -0.000000000 0.000000000 -0.000000000 -0.000000000 -0.000000000 0.000000000 -0.000000000 0.000000000 -0.000000000 0.000000000 0.000000000 0.000000000 -0.000000000 0.000000000 -0.000000000 -0.000000000 -0.000000000 0.000000000 -0.000000000 0.000000000 0.000000000 0.000000000 -0.000000000 -0.000000000 -0.000000000 -0.000000000 0.000000000 -0.000000000 -0.000000000 0.000000000 0.000000000 0.000000000 -0.000000000 -0.000000000 0.000000000 -0.000000000 -0.000000000 -0.000000000 -0.000000000 -0.000000000 0.000000000 0.000000000 0.000000000 0.000000000
0.000000000 0.000000000 0.000000000 0.000000000 -0.000000000 -0.000000000 -0.000000000 0.000000000 0.000000000 0.000000000 -0.000000000 0.000000000 -0.000000000 -0.000000000 -0.000000000 -0.000000000 -0.000000000 0.000000000 0.000000000 0.000000000 0.000000000 0.000000000 -0.000000000 0.000000000 0.000000000 -0.000000000 0.000000000 0.000000000 -0.000000000 0.000000000 0.000000000 -0.000000000 0.000000000 -0.000000000 0.000000000 0.000000000 0.000000000 0.000000000 -0.000000000 0.000000000 -0.000000000 0.000000000 -0.000000000 0.000000000 -0.000000000 -0.000000000 -0.000000000 -0.000000000 -0.000000000 0.000000000 0.000000000 -0.000000000 0.000000000 0.000000000 0.000000000 0.000000000 -0.000000000 0.000000000 -0.000000000 -0.000000000 -0.000000000 -0.000000000 0.000000000 0.000000000 -0.000000000 -0.000000000 0.000000000 0.000000000 0.000000000 0.000000000 -0.000000000 -0.000000000 -0.000000000 -0.000000000 0.000000000 -0.000000000 -0.000000000 -0.000000000 -0.000000000 0.000000000 0.000000000 -0.000000000 -0.000000000 -0.000000000 0.000000000 -0.000000000 -0.000000000 -0.000000000 -0.000000000 0.000000000 -0.000000000 0.000000000 0.000000000 -0.000000000 0.000000000 -0.000000000 -0.000000000 -0.000000000 -0.000000000 -0.000000000 -0.000000000 0.000000000 -0.000000000 0.000000000 -0.000000000 -0.000000000 -0.000000000 0.000000000 -0.000000000 0.000000000 -0.000000000 0.000000000 0.000000000 0.000000000 -0.000000000 0.000000000 -0.000000000 -0.000000000 -0.000000000 0.000000000 -0.000000000 0.000000000 0.000000000 0.000000000 -0.000000000 -0.000000000 -0.000000000 -0.000000000 0.000000000 -0.000000000 -0.000000000 0.000000000 0.000000000 0.000000000 -0.000000000 -0.000000000 0.000000000 -0.000000000 -0.000000000 -0.000000000 -0.000000000 -0.000000000 0.000000000 0.000000000 0.000000000 0.000000000
-0.000000000 -0.000000000 -0.000000000 -0.000000000 0.000000000 0.000000000 0.000000000 -0.000000000 -0.000000000 -0.000000000 0.000000000 -0.000000000 0.000000000 0.000000000 0.000000000 0.000000000 0.000000000 -0.000000000 -0.000000000 -0.000000000 -0.000000000 -0.000000000 0.000000000 -0.000000000 -0.000000000 0.000000000 -0.000000000 -0.000000000 0.000000000 -0.000000000 -0.000000000 0.000000000 -0.000000000 0.000000000 -0.000000000 -0.000000000 -0.000000000 -0.000000000 0.000000000 -0.000000000 0.000000000 -0.000000000 0.000000000 -0.000000000 0.000000000 0.000000000 0.000000000 0.000000000 0.000000000 -0.000000000 -0.000000000 0.000000000 -0.000000000 -0.000000000 -0.000000000 -0.000000000 0.000000000 -0.000000000 0.000000000 0.000000000 0.000000000 0.000000000 -0.000000000 -0.000000000 0.000000000 0.000000000 -0.000000000 -0.000000000 -0.000000000 -0.000000000 0.000000000 0.000000000 0.000000000 0.000000000 -0.000000000 0.000000000 0.000000000 0.000000000 0.000000000 -0.000000000 -0.000000000 0.000000000 0.000000000 0.000000000 -0.000000000 0.000000000 0.000000000 0.000000000 0.000000000 -0.000000000 0.000000000 -0.000000000 -0.000000000 0.000000000 -0.000000000 0.000000000 0.000000000 0.000000000 0.000000000 0.000000000 0.000000000 -0.000000000 0.000000000 -0.000000000 0.000000000 0.000000000 0.000000000 -0.000000000 0.000000000 -0.000000000 0.000000000 -0.000000000 -0.000000000 -0.000000000 0.000000000 -0.000000000 0.000000000 0.000000000 0.000000000 -0.000000000 0.000000000 -0.000000000 -0.000000000 -0.000000000 0.000000000 0.000000000 0.000000000 0.000000000 -0.000000000 0.000000000 0.000000000 -0.000000000 -0.000000000 -0.000000000 0.000000000 0.000000000 -0.000000000 0.000000000 0.000000000 0.000000000 0.000000000 0.000000000 -0.000000000 -0.000000000 -0.000000000 -0.000000000
0.000002617 0.000000370 0.000002426 0.000006870 -0.000093602 -0.000009229 -0.000000000 0.000000000 0.000002023 0.000000000 -0.000000000 0.000000300 -0.000000000 -0.000000000 -0.000052926 -0.000000000 -0.000000000 0.000008784 0.000000000 0.000000000 0.000000485 0.000000000 -0.000000000 0.000000029 0.000000000 -0.000000000 0.000000000 0.000000000 -0.000001014 0.000000000 0.000000000 -0.000000000 0.000000000 -0.000000900 0.000000000 0.000000000 0.000000000 0.000000000 -0.000008805 0.000000000 -0.000000000 0.000000000 -0.000000000 0.000000000 -0.000000086 -0.000000000 -0.000000000 -0.000000000 -0.000000000 0.000000000 0.000000000 -0.000000251 0.000000000 0.000000000 0.000000000 0.000000000 -0.000000000 0.000000000 -0.000001869 -0.000000000 -0.000000000 -0.000000000 0.000000000 0.000000000 -0.000000000 -0.000000000 0.000000035 0.000000000 0.000000000 0.000000000 -0.000000000 -0.000000000 -0.000000000 -0.000000000 0.000000000 -0.000000580 -0.000000000 -0.000000000 -0.000000000 0.000000000 0.000000000 -0.000000000 -0.000000000 -0.000000000 0.000000000 -0.000000102 -0.000000000 -0.000000000 -0.000000000 0.000000000 -0.000000000 0.000002704 0.000007725 -0.000184222 0.000012085 -0.000057307 -0.000000000 -0.000000000 -0.000000004 -0.000000000 -0.000000000 0.000000216 -0.000000000 0.000000000 -0.000000115 -0.000000000 -0.000000000 0.000002854 -0.000000000 0.000000000 -0.000000022 0.000000000 0.000000000 0.000000000 -0.000000000 0.000000075 -0.000000000 -0.000000000 -0.000000000 0.000000000 -0.000000328 0.000000000 0.000000000 0.000000000 -0.000000000 -0.000000000 -0.000000005 -0.000000000 0.000000000 -0.000000000 -0.000000000 0.000000000 0.000000000 0.000000031 -0.000000000 -0.000000000 0.000000000 -0.000000000 -0.000000000 -0.000000000 -0.000000000 -0.000000001 0.000000000 0.000000000 0.000000000 0.000000000
-0.000000000 -0.000000000 -0.000000000 -0.000000000 0.000000000 0.000000000 0.000000000 -0.000000000 -0.000000000 -0.000000000 0.000000000 -0.000000000 0.000000000 0.000000000 0.000000000 0.000000000 0.000000000 -0.000000000 -0.000000000 -0.000000000 -0.000000000 -0.000000000 0.000000000 -0.000000000 -0.000000000 0.000000000 -0.000000000 -0.000000000 0.000000000 -0.000000000 -0.000000000 0.000000000 -0.000000000 0.000000000 -0.000000000 -0.000000000 -0.000000000 -0.000000000 0.000000000 -0.000000000 0.000000000 -0.000000000 0.000000000 -0.000000000 0.000000000 0.000000000 0.000000000 0.000000000 0.000000000 -0.000000000 -0.000000000 0.000000000 -0.000000000 -0.000000000 -0.000000000 -0.000000000 0.000000000 -0.000000000 0.000000000 0.000000000 0.000000000 0.000000000 -0.000000000 -0.000000000 0.000000000 0.000000000 -0.000000000 -0.000000000 -0.000000000 -0.000000000 0.000000000 0.000000000 0.000000000 0.000000000 -0.000000000 0.000000000 0.000000000 0.000000000 0.000000000 -0.000000000 -0.000000000 0.000000000 0.000000000 0.000000000 -0.000000000 0.000000000 0.000000000 0.000000000 0.000000000 -0.000000000 0.000000000 -0.000000000 -0.000000000 0.000000000 -0.000000000 0.000000000 0.000000000 0.000000000 0.000000000 0.000000000 0.000000000 -0.000000000 0.000000000 -0.000000000 0.000000000 0.000000000 0.000000000 -0.000000000 0.000000000 -0.000000000 0.000000000 -0.000000000 -0.000000000 -0.000000000 0.000000000 -0.000000000 0.000000000 0.000000000 0.000000000 -0.000000000 0.000000000 -0.000000000 -0.000000000 -0.000000000 0.000000000 0.000000000 0.000000000 0.000000000 -0.000000000 0.000000000 0.000000000 -0.000000000 -0.000000000 -0.000000000 0.000000000 0.000000000 -0.000000000 0.000000000 0.000000000 0.000000000 0.000000000 0.000000000 -0.000000000 -0.000000000 -0.000000000 -0.000000000
0.000000000 -0.000000000 -0.000000000 -0.000000000 0.000000000 0.000000000 0.000000000 -0.000000000 -0.000000000 -0.000000000 0.000000000 -0.000000000 0.000000000 0.000000000 0.000000000 0.000000000 0.000000000 -0.000000000 -0.000000000 -0.000000000 -0.000000000 -0.000000000 0.000000000 -0.000000000 -0.000000000 0.000000000 -0.000000000 -0.000000000 0.000000000 -0.000000000 -0.000000000 0.000000000 -0.000000000 0.000000000 -0.000000000 -0.000000000 -0.000000000 -0.000000000 0.000000000 -0.000000000 0.000000000 -0.000000000 0.000000000 -0.000000000 0.000000000 0.000000000 0.000000000 0.000000000 0.000000000 -0.000000000 -0.000000000 0.000000000 -0.000000000 -0.000000000 -0.000000000 -0.000000000 0.000000000 -0.000000000 0.000000000 0.000000000 0.000000000 0.000000000 -0.000000000 -0.000000000 0.000000000 0.000000000 -0.000000000 -0.000000000 -0.000000000 -0.000000000 0.000000000 0.000000000 0.000000000 0.000000000 -0.000000000 0.000000000 0.000000000 0.000000000 0.000000000 -0.000000000 -0.000000000 0.000000000 0.000000000 0.000000000 -0.000000000 0.000000000 0.000000000 0.000000000 0.000000000 -0.000000000 0.000000000 -0.000000000 -0.000000000 0.000000000 -0.000000000 0.000000000 0.000000000 0.000000000 0.000000000 0.000000000 0.000000000 -0.000000000 0.000000000 -0.000000000 0.000000000 0.000000000 0.000000000 -0.000000000 0.000000000 -0.000000000 0.000000000 -0.000000000 -0.000000000 -0.000000000 0.000000000 -0.000000000 0.000000000 0.000000000 0.000000000 -0.000000000 0.000000000 -0.000000000 -0.000000000 -0.000000000 0.000000000 0.000000000 0.000000000 0.000000000 -0.000000000 0.000000000 0.000000000 -0.000000000 -0.000000000 -0.000000000 0.000000000 0.000000000 -0.000000000 0.000000000 0.000000000 0.000000000 0.000000000 0.000000000 -0.000000000 -0.000000000 -0.000000000 -0.000000000
0.000000000 -0.000000000 -0.000000000 -0.000000000 0.000000000 0.000000000 0.000000000 -0.000000000 -0.000000000 -0.000000000 0.000000000 -0.000000000 0.000000000 0.000000000 0.000000000 0.000000000 0.000000000 -0.000000000 -0.000000000 -0.000000000 -0.000000000 -0.000000000 0.000000000 -0.000000000 -0.000000000 0.000000000 -0.000000000 -0.000000000 0.000000000 -0.000000000 -0.000000000 0.000000000 -0.000000000 0.000000000 -0.000000000 -0.000000000 -0.000000000 -0.000000000 0.000000000 -0.000000000 0.000000000 -0.000000000 0.000000000 -0.000000000 0.000000000 0.000000000 0.000000000 0.000000000 0.000000000 -0.000000000 -0.000000000 0.000000000 -0.000000000 -0.000000000 -0.000000000 -0.000000000 0.000000000 -0.000000000 0.000000000 0.000000000 0.000000000 0.000000000 -0.000000000 -0.000000000 0.000000000 0.000000000 -0.000000000 -0.000000000 -0.000000000 -0.000000000 0.000000000 0.000000000 0.000000000 0.000000000 -0.000000000 0.000000000 0.000000000 0.000000000 0.000000000 -0.000000000 -0.000000000 0.000000000 0.000000000 0.000000000 -0.000000000 0.000000000 0.000000000 0.000000000 0.000000000 -0.000000000 0.000000000 -0.000000000 -0.000000000 0.000000000 -0.000000000 0.000000000 0.000000000 0.000000000 0.000000000 0.000000000 0.000000000 -0.000000000 0.000000000 -0.000000000 0.000000000 0.000000000 0.000000000 -0.000000000 0.000000000 -0.000000000 0.000000000 -0.000000000 -0.000000000 -0.000000000 0.000000000 -0.000000000 0.000000000 0.000000000 0.000000000 -0.000000000 0.000000000 -0.000000000 -0.000000000 -0.000000000 0.000000000 0.000000000 0.000000000 0.000000000 -0.000000000 0.000000000 0.000000000 -0.000000000 -0.000000000 -0.000000000 0.000000000 0.000000000 -0.000000000 0.000000000 0.000000000 0.000000000 0.000000000 0.000000000 -0.000000000 -0.000000000 -0.000000000 -0.000000000
0.000000000 0.000000000 0.000000000 0.000000000 -0.000000000 -0.000000000 -0.000000000 0.000000000 0.000000000 0.000000000 -0.000000000 0.000000000 -0.000000000 -0.000000000 -0.000000000 -0.000000000 -0.000000000 0.000000000 0.000000000 0.000000000 0.000000000 0.000000000 -0.000000000 0.000000000 0.000000000 -0.000000000 0.000000000 0.000000000 -0.000000000 0.000000000 0.000000000 -0.000000000 0.000000000 -0.000000000 0.000000000 0.000000000 0.000000000 0.000000000 -0.000000000 0.000000000 -0.000000000 0.000000000 -0.000000000 0.000000000 -0.000000000 -0.000000000 -0.000000000 -0.000000000 -0.000000000 0.000000000 0.000000000 -0.000000000 0.000000000 0.000000000 0.000000000 0.000000000 -0.000000000 0.000000000 -0.000000000 -0.000000000 -0.000000000 -0.000000000 0.000000000 0.000000000 -0.000000000 -0.000000000 0.000000000 0.000000000 0.000000000 0.000000000 -0.000000000 -0.000000000 -0.000000000 -0.000000000 0.000000000 -0.000000000 -0.000000000 -0.000000000 -0.000000000 0.000000000 0.000000000 -0.000000000 -0.000000000 -0.000000000 0.000000000 -0.000000000 -0.000000000 -0.000000000 -0.000000000 0.000000000 -0.000000000 0.000000000 0.000000000 -0.000000000 0.000000000 -0.000000000 -0.000000000 -0.000000000 -0.000000000 -0.000000000 -0.000000000 0.000000000 -0.000000000 0.000000000 -0.000000000 -0.000000000 -0.000000000 0.000000000 -0.000000000 0.000000000 -0.000000000 0.000000000 0.000000000 0.000000000 -0.000000000 0.000000000 -0.000000000 -0.000000000 -0.000000000 0.000000000 -0.000000000 0.000000000 0.000000000 0.000000000 -0.000000000 -0.000000000 -0.000000000 -0.000000000 0.000000000 -0.000000000 -0.000000000 0.000000000 0.000000000 0.000000000 -0.000000000 -0.000000000 0.000000000 -0.000000000 -0.000000000 -0.000000000 -0.000000000 -0.000000000 0.000000000 0.000000000 0.000000000 0.000000000
0.000001810 -0.000001625 -0.000010688 -0.000030229 0.000411299 0.000040525 0.000000000 -0.000000000 -0.000008697 -0.000000000 0.000000000 -0.000000925 0.000000000 0.000000000 0.000231388 0.000000000 0.000000000 -0.000038084 -0.000000000 -0.000000000 -0.000001957 -0.000000000 0.000000000 -0.000000132 -0.000000000 0.000000000 -0.000000000 -0.000000000 0.000004459 -0.000000000 -0.000000000 0.000000000 -0.000000000 0.000003952 -0.000000000 -0.000000000 -0.000000000 -0.000000000 0.000038683 -0.000000000 0.000000000 -0.000000000 0.000000000 -0.000000000 0.000000379 0.000000000 0.000000000 0.000000000 0.000000000 -0.000000000 -0.000000000 0.000001105 -0.000000000 -0.000000000 -0.000000000 -0.000000000 0.000000000 -0.000000000 0.000008209 0.000000000 0.000000000 0.000000000 -0.000000000 -0.000000000 0.000000000 0.000000000 -0.000000152 -0.000000000 -0.000000000 -0.000000000 0.000000000 0.000000000 0.000000000 0.000000000 -0.000000000 0.000002545 0.000000000 0.000000000 0.000000000 -0.000000000 -0.000000000 0.000000000 0.000000000 0.000000000 -0.000000000 0.000000449 0.000000000 0.000000000 0.000000000 -0.000000000 0.000000000 -0.000011878 -0.000033939 0.000809353 -0.000053091 0.000251769 0.000000000 0.000000000 0.000000017 0.000000000 0.000000000 -0.000000950 0.000000000 -0.000000000 0.000000507 0.000000000 0.000000000 -0.000012540 0.000000000 -0.000000000 0.000000097 -0.000000000 -0.000000000 -0.000000000 0.000000000 -0.000000328 0.000000000 0.000000000 0.000000000 -0.000000000 0.000001442 -0.000000000 -0.000000000 -0.000000000 0.000000000 0.000000000 0.000000023 0.000000000 -0.000000000 0.000000000 0.000000000 -0.000000000 -0.000000000 -0.000000134 0.000000000 0.000000000 -0.000000000 0.000000000 0.000000000 0.000000000 0.000000000 0.000000003 -0.000000000 -0.000000000 -0.000000000 -0.000000000
0.000000000 0.000000000 0.000000000 0.000000000 -0.000000000 -0.000000000 -0.000000000 0.000000000 0.000000000 0.000000000 -0.000000000 0.000000000 -0.000000000 0.000000000 -0.000000000 -0.000000000 -0.000000000 0.000000000 0.000000000 0.000000000 0.000000000 0.000000000 0.000000000 -0.000000000 0.000000000 -0.000000000 0.000000000 0.000000000 -0.000000000 0.000000000 0.000000000 -0.000000000 0.000000000 -0.000000000 0.000000000 0.000000000 0.000000000 0.000000000 -0.000000000 0.000000000 -0.000000000 0.000000000 -0.000000000 0.000000000 -0.000000000 -0.000000000 -0.000000000 -0.000000000 -0.000000000 0.000000000 0.000000000 -0.000000000 0.000000000 0.000000000 0.000000000 0.000000000 -0.000000000 0.000000000 -0.000000000 -0.000000000 -0.000000000 -0.000000000 0.000000000 0.000000000 -0.000000000 -0.000000000 0.000000000 0.000000000 0.000000000 0.000000000 -0.000000000 -0.000000000 -0.000000000 -0.000000000 0.000000000 -0.000000000 -0.000000000 -0.000000000 -0.000000000 0.000000000 0.000000000 -0.000000000 -0.000000000 -0.000000000 0.000000000 -0.000000000 -0.000000000 -0.000000000 -0.000000000 0.000000000 -0.000000000 0.000000000 0.000000000 -0.000000000 0.000000000 -0.000000000 -0.000000000 -0.000000000 -0.000000000 -0.000000000 -0.000000000 0.000000000 -0.000000000 0.000000000 -0.000000000 -0.000000000 -0.000000000 0.000000000 -0.000000000 0.000000000 -0.000000000 0.000000000 0.000000000 0.000000000 -0.000000000 0.000000000 -0.000000000 -0.000000000 -0.000000000 0.000000000 -0.000000000 0.000000000 0.000000000 0.000000000 -0.000000000 -0.000000000 -0.000000000 -0.000000000 0.000000000 -0.000000000 -0.000000000 0.000000000 0.000000000 0.000000000 -0.000000000 -0.000000000 0.000000000 -0.000000000 -0.000000000 -0.000000000 -0.000000000 -0.000000000 0.000000000 0.000000000 0.000000000 0.000000000
-0.000000000 0.000000000 0.000000000 0.000000000 -0.000000000 -0.000000000 -0.000000000 0.000000000 0.000000000 0.000000000 -0.000000000 0.000000000 -0.000000000 -0.000000000 -0.000000000 -0.000000000 -0.000000000 0.000000000 0.000000000 0.000000000 0.000000000 0.000000000 -0.000000000 0.000000000 0.000000000 -0.000000000 0.000000000 0.000000000 -0.000000000 0.000000000 0.000000000 -0.000000000 0.000000000 -0.000000000 0.000000000 0.000000000 0.000000000 0.000000000 -0.000000000 0.000000000 -0.000000000 0.000000000 -0.000000000 0.000000000 -0.000000000 -0.000000000 -0.000000000 -0.000000000 -0.000000000 0.000000000 0.000000000 -0.000000000 0.000000000 0.000000000 0.000000000 0.000000000 -0.000000000 0.000000000 -0.000000000 -0.000000000 -0.000000000 -0.000000000 0.000000000 0.000000000 -0.000000000 -0.000000000 0.000000000 0.000000000 0.000000000 0.000000000 -0.000000000 -0.000000000 -0.000000000 -0.000000000 0.000000000 -0.000000000 -0.000000000 -0.000000000 -0.000000000 0.000000000 0.000000000 -0.000000000 -0.000000000 -0.000000000 0.000000000 -0.000000000 -0.000000000 -0.000000000 -0.000000000 0.000000000 -0.000000000 0.000000000 0.000000000 -0.000000000 0.000000000 -0.000000000 -0.000000000 -0.000000000 -0.000000000 -0.000000000 -0.000000000 0.000000000 -0.000000000 0.000000000 -0.000000000 -0.000000000 -0.000000000 0.000000000 -0.000000000 0.000000000 -0.000000000 0.000000000 0.000000000 0.000000000 -0.000000000 0.000000000 -0.000000000 -0.000000000 -0.000000000 0.000000000 -0.000000000 0.000000000 0.000000000 0.000000000 -0.000000000 -0.000000000 -0.000000000 -0.000000000 0.000000000 -0.000000000 -0.000000000 0.000000000 0.000000000 0.000000000 -0.000000000 -0.000000000 0.000000000 -0.000000000 -0.000000000 -0.000000000 -0.000000000 -0.000000000 0.000000000 0.000000000 0.000000000 0.000000000
0.000000000 0.000000000 0.000000000 0.000000000 -0.000000000 -0.000000000 -0.000000000 0.000000000 0.000000000 0.000000000 -0.000000000 0.000000000 -0.000000000 -0.000000000 -0.000000000 -0.000000000 -0.000000000 0.000000000 0.000000000 0.000000000 0.000000000 0.000000000 -0.000000000 0.000000000 0.000000000 -0.000000000 0.000000000 0.000000000 -0.000000000 0.000000000 0.000000000 -0.000000000 0.000000000 -0.000000000 0.000000000 0.000000000 0.000000000 0.000000000 -0.000000000 0.000000000 -0.000000000 0.000000000 -0.000000000 0.000000000 -0.000000000 -0.000000000 -0.000000000 -0.000000000 -0.000000000 0.000000000 0.000000000 -0.000000000 0.000000000 0.000000000 0.000000000 0.000000000 -0.000000000 0.000000000 -0.000000000 -0.000000000 -0.000000000 -0.000000000 0.000000000 0.000000000 -0.000000000 -0.000000000 0.000000000 0.000000000 0.000000000 0.000000000 -0.000000000 -0.000000000 -0.000000000 -0.000000000 0.000000000 -0.000000000 -0.000000000 -0.000000000 -0.000000000 0.000000000 0.000000000 -0.000000000 -0.000000000 -0.000000000 0.000000000 -0.000000000 -0.000000000 -0.000000000 -0.000000000 0.000000000 -0.000000000 0.000000000 0.000000000 -0.000000000 0.000000000 -0.000000000 -0.000000000 -0.000000000 -0.000000000 -0.000000000 -0.000000000 0.000000000 -0.000000000 0.000000000 -0.000000000 -0.000000000 -0.000000000 0.000000000 -0.000000000 0.000000000 -0.000000000 0.000000000 0.000000000 0.000000000 -0.000000000 0.000000000 -0.000000000 -0.000000000 -0.000000000 0.000000000 -0.000000000 0.000000000 0.000000000 0.000000000 -0.000000000 -0.000000000 -0.000000000 -0.000000000 0.000000000 -0.000000000 -0.000000000 0.000000000 0.000000000 0.000000000 -0.000000000 -0.000000000 0.000000000 -0.000000000 -0.000000000 -0.000000000 -0.000000000 -0.000000000 0.000000000 0.000000000 0.000000000 0.000000000
-0.000000000 -0.000000000 -0.000000000 -0.000000000 0.000000000 0.000000000 0.000000000 -0.000000000 -0.000000000 -0.000000000 0.000000000 -0.000000000 0.000000000 0.000000000 0.000000000 0.000000000 0.000000000 -0.000000000 -0.000000000 -0.000000000 -0.000000000 -0.000000000 0.000000000 -0.000000000 -0.000000000 0.000000000 -0.000000000 -0.000000000 0.000000000 -0.000000000 -0.000000000 0.000000000 -0.000000000 0.000000000 -0.000000000 -0.000000000 -0.000000000 -0.000000000 0.000000000 -0.000000000 0.000000000 -0.000000000 0.000000000 -0.000000000 0.000000000 0.000000000 0.000000000 0.000000000 0.000000000 -0.000000000 -0.000000000 0.000000000 -0.000000000 -0.000000000 -0.000000000 -0.000000000 0.000000000 -0.000000000 0.000000000 0.000000000 0.000000000 0.000000000 -0.000000000 -0.000000000 0.000000000 0.000000000 -0.000000000 -0.000000000 -0.000000000 -0.000000000 0.000000000 0.000000000 0.000000000 0.000000000 -0.000000000 0.000000000 0.000000000 0.000000000 0.000000000 -0.000000000 -0.000000000 0.000000000 0.000000000 0.000000000 -0.000000000 0.000000000 0.000000000 0.000000000 0.000000000 -0.000000000 0.000000000 -0.000000000 -0.000000000 0.000000000 -0.000000000 0.000000000 0.000000000 0.000000000 0.000000000 0.000000000 0.000000000 -0.000000000 0.000000000 -0.000000000 0.000000000 0.000000000 0.000000000 -0.000000000 0.000000000 -0.000000000 0.000000000 -0.000000000 -0.000000000 -0.000000000 0.000000000 -0.000000000 0.000000000 0.000000000 0.000000000 -0.000000000 0.000000000 -0.000000000 -0.000000000 -0.000000000 0.000000000 0.000000000 0.000000000 0.000000000 -0.000000000 0.000000000 0.000000000 -0.000000000 -0.000000000 -0.000000000 0.000000000 0.000000000 -0.000000000 0.000000000 0.000000000 0.000000000 0.000000000 0.000000000 -0.000000000 -0.000000000 -0.000000000 -0.000000000
0.000000000 -0.000000000 -0.000000000 -0.000000000 0.000000000 0.000000000 0.000000000 -0.000000000 -0.000000000 -0.000000000 0.000000000 0.000000000 0.000000000 0.000000000 0.000000000 0.000000000 0.000000000 -0.000000000 -0.000000000 -0.000000000 -0.000000000 -0.000000000 0.000000000 -0.000000000 -0.000000000 0.000000000 -0.000000000 -0.000000000 0.000000000 -0.000000000 -0.000000000 0.000000000 -0.000000000 0.000000000 -0.000000000 -0.000000000 -0.000000000 -0.000000000 0.000000000 -0.000000000 0.000000000 -0.000000000 0.000000000 -0.000000000 0.000000000 0.000000000 0.000000000 0.000000000 0.000000000 -0.000000000 -0.000000000 0.000000000 -0.000000000 -0.000000000 -0.000000000 -0.000000000 0.000000000 -0.000000000 0.000000000 0.000000000 0.000000000 0.000000000 -0.000000000 -0.000000000 0.000000000 0.000000000 -0.000000000 -0.000000000 -0.000000000 -0.000000000 0.000000000 0.000000000 0.000000000 0.000000000 -0.000000000 0.000000000 0.000000000 0.000000000 0.000000000 -0.000000000 -0.000000000 0.000000000 0.000000000 0.000000000 -0.000000000 0.000000000 0.000000000 0.000000000 0.000000000 -0.000000000 0.000000000 -0.000000000 -0.000000000 0.000000000 -0.000000000 0.000000000 0.000000000 0.000000000 0.000000000 0.000000000 0.000000000 -0.000000000 0.000000000 -0.000000000 0.000000000 0.000000000 0.000000000 -0.000000000 0.000000000 -0.000000000 0.000000000 -0.000000000 -0.000000000 -0.000000000 0.000000000 -0.000000000 0.000000000 0.000000000 0.000000000 -0.000000000 0.000000000 -0.000000000 -0.000000000 -0.000000000 0.000000000 0.000000000 0.000000000 0.000000000 -0.000000000 0.000000000 0.000000000 -0.000000000 -0.000000000 -0.000000000 0.000000000 0.000000000 -0.000000000 0.000000000 0.000000000 0.000000000 0.000000000 0.000000000 -0.000000000 -0.000000000 -0.000000000 -0.000000000
-0.000000938 -0.000000026 -0.000000171 -0.000000486 0.000006646 0.000000657 0.000000000 -0.000000000 -0.000000155 -0.000000000 0.000000000 -0.000000044 0.000000000 0.000000000 0.000003824 0.000000000 0.000000000 -0.000000653 -0.000000000 -0.000000000 -0.000000044 -0.000000000 0.000000000 -0.000000002 -0.000000000 0.000000000 -0.000000000 -0.000000000 0.000000072 -0.000000000 -0.000000000 0.000000000 -0.000000000 0.000000064 -0.000000000 -0.000000000 -0.000000000 -0.000000000 0.000000626 -0.000000000 0.000000000 -0.000000000 0.000000000 -0.000000000 0.000000006 0.000000000 0.000000000 0.000000000 0.000000000 -0.000000000 -0.000000000 0.000000018 -0.000000000 -0.000000000 -0.000000000 -0.000000000 0.000000000 -0.000000000 0.000000133 0.000000000 0.000000000 0.000000000 -0.000000000 -0.000000000 0.000000000 0.000000000 -0.000000002 -0.000000000 -0.000000000 -0.000000000 0.000000000 0.000000000 0.000000000 0.000000000 -0.000000000 0.000000041 0.000000000 0.000000000 0.000000000 -0.000000000 -0.000000000 0.000000000 0.000000000 0.000000000 -0.000000000 0.000000007 0.000000000 0.000000000 0.000000000 -0.000000000 0.000000000 -0.000000192 -0.000000549 0.000013089 -0.000000859 0.000004072 0.000000000 0.000000000 0.000000000 0.000000000 0.000000000 -0.000000015 0.000000000 -0.000000000 0.000000008 0.000000000 0.000000000 -0.000000203 0.000000000 -0.000000000 0.000000002 -0.000000000 -0.000000000 -0.000000000 0.000000000 -0.000000005 0.000000000 0.000000000 0.000000000 -0.000000000 0.000000023 -0.000000000 -0.000000000 -0.000000000 0.000000000 0.000000000 0.000000000 0.000000000 -0.000000000 0.000000000 0.000000000 -0.000000000 -0.000000000 -0.000000002 0.000000000 0.000000000 -0.000000000 0.000000000 0.000000000 0.000000000 0.000000000 0.000000000 -0.000000000 -0.000000000 -0.000000000 -0.000000000
0.000000000 -0.000000000 -0.000000000 -0.000000000 0.000000000 0.000000000 0.000000000 -0.000000000 -0.000000000 -0.000000000 0.000000000 0.000000000 0.000000000 0.000000000 0.000000000 0.000000000 0.000000000 -0.000000000 -0.000000000 -0.000000000 -0.000000000 -0.000000000 0.000000000 -0.000000000 -0.000000000 0.000000000 -0.000000000 -0.000000000 0.000000000 -0.000000000 -0.000000000 0.000000000 -0.000000000 0.000000000 -0.000000000 -0.000000000 -0.000000000 -0.000000000 0.000000000 -0.000000000 0.000000000 -0.000000000 0.000000000 -0.000000000 0.000000000 0.000000000 0.000000000 0.000000000 0.000000000 -0.000000000 -0.000000000 0.000000000 -0.000000000 -0.000000000 -0.000000000 -0.000000000 0.000000000 -0.000000000 0.000000000 0.000000000 0.000000000 0.000000000 -0.000000000 -0.000000000 0.000000000 0.000000000 -0.000000000 -0.000000000 -0.000000000 -0.000000000 0.000000000 0.000000000 0.000000000 0.000000000 -0.000000000 0.000000000 0.000000000 0.000000000 0.000000000 -0.000000000 -0.000000000 0.000000000 0.000000000 0.000000000 -0.000000000 0.000000000 0.000000000 0.000000000 0.000000000 -0.000000000 0.000000000 -0.000000000 -0.000000000 0.000000000 -0.000000000 0.000000000 0.000000000 0.000000000 0.000000000 0.000000000 0.000000000 -0.000000000 0.000000000 -0.000000000 0.000000000 0.000000000 0.000000000 -0.000000000 0.000000000 -0.000000000 0.000000000 -0.000000000 -0.000000000 -0.000000000 0.000000000 -0.000000000 0.000000000 0.000000000 0.000000000 -0.000000000 0.000000000 -0.000000000 -0.000000000 -0.000000000 0.000000000 0.000000000 0.000000000 0.000000000 -0.000000000 0.000000000 0.000000000 -0.000000000 -0.000000000 -0.000000000 0.000000000 0.000000000 -0.000000000 0.000000000 0.000000000 0.000000000 0.000000000 0.000000000 -0.000000000 -0.000000000 -0.000000000 -0.000000000
0.000000000 0.000000000 0.000000000 0.000000000 -0.000000000 -0.000000000 -0.000000000 0.000000000 0.000000000 0.000000000 -0.000000000 0.000000000 -0.000000000 -0.000000000 -0.000000000 -0.000000000 -0.000000000 0.000000000 0.000000000 0.000000000 0.000000000 0.000000000 -0.000000000 0.000000000 0.000000000 -0.000000000 0.000000000 0.000000000 -0.000000000 0.000000000 0.000000000 -0.000000000 0.000000000 -0.000000000 0.000000000 0.000000000 0.000000000 0.000000000 -0.000000000 0.000000000 -0.000000000 0.000000000 -0.000000000 0.000000000 -0.000000000 -0.000000000 -0.000000000 -0.000000000 -0.000000000 0.000000000 0.000000000 -0.000000000 0.000000000 0.000000000 0.000000000 0.000000000 -0.000000000 0.000000000 -0.000000000 -0.000000000 -0.000000000 -0.000000000 0.000000000 0.000000000 -0.000000000 -0.000000000 0.000000000 0.000000000 0.000000000 0.000000000 -0.000000000 -0.000000000 -0.000000000 -0.000000000 0.000000000 -0.000000000 -0.000000000 -0.000000000 -0.000000000 0.000000000 0.000000000 -0.000000000 -0.000000000 -0.000000000 0.000000000 -0.000000000 -0.000000000 -0.000000000 -0.000000000 0.000000000 -0.000000000 0.000000000 0.000000000 -0.000000000 0.000000000 -0.000000000 -0.000000000 -0.000000000 -0.000000000 -0.000000000 -0.000000000 0.000000000 -0.000000000 0.000000000 -0.000000000 -0.000000000 -0.000000000 0.000000000 -0.000000000 0.000000000 -0.000000000 0.000000000 0.000000000 0.000000000 -0.000000000 0.000000000 -0.000000000 -0.000000000 -0.000000000 0.000000000 -0.000000000 0.000000000 0.000000000 0.000000000 -0.000000000 -0.000000000 -0.000000000 -0.000000000 0.000000000 -0.000000000 -0.000000000 0.000000000 0.000000000 0.000000000 -0.000000000 -0.000000000 0.000000000 -0.000000000 -0.000000000 -0.000000000 -0.000000000 -0.000000000 0.000000000 0.000000000 0.000000000 0.000000000
-0.000000000 -0.000000000 -0.000000000 -0.000000000 0.000000000 0.000000000 0.000000000 -0.000000000 -0.000000000 -0.000000000 0.000000000 -0.000000000 0.000000000 0.000000000 0.000000000 0.000000000 0.000000000 -0.000000000 -0.000000000 -0.000000000 -0.000000000 -0.000000000 0.000000000 -0.000000000 -0.000000000 0.000000000 -0.000000000 -0.000000000 0.000000000 -0.000000000 -0.000000000 0.000000000 -0.000000000 0.000000000 -0.000000000 -0.000000000 -0.000000000 -0.000000000 0.000000000 -0.000000000 0.000000000 -0.000000000 0.000000000 -0.000000000 0.000000000 0.000000000 0.000000000 0.000000000 0.000000000 -0.000000000 -0.000000000 0.000000000 -0.000000000 -0.000000000 -0.000000000 -0.000000000 0.000000000 -0.000000000 0.000000000 0.000000000 0.000000000 0.000000000 -0.000000000 -0.000000000 0.000000000 0.000000000 -0.000000000 -0.000000000 -0.000000000 -0.000000000 0.000000000 0.000000000 0.000000000 0.000000000 -0.000000000 0.000000000 0.000000000 0.000000000 0.000000000 -0.000000000 -0.000000000 0.000000000 0.000000000 0.000000000 -0.000000000 0.000000000 0.000000000 0.000000000 0.000000000 -0.000000000 0.000000000 -0.000000000 -0.000000000 0.000000000 -0.000000000 0.000000000 0.000000000 0.000000000 0.000000000 0.000000000 0.000000000 -0.000000000 0.000000000 -0.000000000 0.000000000 0.000000000 0.000000000 -0.000000000 0.000000000 -0.000000000 0.000000000 -0.000000000 -0.000000000 -0.000000000 0.000000000 -0.000000000 0.000000000 0.000000000 0.000000000 -0.000000000 0.000000000 -0.000000000 -0.000000000 -0.000000000 0.000000000 0.000000000 0.000000000 0.000000000 -0.000000000 0.000000000 0.000000000 -0.000000000 -0.000000000 -0.000000000 0.000000000 0.000000000 -0.000000000 0.000000000 0.000000000 0.000000000 0.000000000 0.000000000 -0.000000000 -0.000000000 -0.000000000 -0.000000000
-0.000000000 -0.000000000 -0.000000000 -0.000000000 0.000000000 0.000000000 0.000000000 -0.000000000 -0.000000000 -0.000000000 0.000000000 -0.000000000 0.000000000 0.000000000 0.000000000 0.000000000 0.000000000 -0.000000000 -0.000000000 -0.000000000 -0.000000000 -0.000000000 0.000000000 -0.000000000 -0.000000000 0.000000000 -0.000000000 -0.000000000 0.000000000 -0.000000000 -0.000000000 0.000000000 -0.000000000 0.000000000 -0.000000000 -0.000000000 -0.000000000 -0.000000000 0.000000000 -0.000000000 0.000000000 -0.000000000 0.000000000 -0.000000000 0.000000000 0.000000000 0.000000000 0.000000000 0.000000000 -0.000000000 -0.000000000 0.000000000 -0.000000000 -0.000000000 -0.000000000 -0.000000000 0.000000000 -0.000000000 0.000000000 0.000000000 0.000000000 0.000000000 -0.000000000 -0.000000000 0.000000000 0.000000000 -0.000000000 -0.000000000 -0.000000000 -0.000000000 0.000000000 0.000000000 0.000000000 0.000000000 -0.000000000 0.000000000 0.000000000 0.000000000 0.000000000 -0.000000000 -0.000000000 0.000000000 0.000000000 0.000000000 -0.000000000 0.000000000 0.000000000 0.000000000 0.000000000 -0.000000000 0.000000000 -0.000000000 -0.000000000 0.000000000 -0.000000000 0.000000000 0.000000000 0.000000000 0.000000000 0.000000000 0.000000000 -0.000000000 0.000000000 -0.000000000 0.000000000 0.000000000 0.000000000 -0.000000000 0.000000000 -0.000000000 0.000000000 -0.000000000 -0.000000000 -0.000000000 0.000000000 -0.000000000 0.000000000 0.000000000 0.000000000 -0.000000000 0.000000000 -0.000000000 -0.000000000 -0.000000000 0.000000000 0.000000000 0.000000000 0.000000000 -0.000000000 0.000000000 0.000000000 -0.000000000 -0.000000000 -0.000000000 0.000000000 0.000000000 -0.000000000 0.000000000 0.000000000 0.000000000 0.000000000 0.000000000 -0.000000000 -0.000000000 -0.000000000 -0.000000000
-0.000000000 0.000000000 0.000000000 0.000000000 -0.000000000 -0.000000000 -0.000000000 0.000000000 0.000000000 0.000000000 -0.000000000 0.000000000 -0.000000000 -0.000000000 -0.000000000 -0.000000000 -0.000000000 0.000000000 0.000000000 0.000000000 0.000000000 0.000000000 -0.000000000 0.000000000 0.000000000 -0.000000000 0.000000000 0.000000000 -0.000000000 0.000000000 0.000000000 -0.000000000 0.000000000 -0.000000000 0.000000000 0.000000000 0.000000000 0.000000000 -0.000000000 0.000000000 -0.000000000 0.000000000 -0.000000000 0.000000000 -0.000000000 -0.000000000 -0.000000000 -0.000000000 -0.000000000 0.000000000 0.000000000 -0.000000000 0.000000000 0.000000000 0.000000000 0.000000000 -0.000000000 0.000000000 -0.000000000 -0.000000000 -0.000000000 -0.000000000 0.000000000 0.000000000 -0.000000000 -0.000000000 0.000000000 0.000000000 0.000000000 0.000000000 -0.000000000 -0.000000000 -0.000000000 -0.000000000 0.000000000 -0.000000000 -0.000000000 -0.000000000 -0.000000000 0.000000000 0.000000000 -0.000000000 -0.000000000 -0.000000000 0.000000000 -0.000000000 -0.000000000 -0.000000000 -0.000000000 0.000000000 -0.000000000 0.000000000 0.000000000 -0.000000000 0.000000000 -0.000000000 -0.000000000 -0.000000000 -0.000000000 -0.000000000 -0.000000000 0.000000000 -0.000000000 0.000000000 -0.000000000 -0.000000000 -0.000000000 0.000000000 -0.000000000 0.000000000 -0.000000000 0.000000000 0.000000000 0.000000000 -0.000000000 0.000000000 -0.000000000 -0.000000000 -0.000000000 0.000000000 -0.000000000 0.000000000 0.000000000 0.000000000 -0.000000000 -0.000000000 -0.000000000 -0.000000000 0.000000000 -0.000000000 -0.000000000 0.000000000 0.000000000 0.000000000 -0.000000000 -0.000000000 0.000000000 -0.000000000 -0.000000000 -0.000000000 -0.000000000 -0.000000000 0.000000000 0.000000000 0.000000000 0.000000000
-0.000000000 0.000000000 0.000000000 0.000000000 -0.000000000 -0.000000000 -0.000000000 0.000000000 0.000000000 0.000000000 -0.000000000 -0.000000000 -0.000000000 -0.000000000 -0.000000000 -0.000000000 -0.000000000 0.000000000 0.000000000 0.000000000 -0.000000000 0.000000000 -0.000000000 0.000000000 0.000000000 -0.000000000 0.000000000 0.000000000 -0.000000000 0.000000000 0.000000000 -0.000000000 0.000000000 -0.000000000 0.000000000 0.000000000 0.000000000 0.000000000 -0.000000000 0.000000000 -0.000000000 0.000000000 -0.000000000 0.000000000 -0.000000000 -0.000000000 -0.000000000 -0.000000000 -0.000000000 0.000000000 0.000000000 -0.000000000 0.000000000 0.000000000 0.000000000 0.000000000 -0.000000000 0.000000000 -0.000000000 -0.000000000 -0.000000000 -0.000000000 0.000000000 0.000000000 -0.000000000 -0.000000000 0.000000000 0.000000000 0.000000000 0.000000000 -0.000000000 -0.000000000 -0.000000000 -0.000000000 0.000000000 -0.000000000 -0.000000000 -0.000000000 -0.000000000 0.000000000 0.000000000 -0.000000000 -0.000000000 -0.000000000 0.000000000 -0.000000000 -0.000000000 -0.000000000 -0.000000000 0.000000000 -0.000000000 0.000000000 0.000000000 -0.000000000 0.000000000 -0.000000000 -0.000000000 -0.000000000 -0.000000000 -0.000000000 -0.000000000 0.000000000 -0.000000000 0.000000000 -0.000000000 -0.000000000 -0.000000000 0.000000000 -0.000000000 0.000000000 -0.000000000 0.000000000 0.000000000 0.000000000 -0.000000000 0.000000000 -0.000000000 -0.000000000 -0.000000000 0.000000000 -0.000000000 0.000000000 0.000000000 0.000000000 -0.000000000 -0.000000000 -0.000000000 -0.000000000 0.000000000 -0.000000000 -0.000000000 0.000000000 0.000000000 0.000000000 -0.000000000 -0.000000000 0.000000000 -0.000000000 -0.000000000 -0.000000000 -0.000000000 -0.000000000 0.000000000 0.000000000 0.000000000 0.000000000
0.000003203 0.000000151 0.000000985 0.000002797 -0.000038195 -0.000003770 -0.000000000 0.000000000 0.000000857 0.000000000 -0.000000000 0.000000185 -0.000000000 -0.000000000 -0.000021785 -0.000000000 -0.000000000 0.000003667 0.000000000 0.000000000 0.000000226 0.000000000 -0.000000000 0.000000011 0.000000000 -0.000000000 0.000000000 0.000000000 -0.000000414 0.000000000 0.000000000 -0.000000000 0.000000000 -0.000000368 0.000000000 0.000000000 0.000000000 0.000000000 -0.000003594 0.000000000 -0.000000000 0.000000000 -0.000000000 0.000000000 -0.000000035 -0.000000000 -0.000000000 -0.000000000 -0.000000000 0.000000000 0.000000000 -0.000000102 0.000000000 0.000000000 0.000000000 0.000000000 -0.000000000 0.000000000 -0.000000763 -0.000000000 -0.000000000 -0.000000000 0.000000000 0.000000000 -0.000000000 -0.000000000 0.000000014 0.000000000 0.000000000 0.000000000 -0.000000000 -0.000000000 -0.000000000 -0.000000000 0.000000000 -0.000000237 -0.000000000 -0.000000000 -0.000000000 0.000000000 0.000000000 -0.000000000 -0.000000000 -0.000000000 0.000000000 -0.000000042 -0.000000000 -0.000000000 -0.000000000 0.000000000 -0.000000000 0.000001104 0.000003153 -0.000075195 0.000004934 -0.000023391 -0.000000000 -0.000000000 -0.000000002 -0.000000000 -0.000000000 0.000000088 -0.000000000 0.000000000 -0.000000047 -0.000000000 -0.000000000 0.000001164 -0.000000000 0.000000000 -0.000000009 0.000000000 0.000000000 0.000000000 -0.000000000 0.000000031 -0.000000000 -0.000000000 -0.000000000 0.000000000 -0.000000134 0.000000000 0.000000000 0.000000000 -0.000000000 -0.000000000 -0.000000002 -0.000000000 0.000000000 -0.000000000 -0.000000000 0.000000000 0.000000000 0.000000012 -0.000000000 -0.000000000 0.000000000 -0.000000000 -0.000000000 -0.000000000 -0.000000000 -0.000000000 0.000000000 0.000000000 0.000000000 0.000000000
-0.000000000 -0.000000000 -0.000000000 -0.000000000 0.000000000 0.000000000 0.000000000 -0.000000000 -0.000000000 -0.000000000 0.000000000 -0.000000000 0.000000000 0.000000000 0.000000000 0.000000000 0.000000000 -0.000000000 -0.000000000 -0.000000000 -0.000000000 -0.000000000 0.000000000 -0.000000000 -0.000000000 0.000000000 -0.000000000 -0.000000000 0.000000000 -0.000000000 -0.000000000 0.000000000 -0.000000000 0.000000000 -0.000000000 -0.000000000 -0.000000000 -0.000000000 0.000000000 -0.000000000 0.000000000 -0.000000000 0.000000000 -0.000000000 0.000000000 0.000000000 0.000000000 0.000000000 0.000000000 -0.000000000 -0.000000000 0.000000000 -0.000000000 -0.000000000 -0.000000000 -0.000000000 0.000000000 -0.000000000 0.000000000 0.000000000 0.000000000 0.000000000 -0.000000000 -0.000000000 0.000000000 0.000000000 -0.000000000 -0.000000000 -0.000000000 -0.000000000 0.000000000 0.000000000 0.000000000 0.000000000 -0.000000000 0.000000000 0.000000000 0.000000000 0.000000000 -0.000000000 -0.000000000 0.000000000 0.000000000 0.000000000 -0.000000000 0.000000000 0.000000000 0.000000000 0.000000000 -0.000000000 0.000000000 -0.000000000 -0.000000000 0.000000000 -0.000000000 0.000000000 0.000000000 0.000000000 0.000000000 0.000000000 0.000000000 -0.000000000 0.000000000 -0.000000000 0.000000000 0.000000000 0.000000000 -0.000000000 0.000000000 -0.000000000 0.000000000 -0.000000000 -0.000000000 -0.000000000 0.000000000 -0.000000000 0.000000000 0.000000000 0.000000000 -0.000000000 0.000000000 -0.000000000 -0.000000000 -0.000000000 0.000000000 0.000000000 0.000000000 0.000000000 -0.000000000 0.000000000 0.000000000 -0.000000000 -0.000000000 -0.000000000 0.000000000 0.000000000 -0.000000000 0.000000000 0.000000000 0.000000000 0.000000000 0.000000000 -0.000000000 -0.000000000 -0.000000000 -0.000000000
0.000000000 -0.000000000 -0.000000000 -0.000000000 0.000000000 0.000000000 0.000000000 -0.000000000 -0.000000000 -0.000000000 0.000000000 -0.000000000 0.000000000 0.000000000 0.000000000 0.000000000 0.000000000 -0.000000000 -0.000000000 -0.000000000 -0.000000000 -0.000000000 0.000000000 -0.000000000 -0.000000000 0.000000000 -0.000000000 -0.000000000 0.000000000 -0.000000000 -0.000000000 0.000000000 -0.000000000 0.000000000 -0.000000000 -0.000000000 -0.000000000 -0.000000000 0.000000000 -0.000000000 0.000000000 -0.000000000 0.000000000 -0.000000000 0.000000000 0.000000000 0.000000000 0.000000000 0.000000000 -0.000000000 -0.000000000 0.000000000 -0.000000000 -0.000000000 -0.000000000 -0.000000000 0.000000000 -0.000000000 0.000000000 0.000000000 0.000000000 0.000000000 -0.000000000 -0.000000000 0.000000000 0.000000000 -0.000000000 -0.000000000 -0.000000000 -0.000000000 0.000000000 0.000000000 0.000000000 0.000000000 -0.000000000 0.000000000 0.000000000 0.000000000 0.000000000 -0.000000000 -0.000000000 0.000000000 0.000000000 0.000000000 -0.000000000 0.000000000 0.000000000 0.000000000 0.000000000 -0.000000000 0.000000000 -0.000000000 -0.000000000 0.000000000 -0.000000000 0.000000000 0.000000000 0.000000000 0.000000000 0.000000000 0.000000000 -0.000000000 0.000000000 -0.000000000 0.000000000 0.000000000 0.000000000 -0.000000000 0.000000000 -0.000000000 0.000000000 -0.000000000 -0.000000000 -0.000000000 0.000000000 -0.000000000 0.000000000 0.000000000 0.000000000 -0.000000000 0.000000000 -0.000000000 -0.000000000 -0.000000000 0.000000000 0.000000000 0.000000000 0.000000000 -0.000000000 0.000000000 0.000000000 -0.000000000 -0.000000000 -0.000000000 0.000000000 0.000000000 -0.000000000 0.000000000 0.000000000 0.000000000 0.000000000 0.000000000 -0.000000000 -0.000000000 -0.000000000 -0.000000000
0.000000000 0.000000000 0.000000000 0.000000000 -0.000000000 -0.000000000 -0.000000000 0.000000000 0.000000000 0.000000000 -0.000000000 0.000000000 -0.000000000 -0.000000000 -0.000000000 -0.000000000 -0.000000000 0.000000000 0.000000000 0.000000000 0.000000000 0.000000000 -0.000000000 0.000000000 0.000000000 -0.000000000 0.000000000 0.000000000 -0.000000000 0.000000000 0.000000000 -0.000000000 0.000000000 -0.000000000 0.000000000 0.000000000 0.000000000 0.000000000 -0.000000000 0.000000000 -0.000000000 0.000000000 -0.000000000 0.000000000 -0.000000000 -0.000000000 -0.000000000 -0.000000000 -0.000000000 0.000000000 0.000000000 -0.000000000 0.000000000 0.000000000 0.000000000 0.000000000 -0.000000000 0.000000000 -0.000000000 -0.000000000 -0.000000000 -0.000000000 0.000000000 0.000000000 -0.000000000 -0.000000000 0.000000000 0.000000000 0.000000000 0.000000000 -0.000000000 -0.000000000 -0.000000000 -0.000000000 0.000000000 -0.000000000 -0.000000000 -0.000000000 -0.000000000 0.000000000 0.000000000 -0.000000000 -0.000000000 -0.000000000 0.000000000 -0.000000000 -0.000000000 -0.000000000 -0.000000000 0.000000000 -0.000000000 0.000000000 0.000000000 -0.000000000 0.000000000 -0.000000000 -0.000000000 -0.000000000 -0.000000000 -0.000000000 -0.000000000 0.000000000 -0.000000000 0.000000000 -0.000000000 -0.000000000 -0.000000000 0.000000000 -0.000000000 0.000000000 -0.000000000 0.000000000 0.000000000 0.000000000 -0.000000000 0.000000000 -0.000000000 -0.000000000 -0.000000000 0.000000000 -0.000000000 0.000000000 0.000000000 0.000000000 -0.000000000 -0.000000000 -0.000000000 -0.000000000 0.000000000 -0.000000000 -0.000000000 0.000000000 0.000000000 0.000000000 -0.000000000 -0.000000000 0.000000000 -0.000000000 -0.000000000 -0.000000000 -0.000000000 -0.000000000 0.000000000 0.000000000 0.000000000 0.000000000
-0.000000000 -0.000000000 -0.000000000 -0.000000000 0.000000000 0.000000000 0.000000000 -0.000000000 -0.000000000 -0.000000000 0.000000000 -0.000000000 0.000000000 0.000000000 0.000000000 0.000000000 0.000000000 -0.000000000 -0.000000000 -0.000000000 -0.000000000 -0.000000000 0.000000000 -0.000000000 -0.000000000 0.000000000 -0.000000000 -0.000000000 0.000000000 -0.000000000 -0.000000000 0.000000000 -0.000000000 0.000000000 -0.000000000 -0.000000000 -0.000000000 -0.000000000 0.000000000 -0.000000000 0.000000000 -0.000000000 0.000000000 -0.000000000 0.000000000 0.000000000 0.000000000 0.000000000 0.000000000 -0.000000000 -0.000000000 0.000000000 -0.000000000 -0.000000000 -0.000000000 -0.000000000 0.000000000 -0.000000000 0.000000000 0.000000000 0.000000000 0.000000000 -0.000000000 -0.000000000 0.000000000 0.000000000 -0.000000000 -0.000000000 -0.000000000 -0.000000000 0.000000000 0.000000000 0.000000000 0.000000000 -0.000000000 0.000000000 0.000000000 0.000000000 0.000000000 -0.000000000 -0.000000000 0.000000000 0.000000000 0.000000000 -0.000000000 0.000000000 0.000000000 0.000000000 0.000000000 -0.000000000 0.000000000 -0.000000000 -0.000000000 0.000000000 -0.000000000 0.000000000 0.000000000 0.000000000 0.000000000 0.000000000 0.000000000 -0.000000000 0.000000000 -0.000000000 0.000000000 0.000000000 0.000000000 -0.000000000 0.000000000 -0.000000000 0.000000000 -0.000000000 -0.000000000 -0.000000000 0.000000000 -0.000000000 0.000000000 0.000000000 0.000000000 -0.000000000 0.000000000 -0.000000000 -0.000000000 -0.000000000 0.000000000 0.000000000 0.000000000 0.000000000 -0.000000000 0.000000000 0.000000000 -0.000000000 -0.000000000 -0.000000000 0.000000000 0.000000000 -0.000000000 0.000000000 0.000000000 0.000000000 0.000000000 0.000000000 -0.000000000 -0.000000000 -0.000000000 -0.000000000
-0.000000000 -0.000000000 -0.000000000 -0.000000000 0.000000000 0.000000000 0.000000000 -0.000000000 -0.000000000 -0.000000000 0.000000000 -0.000000000 0.000000000 0.000000000 0.000000000 0.000000000 0.000000000 -0.000000000 -0.000000000 -0.000000000 -0.000000000 -0.000000000 0.000000000 -0.000000000 -0.000000000 0.000000000 -0.000000000 -0.000000000 0.000000000 -0.000000000 -0.000000000 0.000000000 -0.000000000 0.000000000 -0.000000000 -0.000000000 -0.000000000 -0.000000000 0.000000000 -0.000000000 0.000000000 -0.000000000 0.000000000 -0.000000000 0.000000000 0.000000000 0.000000000 0.000000000 0.000000000 -0.000000000 -0.000000000 0.000000000 -0.000000000 -0.000000000 -0.000000000 -0.000000000 0.000000000 -0.000000000 0.000000000 0.000000000 0.000000000 0.000000000 -0.000000000 -0.000000000 0.000000000 0.000000000 -0.000000000 -0.000000000 -0.000000000 -0.000000000 0.000000000 0.000000000 0.000000000 0.000000000 -0.000000000 0.000000000 0.000000000 0.000000000 0.000000000 -0.000000000 -0.000000000 0.000000000 0.000000000 0.000000000 -0.000000000 0.000000000 0.000000000 0.000000000 0.000000000 -0.000000000 0.000000000 -0.000000000 -0.000000000 0.000000000 -0.000000000 0.000000000 0.000000000 0.000000000 0.000000000 0.000000000 0.000000000 -0.000000000 0.000000000 -0.000000000 0.000000000 0.000000000 0.000000000 -0.000000000 0.000000000 -0.000000000 0.000000000 -0.000000000 -0.000000000 -0.000000000 0.000000000 -0.000000000 0.000000000 0.000000000 0.000000000 -0.000000000 0.000000000 -0.000000000 -0.000000000 -0.000000000 0.000000000 0.000000000 0.000000000 0.000000000 -0.000000000 0.000000000 0.000000000 -0.000000000 -0.000000000 -0.000000000 0.000000000 0.000000000 -0.000000000 0.000000000 0.000000000 0.000000000 0.000000000 0.000000000 -0.000000000 -0.000000000 -0.000000000 -0.000000000
0.000000000 -0.000000000 -0.000000000 -0.000000000 0.000000000 0.000000000 0.000000000 -0.000000000 -0.000000000 -0.000000000 0.000000000 -0.000000000 0.000000000 0.000000000 0.000000000 0.000000000 0.000000000 -0.000000000 -0.000000000 -0.000000000 -0.000000000 -0.000000000 0.000000000 -0.000000000 -0.000000000 0.000000000 -0.000000000 -0.000000000 0.000000000 -0.000000000 -0.000000000 0.000000000 -0.000000000 0.000000000 -0.000000000 -0.000000000 -0.000000000 -0.000000000 0.000000000 -0.000000000 0.000000000 -0.000000000 0.000000000 -0.000000000 0.000000000 0.000000000 0.000000000 0.000000000 0.000000000 -0.000000000 -0.000000000 0.000000000 -0.000000000 -0.000000000 -0.000000000 -0.000000000 0.000000000 -0.000000000 0.000000000 0.000000000 0.000000000 0.000000000 -0.000000000 -0.000000000 0.000000000 0.000000000 -0.000000000 -0.000000000 -0.000000000 -0.000000000 0.000000000 0.000000000 0.000000000 0.000000000 -0.000000000 0.000000000 0.000000000 0.000000000 0.000000000 -0.000000000 -0.000000000 0.000000000 0.000000000 0.000000000 -0.000000000 0.000000000 0.000000000 0.000000000 0.000000000 -0.000000000 0.000000000 -0.000000000 -0.000000000 0.000000000 -0.000000000 0.000000000 0.000000000 0.000000000 0.000000000 0.000000000 0.000000000 -0.000000000 0.000000000 -0.000000000 0.000000000 0.000000000 0.000000000 -0.000000000 0.000000000 -0.000000000 0.000000000 -0.000000000 -0.000000000 -0.000000000 0.000000000 -0.000000000 0.000000000 0.000000000 0.000000000 -0.000000000 0.000000000 -0.000000000 -0.000000000 -0.000000000 0.000000000 0.000000000 0.000000000 0.000000000 -0.000000000 0.000000000 0.000000000 -0.000000000 -0.000000000 -0.000000000 0.000000000 0.000000000 -0.000000000 0.000000000 0.000000000 0.000000000 0.000000000 0.000000000 -0.000000000 -0.000000000 -0.000000000 -0.000000000
0.000000000 -0.000000000 -0.000000000 -0.000000000 0.000000000 0.000000000 0.000000000 -0.000000000 -0.000000000 -0.000000000 0.000000000 0.000000000 0.000000000 0.000000000 0.000000000 0.000000000 0.000000000 -0.000000000 -0.000000000 -0.000000000 -0.000000000 -0.000000000 0.000000000 -0.000000000 -0.000000000 0.000000000 -0.000000000 -0.000000000 0.000000000 -0.000000000 -0.000000000 0.000000000 -0.000000000 0.000000000 -0.000000000 -0.000000000 -0.000000000 -0.000000000 0.000000000 -0.000000000 0.000000000 -0.000000000 0.000000000 -0.000000000 0.000000000 0.000000000 0.000000000 0.000000000 0.000000000 -0.000000000 -0.000000000 0.000000000 -0.000000000 -0.000000000 -0.000000000 -0.000000000 0.000000000 -0.000000000 0.000000000 0.000000000 0.000000000 0.000000000 -0.000000000 -0.000000000 0.000000000 0.000000000 -0.000000000 -0.000000000 -0.000000000 -0.000000000 0.000000000 0.000000000 0.000000000 0.000000000 -0.000000000 0.000000000 0.000000000 0.000000000 0.000000000 -0.000000000 -0.000000000 0.000000000 0.000000000 0.000000000 -0.000000000 0.000000000 0.000000000 0.000000000 0.000000000 -0.000000000 0.000000000 -0.000000000 -0.000000000 0.000000000 -0.000000000 0.000000000 0.000000000 0.000000000 0.000000000 0.000000000 0.000000000 -0.000000000 0.000000000 -0.000000000 0.000000000 0.000000000 0.000000000 -0.000000000 0.000000000 -0.000000000 0.000000000 -0.000000000 -0.000000000 -0.000000000 0.000000000 -0.000000000 0.000000000 0.000000000 0.000000000 -0.000000000 0.000000000 -0.000000000 -0.000000000 -0.000000000 0.000000000 0.000000000 0.000000000 0.000000000 -0.000000000 0.000000000 0.000000000 -0.000000000 -0.000000000 -0.000000000 0.000000000 0.000000000 -0.000000000 0.000000000 0.000000000 0.000000000 0.000000000 0.000000000 -0.000000000 -0.000000000 -0.000000000 -0.000000000
-0.000000027 -0.000000003 -0.000000021 -0.000000059 0.000000808 0.000000080 0.000000000 -0.000000000 -0.000000018 -0.000000000 0.000000000 -0.000000003 0.000000000 0.000000000 0.000000458 0.000000000 0.000000000 -0.000000076 -0.000000000 -0.000000000 -0.000000004 -0.000000000 0.000000000 -0.000000000 -0.000000000 0.000000000 -0.000000000 -0.000000000 0.000000009 -0.000000000 -0.000000000 0.000000000 -0.000000000 0.000000008 -0.000000000 -0.000000000 -0.000000000 -0.000000000 0.000000076 -0.000000000 0.000000000 -0.000000000 0.000000000 -0.000000000 0.000000001 0.000000000 0.000000000 0.000000000 0.000000000 -0.000000000 -0.000000000 0.000000002 -0.000000000 -0.000000000 -0.000000000 -0.000000000 0.000000000 -0.000000000 0.000000016 0.000000000 0.000000000 0.000000000 -0.000000000 -0.000000000 0.000000000 0.000000000 -0.000000000 -0.000000000 -0.000000000 -0.000000000 0.000000000 0.000000000 0.000000000 0.000000000 -0.000000000 0.000000005 0.000000000 0.000000000 0.000000000 -0.000000000 -0.000000000 0.000000000 0.000000000 0.000000000 -0.000000000 0.000000001 0.000000000 0.000000000 0.000000000 -0.000000000 0.000000000 -0.000000023 -0.000000067 0.000001591 -0.000000104 0.000000495 0.000000000 0.000000000 0.000000000 0.000000000 0.000000000 -0.000000002 0.000000000 -0.000000000 0.000000001 0.000000000 0.000000000 -0.000000025 0.000000000 -0.000000000 0.000000000 -0.000000000 -0.000000000 -0.000000000 0.000000000 -0.000000001 0.000000000 0.000000000 0.000000000 -0.000000000 0.000000003 -0.000000000 -0.000000000 -0.000000000 0.000000000 0.000000000 0.000000000 0.000000000 -0.000000000 0.000000000 0.000000000 -0.000000000 -0.000000000 -0.000000000 0.000000000 0.000000000 -0.000000000 0.000000000 0.000000000 0.000000000 0.000000000 0.000000000 -0.000000000 -0.000000000 -0.000000000 -0.000000000
0.000000000 0.000000000 0.000000000 0.000000000 -0.000000000 -0.000000000 -0.000000000 0.000000000 0.000000000 0.000000000 -0.000000000 0.000000000 -0.000000000 -0.000000000 -0.000000000 -0.000000000 -0.000000000 0.000000000 0.000000000 0.000000000 0.000000000 0.000000000 -0.000000000 0.000000000 0.000000000 -0.000000000 0.000000000 0.000000000 -0.000000000 0.000000000 0.000000000 -0.000000000 0.000000000 -0.000000000 0.000000000 0.000000000 0.000000000 0.000000000 -0.000000000 0.000000000 -0.000000000 0.000000000 -0.000000000 0.000000000 -0.000000000 -0.000000000 -0.000000000 -0.000000000 -0.000000000 0.000000000 0.000000000 -0.000000000 0.000000000 0.000000000 0.000000000 0.000000000 -0.000000000 0.000000000 -0.000000000 -0.000000000 -0.000000000 -0.000000000 0.000000000 0.000000000 -0.000000000 -0.000000000 0.000000000 0.000000000 0.000000000 0.000000000 -0.000000000 -0.000000000 -0.000000000 -0.000000000 0.000000000 -0.000000000 -0.000000000 -0.000000000 -0.000000000 0.000000000 0.000000000 -0.000000000 -0.000000000 -0.000000000 0.000000000 -0.000000000 -0.000000000 -0.000000000 -0.000000000 0.000000000 -0.000000000 0.000000000 0.000000000 -0.000000000 0.000000000 -0.000000000 -0.000000000 -0.000000000 -0.000000000 -0.000000000 -0.000000000 0.000000000 -0.000000000 0.000000000 -0.000000000 -0.000000000 -0.000000000 0.000000000 -0.000000000 0.000000000 -0.000000000 0.000000000 0.000000000 0.000000000 -0.000000000 0.000000000 -0.000000000 -0.000000000 -0.000000000 0.000000000 -0.000000000 0.000000000 0.000000000 0.000000000 -0.000000000 -0.000000000 -0.000000000 -0.000000000 0.000000000 -0.000000000 -0.000000000 0.000000000 0.000000000 0.000000000 -0.000000000 -0.000000000 0.000000000 -0.000000000 -0.000000000 -0.000000000 -0.000000000 -0.000000000 0.000000000 0.000000000 0.000000000 0.000000000
0.000000000 0.000000000 0.000000000 0.000000000 -0.000000000 -0.000000000 -0.000000000 0.000000000 0.000000000 0.000000000 -0.000000000 0.000000000 -0.000000000 -0.000000000 -0.000000000 -0.000000000 -0.000000000 0.000000000 0.000000000 0.000000000 0.000000000 0.000000000 -0.000000000 0.000000000 0.000000000 -0.000000000 0.000000000 0.000000000 -0.000000000 0.000000000 0.000000000 -0.000000000 0.000000000 -0.000000000 0.000000000 0.000000000 0.000000000 0.000000000 -0.000000000 0.000000000 -0.000000000 0.000000000 -0.000000000 0.000000000 -0.000000000 -0.000000000 -0.000000000 -0.000000000 -0.000000000 0.000000000 0.000000000 -0.000000000 0.000000000 0.000000000 0.000000000 0.000000000 -0.000000000 0.000000000 -0.000000000 -0.000000000 -0.000000000 -0.000000000 0.000000000 0.000000000 -0.000000000 -0.000000000 0.000000000 0.000000000 0.000000000 0.000000000 -0.000000000 -0.000000000 -0.000000000 -0.000000000 0.000000000 -0.000000000 -0.000000000 -0.000000000 -0.000000000 0.000000000 0.000000000 -0.000000000 -0.000000000 -0.000000000 0.000000000 -0.000000000 -0.000000000 -0.000000000 -0.000000000 0.000000000 -0.000000000 0.000000000 0.000000000 -0.000000000 0.000000000 -0.000000000 -0.000000000 -0.000000000 -0.000000000 -0.000000000 -0.000000000 0.000000000 -0.000000000 0.000000000 -0.000000000 -0.000000000 -0.000000000 0.000000000 -0.000000000 0.000000000 -0.000000000 0.000000000 0.000000000 0.000000000 -0.000000000 0.000000000 -0.000000000 -0.000000000 -0.000000000 0.000000000 -0.000000000 0.000000000 0.000000000 0.000000000 -0.000000000 -0.000000000 -0.000000000 -0.000000000 0.000000000 -0.000000000 -0.000000000 0.000000000 0.000000000 0.000000000 -0.000000000 -0.000000000 0.000000000 -0.000000000 -0.000000000 -0.000000000 -0.000000000 -0.000000000 0.000000000 0.000000000 0.000000000 0.000000000
0.000000000 0.000000000 0.000000000 0.000000000 -0.000000000 -0.000000000 -0.000000000 0.000000000 0.000000000 0.000000000 -0.000000000 0.000000000 -0.000000000 -0.000000000 -0.000000000 -0.000000000 -0.000000000 0.000000000 0.000000000 0.000000000 0.000000000 0.000000000 -0.000000000 0.000000000 0.000000000 -0.000000000 0.000000000 0.000000000 -0.000000000 0.000000000 0.000000000 -0.000000000 0.000000000 -0.000000000 0.000000000 0.000000000 0.000000000 0.000000000 -0.000000000 0.000000000 -0.000000000 0.000000000 -0.000000000 0.000000000 -0.000000000 -0.000000000 -0.000000000 -0.000000000 -0.000000000 0.000000000 0.000000000 -0.000000000 0.000000000 0.000000000 0.000000000 0.000000000 -0.000000000 0.000000000 -0.000000000 -0.000000000 -0.000000000 -0.000000000 0.000000000 0.000000000 -0.000000000 -0.000000000 0.000000000 0.000000000 0.000000000 0.000000000 -0.000000000 -0.000000000 -0.000000000 -0.000000000 0.000000000 -0.000000000 -0.000000000 -0.000000000 -0.000000000 0.000000000 0.000000000 -0.000000000 -0.000000000 -0.000000000 0.000000000 -0.000000000 -0.000000000 -0.000000000 -0.000000000 0.000000000 -0.000000000 0.000000000 0.000000000 -0.000000000 0.000000000 -0.000000000 -0.000000000 -0.000000000 -0.000000000 -0.000000000 -0.000000000 0.000000000 -0.000000000 0.000000000 -0.000000000 -0.000000000 -0.000000000 0.000000000 -0.000000000 0.000000000 -0.000000000 0.000000000 0.000000000 0.000000000 -0.000000000 0.000000000 -0.000000000 -0.000000000 -0.000000000 0.000000000 -0.000000000 0.000000000 0.000000000 0.000000000 -0.000000000 -0.000000000 -0.000000000 -0.000000000 0.000000000 -0.000000000 -0.000000000 0.000000000 0.000000000 0.000000000 -0.000000000 -0.000000000 0.000000000 -0.000000000 -0.000000000 -0.000000000 -0.000000000 -0.000000000 0.000000000 0.000000000 0.000000000 0.000000000
-0.000000000 0.000000000 0.000000000 0.000000000 -0.000000000 -0.000000000 -0.000000000 0.000000000 0.000000000 0.000000000 -0.000000000 -0.000000000 -0.000000000 -0.000000000 -0.000000000 -0.000000000 -0.000000000 0.000000000 0.000000000 0.000000000 0.000000000 0.000000000 -0.000000000 0.000000000 0.000000000 -0.000000000 0.000000000 0.000000000 -0.000000000 0.000000000 0.000000000 -0.000000000 0.000000000 -0.000000000 0.000000000 0.000000000 0.000000000 0.000000000 -0.000000000 0.000000000 -0.000000000 0.000000000 -0.000000000 0.000000000 -0.000000000 -0.000000000 -0.000000000 -0.000000000 -0.000000000 0.000000000 0.000000000 -0.000000000 0.000000000 0.000000000 0.000000000 0.000000000 -0.000000000 0.000000000 -0.000000000 -0.000000000 -0.000000000 -0.000000000 0.000000000 0.000000000 -0.000000000 -0.000000000 0.000000000 0.000000000 0.000000000 0.000000000 -0.000000000 -0.000000000 -0.000000000 -0.000000000 0.000000000 -0.000000000 -0.000000000 -0.000000000 -0.000000000 0.000000000 0.000000000 -0.000000000 -0.000000000 -0.000000000 0.000000000 -0.000000000 -0.000000000 -0.000000000 -0.000000000 0.000000000 -0.000000000 0.000000000 0.000000000 -0.000000000 0.000000000 -0.000000000 -0.000000000 -0.000000000 -0.000000000 -0.000000000 -0.000000000 0.000000000 -0.000000000 0.000000000 -0.000000000 -0.000000000 -0.000000000 0.000000000 -0.000000000 0.000000000 -0.000000000 0.000000000 0.000000000 0.000000000 -0.000000000 0.000000000 -0.000000000 -0.000000000 -0.000000000 0.000000000 -0.000000000 0.000000000 0.000000000 0.000000000 -0.000000000 -0.000000000 -0.000000000 -0.000000000 0.000000000 -0.000000000 -0.000000000 0.000000000 0.000000000 0.000000000 -0.000000000 -0.000000000 0.000000000 -0.000000000 -0.000000000 -0.000000000 -0.000000000 -0.000000000 0.000000000 0.000000000 0.000000000 0.000000000
