2.35765469312449e+00 1.20250356789605e-01 -4.73964598482531e-01 -8.73045350186591e-01 1.51263754055819e+00 -3.40676471948459e-01 -5.20627028616425e-14 -6.48572282585978e-14 2.60506792502627e-02 1.45995402359806e-13 1.92384777222458e-13 5.22963187432740e-02 -3.85787865464310e-14 2.36836757444654e-14 -1.53418234756423e-01 -7.86635569199856e-14 -2.81494047048906e-13 6.88481825841378e-02 5.48324355066695e-14 1.64104609460707e-13 2.33717293296915e-02 1.90765409989118e-10 1.36296580507417e-14 -7.32345735382651e-04 -8.75476373796248e-14 -4.21054428459472e-10 -5.68760834580220e-10 -2.73381257511199e-14 5.53428405859773e-04 3.06345136464483e-13 1.04357164076508e-09 1.72318166399246e-09 3.67791880509912e-14 -6.93906503690459e-04 -3.91859012562030e-13 -3.05158330139906e-10 -1.18447500969077e-10 -3.36540105044467e-14 -9.30581852322595e-05 2.35802544458911e-13 -1.08786030526791e-09 -1.02943961869678e-14 -1.34051525633397e-11 -6.14646198197405e-14 1.71192596026078e-05 -1.51163845436079e-13 -5.24088891676015e-11 -1.81499402203750e-14 8.96462891287780e-15 -1.21507455253900e-09 6.33356681249398e-14 -1.13922345193637e-04 7.41639073548607e-14 1.32897116881040e-09 1.70985284793804e-14 -2.00084007921206e-15 1.27126569358289e-09 1.27281162665272e-13 -2.15696720551314e-04 1.88149574199583e-13 -1.35384232261883e-09 -4.67119052820363e-15 -2.07552884460222e-13 -1.05128185631160e-15 -4.94507504591808e-10 -4.16341061484405e-15 5.89213657292714e-05 -6.74286994639955e-14 6.40291263342473e-10 -9.65621226580554e-16 -3.46370692511402e-13 -8.05720290114286e-14 2.14466813067239e-15 1.00687728706518e-09 -6.50969550566465e-15 -2.27070245204519e-04 1.54221018196899e-13 -4.89191171691141e-10 2.65545600528740e-15 -5.94349013916374e-14 -3.55452322204416e-23 -2.09660164748784e-13 4.21546470074730e-16 -4.64805673332528e-10 -2.17811764289054e-14 -6.72005308337435e-05 -1.73056172586244e-14 2.31859707311539e-10 9.85252383564856e-16 -3.08122612906901e-13 3.10553107057869e-23 1.95233180385120e-04 -1.63696377952552e-04 -4.21797690211581e-03 1.05094413469946e-03 -6.50898446207390e-04 1.04844430819917e-12 2.46841196471844e-13 2.74543343864191e-05 -1.46931315384640e-12 -3.23602195781202e-13 -9.89004476198273e-05 1.10003094169985e-12 2.34028958363300e-13 3.12554949653098e-04 -5.49240061618432e-13 -1.25012041526420e-13 -3.99060653748511e-04 5.85740915326469e-10 5.84905526632217e-13 3.70606756340124e-05 2.17923240620984e-13 5.61911995878689e-10 -1.44396458730815e-09 -6.49449556468966e-13 -1.19452130452228e-04 -3.05550698277644e-13 -2.92628452318453e-10 1.22092589706343e-09 3.07773871882758e-13 1.67296187478381e-04 2.08243740828629e-13 3.52908077463019e-10 3.54909548722674e-15 1.45556305427510e-10 -3.97406275013725e-14 8.51738590586942e-06 -2.05331427575845e-13 1.58835280261133e-10 4.30603245700451e-14 -2.95832280896128e-15 -4.09802348914095e-10 -9.43964944991576e-15 -2.28389601999776e-05 6.08109343226538e-14 2.58494146845159e-11 -2.02452865633719e-14 -2.01115826093365e-13 -2.67822714111000e-14 -5.62684670776752e-10 -4.17677661503726e-13 1.47451046328158e-07 -7.35524044153291e-13 1.04298510334240e-10 8.92661980718986e-14 -4.59783036336616e-13
 1.20250356789605e-01 2.83659026160007e-02 -1.23247730441221e-01 -2.28518458347388e-01 3.94910045619048e-01 -8.86898201472515e-02 2.04551761171740e-14 8.68405759868925e-15 3.35375604007068e-04 6.61728777306936e-14 3.06315130105521e-14 1.73614542613491e-04 -1.43078658984770e-13 -5.32521101611995e-14 -1.87027762041022e-03 4.76271239028990e-14 1.10839337301970e-14 8.21344323471125e-04 3.21683131701108e-14 1.55262217724320e-14 2.29721619409755e-04 -3.69779403637037e-11 -2.19218657076668e-15 -2.04260417467215e-05 -1.20534455454824e-14 1.21565247364775e-11 5.64321100956151e-11 9.79544478853009e-15 7.46835410163888e-05 4.10318201491846e-14 -8.22879552677608e-12 -6.16973797356497e-11 -1.13670469674528e-14 -2.19807781981489e-04 -5.20877300649626e-14 1.83891958080492e-11 1.31610534527501e-10 6.39071235691395e-15 -5.38893951082288e-05 3.13612144091628e-14 -3.27468996818094e-12 -4.71053270556056e-16 7.61226828453837e-12 -9.76601094045165e-15 4.16839319171447e-05 -1.58040404305495e-14 6.64884575478656e-11 -1.14743573365707e-15 4.26477662051954e-16 -1.82044685797268e-10 9.62817311179830e-15 -1.06250792589803e-04 2.83170518475568e-15 -4.07822133796141e-11 1.17496363635165e-15 -1.10293858654433e-16 1.41093275134264e-10 9.04938250558302e-15 -3.42253169528318e-05 2.82565371526877e-14 4.09352886333650e-11 -3.29896059427555e-16 -9.77132491345879e-14 -3.48919740143890e-17 -8.57089063799603e-11 -6.19113342274641e-15 4.23091776266884e-06 -1.02341556450465e-14 2.03208704133555e-11 -4.08558783317532e-17 -1.63391045508069e-13 -3.97587762385895e-14 1.11013115711099e-16 2.61843276167228e-11 1.23279641071688e-14 -5.47238200134766e-05 2.15178151385951e-14 2.45882627008190e-11 2.02875466664474e-16 -3.02667479435980e-14 9.11029348596238e-24 -1.00415614551102e-13 1.85014665173139e-17 -7.68190498091419e-11 -5.37882438550979e-15 -1.90073013020967e-05 -5.47978188495694e-15 3.14487340185692e-11 1.35217655048633e-16 -1.47383451186159e-13 -1.61178434477691e-23 4.93795324531783e-05 -1.03160511713738e-05 -1.07247183699794e-03 1.80211246956684e-04 -3.23014700095726e-05 1.36858068001902e-13 2.88233698424006e-14 7.59214178266276e-06 -1.92389537130613e-13 -3.97762815197590e-14 -1.66102032068682e-05 1.43971834120954e-13 3.10075416942341e-14 1.01533694437100e-04 -7.09617405761374e-14 -1.71770203210803e-14 7.09678512516221e-05 -1.16856697709570e-11 5.86467144626009e-14 9.83589708087776e-06 2.24523739960490e-14 5.21046868057809e-11 5.63873001896957e-12 -6.82889046129185e-14 -3.07803711112200e-05 -3.37358949117113e-14 -4.19618333957787e-11 3.79098145866242e-11 3.42887340501373e-14 1.70856597266757e-05 2.40356220418469e-14 1.25911871601458e-10 -1.91825504505025e-16 -5.61257641182075e-11 -2.40485971753788e-14 2.44636442849709e-06 -4.26450326949439e-14 -1.51976046171331e-11 6.52375181051675e-15 -6.24022063085692e-17 6.24534906956709e-12 8.46587069665388e-15 -4.19640117553061e-06 1.62933704573691e-14 -2.94611334164143e-12 -2.99633862325350e-15 3.56965045420062e-14 -4.77380350277038e-15 -7.68189751431410e-11 -5.71780887818819e-14 6.73798395019898e-08 -1.09776426927485e-13 2.17088161809921e-11 1.53243250879464e-14 -1.43056815160733e-13
 -4.73964598482531e-01 -1.23247730441221e-01 5.57766302850343e-01 1.03693732090220e+00 -1.79267643195085e+00 4.02144425880301e-01 -6.79233723112201e-14 -4.23046774565288e-15 1.18324076379490e-03 -2.74784813431214e-13 -1.08676924804068e-13 2.68503698528357e-03 5.38026247779024e-13 1.12028733647901e-13 -5.07750386388849e-03 -1.57077890865523e-13 2.05907007922919e-14 2.46532744640580e-03 -1.30209381865573e-13 -5.47378797860801e-14 9.43156959762650e-04 -1.15628749831842e-10 8.00517052804732e-15 4.31548463382723e-05 5.98051088880227e-14 4.53728956280033e-11 4.52945344409232e-10 -4.03810123822468e-14 -1.61092151048413e-04 -2.03976429751436e-13 -2.29263712196201e-10 -4.44141275786476e-10 5.25725597708036e-14 5.13842842828006e-04 2.58343472299529e-13 2.85998966946115e-10 1.94959839396367e-10 -3.09238132363316e-14 5.95212708403361e-05 -1.57088743067413e-13 -3.04364690413908e-10 1.45115565337446e-15 -2.60561675265195e-11 4.26727010303151e-14 -1.26836709035302e-04 7.14739063127352e-14 -3.85154865580291e-10 4.46537636382018e-15 -1.44003515222494e-15 -8.77017742612550e-10 -4.32756880985310e-14 3.33496770341349e-04 -5.57317764515051e-15 1.06126006038003e-09 -4.76696738904169e-15 4.30747072765885e-16 9.80641526685285e-10 -4.30748576090962e-14 -2.12262805067232e-05 -1.42034632714647e-13 -9.35331224349357e-10 1.39555933592261e-15 4.49065267016787e-13 3.07877664061230e-17 -3.42582441372247e-10 2.93650082234455e-14 2.63930668467643e-06 4.95218806623575e-14 1.96045662578124e-10 9.36764249827034e-17 7.50825991769803e-13 1.82878241284144e-13 -3.83191941937068e-16 9.67153846148789e-12 -6.20548512305104e-14 1.12923151911350e-04 -1.03740028704122e-13 9.00848010956220e-12 -7.92900725847145e-16 1.39306129366105e-13 -6.13882495291395e-23 4.61637180656917e-13 -9.42958192099693e-17 -3.04166037346391e-10 2.87767621625971e-14 5.17435466175367e-05 2.55095553125447e-14 2.27451332376319e-10 -6.53597042872693e-16 6.77470108936981e-13 1.00133418014427e-22 -1.63847179601810e-04 1.08731469406265e-06 2.27441092948026e-03 -6.16868317651169e-04 6.70842795880393e-04 -6.39860753200509e-13 -1.27435475563423e-13 -2.21304274925969e-05 9.02742295299211e-13 1.77245792707407e-13 6.41711483916245e-05 -6.79938046183053e-13 -1.40215385075694e-13 -2.39458534956203e-04 3.34821220212509e-13 8.12193256085917e-14 3.99103277081875e-05 -4.18424157435543e-11 -2.94029276142666e-13 -3.52271761778255e-05 -1.07847867086878e-13 3.67083790320016e-11 1.85590681656826e-10 3.43047863984658e-13 1.07702106825452e-04 1.62006965459237e-13 -1.44616397694507e-10 -3.22702492916175e-10 -1.72755039324960e-13 -8.30814415658639e-05 -1.15403489604000e-13 -1.05002953008217e-10 8.22038532450119e-17 1.16756521685440e-10 1.27054520030152e-13 -9.32433021783531e-06 2.12117217815165e-13 1.70900513383444e-10 -3.26525287927084e-14 7.61895704184010e-16 -1.11912149636636e-10 -4.65866635500037e-14 1.76439298318924e-05 -8.24728026542033e-14 2.02043474168649e-11 1.50560329995530e-14 -1.47816740355093e-13 2.36108286376883e-14 3.51223249480717e-10 2.73789759902588e-13 -3.15162980533539e-07 5.30538496572180e-13 -1.06710318270864e-10 -7.45545859977028e-14 5.92276090726205e-13
 -8.73045350186592e-01 -2.28518458347388e-01 1.03693732090220e+00 1.93200562164269e+00 -3.35993715201832e+00 7.47370337082317e-01 8.41687711824859e-14 -3.12183233935664e-14 -1.22343711396177e-03 -1.92543539927930e-13 -2.91369330591221e-13 1.30137115689193e-03 -8.09516167882165e-15 4.06116976744312e-13 -2.24879506177331e-03 1.89152767956367e-13 -2.86772320235371e-14 -9.29534169008334e-04 -9.19550589562828e-14 -1.40159491151003e-13 -2.54721287302425e-04 -4.93789109718842e-10 1.00737936361021e-14 1.30638053533701e-04 1.15705917948287e-13 3.13021780756736e-10 1.72726043202742e-09 -6.39979279313250e-14 -6.50717036737181e-04 -3.97520250132408e-13 -9.05248056489771e-10 -2.11130517661388e-09 8.93163293898431e-14 1.25579400986073e-03 5.05306009719515e-13 1.01882058523918e-09 2.64822659104521e-09 -5.01033402269149e-14 -4.60094624925565e-04 -2.96620596605182e-13 -1.57563271648936e-09 2.12451329102163e-15 -3.87836510271426e-10 6.89610218835101e-14 -2.42397790363186e-04 1.36392365391947e-13 -6.38523126434532e-10 7.83516006534624e-15 -2.27899996741468e-15 -1.16162425998880e-09 -7.21528634814663e-14 4.83168006595572e-04 -1.15199552999235e-14 1.92680795600280e-09 -8.51945933445177e-15 6.98333679425227e-16 1.10672890216336e-09 -8.38887393003316e-14 2.64648744242760e-04 -2.62669317608892e-13 -1.69155069074384e-09 2.53211361719487e-15 3.98697867190204e-13 -7.35339960116160e-17 -6.84455015678777e-10 5.02737212973478e-14 -6.33659308590100e-05 9.21451091609121e-14 6.69636768909430e-10 7.02229966496608e-17 6.66671511987894e-13 1.62461339997905e-13 -6.13377649585667e-16 4.59949129401394e-11 -1.09214896981600e-13 3.54944789287453e-04 -1.92082921685137e-13 -1.18871336750448e-10 -1.33594494000559e-15 1.23996696504431e-13 -1.10309595999011e-22 4.09939703663477e-13 -1.94066813680625e-16 -5.90177709153005e-10 5.92804893584717e-14 1.09242907032481e-04 4.47780885258546e-14 6.56679669490510e-10 -1.21029409556482e-15 6.01793700750312e-13 1.75513358224224e-22 -7.37337614890840e-06 1.05348360425083e-03 -2.44728431672380e-02 8.80466537337921e-04 -6.19001617580103e-03 -1.20857869612265e-12 -2.39957000213561e-13 -4.81143940370632e-05 1.70894904019434e-12 3.31651788585705e-13 1.07586609455236e-04 -1.28945710186240e-12 -2.60163666725475e-13 -7.13975767912599e-04 6.64484171561329e-13 1.57981645372700e-13 -5.67028736606765e-04 -7.08985112155600e-11 -5.75503384577643e-13 -6.86261206086530e-05 -2.09413996767845e-13 2.44125634102436e-10 3.18460624496267e-10 6.66515267717412e-13 2.10478848410087e-04 3.13956011416731e-13 -4.42576408553730e-10 -8.86017489111110e-10 -3.32391385339172e-13 -2.05295391824361e-04 -2.26926037772625e-13 -1.70977593909542e-10 -1.40799793828488e-15 1.97583180503371e-10 2.36967789655905e-13 -1.78675345176548e-05 3.95871412566536e-13 3.75387496358511e-10 -6.25448811234965e-14 2.24486047815354e-15 -1.73867082303404e-10 -8.77328886414014e-14 4.19499870543666e-05 -1.52890721928718e-13 6.17575702732025e-11 2.89301362828708e-14 -2.95163626784217e-13 4.45699122921914e-14 6.57090672793479e-10 5.16007439664925e-13 -9.23378849805229e-07 9.97368305912254e-13 -1.92036792798512e-10 -1.39569586736653e-13 -3.64420439030904e-13
 1.51263754055819e+00 3.94910045619048e-01 -1.79267643195085e+00 -3.35993715201832e+00 6.33797332984331e+00 -1.29092223646278e+00 -4.45133835633002e-14 -1.17831366497727e-13 -5.59164488662979e-03 6.40899262313945e-13 4.65422627521622e-13 -3.19239572623363e-04 -6.37197378694811e-13 -1.48293577079870e-13 1.96420809640053e-01 -8.20986809054279e-14 -3.10658535724933e-13 -3.77844246792780e-02 2.10676906239393e-13 1.59569324573953e-13 -1.06697879125825e-02 2.52181066817994e-09 1.75453061564896e-14 -1.02819006312297e-04 -2.49813208285082e-13 -1.70368863186006e-09 -1.24745589917027e-08 3.89666883210089e-14 3.07347634397332e-03 8.64579090748909e-13 6.71319461144129e-09 3.07097479334153e-08 -1.41986870332902e-13 4.34152091413817e-03 -1.11624688142951e-12 -8.19043081407094e-09 -4.83876641674684e-08 7.92502991418497e-14 2.52317417881833e-02 6.65721662318544e-13 1.49772165483030e-08 -6.57763709799481e-15 1.40782817420335e-09 1.11691135518068e-13 5.41011221213161e-04 -2.12960716608401e-13 -4.90295885941661e-09 -1.80095771410520e-14 5.76967794757253e-15 -2.51694171785145e-09 -9.07752081783997e-14 3.32384479440094e-04 -6.67353108211445e-14 8.48336324603501e-09 1.77704983383846e-14 -1.68040727335246e-15 1.15911107483043e-08 1.93462755183676e-13 5.41357212604278e-03 5.83965609702189e-13 -7.97312142477215e-09 -5.88912341000607e-15 2.61456183175160e-11 -5.07502758443922e-16 1.29902296559095e-09 -2.42072146605114e-14 4.99490150727338e-06 -1.62271764419813e-13 -4.80021323999120e-09 -6.42699952040843e-16 4.37019673990563e-11 1.06383657407734e-11 1.31001405673104e-15 -1.67498587456239e-09 1.31637588385477e-13 1.20442450699500e-03 3.34151530447216e-13 3.15539100253768e-09 1.69569016736396e-15 8.10608024221231e-12 1.11835966293841e-22 2.68704070750479e-11 8.04137822816017e-17 -5.39104439665054e-10 -1.90474826642734e-13 1.13851133929172e-04 -2.26664601803412e-14 -2.81520023851335e-09 1.37362292083147e-15 3.94290894145032e-11 -2.09844567314890e-22 -6.51924446245872e-03 -2.43348803019833e-02 4.55567075670024e-01 -3.76497867853771e-02 1.29551266101319e-01 2.14438507728390e-12 4.67005724276605e-13 4.39564925673504e-05 -3.05726791497639e-12 -6.16086296639695e-13 -7.74615331954323e-04 2.34235421640975e-12 4.38963498551820e-13 9.71898739623873e-04 -1.21162662948531e-12 -2.22189166973282e-13 -6.31702648761098e-03 4.62521881460284e-10 8.73085148132764e-13 1.78100951635821e-04 3.12322142358339e-13 1.39520237777147e-09 -1.50665882620140e-09 -9.77434776800106e-13 -5.35078662618162e-04 -5.03581692142572e-13 -1.90112553771540e-09 1.70566330820865e-09 4.58852719793569e-13 1.29829555597305e-03 3.86323825121107e-13 1.42119483185538e-09 -5.16113444003249e-15 -4.87126720398855e-10 -3.78525460137820e-13 4.34235954969311e-05 -7.05260902577423e-13 -4.47549136458631e-10 1.04548277979170e-13 1.13164928764458e-16 4.10265837894255e-10 1.53691901477760e-13 -1.51210043803905e-04 2.74120021288701e-13 -3.05757733045888e-10 -4.76303192478700e-14 2.08405613422970e-11 -7.85486605168043e-14 -1.12615362538716e-09 -9.44808036951263e-13 3.29306402685491e-06 -1.81793565942677e-12 3.79721519576061e-10 2.53684774553752e-13 2.76496278451342e-11
 -3.40676471948459e-01 -8.86898201472515e-02 4.02144425880301e-01 7.47370337082317e-01 -1.29092223646278e+00 2.90402557524632e-01 7.95937892754222e-15 1.18186486811668e-13 4.58073743905648e-04 -1.12293742293788e-13 1.08504473417544e-13 6.81309181561981e-04 1.05550037138127e-13 -4.82597612438536e-13 -1.24592804277177e-03 2.11364754294625e-14 2.70773322349600e-13 9.15498023688528e-04 -5.33925462317798e-14 4.94314658269297e-14 4.26500470072268e-04 -4.81799262711615e-11 8.08115006521958e-15 2.37317741283226e-05 4.30843721793117e-14 2.90805223552390e-11 2.83529373358263e-10 -3.18676679052414e-14 -5.84423497511596e-05 -1.46572263791872e-13 -1.66803289013127e-10 -3.44372022685619e-10 4.36891882267520e-14 1.56990899332793e-05 1.85683711327868e-13 2.54689061869744e-10 1.29228510882403e-11 -2.39851716518546e-14 2.24019322945172e-05 -1.14529711593343e-13 -1.13265943624197e-10 1.11939760226566e-15 6.85334276758525e-11 3.02105058505355e-14 -7.22175087719051e-05 5.12878815180367e-14 -2.78593284276973e-10 3.28557266768093e-15 -1.06030346907156e-15 -7.43937294876164e-10 -3.08875255768576e-14 1.36350877248792e-04 -2.80729995224532e-15 7.58355189190495e-10 -3.46811385859580e-15 3.07612415575368e-16 7.11087227363331e-10 -2.63628619629846e-14 -1.16884629481469e-04 -1.04408819416387e-13 -5.86770556710284e-10 1.01395482912088e-15 3.73588514843438e-14 4.95727565246435e-17 -2.88193072568383e-10 2.20031511023510e-14 -3.04113843436564e-06 3.61497188505435e-14 8.90282453826946e-11 8.78842823741693e-17 6.22938786848245e-14 1.51694352978514e-14 -2.83330126193903e-16 4.23936494793600e-11 -4.69457158885814e-14 1.71188293226529e-05 -7.52331651144264e-14 7.29463967680146e-11 -5.82184307768640e-16 1.15242006147471e-14 -4.42724181338524e-23 3.83807761827282e-14 -5.09007611552713e-17 -2.41960099025023e-10 2.22742941649346e-14 2.12447475128959e-05 1.84359352210310e-14 1.59730324647210e-10 -4.57975598350866e-16 5.62009488689897e-14 7.11046650921326e-23 -1.44167621025610e-04 -8.78227571406007e-05 7.66708875588806e-03 -8.70278545150090e-04 1.95292465712818e-03 -4.64949891659998e-13 -9.43869292529181e-14 -1.11723651202817e-05 6.55420443443510e-13 1.32025565798724e-13 6.55874725397813e-05 -4.94216069507417e-13 -1.04511166922568e-13 -2.28101839928815e-05 2.39393917924995e-13 6.55444825856053e-14 6.20878198458338e-04 -5.01828758956077e-11 -2.00783040938824e-13 -3.06193709073389e-05 -7.51453758495809e-14 -2.97204688149542e-11 1.64974972818816e-10 2.36033971531349e-13 9.40482697100149e-05 1.13933812687122e-13 -2.83882568889666e-11 -3.21841929180608e-10 -1.21000712365238e-13 -1.65175634004636e-04 -8.13463729357398e-14 1.12308663686380e-10 6.65571311775719e-16 8.48017481087821e-11 9.26555852187162e-14 -8.44998881084742e-06 1.54634155567082e-13 1.08766065788554e-10 -2.31825315037728e-14 2.25771609690261e-16 -7.33583512580482e-11 -3.41888720966713e-14 2.35804084755936e-05 -6.03510777657821e-14 1.77378682517630e-12 1.06417363147296e-14 1.12210728602053e-13 1.70769027313114e-14 2.54574235794822e-10 1.97982995176196e-13 -4.89566771200021e-07 3.84608254246416e-13 -7.35465403418476e-11 -5.43704769367974e-14 3.15473748434215e-13
 -5.20627028616425e-14 2.04551761171740e-14 -6.79233723112202e-14 8.41687711824858e-14 -4.45133835633002e-14 7.95937892754221e-15 1.80697306049091e-02 2.52245673765020e-09 -7.13231565583298e-15 2.69892900716368e-02 1.40844795264880e-06 -8.68572683293559e-15 -8.60032966399768e-02 -1.95096588719465e-06 -1.08937430440939e-14 4.04329985693272e-02 -9.45324007987516e-08 7.38939364521010e-14 1.25846966909873e-02 7.97080058637326e-07 -3.70871303920162e-15 5.99215697026820e-16 6.10049666831938e-08 -3.41221704876220e-15 1.05643760630775e-05 3.14903932473515e-16 -2.27702367596224e-15 -1.15170864239285e-07 2.05200067490770e-14 1.69975282825605e-05 -1.41886524166304e-15 3.66322080653796e-15 1.35711599745115e-07 -5.48877169049147e-14 8.41189980475019e-07 2.51235521126886e-15 -2.19613275612954e-15 1.22275747499575e-07 7.80999234230057e-14 -4.23912286209927e-05 -1.26686004822139e-15 -1.09271349282920e-09 -4.82153790485588e-15 -3.76526644955978e-07 9.57606263080952e-14 -4.37242150400438e-07 -3.19667632069668e-15 -1.75038468896412e-09 8.68079724060678e-10 7.29411949748443e-15 8.44084758315145e-07 -2.11588299300169e-13 2.95214000222716e-05 4.16771530501396e-15 2.84787276052446e-09 -1.02429270765651e-10 -4.04687625504523e-15 -4.93460080846443e-07 1.56681824625775e-13 -6.65486339890914e-05 -2.11387284660390e-15 -1.29367360876677e-09 8.00181736796137e-20 -1.65380339381209e-10 1.56593628543834e-15 -3.83487947290404e-07 -1.78348645480395e-14 2.27038985629210e-05 4.72930335826425e-16 1.72951529581278e-10 3.92102383288949e-19 -1.12004356603930e-19 6.12909754397188e-10 -8.65510140881679e-16 2.34440042285508e-07 3.52775812808573e-14 -4.76163691577632e-05 -3.27292216164971e-16 8.53221231058788e-10 -5.31544711843056e-19 5.95292543284776e-19 -3.24148331399176e-20 2.70877432185414e-10 6.28709356520313e-16 -2.18920317284932e-07 -1.59088597743734e-15 -8.99679325341925e-06 1.42442795933212e-16 1.30002209632315e-10 -1.03596267142905e-19 9.74878329575451e-20 1.28795012310083e-13 7.85190637953191e-14 -5.61093614253445e-13 2.67389017718646e-13 -4.18938787210775e-14 -2.38567876666111e-06 2.79391630432767e-10 -6.82662906255611e-14 5.96223318920779e-06 6.48142177724656e-08 1.00373206866988e-13 -3.59930458392188e-05 -8.70695499893260e-08 -7.59820866991640e-14 -1.24364325601342e-05 1.34646907197256e-07 4.42297201064904e-14 1.37711645644968e-15 1.03478103243033e-08 1.10396681830439e-13 -1.03693314208496e-05 1.80759454148979e-16 -2.06998905694744e-15 -2.99470055451250e-08 -1.27633913879410e-13 3.58305357352810e-05 -4.50051821298772e-16 1.34947908298528e-15 3.71057261530679e-08 7.08476851725789e-14 -5.51954916779123e-05 4.10534040404796e-16 1.20926530768656e-09 -6.32370916110834e-15 3.62235212911496e-09 7.45701240176598e-14 -1.70188003050927e-06 -3.30420449023463e-15 -1.25849816992396e-11 -7.05685826128713e-10 2.81999865916294e-15 5.12571291189772e-08 -4.47164921961193e-14 5.56968876281562e-06 1.54254128899079e-15 -7.43519335366603e-11 4.65049511891694e-16 -2.72307260615265e-10 -1.43856934886688e-14 1.45833986001909e-09 2.13967863828024e-14 6.79635087136985e-08 -5.83057433407952e-15 1.48973291915721e-11 2.36224027165680e-15
 -6.48572282585979e-14 8.68405759868925e-15 -4.23046774565278e-15 -3.12183233935664e-14 -1.17831366497728e-13 1.18186486811668e-13 2.52245673280827e-09 1.80697387425716e-02 -3.32825659224524e-14 -1.41491786996687e-06 2.69892921727307e-02 1.92979031363225e-15 1.93632879271554e-06 -8.60033208495820e-02 5.18178872960838e-14 1.19208385920205e-07 4.04330101509552e-02 2.74473935610155e-14 -8.00102259845439e-07 1.25847059782528e-02 -1.99965187389518e-14 -6.31012620850052e-16 1.05686059549857e-05 1.63944135579917e-14 -5.93769479759220e-08 -1.18512892313969e-15 2.54295481840481e-15 1.69785492134288e-05 -4.89176081445333e-14 1.10479332604516e-07 5.41727210331183e-15 -3.93426064704241e-15 8.71819533747465e-07 1.72851029063884e-14 -1.31477734041370e-07 -9.90873219569512e-15 1.59565144473095e-15 -4.24064726955282e-05 8.69243102104887e-14 -1.25373770056959e-07 5.24080056613408e-15 1.30743073167598e-09 5.69779667229842e-15 -4.19582143548619e-07 1.25542978668376e-13 3.89399436794885e-07 1.57857949187894e-14 -7.35436595519399e-10 -2.08188086490317e-09 -8.03956081566535e-15 2.94818224149607e-05 -2.47218609832762e-13 -8.63549027162870e-07 -2.09052990670512e-14 4.02026766776301e-10 1.57495409871626e-09 4.22823397878574e-15 -6.65281839450787e-05 1.77944420912639e-13 5.00946250850000e-07 1.06073349482056e-14 -1.77785900606469e-10 -1.32604011993821e-19 -2.27512562669327e-10 -1.25861735185205e-15 2.27047904514227e-05 -3.65890145423717e-14 3.81192063892786e-07 -2.38243113255927e-15 -1.36832062354883e-10 -5.20555447583364e-19 1.59745637633452e-19 5.93432047822990e-11 1.05722096262642e-15 -4.76135579098204e-05 5.59714128419564e-14 -2.28714274371534e-07 1.41811273841775e-15 2.41192953556579e-10 6.85868091061209e-19 -1.67690442457468e-18 2.06159433504009e-20 3.13863592474503e-10 -1.62311823481228e-16 -8.99006558780706e-06 6.79904167605702e-15 2.24253716574603e-07 -8.49926747347805e-16 8.49881074844114e-11 1.30071551990056e-19 -1.04079647201931e-18 -2.19811143050496e-14 -4.33114040812585e-14 -8.70342412092898e-15 -6.38157312633740e-14 -1.67803054126088e-13 -3.66554579468939e-10 -2.38417667442705e-06 -3.84585273544145e-15 -6.51942746747478e-08 5.95917993612709e-06 1.80976209252413e-14 8.88093883389864e-08 -3.59885520388015e-05 -2.93976509041166e-14 -1.37745099406614e-07 -1.24412631627643e-05 4.82667100609573e-14 2.57897354760722e-15 -1.03687624831879e-05 1.26700716565308e-13 -9.65182590004306e-09 2.42722484114382e-15 -2.14507354289110e-15 3.58288076371139e-05 -1.42421695173333e-13 2.83464159061151e-08 -1.16343306750641e-15 4.68550690590767e-16 -5.51936298722804e-05 7.18603218931332e-14 -3.52652327467365e-08 -5.33713178861780e-16 1.56960380590683e-10 4.10410332507982e-15 -1.70247904407534e-06 4.74993766305639e-14 -4.04497931062643e-09 1.49593525573415e-14 1.05245421368799e-09 -1.04615715710076e-10 -2.06193222816881e-15 5.57007583897088e-06 -3.42214986804377e-14 -5.10948684708774e-08 -7.28459255782664e-15 -5.63099181779213e-10 -6.91743913560818e-16 -5.15500973712623e-11 4.30733708463647e-15 6.78317491219393e-08 -5.33321126509228e-14 -1.63897146807554e-09 2.11881883934036e-14 -2.34181234749125e-10 -2.97827308803891e-15
 2.60506792502627e-02 3.35375604007069e-04 1.18324076379490e-03 -1.22343711396177e-03 -5.59164488662979e-03 4.58073743905646e-04 -7.13231565583298e-15 -3.32825659224524e-14 2.07758121271472e-02 -3.10116768993264e-14 -3.78741888456932e-15 2.88790361042916e-02 5.67534299637767e-14 1.23408532164804e-13 -9.76292265794609e-02 -7.49574404642109e-15 -1.24030156353143e-13 4.52305176999723e-02 -2.17208929324054e-14 2.39494573067380e-14 1.41873960308648e-02 -3.80029318062225e-10 8.69249299492898e-15 -1.99321329893628e-04 4.59231445432228e-15 1.34006112416808e-10 4.64955212791694e-10 -3.41608082589218e-14 6.75414316508603e-04 -1.58930248165544e-14 -3.31089778976983e-10 -6.24657665871202e-10 4.94741408044040e-14 -9.11035039934650e-04 2.09530256960561e-14 2.21569116224951e-10 4.20023600261708e-10 -3.27972330661822e-14 -6.94956700858885e-04 -1.29344181741511e-14 1.94174140616756e-11 1.19443130876109e-15 -2.35213156888925e-11 5.49220068068607e-16 1.25470515207888e-04 -7.77191861142830e-15 4.81689298181358e-10 1.22967084363698e-15 -6.27959433219743e-16 -1.74954539987697e-10 -3.08706941768513e-15 1.63587983959289e-05 2.01858921395804e-14 -5.63824627285871e-10 -8.75110008935183e-16 9.60787124980520e-17 3.83811203884059e-11 2.30040882459403e-14 -8.77132194355929e-04 -2.34239026153300e-14 3.04282557933400e-10 2.33957597666908e-16 -2.40934078344060e-13 3.39467430547900e-16 -1.32410250656302e-10 1.20370243768326e-14 2.46374968580346e-04 4.16017225976791e-15 1.14496228975279e-10 2.44565516282075e-16 -4.02651970081506e-13 -9.79470726006749e-14 -1.73112854862616e-16 1.28432292931944e-10 -3.18512771620191e-14 -6.54183429753061e-04 -6.84645555025200e-15 -2.67725092669588e-10 -2.10342981709354e-16 -7.46346840884911e-14 -1.16262638716770e-23 -2.47538067079383e-13 1.50494903073528e-16 -1.14803295022878e-11 5.56463944333756e-15 -1.46283612367165e-04 7.23685294357244e-15 -1.67587889605005e-10 5.99373263868889e-17 -3.63234482883203e-13 1.60002666871693e-23 2.39742144776959e-04 -3.51679218768587e-04 -4.41172863709150e-03 2.11652641489231e-03 -7.50570137393113e-04 -6.50397295714263e-14 -2.64776440709609e-14 3.13472725323806e-05 9.17367805540801e-14 4.14733568475373e-14 -1.22800984170847e-04 -6.81119084040927e-14 -3.38622994424707e-14 4.36157016287651e-04 3.13853683459630e-14 1.58767351752413e-14 -1.07927006953402e-03 4.38591368944512e-10 8.13045519951817e-14 1.73587057761519e-05 1.83121984692597e-14 -1.15825478626255e-09 -3.17442271198013e-10 -8.56263718652093e-14 -7.28482992413820e-05 -1.58571090706791e-14 1.22702716709060e-09 9.12966389466017e-10 3.55169910203427e-14 2.00065815788660e-04 3.85557348524460e-15 -1.02816325311443e-09 6.49766577683604e-15 1.29471341239623e-10 2.92884526339612e-14 -5.37567830395486e-06 3.87765725151567e-14 -1.04110653177340e-10 9.72324680213968e-16 -3.38176644354420e-15 -1.96138255030867e-10 -1.47788770354990e-14 1.00012990737389e-05 -1.88635495169966e-14 1.24925653814008e-10 -9.22119474763466e-16 -2.80652841928883e-13 2.44847030878459e-15 -1.59691496463311e-11 2.51540218865467e-14 -5.46958114082189e-07 6.23824876517720e-14 2.97777910671080e-13 -1.23139885882768e-14 -1.77663857728279e-13
 1.45995402359806e-13 6.61728777306936e-14 -2.74784813431214e-13 -1.92543539927930e-13 6.40899262313945e-13 -1.12293742293788e-13 2.69892900716368e-02 -1.41491786996457e-06 -3.10116768993263e-14 4.10134181506764e-02 -1.92082891131241e-08 -3.82946273660072e-14 -1.29719675586401e-01 4.22485635455834e-06 1.34796361015691e-13 6.09921039474731e-02 -3.61731120429848e-06 5.67491172526667e-14 1.90061632249757e-02 1.21694446659015e-07 -2.35059415465008e-14 7.51667748924065e-16 1.47981436104339e-07 -4.51592973345998e-15 -1.63222531136989e-05 5.18751401807904e-17 -2.74862939151407e-15 -2.66454440250401e-07 3.15117406919431e-14 1.50739988567010e-05 -5.10995188443326e-16 4.47847817800142e-15 4.63245598167794e-07 -8.00646757704526e-14 5.89891733048885e-05 1.18464823336451e-15 -2.87763944712659e-15 -7.17572843930049e-08 1.28175973764599e-13 1.31636172100250e-04 -6.59986093851555e-16 -1.62089311161737e-09 -6.02648211138640e-15 -5.64856453866482e-07 1.50357948272318e-13 8.16120125851366e-06 -1.91284573617510e-15 -2.54666101733819e-09 1.30167150396767e-09 9.16173306857876e-15 1.35338051915666e-06 -3.28270410135434e-13 -5.76347403962200e-06 2.18508813767031e-15 4.16006895360765e-09 -1.52290399339333e-10 -5.16161395069352e-15 -7.91445690499002e-07 2.45141529873287e-13 1.07270445866491e-04 -1.08640061976225e-15 -1.84423389839899e-09 1.18071510904987e-19 -2.36395907884645e-10 1.91030239058042e-15 -6.89960545201873e-07 -2.80885514070481e-14 7.55406835175241e-06 -2.12140095118188e-17 2.32165839796630e-10 4.72286234983197e-19 -1.61528295818546e-19 8.94860335444555e-10 -9.54021843980731e-16 4.06662050262900e-07 5.87863756809359e-14 2.80511796782234e-05 1.94771345679468e-17 1.35735521992208e-09 -6.41439873938131e-19 1.66233107205282e-18 -4.50537979327962e-20 4.12760291190299e-10 8.98615354848367e-16 -3.51957003892955e-07 -1.60054006818625e-15 3.92163431486543e-06 5.93201090943980e-17 2.22737868842238e-10 -1.26390292044012e-19 2.19935970580883e-18 1.76213853804565e-13 9.90012925440508e-14 -5.73710808450005e-13 3.54107409719476e-13 -4.06295184230200e-14 -5.28527911587140e-06 2.83946802931217e-09 -9.57111190512960e-14 4.43245995290528e-05 7.90918229444465e-08 1.42080929175252e-13 -2.59405596879946e-05 -1.26074402110490e-07 -1.09647047551704e-13 5.00033964205549e-04 1.19486635976028e-07 6.39218709634286e-14 1.69667605554705e-15 1.64829210037699e-08 1.68033830095986e-13 -1.96689302941597e-05 2.04038196483620e-16 -2.58983623909602e-15 -4.56289024542163e-08 -1.93877211518011e-13 6.71800338397278e-05 -2.40314350507879e-16 1.65823784053375e-15 7.04661515913905e-08 1.08201792185559e-13 -1.57295764225858e-04 1.59646674596540e-16 1.81866451256003e-09 -8.06826599937746e-15 3.58264947651517e-09 1.13661670011099e-13 -3.72681912881327e-06 -1.36087409598905e-15 -1.06002508486121e-11 -1.05880779221583e-09 3.63921634762726e-15 6.69838807380201e-08 -6.88493647955999e-14 1.55411451522196e-05 7.37425136669527e-16 -1.16183615485960e-10 6.59483539853644e-16 -4.09063701452235e-10 -1.81709186092221e-14 3.67487411577509e-09 1.86519135513364e-14 -7.80666444239171e-08 -5.66446357913678e-16 1.95676333701639e-11 2.85564229316208e-15
 1.92384777222458e-13 3.06315130105521e-14 -1.08676924804068e-13 -2.91369330591221e-13 4.65422627521621e-13 1.08504473417544e-13 1.40844795265208e-06 2.69892921727307e-02 -3.78741888456933e-15 -1.92082891138026e-08 4.10134076660100e-02 9.03857913063559e-14 -4.17139669905345e-06 -1.29719667477542e-01 -1.02629682171549e-13 3.62410274397285e-06 6.09920979172077e-02 1.42107600899133e-13 -1.38755063849521e-07 1.90061717813966e-02 8.65633261439535e-15 -1.12982740607600e-15 -1.63148954237009e-05 2.42997876757962e-14 -1.45307263978589e-07 -1.73869059540994e-15 4.43130409896408e-15 1.50410136769445e-05 -7.39360157052947e-14 2.57338204749806e-07 7.89926901673894e-15 -6.90078796732403e-15 5.90417627965990e-05 3.06464976859308e-14 -4.54305694069181e-07 -1.44698266401059e-14 2.93287457783273e-15 1.31610063028568e-04 1.34740815998862e-13 6.60634839370472e-08 7.77173178042462e-15 1.87959246973634e-09 9.59646626652683e-15 8.19264288750836e-06 1.78961977775413e-13 5.86025202152550e-07 2.33617065537527e-14 -1.08916975469602e-09 -2.99726124550717e-09 -1.36481925622968e-14 -5.83422030785304e-06 -3.47317843692545e-13 -1.38708043542779e-06 -3.08473068838543e-14 5.72199616541782e-10 2.29357057567395e-09 7.23981777236442e-15 1.07307140985279e-04 2.49356858579038e-13 8.03775131424362e-07 1.56986636413947e-14 -2.98268524211889e-10 -1.92996179968053e-19 -3.30059353740673e-10 -2.23770589961108e-15 7.55571184485912e-06 -5.23480423491037e-14 6.85773791994350e-07 -3.46768094596638e-15 -2.00434053434050e-10 -7.92981809487300e-19 2.32347527579679e-19 1.05335433043669e-10 1.85217206876756e-15 2.80561338369631e-05 8.01125432594880e-14 -3.96664318557671e-07 2.05963747692994e-15 3.17391174701266e-10 1.04491040029912e-18 1.44786665889004e-18 2.97073894672640e-20 4.67981305914384e-10 -3.22648991602315e-16 3.93376525463135e-06 1.16121716432423e-14 3.61088607553365e-07 -1.27450689800043e-15 9.41092336942157e-11 1.97819791283303e-19 1.21926863739355e-19 -3.74150089791931e-14 -7.23985462239464e-14 3.85756665563836e-13 -1.19489289207826e-13 -1.71150970957170e-13 -3.02565234244558e-09 -5.28241182334875e-06 4.03208228562473e-15 -7.97390905073663e-08 4.43186394492648e-05 1.43241051547960e-14 1.28254947352796e-07 -2.59316046516530e-05 -3.40585094643403e-14 -1.24934417729907e-07 5.00024282226455e-04 7.12368322816089e-14 3.12210388151755e-15 -1.96677531830900e-05 1.74106620698802e-13 -1.52554385810468e-08 3.71776117410691e-15 -2.18865217691104e-15 6.71768741554010e-05 -1.94181887643050e-13 4.25339449969955e-08 -1.84846943377674e-15 1.51950577134105e-16 -1.57292505639405e-04 9.68887089709644e-14 -6.64094291223055e-08 -6.90420629951354e-16 2.15028856461520e-10 7.62163381459493e-15 -3.72781914380558e-06 6.25291656828726e-14 -4.31072944853445e-09 2.23800595047642e-14 1.60021760984526e-09 -1.51647953419223e-10 -3.70647545141545e-15 1.55412752822555e-05 -4.59529990003894e-14 -6.66750738360683e-08 -1.08975979046446e-14 -8.51588718535910e-10 -1.00645566939211e-15 -7.11097595883131e-11 1.03576367783997e-14 -7.82299990819479e-08 -9.00276472365665e-14 -4.02616729328430e-09 3.21670662818088e-14 -3.55590036609337e-10 -4.53940693903759e-15
 5.22963187432740e-02 1.73614542613492e-04 2.68503698528357e-03 1.30137115689194e-03 -3.19239572623382e-04 6.81309181561982e-04 -8.68572683293560e-15 1.92979031363226e-15 2.88790361042915e-02 -3.82946273660071e-14 9.03857913063558e-14 4.29287330121881e-02 6.34610895871730e-14 -8.39116016736238e-14 -1.34610403553645e-01 1.19530427114178e-15 -7.00309440325967e-14 6.32642419980328e-02 -3.12257356043809e-14 8.11698837231844e-14 1.98603938408741e-02 -6.75152517111759e-10 1.44339766141993e-14 -2.92238026761049e-04 5.02265114538487e-15 3.06937761265613e-10 5.42827804281374e-10 -5.38122388298252e-14 8.21682589015626e-04 -1.69791510387243e-14 -5.33500621885373e-10 -3.71176456060701e-10 7.73858288900290e-14 -3.69198732218697e-04 2.31257026187505e-14 2.84731829865665e-10 -5.03273385571784e-10 -4.92078081488853e-14 -8.02223394036360e-05 -1.27928482593380e-14 2.35004228253091e-10 2.17058997687133e-15 -2.78331621370768e-10 9.49175760209250e-16 1.39392152413428e-04 -1.34571467058437e-14 6.29559106292381e-10 2.19958741872783e-15 -1.17575528208071e-15 1.32967087062141e-10 -3.70261382865239e-15 1.87997460959570e-04 3.05153553032295e-14 -7.63185367990641e-10 -1.57606295529986e-15 1.55595685786381e-16 -3.30683096350361e-10 3.81491015568907e-14 -7.17410221746911e-04 -3.09887907478117e-14 4.47328327422736e-10 3.87309160351075e-16 9.36885054698519e-13 5.94782979882993e-16 7.87106040712723e-11 1.84514330613125e-14 3.22674062611553e-04 5.16649536444375e-15 3.77374641466588e-11 4.11791528511989e-16 1.56599998143133e-12 3.81479231591110e-13 -3.24338289081359e-16 -3.86975843536483e-10 -4.75897108057589e-14 -6.91410458031294e-04 -6.36390356403235e-15 -2.48119006964395e-10 -3.80932972817328e-16 2.90741489670104e-13 -9.63991301596368e-24 9.63079191803395e-13 2.51924227455124e-16 -9.47363505426421e-11 7.60188884138047e-15 -1.64531283771807e-04 1.10550145277768e-14 -3.21120179253183e-10 1.16246291869394e-16 1.41311636105152e-12 1.41154991890722e-23 2.01691605628620e-04 -9.50575048922267e-04 -5.49443402740953e-03 2.72807736043539e-03 -7.97547320239432e-04 -8.56739136789516e-14 -3.86262362362532e-14 3.24197013423122e-05 1.20894445966623e-13 6.19481977692048e-14 -2.31831605385380e-04 -8.85184561819528e-14 -5.12916027367450e-14 2.73471934487221e-04 4.13119112911169e-14 2.70085872058761e-14 -2.96378618714675e-03 1.22142792168678e-09 1.40649977516269e-13 3.35427085480719e-05 3.33775317617179e-14 -2.17839702755648e-09 -9.42740318977706e-10 -1.48575217728415e-13 -1.29982052086293e-04 -3.14574231801709e-14 2.20731521351130e-09 9.46678439033247e-10 6.20932668652080e-14 4.65768643602197e-04 1.10633673690053e-14 -1.43549918757594e-09 1.08896832263238e-14 2.69207531824371e-10 4.34501714946402e-14 -4.84052212599802e-06 5.75197121138679e-14 -1.43853715170744e-10 2.72555955245568e-15 -5.70559985168925e-15 -8.82882842466795e-11 -2.22382935876210e-14 -1.41755961020966e-06 -2.85227984364571e-14 8.30393239440914e-11 -2.04082477549870e-15 1.41363802876207e-13 3.24680951729630e-15 -2.79336206954934e-11 3.39709731501333e-14 -4.77105501424310e-07 8.79365295110184e-14 8.33181650995573e-12 -1.80246481425481e-14 4.20638669303249e-13
 -3.85787865464311e-14 -1.43078658984770e-13 5.38026247779024e-13 -8.09516167882189e-15 -6.37197378694812e-13 1.05550037138127e-13 -8.60032966399769e-02 1.93632879267224e-06 5.67534299637767e-14 -1.29719675586401e-01 -4.17139669910051e-06 6.34610895871731e-14 4.12385816253244e-01 8.57514332516067e-09 -1.03700772271144e-13 -1.93653967278899e-01 5.00507721665868e-06 -3.02980116749280e-13 -6.04184935989671e-02 -2.30034281304288e-06 3.70443896397318e-14 -2.48338104011404e-15 -3.26315827633407e-07 1.46722820269926e-14 3.33666956846821e-05 -8.14336901540752e-16 9.29245626698522e-15 6.95446918271155e-07 -9.63197874336979e-14 -8.00426840099860e-05 3.96143938288476e-15 -1.51209250283157e-14 -1.26433894797843e-06 2.61163939387090e-13 3.28814889276337e-05 -7.27656006829292e-15 9.44423836454605e-15 1.18516650658117e-07 -3.93327213724608e-13 1.87147298702989e-04 3.65213620928586e-15 4.37476536810431e-09 2.01412798816079e-14 1.69489109142977e-06 -4.80294609134947e-13 1.73311366306594e-05 9.16755296783782e-15 8.62181590589312e-09 -3.47130295814845e-09 -3.05882344172378e-14 -3.99753555754254e-06 1.04848444774516e-12 -1.40632438021959e-04 -1.15532915211229e-14 -1.36925623347865e-08 2.48822714201218e-10 1.70792663717649e-14 2.31982465981976e-06 -7.74504064760256e-13 3.07546869442054e-04 5.85194382661522e-15 6.10097305468270e-09 -4.00064470453457e-19 7.23410108999069e-10 -6.53481761897338e-15 1.99904564207271e-06 8.95907721584919e-14 -1.01876970352830e-04 -9.61369660472801e-16 -7.34447179471657e-10 -1.66017861891501e-18 5.50169591068818e-19 -2.94044109723874e-09 3.38496238923490e-15 -1.19298206117159e-06 -1.82050759657129e-13 2.18102144528205e-04 7.47600881932912e-16 -4.19550053756370e-09 2.25367316352087e-18 -2.59469694213639e-18 1.53942673840980e-19 -1.34715827948448e-09 -2.87577730149005e-15 1.04744708422279e-06 6.72092016098546e-15 4.22977194822596e-05 -3.07249954727937e-16 -6.55851283045292e-10 4.42789536878365e-19 -1.95705485893016e-18 -5.77094497475104e-13 -3.36316434671409e-13 2.27971146556044e-12 -1.18074040361470e-12 1.93225329391133e-13 1.09985253583320e-05 -1.06953181932653e-08 3.07567403443493e-13 -2.95629023875427e-05 -2.52190292061462e-07 -4.56927781592037e-13 1.61208191023172e-04 3.62961901281432e-07 3.50363364539529e-13 2.54289326212110e-05 -4.91868433564506e-07 -2.08384084949691e-13 -5.92915848715633e-15 -5.31137481321155e-08 -5.40342422837748e-13 4.97092147307563e-05 -9.12926545661520e-16 8.87972716906290e-15 1.39205216975979e-07 6.22905706948536e-13 -1.70967733238439e-04 1.53323241613246e-15 -5.70738444704499e-15 -1.88620862140066e-07 -3.45879102518799e-13 2.76857550352281e-04 -1.19732933991889e-15 -5.65582723771382e-09 2.70600738092959e-14 -1.22116658265752e-08 -3.65771321108987e-13 8.28194993696974e-06 8.53079187566169e-15 4.52378804409670e-11 3.29939891622978e-09 -1.21047144210837e-14 -2.02126253121213e-07 2.20440797043332e-13 -2.79413703877386e-05 -4.07918151197043e-15 3.65766445969931e-10 -2.26459295362149e-15 1.27140960543770e-09 6.18029017530510e-14 -1.05464349645055e-08 -7.39532411688003e-14 -2.86813114895753e-07 1.32672947414390e-14 -6.58422836723864e-11 -1.00272696829896e-14
 2.36836757444653e-14 -5.32521101611997e-14 1.12028733647901e-13 4.06116976744312e-13 -1.48293577079870e-13 -4.82597612438536e-13 -1.95096588720394e-06 -8.60033208495820e-02 1.23408532164804e-13 4.22485635453247e-06 -1.29719667477542e-01 -8.39116016736237e-14 8.57514322207813e-09 4.12385865535133e-01 -1.47133336676609e-13 -5.10591866338886e-06 -1.93653986018183e-01 -1.82249732264333e-13 2.32673856831478e-06 -6.04185284774863e-02 6.38512485552392e-14 3.26628964857997e-15 3.33453591474488e-05 -7.56410046789945e-14 3.17455444815614e-07 5.56964365569749e-15 -1.31020744053002e-14 -7.99464685990616e-05 2.31080666844119e-13 -6.69012388494426e-07 -2.53292440901552e-14 2.04001503893957e-14 3.27271682180074e-05 -9.81080761311292e-14 1.23860458731437e-06 4.62697981375625e-14 -8.55481200297187e-15 1.87223047782254e-04 -4.02750748681127e-13 -1.02837934967260e-07 -2.45844639392975e-14 -6.60710852216711e-09 -2.87122277261682e-14 1.72391957570164e-05 -5.58767446456461e-13 -1.75858211673824e-06 -7.36686592952592e-14 2.76966509481707e-09 1.01725322249862e-08 4.08129131932378e-14 -1.40425819892091e-04 1.08983631134233e-12 4.09770824916710e-06 9.74991128556899e-14 -1.26634810108237e-09 -7.44554812026265e-09 -2.16332513556808e-14 3.07439463241394e-04 -7.87135735012934e-13 -2.35697121139559e-06 -4.95068816087375e-14 7.26282539702640e-10 5.86088692529724e-19 1.00473169664736e-09 6.64498808284242e-15 -1.01881568616625e-04 1.64578508357976e-13 -1.98696876744520e-06 1.11162042346920e-14 5.74079893847064e-10 2.40533471550046e-18 -6.99431320600477e-19 -9.98399127414656e-11 -5.53035504273880e-15 2.18087494673307e-04 -2.53396444428239e-13 1.16389773659540e-06 -6.61374780933026e-15 -9.66124719296152e-10 -3.16593955009271e-18 3.10807728163727e-18 -8.53723818653556e-20 -1.42647670431869e-09 9.32222046287533e-16 4.22624147237278e-05 -3.48798445002140e-14 -1.07433148452030e-06 3.98857033466003e-15 -3.79496514368901e-10 -5.98594663686863e-19 2.24317808101999e-18 1.16726507825157e-13 2.10668366985213e-13 -4.23757366939016e-13 3.43536110912294e-13 6.87173454255505e-13 1.12481499657224e-08 1.09902666274337e-05 -1.01046150827063e-16 2.54006709777886e-07 -2.95458670859246e-05 -6.08471914332739e-14 -3.69930229640307e-07 1.61182848391516e-04 1.22706284934238e-13 5.06902179779961e-07 2.54557826079003e-05 -2.23457588236352e-13 -9.92072758870284e-15 4.97058816367002e-05 -5.48743166646286e-13 4.95066230152771e-08 -1.13469370370401e-14 7.36746227923861e-15 -1.70958529041210e-04 6.12682552273768e-13 -1.30266870156699e-07 5.42249457673958e-15 -8.12165542241033e-16 2.76847808803287e-04 -3.05949937497353e-13 1.77171721250144e-07 2.46196812340521e-15 -6.81413801696197e-10 -2.19706370754123e-14 8.28488336859725e-06 -1.98095064994165e-13 1.43914319643085e-08 -7.04429039528957e-14 -4.98219864406641e-09 4.55620083326891e-10 1.07909490583609e-14 -2.79421351460093e-05 1.44495263459021e-13 2.01219706335359e-07 3.42312844638587e-14 2.65158776594434e-09 3.02553309111098e-15 2.27247012583424e-10 -2.76203061662864e-14 -2.86281527317365e-07 2.63968349092395e-13 1.15565154137210e-08 -1.01719600494807e-13 1.10589389773264e-09 1.37367492329286e-14
 -1.53418234756423e-01 -1.87027762041022e-03 -5.07750386388850e-03 -2.24879506177335e-03 1.96420809640053e-01 -1.24592804277178e-03 -1.08937430440939e-14 5.18178872960838e-14 -9.76292265794607e-02 1.34796361015691e-13 -1.02629682171549e-13 -1.34610403553645e-01 -1.03700772271144e-13 -1.47133336676608e-13 5.14033775055886e-01 -7.94046130301013e-14 3.94885117808041e-13 -2.22000733751956e-01 7.14666187022899e-14 -2.10700590573180e-13 -6.92485104764329e-02 2.79927567882936e-09 -3.49411841393394e-14 1.03316810816658e-03 -3.81536009705479e-14 -1.38718963319039e-09 -5.77306540957973e-09 1.54360768915786e-13 -2.31554996936570e-03 1.34291810886449e-13 3.72396117378068e-09 1.17201948718834e-08 -2.54572859421900e-13 5.92435117782009e-03 -1.82295237340181e-13 -3.36257092957678e-09 -1.50179434406998e-08 1.64784776402207e-13 1.06726185026912e-02 1.07955822224308e-13 3.39869646150255e-09 -7.97492396062552e-15 9.41179522945974e-10 8.95878737827802e-14 -5.13594518670992e-04 5.31258011749663e-14 -4.44561544445227e-09 -8.71335887818958e-15 4.35498517624011e-15 -1.50007459766640e-09 -7.25678924991267e-14 3.37640978346228e-04 -1.36506295637897e-13 6.87350497797030e-09 6.13513330454568e-15 -6.89926326548637e-16 5.34590417986529e-09 -1.07741310982002e-13 5.55686114892891e-03 1.56223275958563e-13 -5.37155165453424e-09 -1.84913625746093e-15 8.41124858579831e-12 -2.15782961470172e-15 3.76998169786081e-10 -3.76932568898692e-14 -1.12166689956916e-03 -1.90108314238000e-14 -1.61172723361162e-09 -1.55443457511698e-15 1.40592565972616e-11 3.42199232500607e-12 1.09624284861741e-15 -3.43012419930274e-10 1.39757692461831e-13 3.45467319201544e-03 2.46857942409341e-14 1.95659577427372e-09 9.53918416755410e-16 2.60728257228148e-12 6.03092817324085e-24 8.64402871952480e-12 -9.31780802507221e-16 -3.21650184315509e-10 -6.18927410483782e-14 7.57131066232365e-04 -1.59687903960782e-14 2.76366043883568e-10 -6.59264141099860e-16 1.26842197840737e-11 -1.39841985123370e-23 -3.19333194108418e-03 -5.57441576768275e-03 1.69477787344755e-01 -2.17990982206098e-02 4.29219721509319e-02 3.24727201898446e-13 1.54394725803382e-13 -1.51282989851957e-04 -4.68183035833013e-13 -2.28573102874899e-13 4.06541597393828e-04 3.58951990003068e-13 1.69070171756176e-13 -1.90152611484712e-03 -1.79231293720854e-13 -6.71112822123352e-14 3.35646996749860e-03 -3.16674583122527e-09 -5.11931987974159e-13 -6.10721215836125e-05 -1.27491159165992e-13 7.45866108226557e-09 2.17164435691940e-09 5.58543368916167e-13 2.79683187946260e-04 1.14629474080874e-13 -7.99492706741171e-09 -3.17810268128115e-09 -2.50470051148525e-13 -6.38966474059786e-04 -3.23694012864613e-14 4.97001989565981e-09 -3.85988282047023e-14 -8.38597350815714e-10 -1.31676546803748e-13 2.91353435498672e-05 -2.00291395635950e-13 5.86025274583251e-10 -9.65099880185261e-15 2.01982497670177e-14 6.18060057419966e-10 7.46346817926330e-14 -7.52781938235515e-05 9.83871853537404e-14 -4.84506698751766e-10 7.32997639982290e-15 7.24409272805875e-12 -1.18339849012943e-14 8.30637458332346e-11 -1.37836327843838e-13 3.30404269847722e-06 -3.35767308580541e-13 -9.34809814661894e-12 6.57223950807646e-14 9.61533391324870e-12
 -7.86635569199857e-14 4.76271239028990e-14 -1.57077890865523e-13 1.89152767956366e-13 -8.20986809054286e-14 2.11364754294623e-14 4.04329985693272e-02 1.19208385919226e-07 -7.49574404642106e-15 6.09921039474732e-02 3.62410274396604e-06 1.19530427114178e-15 -1.93653967278899e-01 -5.10591866332200e-06 -7.94046130301014e-14 9.10553492459544e-02 4.43038554303372e-08 1.96164489478416e-13 2.83558863246424e-02 1.83509647576354e-06 -4.27485824169871e-16 1.24546578089228e-15 1.09591351206756e-07 -7.23773391846098e-15 -8.30145923354785e-06 5.69506996353243e-16 -4.69605503925585e-15 -2.90866888075287e-07 4.51463092333029e-14 3.55772672923512e-05 -2.48166023162446e-15 7.60966635762389e-15 5.25115292181322e-07 -1.25311253795782e-13 1.05262805751307e-05 4.38353151999355e-15 -4.62969731136476e-15 7.10722201485436e-09 1.81206770204677e-13 7.24817872180722e-05 -2.18258957404604e-15 -2.06322360851222e-09 -9.92183444661745e-15 -7.98464437674464e-07 2.24903488337730e-13 1.34587768517180e-05 -5.29547548031901e-15 -3.97188434689184e-09 1.62383180236221e-09 1.50968777987458e-14 1.84968618043676e-06 -4.91828056434932e-13 -5.36035689895427e-07 6.85532643930508e-15 6.37773231211124e-09 -1.14402391955739e-10 -8.39118829122779e-15 -1.06955422461073e-06 3.61842760555672e-13 2.04535901428999e-05 -3.49189225504192e-15 -2.86457356138420e-09 1.91743573170707e-19 -3.44515861619827e-10 3.26979802649874e-15 -9.12011455227603e-07 -4.17727302355142e-14 3.00711470895671e-05 7.41831045319940e-16 3.59865167574450e-10 8.52865016812179e-19 -2.64834881867491e-19 1.34975028797578e-09 -1.74582504302448e-15 5.42825862911425e-07 8.41208174074745e-14 -4.00196673843536e-05 -5.63956471998060e-16 1.95993123272475e-09 -1.15769230210657e-18 1.36028144111181e-18 -7.38764989277527e-20 6.19280070780641e-10 1.36633978909977e-15 -4.83176557690485e-07 -3.67972784971047e-15 -1.17161999673837e-05 1.95076560167189e-16 3.00224387225714e-10 -2.27426537181892e-19 2.69599629079340e-19 2.74806399956331e-13 1.63510488609616e-13 -1.16103421525871e-12 5.65296963310302e-13 -1.01030294654596e-13 -7.09267431229643e-06 4.90476655366576e-09 -1.48998562817126e-13 4.49201677933513e-05 1.21146070857749e-07 2.20985885179563e-13 -5.79995758480342e-05 -1.68351039087606e-07 -1.68335366230866e-13 4.15310587992689e-04 2.58431201605824e-07 1.01650079889146e-13 3.06584320906445e-15 2.50393220592281e-08 2.53811389601264e-13 -2.52917803620811e-05 4.55603427498546e-16 -4.53815422138950e-15 -6.54144404380754e-08 -2.92487893859461e-13 8.73334867270395e-05 -9.10777505803365e-16 2.90937285316605e-15 8.36844887093362e-08 1.61820361404402e-13 -1.62089280695172e-04 7.41999539424431e-16 2.66096719379638e-09 -1.32650643643832e-14 6.31041729936886e-09 1.73286459061266e-13 -4.04479297900068e-06 -5.40966514257783e-15 -1.72233430164474e-11 -1.55219814451203e-09 5.90257056156071e-15 9.45646016683102e-08 -1.03996434905882e-13 1.41032127829584e-05 2.51782267051214e-15 -1.80888410202029e-10 1.09656092079023e-15 -5.97979419528341e-10 -3.05089910182681e-14 4.68911627896686e-09 3.98165093294101e-14 1.40984186195009e-07 -9.75384226039204e-15 3.06816983286150e-11 5.14929938054675e-15
 -2.81494047048906e-13 1.10839337301970e-14 2.05907007922919e-14 -2.86772320235372e-14 -3.10658535724932e-13 2.70773322349600e-13 -9.45324007939238e-08 4.04330101509552e-02 -1.24030156353143e-13 -3.61731120429596e-06 6.09920979172076e-02 -7.00309440325968e-14 5.00507721672846e-06 -1.93653986018183e-01 3.94885117808041e-13 4.43038554398993e-08 9.10553571058342e-02 -7.69166580010083e-14 -1.83250986756430e-06 2.83559017331306e-02 -8.39161725696679e-14 -1.39385343304500e-15 -8.29170214550057e-06 3.63644270812521e-14 -1.04959218403062e-07 -2.62285868831136e-15 5.78785454474968e-15 3.55331561752665e-05 -1.11032410900706e-13 2.78656239493715e-07 1.19310405183416e-14 -9.05177555038882e-15 1.05970477807626e-05 5.31877898574017e-14 -5.13193323243018e-07 -2.18185557071422e-14 3.73869215396269e-15 7.24469925417310e-05 1.86547839769338e-13 -1.48301403401989e-08 1.15008238003334e-14 3.05017515938583e-09 1.29178493340575e-14 1.35007024206635e-05 2.63270033315320e-13 8.28050225226868e-07 3.44533516750283e-14 -1.29127621023189e-09 -4.75749206571128e-09 -1.83224999211520e-14 -6.30381046273857e-07 -5.15526967492274e-13 -1.89584713826462e-06 -4.56599438159972e-14 5.73977422162281e-10 3.50992447977423e-09 9.67222958991655e-15 2.05026834287163e-05 3.77003531006498e-13 1.08651885453702e-06 2.31074289523060e-14 -3.28829541993223e-10 -2.88448768438807e-19 -4.94747495342056e-10 -2.94858285315378e-15 3.00731577123883e-05 -7.83962694408722e-14 9.06552540880861e-07 -5.24076968112143e-15 -2.81050980564690e-10 -1.13761054419250e-18 3.46381313435835e-19 7.97162504343558e-11 2.45009190763352e-15 -4.00129439365798e-05 1.22446141663158e-13 -5.29676836140344e-07 3.07884121414361e-15 4.78252192746629e-10 1.49976168344902e-18 -4.07810040660171e-18 4.38230358440344e-20 6.73425439648647e-10 -4.07408358177235e-16 -1.17001376262768e-05 1.64934832725746e-14 4.95489909150814e-07 -1.87307304853064e-15 1.67916148571340e-10 2.84845038077127e-19 -1.43080033379797e-18 -5.18644897360594e-14 -9.27894886683226e-14 -8.41648021238823e-14 -1.46624871045690e-13 -3.70035731523557e-13 -5.11801271443596e-09 -7.08895560072816e-06 -2.97141979053637e-15 -1.21992874417924e-07 4.49124929366791e-05 3.21045791284279e-14 1.71747384419938e-07 -5.79882260888890e-05 -6.37469918544444e-14 -2.65606430125310e-07 4.15298642382355e-04 1.03462247251644e-13 4.76515594941156e-15 -2.52903038233449e-05 2.55548891950974e-13 -2.33645511384871e-08 5.21563988208965e-15 -3.75356996359110e-15 8.73293057671476e-05 -2.85782684498574e-13 6.13507661443537e-08 -2.43237393824717e-15 5.57292474436822e-16 -1.62084702761741e-04 1.43338512847423e-13 -7.84926386155434e-08 -1.23672167274344e-15 3.21916535783694e-10 9.56281086227417e-15 -4.04614482374905e-06 9.55511350656397e-14 -7.31924308377874e-09 3.29235552286429e-14 2.34117860061331e-09 -2.08193520994431e-10 -4.73937264596446e-15 1.41036303708875e-05 -6.90644533214384e-14 -9.41418395628019e-08 -1.59862188487613e-14 -1.24970340794926e-09 -1.50366801742017e-15 -1.07959093624322e-10 1.10885444001072e-14 1.40732565082237e-07 -1.18420871160697e-13 -5.14651108976138e-09 4.74313592767594e-14 -5.19461635003371e-10 -6.51245400959726e-15
 6.88481825841379e-02 8.21344323471128e-04 2.46532744640580e-03 -9.29534169008328e-04 -3.77844246792780e-02 9.15498023688527e-04 7.38939364521009e-14 2.74473935610154e-14 4.52305176999723e-02 5.67491172526667e-14 1.42107600899133e-13 6.32642419980329e-02 -3.02980116749280e-13 -1.82249732264333e-13 -2.22000733751956e-01 1.96164489478416e-13 -7.69166580010083e-14 1.00540355531773e-01 1.31261548518042e-14 1.35335211191987e-13 3.14329961636016e-02 -1.11317398528683e-09 2.11358894276853e-14 -4.69406597354728e-04 1.30640617566345e-14 5.08717918606970e-10 1.69593209289084e-09 -8.01199779723198e-14 1.32061332108538e-03 -4.57707423006715e-14 -1.16511594691921e-09 -2.60080406364537e-09 1.21807756000068e-13 -2.27674677866670e-03 6.15922440451316e-14 8.63822249549769e-10 2.46955673121215e-09 -7.82785222198254e-14 -2.48943815550185e-03 -3.62058196821573e-14 -2.46627526067795e-10 3.40722204657625e-15 -3.09689952356431e-10 -1.66893490318548e-14 2.73133672798611e-04 -2.11313306376252e-14 1.43393418954693e-09 3.64912512504554e-15 -1.84193262585861e-15 1.93914447597571e-10 9.92437629296196e-15 -1.07066244618314e-04 5.40500871938649e-14 -2.01663245047788e-09 -2.60022031261764e-15 2.77659691328598e-16 -1.03886085644099e-09 5.63396829623029e-14 -2.03373458681274e-03 -6.09671642466943e-14 1.42914235075168e-09 7.24457071594373e-16 -1.14646664899494e-12 9.33677775351726e-16 -1.94731050412264e-10 2.44681861199988e-14 5.17385331594888e-04 9.17259662873477e-15 3.48272614813475e-10 6.73864437515542e-16 -1.91636500627547e-12 -4.66291641443116e-13 -4.85506532026082e-16 6.48384634025778e-11 -7.20081027546064e-14 -1.47481721524891e-03 -1.27565407527668e-14 -5.63786828369358e-10 -5.21751560718309e-16 -3.55164569753175e-13 -1.17875898208522e-23 -1.17807712893315e-12 4.04455552272384e-16 -2.29894375026148e-11 2.01640598660830e-14 -3.36395583723872e-04 1.35074658311291e-14 -3.01072327504197e-10 2.21798442658177e-16 -1.72874921034154e-12 1.74793452130636e-23 8.25816473929543e-04 2.46905960643557e-04 -3.71794129294780e-02 6.50001247522515e-03 -7.49857331302334e-03 -1.55979930787825e-13 -6.94481133385160e-14 6.97539628249247e-05 2.21464049455594e-13 1.06045133801279e-13 -2.51314492107073e-04 -1.66300665981899e-13 -8.29784885278209e-14 9.28018621501052e-04 8.14567884797648e-14 4.05233196699612e-14 -2.18750912083726e-03 1.41165968053607e-09 2.22882642720918e-13 3.18572491492572e-05 5.25897612720811e-14 -3.22201809066932e-09 -1.03353335787988e-09 -2.38159496138176e-13 -1.40745417988645e-04 -4.69821426364379e-14 3.39651836435804e-09 1.56916319678606e-09 1.01768720024659e-13 3.39940721891687e-04 1.26698693345115e-14 -2.13548826730660e-09 1.70989358569644e-14 3.64292859373934e-10 6.45391375220166e-14 -1.37040687405327e-05 9.25204850321767e-14 -2.61801115812553e-10 3.74562493203663e-15 -8.93374874586072e-15 -3.18062148015200e-10 -3.42176750383345e-14 3.43779316223929e-05 -4.51019021761220e-14 2.16723776016970e-10 -2.98928018543884e-15 -1.11162854634350e-12 5.59571181467155e-15 -3.60854510059224e-11 6.21446502032533e-14 -1.55021242368374e-06 1.52490943417567e-13 1.08661847212823e-11 -3.00620381995205e-14 -1.72710403447757e-12
 5.48324355066695e-14 3.21683131701107e-14 -1.30209381865573e-13 -9.19550589562827e-14 2.10676906239393e-13 -5.33925462317798e-14 1.25846966909873e-02 -8.00102259845236e-07 -2.17208929324054e-14 1.90061632249758e-02 -1.38755063852377e-07 -3.12257356043809e-14 -6.04184935989671e-02 2.32673856831660e-06 7.14666187022900e-14 2.83558863246424e-02 -1.83250986756909e-06 1.31261548518042e-14 8.85517189499890e-03 -4.24429045744812e-09 -1.53035323740149e-14 3.59249863530322e-16 6.78616317288763e-08 -1.98268019785108e-15 -7.17218831116791e-06 5.92059868079611e-17 -1.32276085164793e-15 -1.19894165484977e-07 1.37176830578447e-14 1.19436562112410e-05 -4.19046742935319e-16 2.14496059240671e-15 2.07819040034144e-07 -3.74587639403181e-14 -6.24517635760952e-06 8.24979072103142e-16 -1.37745229105160e-15 -3.43500958406606e-08 5.56275131938043e-14 -4.27489333644000e-05 -4.27586563333328e-16 -6.82246084013413e-10 -2.92840321208898e-15 -2.44373019743868e-07 7.04706581800202e-14 -5.22925618803656e-06 -1.15487804865773e-15 -1.28196772669887e-09 5.54489606176569e-10 4.43139362652974e-15 5.94306492592855e-07 -1.53628992311825e-13 2.83159063183470e-05 1.39807807714058e-15 2.01716873911401e-09 -5.20093721238302e-11 -2.50018502132623e-15 -3.43865929901946e-07 1.13640147075257e-13 -6.06956613573675e-05 -7.04089635209433e-16 -8.93143157851855e-10 5.62946312732731e-20 -1.02936116130968e-10 9.31149435032238e-16 -3.01687791920619e-07 -1.32549667570183e-14 1.65042520530730e-05 6.58538600914174e-17 1.02293572477481e-10 2.22907728398269e-19 -7.71192466838343e-20 4.40339807348938e-10 -4.85902539803108e-16 1.82922655930187e-07 2.72135979633535e-14 -3.70373710051586e-05 -5.26548553848259e-17 6.19221423211441e-10 -3.02585693965061e-19 -1.29793025120452e-18 -2.17022792657758e-20 2.04943365852407e-10 4.20763502571911e-16 -1.56090933832070e-07 -7.94184541490307e-16 -6.64664454354142e-06 3.67419416736091e-17 9.77037914795626e-11 -5.94608964135873e-20 -5.88189645670796e-19 8.44287046772938e-14 5.13542564987896e-14 -3.41702529615892e-13 1.74151791716665e-13 -4.14514277796245e-14 -1.38972375518467e-06 1.58787330751914e-09 -4.42349590181704e-14 1.36650237814247e-06 3.71744728218555e-08 6.59832596768158e-14 -2.44634797946708e-05 -5.40141776215783e-08 -5.11530704501177e-14 -4.31925613207017e-05 7.63474401142005e-08 3.10186520497036e-14 8.36241849651813e-16 7.60337913522046e-09 7.91508723104689e-14 -7.14452175637044e-06 1.04887439768139e-16 -1.26711246503728e-15 -2.00401237167860e-08 -9.11242483091441e-14 2.45287709620607e-05 -1.39938419564979e-16 8.04085500013600e-16 2.70733087439692e-08 5.06304885788120e-14 -3.85184738134663e-05 1.14097689796425e-16 8.29580789722351e-10 -3.93419386314872e-15 1.50104949409097e-09 5.34611448201872e-14 -1.24167989389735e-06 -9.42561446331093e-16 -1.08806502618758e-11 -4.86484637243636e-10 1.77188286561335e-15 3.05414768208296e-08 -3.22348790217671e-14 4.27906205389897e-06 4.71092777552813e-16 -4.66455696526155e-11 3.15242783627206e-16 -1.86824346945797e-10 -8.91666325169261e-15 1.60804913672799e-09 1.02808424419139e-14 3.09868826099674e-08 -1.07666127574092e-15 1.03810111643589e-11 1.34665750407623e-15
 1.64104609460707e-13 1.55262217724320e-14 -5.47378797860801e-14 -1.40159491151003e-13 1.59569324573953e-13 4.94314658269297e-14 7.97080058641809e-07 1.25847059782528e-02 2.39494573067381e-14 1.21694446665371e-07 1.90061717813966e-02 8.11698837231844e-14 -2.30034281303738e-06 -6.04185284774863e-02 -2.10700590573180e-13 1.83509647577537e-06 2.83559017331306e-02 1.35335211191987e-13 -4.24429045356257e-09 8.85518125732323e-03 2.65343983009984e-14 -5.47541577648925e-16 -7.16903725717398e-06 1.04946617355695e-14 -6.65622254489785e-08 -8.31497391507525e-16 2.06574298615715e-15 1.19293339717198e-05 -3.22820657845524e-14 1.15852725740031e-07 3.77231913838580e-15 -3.18813759711260e-15 -6.22174264950748e-06 8.12801733589921e-15 -2.03541701535682e-07 -6.84787299027495e-15 1.36287752623819e-15 -4.27599767473948e-05 5.80847598614226e-14 3.30506466858615e-08 3.68871414815661e-15 9.61137821147897e-10 4.43332673844340e-15 -5.21517489970991e-06 8.26115988509587e-14 2.54022293111536e-07 1.10389900937316e-14 -4.51185160736376e-10 -1.47579480673614e-09 -6.32114571020558e-15 2.82844578748206e-05 -1.60499619691105e-13 -6.09648659504826e-07 -1.45909778577312e-14 2.27736207325815e-10 1.07908436859918e-09 3.37295812857006e-15 -6.06789948983572e-05 1.12016861523890e-13 3.50518708729640e-07 7.46604369120543e-15 -1.30483452203661e-10 -8.21038936764077e-20 -1.40682515738466e-10 -1.04005125791908e-15 1.65049349770891e-05 -2.36067019781370e-14 2.99766742204206e-07 -1.66202281325967e-15 -8.08983240240707e-11 -3.58444228021844e-19 9.77609413872723e-20 7.76335181096121e-12 8.68766039492303e-16 -3.70349799772190e-05 3.50989792376780e-14 -1.78040705554343e-07 1.02519421406164e-15 1.29432750953279e-10 4.71389695342866e-19 1.59989251342348e-19 1.17684219687426e-20 2.08643881035932e-10 -1.49435362221023e-16 -6.64125770359367e-06 4.95540226543193e-15 1.60222514405665e-07 -5.90492507060485e-16 5.43727692065210e-11 8.88403053057390e-20 -2.64723532267613e-19 -1.64889846108092e-14 -3.05677397508680e-14 1.80781381484662e-13 -5.18683349904065e-14 -8.66614589630617e-14 -1.68763545966846e-09 -1.38846912381631e-06 1.08210586187356e-15 -3.73024902912819e-08 1.36394773048025e-06 7.99636471390861e-15 5.48730528264740e-08 -2.44596009080595e-05 -1.47456191130552e-14 -7.64311685417032e-08 -4.31958586967435e-05 3.55002955458829e-14 1.45305703012017e-15 -7.14401286973959e-06 8.27986781365128e-14 -7.07763858398192e-09 1.71480461274089e-15 -9.80426626941811e-16 2.45274038340075e-05 -9.21571018649598e-14 1.87363297436871e-08 -8.23200156971478e-16 5.62440577274751e-17 -3.85171996464131e-05 4.54976491241553e-14 -2.55593963012874e-08 -3.45666088048531e-16 1.02992613415600e-10 3.50275213752991e-15 -1.24211783307610e-06 2.91870325133743e-14 -1.83151064602345e-09 1.06139686485236e-14 7.32781244224322e-10 -7.41359814805251e-11 -1.70700541757617e-15 4.27916463999453e-06 -2.13476043253200e-14 -3.03996130616118e-08 -5.16017940692693e-15 -3.89085118643983e-10 -4.21427956337666e-16 -3.36563603476296e-11 4.73105112277587e-15 3.09106417223581e-08 -4.12603917694531e-14 -1.75938227771343e-09 1.54579306742064e-14 -1.62724181843475e-10 -2.04597015304910e-15
 2.33717293296915e-02 2.29721619409755e-04 9.43156959762650e-04 -2.54721287302427e-04 -1.06697879125825e-02 4.26500470072268e-04 -3.70871303920162e-15 -1.99965187389518e-14 1.41873960308648e-02 -2.35059415465008e-14 8.65633261439535e-15 1.98603938408741e-02 3.70443896397318e-14 6.38512485552392e-14 -6.92485104764330e-02 -4.27485824169877e-16 -8.39161725696679e-14 3.14329961636016e-02 -1.53035323740149e-14 2.65343983009983e-14 9.88478613774739e-03 -3.66742752388976e-10 6.47048874461767e-15 -1.54091358897335e-04 3.71289028563551e-15 1.68081543841235e-10 5.53337251436025e-10 -2.59550544350369e-14 4.27764031284329e-04 -1.26735339453136e-14 -3.99669198478373e-10 -8.69671534048147e-10 3.88307146979018e-14 -7.04516410698355e-04 1.72076873320892e-14 3.10713949613354e-10 7.26297487744504e-10 -2.46152573698370e-14 -7.67915147322680e-04 -1.03762669833135e-14 -9.43926642904646e-11 1.15602911513764e-15 -1.10852232605577e-10 -5.95033382720700e-15 7.69029047438212e-05 -7.81801859705923e-15 4.74485844250032e-10 1.19118103886985e-15 -6.26092689728937e-16 2.47875254398559e-11 3.89186066675663e-15 -2.31531888575106e-07 1.79533350389176e-14 -6.03911452798829e-10 -8.33744725666568e-16 9.39934752643336e-17 -2.95912889716790e-10 1.88186827672605e-14 -6.66438385556694e-04 -1.87819028451975e-14 4.08924800957080e-10 2.30759978023135e-16 -4.75730968444419e-13 3.17345888524635e-16 -6.96365134712972e-11 7.78898599805379e-15 1.64889054631872e-04 2.56755271788986e-15 1.20900336010011e-10 2.24792865485571e-16 -7.95139218719237e-13 -1.93498960614468e-13 -1.63862304694086e-16 1.81026493332816e-11 -2.27786860123042e-14 -4.60564655493724e-04 -3.11647686212236e-15 -2.14610850872631e-10 -1.65760580480757e-16 -1.47430741014336e-13 -3.13838362389550e-24 -4.88857258941387e-13 1.35867437461450e-16 2.94869425634896e-12 6.28675964277655e-15 -1.01761833800910e-04 4.11786676968595e-15 -1.07258922058975e-10 8.28321376458541e-17 -7.17345558894976e-13 4.90728967117156e-24 2.38187130853089e-04 3.99782874116438e-05 -8.05477948657261e-03 1.82787249399808e-03 -1.88331416235531e-03 -4.24706268750155e-14 -2.06266651903526e-14 2.15104222161761e-05 6.05253552421777e-14 3.19680862648648e-14 -7.31490261589915e-05 -4.53350293854265e-14 -2.49604524296472e-14 3.00031892161958e-04 2.08755329852540e-14 1.22546918735932e-14 -5.97562000841284e-04 5.10459348548678e-10 7.68686990171545e-14 1.09870329317374e-05 1.89140024977245e-14 -1.09878727218591e-09 -3.74778529209314e-10 -8.24960374438834e-14 -4.66095965247359e-05 -1.78214678625928e-14 1.15418064655447e-09 4.76746339407267e-10 3.59143845060299e-14 1.24881013530072e-04 6.15147764080672e-15 -7.28522396353795e-10 5.74162078943790e-15 1.24585908704058e-10 2.06341314078758e-14 -3.75050709605703e-06 2.87869364375273e-14 -8.35641216601626e-11 1.64076620520550e-15 -3.00969626818705e-15 -7.84699771130863e-11 -1.11976923089058e-14 7.73097028287028e-06 -1.43595839857033e-14 6.32074971108473e-11 -1.17754053166038e-15 -4.53446640344008e-13 1.59109110895967e-15 -1.26293371662552e-11 1.73127530203155e-14 -4.02679863895371e-07 4.45956915310504e-14 2.62368794668490e-12 -9.16400586482365e-15 -4.98617064351219e-13
 1.90765409989172e-10 -3.69779403637193e-11 -1.15628749831768e-10 -4.93789109718709e-10 2.52181066817967e-09 -4.81799262711093e-11 5.99215697026820e-16 -6.31012620850052e-16 -3.80029318062223e-10 7.51667748924064e-16 -1.12982740607600e-15 -6.75152517111753e-10 -2.48338104011405e-15 3.26628964857997e-15 2.79927567882933e-09 1.24546578089228e-15 -1.39385343304500e-15 -1.11317398528682e-09 3.59249863530322e-16 -5.47541577648925e-16 -3.66742752388973e-10 1.30781898134874e-05 1.41772177179661e-18 6.61488383777880e-11 5.89430341327650e-19 -4.62704739150456e-10 -1.07093736107756e-05 5.84743426492167e-18 -8.41848659250137e-11 6.45771035353894e-17 -2.26060468127443e-09 7.03231767806440e-06 -4.63136263635289e-17 1.13310606913929e-10 -1.24349232656054e-16 1.31907829199458e-11 -2.35397444417149e-06 6.26080481391409e-17 7.68531153319861e-11 1.42607602723899e-16 -1.83825151989494e-09 -1.54749756998438e-18 5.23852584329431e-07 1.29914423031236e-17 1.55805143532206e-11 2.70549141445289e-17 -1.31021621218680e-08 2.03171125407436e-17 1.69139870637408e-18 -4.90114653284653e-07 -2.45803323018189e-17 -2.70803510688016e-11 -1.06179469752354e-16 2.36698595841838e-08 -1.60839765954293e-17 -1.07452097290869e-18 4.02232171989151e-07 7.40310594780171e-18 3.14068629570635e-11 1.40682524246496e-16 -1.27371782245366e-08 3.60571600596797e-18 1.40736596991066e-13 8.95814925197956e-19 -3.49995103357137e-08 -1.30599263216953e-17 -2.02109510750907e-11 -2.49793573771452e-17 3.75301751115661e-09 1.48652774481213e-18 5.38555847845215e-14 -1.05865878259881e-14 -1.04835798783990e-18 1.69131315535940e-07 3.62961282727608e-17 1.96630331758920e-11 5.89801228542047e-17 -3.00953433576965e-09 -1.34073992728062e-18 -1.37718606566922e-13 -3.73084999037063e-22 8.81712770217663e-14 -8.12984249811339e-19 4.00038525780366e-08 -1.48230466702127e-17 3.87541590002857e-12 -1.85605679764349e-17 -2.08780122354486e-09 1.20547385393475e-18 -8.43786306692359e-14 -6.03830036463048e-22 -5.02629533994002e-11 -1.29173871861341e-10 -2.65100316966738e-10 -1.91450931880033e-10 4.39542840975552e-10 1.76527993630606e-16 -4.63414634012290e-17 -1.62234337983865e-13 -2.21651706735022e-16 6.64242538424834e-17 -1.25344416123227e-12 2.05813586150510e-16 -5.33642255675602e-17 -2.11150311618290e-11 1.80398808674349e-16 1.08903442344591e-16 1.90561595679974e-11 2.16088749939364e-08 5.22142582542275e-18 -8.52943570483537e-13 -9.76657768840238e-20 3.24550765511244e-09 -6.38560315293250e-08 -5.60437576998166e-18 3.82432473210083e-12 -1.46746470426487e-17 -7.33872734130553e-09 2.95119995126091e-07 4.54815390922686e-17 -1.30792472902477e-11 2.58218304953683e-17 9.21510161185094e-10 -4.43299306213051e-18 5.90629368619897e-09 1.45837056816881e-17 -1.30200825647332e-12 -5.40668538606704e-17 2.21652695146675e-09 1.94099252728265e-17 2.08782297766734e-18 -5.95087736533602e-08 -1.03843176713729e-17 -1.19174115026490e-12 1.79397956538440e-17 2.31463953187954e-10 -9.75357411859931e-18 1.64190126242109e-16 -4.57614085422324e-18 1.21795624950091e-09 2.98241611908259e-17 1.69311066285137e-13 -1.52377305472543e-16 -5.47076433852590e-10 8.38528893982206e-18 3.68886157978169e-16
 1.36296580507417e-14 -2.19218657076667e-15 8.00517052804730e-15 1.00737936361021e-14 1.75453061564895e-14 8.08115006521957e-15 6.10049666831843e-08 1.05686059549857e-05 8.69249299492897e-15 1.47981436104332e-07 -1.63148954237010e-05 1.44339766141993e-14 -3.26315827633339e-07 3.33453591474489e-05 -3.49411841393394e-14 1.09591351206730e-07 -8.29170214550061e-06 2.11358894276853e-14 6.78616317288702e-08 -7.16903725717399e-06 6.47048874461768e-15 1.41772177179662e-18 1.74108787380373e-05 7.63561192589303e-17 -3.07350698080548e-11 4.16214872289457e-18 -2.33013341779274e-17 -1.37494454222038e-05 -1.09022758086536e-16 5.38472695629276e-09 3.03311557470342e-17 5.14034116848751e-17 1.16153008224024e-05 -4.97616343838307e-16 1.02903022204798e-09 -4.79522323074761e-17 -1.56953075391621e-17 -1.17529907849587e-06 2.27697294163065e-15 -4.95612056051660e-09 2.02993652497835e-17 -1.59672116769672e-11 -3.33050968284722e-17 6.85072214401292e-07 8.20488550423413e-16 5.80891318430639e-09 6.81250166451549e-17 -9.58682522685526e-12 1.04317327540530e-11 4.95173280001143e-17 -2.85776748077260e-07 -1.38582536360230e-15 8.91753996291031e-10 -9.24074308478646e-17 5.13313554465009e-12 3.66911888809016e-12 -1.25934457151015e-17 2.90326569406376e-06 6.50036793783215e-16 -5.82750156275475e-09 4.74385803830786e-17 -6.41673096914784e-12 2.68474593771938e-22 -2.76866562510137e-12 1.03478710363481e-17 -4.07157788084761e-07 -1.44194152628323e-16 -6.97347839874132e-09 -1.69749346860508e-17 -6.02550320245291e-13 -1.30994713521378e-21 -7.10301116812729e-22 9.04710526749249e-12 1.16400645795836e-18 1.91793976903220e-06 -1.12426719678946e-16 6.87608934377509e-09 1.45860865224996e-17 -5.22362115601821e-12 1.95102568608573e-21 1.79852238873270e-19 -3.18577632831224e-22 4.75033104235384e-12 4.38663071072381e-18 4.67853262577544e-07 -8.58833973706703e-17 -8.57082656142874e-09 -1.85282890638763e-18 -3.06449706646527e-12 5.40316930094286e-22 2.81912564192221e-19 -3.46198181839570e-16 -2.07017217530172e-15 4.11299309798663e-14 -2.49454767305015e-15 1.04618734606614e-14 -2.96092276042500e-09 -1.27390404188039e-08 -1.35243571976724e-16 4.43752052328286e-09 2.09989270291391e-07 3.18204147482092e-16 -2.62996151172405e-09 -7.79583830560230e-08 6.66374455376836e-17 -9.23473896936350e-10 3.71217704514340e-06 2.40371376393366e-16 3.05830269538408e-17 -1.19054778088259e-07 1.02253783780220e-15 -8.11400272240567e-10 -2.91565464611618e-18 -3.40148333483004e-17 3.38793618894393e-07 -1.05596496569162e-15 -1.07424015318398e-09 -3.84259722698810e-18 2.00530135930322e-17 -2.42560478439558e-06 4.51296410431323e-16 -1.72032135357334e-09 -5.21124846085260e-18 -9.64545278500256e-13 -4.83828928887855e-17 -3.76290403937222e-08 6.10570750580579e-16 1.70073135781376e-09 6.74559829710043e-17 -1.70013173759390e-11 -1.10119537969895e-12 1.81899255544655e-17 2.54644683409837e-07 -3.25579208214158e-16 1.51506435207366e-09 -2.94182441788196e-17 1.19300446377503e-11 3.59593479328285e-18 2.25034809621586e-13 -1.27603226536791e-16 -5.35830814819467e-10 2.47855227775900e-16 2.28839735049016e-09 1.22923655062949e-16 3.81715623440124e-12 -9.08643518368611e-18
 -7.32345735382651e-04 -2.04260417467215e-05 4.31548463382724e-05 1.30638053533701e-04 -1.02819006312297e-04 2.37317741283226e-05 -3.41221704876221e-15 1.63944135579917e-14 -1.99321329893628e-04 -4.51592973345998e-15 2.42997876757962e-14 -2.92238026761049e-04 1.46722820269926e-14 -7.56410046789945e-14 1.03316810816658e-03 -7.23773391846098e-15 3.63644270812521e-14 -4.69406597354728e-04 -1.98268019785108e-15 1.04946617355694e-14 -1.54091358897335e-04 6.61488383777881e-11 7.63561192589302e-17 2.15095134268164e-05 -2.58784042394742e-16 -2.80057149207083e-11 -1.14962685055840e-10 4.37809894174237e-16 -2.33023125407790e-05 9.91203203887624e-16 5.26913929452443e-11 9.01144408461082e-11 -4.14570816858258e-16 3.04495914409449e-05 -1.26760695236808e-15 -4.64116487019191e-11 -1.81220033198638e-11 5.44140295667361e-16 9.79683794590629e-06 4.79704314744936e-16 4.52052568710666e-12 -7.21704225617646e-17 2.22059536734588e-11 4.86640597191502e-16 -4.68532984760251e-07 1.34052266550867e-16 -1.56763832725406e-11 -9.62890536026017e-17 5.15163979604357e-17 2.90501415540003e-11 -3.40395490524630e-16 3.82131295488321e-07 -4.63779868348909e-16 -1.53843553123041e-11 7.74803797768922e-17 -1.20310798920915e-17 -3.19602158493126e-12 7.66690348841353e-17 1.48967466908015e-05 5.95486457708727e-16 -9.93850818429618e-13 -2.34770438309389e-17 2.34021999212008e-15 -1.36446263926951e-17 1.72131199498462e-11 -2.27127479028677e-17 -2.69304776685151e-06 -2.71209694709517e-17 -9.26970281322563e-12 -1.19783875964963e-17 3.86525652976414e-15 9.43924740629215e-16 1.12315615165385e-17 2.17286521726740e-11 3.19116178628755e-16 8.63993331036022e-06 7.70805109361309e-17 -1.63755998324011e-11 1.10757798504444e-17 7.13496435077764e-16 -6.38589933329019e-25 2.39944510026504e-15 -2.59124058487828e-18 2.41589845048008e-11 -1.38781333976679e-16 1.62911761651350e-06 -6.52003102271641e-17 -1.52924039022928e-11 -1.98797431719557e-18 3.48482016268182e-15 7.12342792347676e-25 -2.08000438975071e-06 3.03171610069134e-06 8.44000283111304e-05 -1.57065932399370e-05 -2.30716045093163e-05 2.33956504935724e-15 9.97927867705157e-16 -3.77397044748830e-07 -3.36179295018902e-15 -1.30709292265030e-15 1.76919705936436e-07 2.55593065030619e-15 8.75110896707637e-16 -7.92406748490292e-06 -1.97353473564327e-15 2.25843599883920e-16 -9.68670885645113e-06 -1.68170210597689e-11 -1.36326524224030e-15 -1.42354517783853e-07 -2.15205624476699e-16 3.38637914169322e-11 -1.40463030484433e-11 1.58446902159035e-15 6.20579576246621e-07 3.17843189873907e-17 -1.96532860812207e-11 4.02489294651160e-11 -8.59132544512234e-16 -8.50772921447561e-07 3.58268642773069e-16 -2.54512607135923e-11 -1.41033665192834e-16 2.66464934710728e-12 1.45612384436855e-16 1.23935268531047e-08 -4.84627570844095e-16 -1.50580995573825e-12 -3.33602047461182e-17 7.24109694448105e-17 -1.43061416505455e-11 -4.56158572224528e-17 1.83091273753667e-07 1.70227502910049e-16 8.58303240627437e-12 2.62475274302281e-17 1.24880158411427e-14 -3.47146480166711e-17 3.24231921804564e-13 -9.30722181522665e-16 -1.38281020988268e-08 -1.70796496105362e-15 -3.21425036678572e-13 2.48205225864823e-16 -2.62179303977160e-15
 -8.75476373796248e-14 -1.20534455454824e-14 5.98051088880226e-14 1.15705917948287e-13 -2.49813208285082e-13 4.30843721793117e-14 1.05643760630775e-05 -5.93769479759415e-08 4.59231445432228e-15 -1.63222531136989e-05 -1.45307263978612e-07 5.02265114538488e-15 3.33666956846820e-05 3.17455444815718e-07 -3.81536009705479e-14 -8.30145923354784e-06 -1.04959218403069e-07 1.30640617566345e-14 -7.17218831116792e-06 -6.65622254489856e-08 3.71289028563550e-15 5.89430341327652e-19 -3.07350698099187e-11 -2.58784042394743e-16 1.74108001854571e-05 1.21434367762659e-17 -6.26962173472435e-17 -5.25330681282289e-09 1.72643901975395e-17 -1.37493415268829e-05 -9.40169709679816e-17 1.02313533110567e-16 -1.27142623013817e-09 -1.09734624150023e-15 1.16151350590439e-05 1.76026790188382e-16 -3.79448955291612e-17 5.20830687706852e-09 -2.46952830469753e-15 -1.17540978497401e-06 -6.50719221314551e-17 -7.56388954949653e-12 -1.04184047860506e-16 -5.94064395227477e-09 -3.28843659620497e-16 6.85048175352263e-07 -1.60024184010582e-16 2.24901467752715e-11 7.82359860778837e-12 1.57882142954263e-16 -6.31444107253222e-10 2.59269173788216e-16 -2.85956965332050e-07 2.26417916967701e-16 -1.32974888241568e-11 -3.07326702619239e-12 -7.76381482417439e-17 5.59818128566723e-09 -8.68746783778973e-16 2.90360790005610e-06 -8.43347507185602e-17 -1.35895449457532e-12 -1.23161573967294e-21 2.28110591445307e-13 4.04584946789950e-17 7.02334099634676e-09 1.07100843211364e-16 -4.07106193533220e-07 3.81139989983951e-17 3.64595497606603e-12 3.00461901448375e-21 1.82803605944384e-21 1.02155619470760e-12 -3.23838544520495e-17 -7.06651562612306e-09 -4.92599792826211e-16 1.91805021351268e-06 -3.58233007090424e-18 -5.49834016666477e-12 -3.73241963582171e-21 -7.84998111741628e-19 3.86404282431174e-22 1.12733828965808e-12 2.03284007510408e-18 8.55253269803591e-09 -1.83051665126279e-16 4.68199336274054e-07 1.58618321350331e-17 -1.88564720854876e-12 -7.09510454789316e-22 2.90491648317960e-20 1.20769426121654e-15 2.63911281858386e-15 -9.17674465154903e-14 5.61290664736439e-15 -1.16089710373849e-14 -1.27533298655940e-08 2.93827593882297e-09 -2.26856509093535e-16 2.10116607921577e-07 -4.32007630970947e-09 3.89270698770392e-16 -7.78575622914903e-08 2.33333269367559e-09 -2.19788964769892e-16 3.71201917418651e-06 1.29512290950800e-09 5.11883325700752e-16 3.36718564289507e-17 7.04314248207008e-10 -2.54387090359816e-16 -1.19098979759127e-07 4.83076774255480e-20 -1.14718976216307e-17 1.10398606671577e-09 3.90822264433367e-16 3.38847207166813e-07 -1.55972548243330e-17 2.59961977856124e-17 1.89793855230690e-09 -4.87326919495996e-16 -2.42579731551147e-06 3.13424343733871e-17 -2.28945984132837e-11 -1.03836709836711e-16 -1.71380608622995e-09 6.32402263670577e-17 -3.76575255724622e-08 -2.01713283897753e-16 -6.83556583900512e-12 1.30158757463165e-11 4.04503170549410e-17 -1.35207944543974e-09 9.48309916215141e-17 2.54661825344553e-07 8.34840853282814e-17 5.24217308457661e-12 -7.71617837260976e-18 5.08117941376960e-12 -2.53792568793961e-16 -2.30455359543562e-09 8.70538269271704e-16 -5.68802542078973e-10 -4.54607415524109e-16 1.62513819872816e-12 1.44971440661652e-17
 -4.21054428459490e-10 1.21565247364743e-11 4.53728956280197e-11 3.13021780756769e-10 -1.70368863186012e-09 2.90805223552507e-11 3.14903932473514e-16 -1.18512892313968e-15 1.34006112416808e-10 5.18751401807910e-17 -1.73869059540994e-15 3.06937761265613e-10 -8.14336901540751e-16 5.56964365569748e-15 -1.38718963319039e-09 5.69506996353242e-16 -2.62285868831135e-15 5.08717918606969e-10 5.92059868079610e-17 -8.31497391507525e-16 1.68081543841235e-10 -4.62704739150781e-10 4.16214872289455e-18 -2.80057149207085e-11 1.21434367762659e-17 1.30792208899538e-05 3.39142998257437e-09 -5.48063327719509e-17 2.47020393828531e-11 4.09133499968984e-17 -1.07100725422221e-05 -2.02714834248112e-09 1.03333789175315e-16 -5.33102916789412e-11 -1.60430905272366e-16 7.03241854174866e-06 3.16800698104620e-09 -7.37394082117352e-17 -5.11371195360075e-11 1.22754277872449e-16 -2.35364293022133e-06 -3.42039245103664e-18 1.39427475349143e-08 -5.92205001287557e-18 -1.24823711207268e-11 2.58355419183173e-17 5.23724330021039e-07 2.51422902255270e-17 5.04168352106096e-18 -2.46657678278036e-08 4.08904656969457e-17 1.69758361532822e-11 -7.23844147109656e-17 -4.89467612309360e-07 -1.99654885780382e-17 -2.18490007079738e-18 1.27332374531239e-08 -6.97036938403894e-17 -1.82807733385673e-11 6.11882624502783e-17 4.01419876843018e-07 1.88056411243255e-18 1.81606795142190e-13 1.10631000306029e-18 -2.50299970104387e-09 5.60408483506619e-18 9.33690822745947e-12 -1.70966147722644e-17 -3.56680767484098e-08 2.27260259826073e-18 -9.95792571086946e-14 2.64349340362988e-13 2.93693705410961e-19 2.12066968407946e-09 -1.71848179210534e-17 -1.69530903542019e-11 2.59346617114184e-17 1.69469525827801e-07 -4.57661918641345e-18 -2.14466788306799e-13 -5.30834354372773e-22 3.82453619448261e-13 1.89500395002315e-19 2.62458031318361e-09 1.24801843111121e-17 -7.06860632335678e-12 -3.67340528891938e-17 4.00981334886554e-08 4.32450652619112e-19 -2.69718444542321e-13 -1.95934741024691e-22 4.13708208274605e-11 9.02278760256494e-11 1.15649448236726e-09 8.98338422795291e-11 -3.10399139368294e-10 3.75475735139333e-18 -9.05120561104045e-17 -8.77339676582902e-13 1.05440110458661e-17 1.05796289070389e-16 4.08693941913419e-13 9.07601021754036e-18 -1.19031734017029e-16 -3.43596984498073e-12 2.25105216185915e-16 -9.83615233404924e-17 3.51578169335851e-11 -2.23119206904136e-09 3.74903233150358e-17 3.04242808333825e-12 -5.77589116861110e-18 2.11044711680216e-08 6.13464810627626e-09 -3.08169981541288e-17 -2.19450894090791e-12 -5.28004125390202e-19 -6.41252891345152e-08 -3.62933472023115e-10 4.29375618384589e-17 -6.64025431555243e-12 6.33694451425315e-17 2.95512186227575e-07 1.04474295400076e-17 -2.22364284549804e-09 4.47854094910234e-17 1.41132911555537e-12 -1.32369251089747e-17 5.98996538606225e-09 1.93537209037392e-17 -5.84212812284140e-18 -2.66801142029891e-10 -2.34291689415432e-17 3.11698498155146e-12 1.59413651359549e-19 -5.96015768160512e-08 -1.19821370093055e-17 1.51247913703481e-15 1.69496351472599e-17 5.42561052998027e-10 4.82143990245009e-17 -8.59241343249936e-13 3.90486520022758e-18 1.22369825916515e-09 -3.39889567458617e-17 1.95093718664707e-15
 -5.68760834580224e-10 5.64321100956257e-11 4.52945344409175e-10 1.72726043202733e-09 -1.24745589917025e-08 2.83529373358223e-10 -2.27702367596224e-15 2.54295481840481e-15 4.64955212791694e-10 -2.74862939151407e-15 4.43130409896408e-15 5.42827804281371e-10 9.29245626698522e-15 -1.31020744053002e-14 -5.77306540957972e-09 -4.69605503925585e-15 5.78785454474967e-15 1.69593209289084e-09 -1.32276085164793e-15 2.06574298615715e-15 5.53337251436024e-10 -1.07093736107756e-05 -2.33013341779273e-17 -1.14962685055840e-10 -6.26962173472436e-17 3.39142998257349e-09 1.03264881404972e-05 2.65494508724631e-17 1.75868781928455e-10 -4.36340394347092e-17 -1.64358640353290e-09 -6.52234009469319e-06 1.26721516803709e-16 -3.29790796426644e-10 2.15446137626423e-16 -4.53198702413413e-09 1.91386270700668e-06 -2.02417071307985e-16 -4.64441049737595e-10 -3.78581201003602e-16 9.14912985009635e-09 -5.86433277806713e-18 -2.06635583134803e-09 -7.08214515025519e-17 -4.60378406243101e-11 -1.32389294971764e-16 1.19034575351227e-08 -6.45315957278237e-19 5.01914374941556e-18 2.11522028280138e-07 1.47812587407274e-16 5.77515936494598e-11 3.41414170695142e-16 -1.61870447169887e-08 -9.61217738868072e-19 -6.92604009946212e-19 -8.56918875555385e-07 -1.15912894708613e-16 -1.42703507166628e-10 -3.93961205020989e-16 4.39642699507464e-09 -7.78685521697962e-19 -2.76482523270005e-13 -2.44303792968663e-18 2.97310000328624e-07 2.49962942593719e-17 4.61478913290157e-11 2.85950075723364e-17 -4.02794826795474e-09 2.45598980771572e-18 8.19284049624816e-15 -6.92620926323841e-14 3.90681889150821e-18 -7.95759621611297e-07 -5.82146316774816e-17 -5.27509398466702e-11 -7.60711391328034e-17 4.14912693235104e-09 -6.53553272952994e-18 2.41141565283012e-13 3.42923281171263e-22 -2.62342119938849e-13 2.06484996345391e-18 -1.71940153711119e-07 5.07460889244499e-17 -4.60162312629833e-12 3.15594617601267e-17 3.37634694253966e-09 -4.05444869261611e-18 2.21869239876933e-13 3.27425540811116e-22 1.65735924438751e-10 5.61825361777459e-10 1.28553849287262e-09 7.35500946753151e-10 -2.39536517781066e-09 8.88354890574100e-17 6.51151691468839e-17 1.69253904451412e-12 -2.19444247639357e-16 -1.01433110746626e-16 -2.90154828722607e-12 5.11824115708857e-18 9.68540958724656e-17 7.36359285678290e-11 -1.08353884531942e-15 -3.77949524233049e-16 4.63072552190934e-11 -8.93635130728739e-08 -1.39462432645334e-17 3.21353917496287e-13 5.70802260751778e-18 -2.32144005050068e-09 2.88961583190232e-07 1.61554345576715e-17 -1.19362065356526e-11 -8.03259057642012e-19 5.77322605175262e-09 -1.22862536867776e-06 -1.72874061103820e-16 3.04337845169468e-11 -1.74848148037855e-17 2.80224421344928e-09 -8.41341637081257e-18 -4.11985197188674e-08 -2.84184193910156e-17 4.05025408056181e-12 -2.53386299168852e-17 -3.94319045219119e-10 5.03204898097774e-18 4.38110605238183e-18 2.83047843877392e-07 2.47093915471884e-17 1.95145066517006e-12 1.96718330818607e-17 -1.27141445194185e-09 -1.88471689452742e-18 4.61758206745413e-16 -2.08632321229868e-17 -9.46080470493060e-09 -4.58930586662125e-17 3.12582580181840e-13 -6.27928740706597e-17 -3.47368572641570e-10 3.57569884071278e-17 -1.69118522763258e-15
 -2.73381257511199e-14 9.79544478853007e-15 -4.03810123822467e-14 -6.39979279313250e-14 3.89666883210090e-14 -3.18676679052414e-14 -1.15170864239274e-07 1.69785492134288e-05 -3.41608082589218e-14 -2.66454440250403e-07 1.50410136769445e-05 -5.38122388298252e-14 6.95446918271116e-07 -7.99464685990617e-05 1.54360768915786e-13 -2.90866888075290e-07 3.55331561752665e-05 -8.01199779723197e-14 -1.19894165484979e-07 1.19293339717198e-05 -2.59550544350369e-14 5.84743426492163e-18 -1.37494454222038e-05 4.37809894174236e-16 -5.25330681282637e-09 -5.48063327719508e-17 2.65494508724631e-17 1.75277030343402e-05 -1.07291897853634e-15 -9.34314791400698e-11 5.99697535346291e-17 -7.83547297412357e-17 -1.86299317110192e-05 2.21580635033942e-15 1.69720392525756e-08 -1.07103533566857e-16 -4.91604536329072e-18 -1.99967793675171e-06 -1.52535826163987e-15 -4.32750507217254e-09 6.33138456316047e-17 3.77492548657440e-11 2.13228136791881e-17 2.26935573702943e-06 2.09561354377170e-15 -4.97446736801075e-09 1.49349717808726e-16 -3.00052901874238e-11 -2.82036898494774e-11 -3.75539607962210e-17 -3.81907694215965e-06 -4.80576691954046e-15 -1.46215113132603e-08 -2.09956451495512e-16 2.72207147909694e-11 1.30309848383228e-11 -3.21759026321303e-17 -7.78581329002253e-06 4.95316629026710e-15 1.65209767855331e-08 1.11512165237070e-16 7.12171110984687e-12 -1.76182188989551e-21 3.90479631401507e-13 -4.03068353143912e-18 1.83872676811255e-06 -8.85463973288636e-16 -1.06245416530777e-09 -2.19750916906296e-17 -6.96706104494016e-12 -5.48739035999372e-21 2.31826118422670e-21 5.82592144323218e-12 -2.94889563021429e-17 -7.53404093413846e-06 2.29895087211266e-15 -2.28147489541435e-09 9.84198337436654e-18 2.13105541398616e-11 7.41088353067774e-21 -5.96710320222924e-19 5.80823447295326e-22 3.20789726557804e-12 -8.14714077700570e-18 -1.87700927177851e-06 2.76486816619579e-16 1.14711961002474e-08 -1.05052104592657e-17 5.59215828730044e-12 1.30411663984743e-21 -9.73875411291072e-19 9.51348403619538e-17 2.71148042805654e-15 -7.29914774005205e-14 3.51372429667531e-15 -2.85586677859087e-14 1.56324808290696e-09 -3.82809802096939e-08 -4.64862248489778e-16 -2.49863713535841e-09 -4.34173978446000e-07 5.23234979037562e-16 2.15269142139399e-09 -9.92912764359317e-07 -1.77037122720425e-15 9.94482506615494e-09 -1.20296087021855e-05 1.31674367085440e-16 5.74342528161827e-17 5.66179089149949e-07 2.20860847330531e-15 1.24766215797673e-09 2.78337912573427e-17 -6.78738754386651e-17 -1.60888901659519e-06 -2.91481301797834e-15 -2.49714209792361e-09 3.73888121747125e-17 2.01145512798905e-17 1.05547688348690e-05 2.04563043932160e-15 5.41781812834416e-09 -2.31535989480667e-17 2.31590769875581e-12 -1.13742158734716e-17 2.31700593665786e-07 9.25531653165513e-16 -1.25627910448507e-09 1.50671174036222e-16 5.67614784843245e-11 1.77588315164999e-12 7.13543806242062e-18 -1.43863677820414e-06 -7.89949944671555e-16 -3.85929811652961e-09 -7.90153251782479e-17 -3.63005902935187e-11 -8.91563886775346e-18 -9.46436371057169e-13 -1.13632563057398e-16 3.31402490727536e-08 -2.03311955423039e-16 -1.34731098032467e-09 1.97757073031006e-16 -1.29553980755900e-11 -3.33544078055531e-17
 5.53428405859773e-04 7.46835410163888e-05 -1.61092151048413e-04 -6.50717036737182e-04 3.07347634397332e-03 -5.84423497511596e-05 2.05200067490770e-14 -4.89176081445333e-14 6.75414316508602e-04 3.15117406919432e-14 -7.39360157052946e-14 8.21682589015627e-04 -9.63197874336978e-14 2.31080666844119e-13 -2.31554996936570e-03 4.51463092333029e-14 -1.11032410900706e-13 1.32061332108538e-03 1.37176830578447e-14 -3.22820657845524e-14 4.27764031284329e-04 -8.41848659250137e-11 -1.09022758086536e-16 -2.33023125407790e-05 1.72643901975398e-17 2.47020393828531e-11 1.75868781928455e-10 -1.07291897853635e-15 6.53362131630571e-05 -3.15936758144734e-16 -6.94589184681483e-11 -2.07568037242063e-11 7.37743867392257e-16 -7.85032547858139e-05 1.34864233971032e-16 5.03375780725180e-11 -1.22269115648311e-10 -1.57836987408352e-15 6.61675640373599e-05 6.32213759615492e-16 1.49518414116181e-11 9.25372046497290e-17 -3.76192603362250e-11 -3.02924146479981e-16 8.80000650905425e-06 -1.05968260486239e-15 8.60035644278210e-12 1.12826137626434e-16 -6.35958410578533e-17 -6.56278159797315e-11 -1.28366600752770e-16 -5.47420764346095e-06 1.27462991519898e-15 1.01579161287282e-10 -8.32675580521608e-17 2.10651289991784e-17 1.27603225591555e-10 6.69430248808654e-16 -3.57677825510081e-05 -1.53258216161731e-17 -9.74362977926777e-11 3.08387294997668e-17 4.91474337056683e-14 1.98572155048709e-17 -6.10799232105382e-11 3.89526765641217e-16 1.01550228432459e-05 -2.56446208796554e-16 2.29176249723307e-11 2.14532260140289e-17 8.23104210915613e-14 2.00093767456420e-14 -1.17356715032843e-17 5.03701525083456e-11 -1.15169850626001e-15 -2.95706109239091e-05 5.86224299216511e-16 -2.68084686255818e-12 -1.34577381976893e-17 1.52621829446395e-14 6.29937104752480e-26 5.05170192071699e-14 5.15853053511999e-18 -2.10168828871724e-11 -1.30406143944127e-16 -5.96444302601049e-06 5.11049159447879e-16 1.27580460674773e-11 3.60195712654510e-18 7.42579136120849e-14 5.67563821511542e-25 -2.44950176169214e-05 -1.23120312561801e-04 2.71130304618216e-03 -1.50348026082636e-04 7.51269807337819e-04 -5.84231268060898e-16 -7.25121218194904e-16 1.70034831390123e-06 9.06147554045456e-16 9.17498721516717e-16 -2.62309254180908e-06 -7.47823465103391e-16 -5.91375065266266e-16 4.08861716888116e-05 2.55580849002248e-15 -1.20128193980799e-15 4.11120838092381e-05 -6.59198710245915e-12 3.99782457905278e-15 2.28138016752578e-07 1.08625419214302e-15 -3.94473440336170e-11 2.13857459996512e-11 -4.46291385979594e-15 -1.40167112079184e-06 -1.01400046815109e-15 2.93103609077168e-11 4.83843035349594e-12 2.26942840327257e-15 -2.99759206459227e-06 -3.47371246807807e-16 -3.55037416108180e-11 2.45865050923092e-16 -7.11197015417525e-12 -2.87030971681811e-16 -2.24240386790770e-07 4.16519802568859e-16 -6.16288399890445e-13 1.52122874828947e-16 -1.25834000171041e-16 -2.24939210409745e-12 2.76020573014927e-17 4.78595930309302e-07 -2.01806411956839e-16 3.45869037610762e-12 -8.98783836748629e-17 6.62222519172118e-14 2.56287879524497e-18 -1.69599175091369e-12 4.94355993301291e-16 4.58001439448080e-09 1.04615060760921e-15 6.55153169636512e-13 -2.11044904399069e-16 1.31386137744539e-13
 3.06345136464483e-13 4.10318201491846e-14 -2.03976429751435e-13 -3.97520250132408e-13 8.64579090748908e-13 -1.46572263791872e-13 1.69975282825605e-05 1.10479332604508e-07 -1.58930248165544e-14 1.50739988567010e-05 2.57338204749796e-07 -1.69791510387243e-14 -8.00426840099862e-05 -6.69012388494432e-07 1.34291810886449e-13 3.55772672923513e-05 2.78656239493683e-07 -4.57707423006715e-14 1.19436562112410e-05 1.15852725740029e-07 -1.26735339453136e-14 6.45771035353894e-17 5.38472695629116e-09 9.91203203887625e-16 -1.37493415268829e-05 4.09133499968984e-17 -4.36340394347093e-17 -9.34314791398604e-11 -3.15936758144732e-16 1.75281153398434e-05 -1.55990253146678e-17 3.18048825460775e-17 -1.67429389354554e-08 4.39716999563742e-15 -1.86301747950372e-05 -4.49660697322829e-17 -5.02516322369060e-17 3.97728665445621e-09 8.82076409624698e-15 -1.99925703331515e-06 -6.66800355827844e-17 -5.48410064223008e-11 -6.22629299959862e-17 5.14331536403911e-09 4.81848119672643e-16 2.26920837846952e-06 -1.66470212706508e-16 -6.51001921366678e-11 4.40536685430538e-11 1.04837711753191e-16 1.43475650550035e-08 4.04767113286591e-16 -3.81830164170569e-06 2.03798272173752e-16 5.95957258864846e-11 -1.27096490007343e-12 -9.53211765071317e-17 -1.63836929410925e-08 2.31290457060047e-15 -7.78631759889342e-06 -2.18938745846635e-16 -5.39388091646493e-12 -7.09788866616336e-22 -1.01320445536731e-11 1.40544182079872e-17 9.08171790608697e-10 -2.58150490003412e-16 1.83867040905536e-06 2.77018472733514e-17 -4.98750218463334e-12 9.94777550698913e-21 -5.17004349689713e-22 1.75510805326822e-11 -1.52040702890771e-17 2.53587725272473e-09 1.14920627410511e-15 -7.53415791367569e-06 -9.71951140730445e-17 2.14460234923242e-11 -1.26620105382587e-20 2.76615047190834e-18 -7.01080606142188e-22 1.60567177658804e-12 1.40173057120681e-17 -1.13979863200939e-08 5.46306154262506e-16 -1.87735893213557e-06 -1.41675820492151e-17 7.17929598027817e-12 -1.86814527768876e-21 1.00603936855425e-18 -1.52748217833128e-15 -7.41247105818668e-15 3.13100109133060e-13 -1.33776528882164e-14 4.25918553378379e-14 -3.82861207039971e-08 -1.51931997265336e-09 -1.17312539742765e-15 -4.34288439692174e-07 2.31225841664311e-09 1.36527932183422e-15 -9.92965151858661e-07 -1.94930752702097e-09 -1.27643045435672e-15 -1.20294620320192e-05 -1.05595414838236e-08 -8.90533802347928e-16 5.77431395625139e-18 -1.13677725633158e-09 5.80568907715414e-16 5.66233268636775e-07 -1.52796997760510e-17 -1.55151278235830e-16 2.41305937225354e-09 -9.99491040940349e-16 -1.60895299525543e-06 -6.15476312910044e-18 3.73099133269197e-17 -5.47995919900675e-09 1.47615080187117e-15 1.05548446734197e-05 -2.77311885896698e-17 7.93459516300126e-11 -1.27001576843666e-16 1.27554441470074e-09 3.97243164146283e-16 2.31750867033036e-07 -1.89678307688159e-16 2.07175441430145e-11 -4.66532773674874e-11 6.92431952491372e-17 3.77289481374691e-09 -4.76730620305178e-16 -1.43860697854243e-06 1.08757185294260e-16 -1.64220475744404e-11 2.79028968781340e-18 -1.76914842935031e-11 -2.78082806608571e-16 1.36430982538142e-09 8.28816780431092e-16 3.31653471048918e-08 -3.54893422841984e-16 -4.64703965227320e-12 5.68950167061575e-17
 1.04357164076508e-09 -8.22879552677370e-12 -2.29263712196210e-10 -9.05248056489792e-10 6.71319461144133e-09 -1.66803289013134e-10 -1.41886524166303e-15 5.41727210331183e-15 -3.31089778976983e-10 -5.10995188443326e-16 7.89926901673893e-15 -5.33500621885373e-10 3.96143938288475e-15 -2.53292440901551e-14 3.72396117378068e-09 -2.48166023162445e-15 1.19310405183416e-14 -1.16511594691921e-09 -4.19046742935318e-16 3.77231913838579e-15 -3.99669198478373e-10 -2.26060468127448e-09 3.03311557470342e-17 5.26913929452444e-11 -9.40169709679816e-17 -1.07100725422221e-05 -1.64358640353363e-09 5.99697535346290e-17 -6.94589184681484e-11 -1.55990253146678e-17 1.03261744674613e-05 7.86418099077486e-09 -1.73466472454668e-16 1.54153207329025e-10 4.33910949490358e-16 -6.52170184475454e-06 -1.16589555124285e-08 1.56130610640140e-16 2.56497241476006e-10 -3.89960296217446e-16 1.91271379637561e-06 7.17632077134179e-19 -1.29253724893181e-08 5.26871845928791e-17 2.49619150756546e-11 -1.78774123298498e-16 -2.07408777719190e-09 2.13463932614325e-17 -3.25622361197881e-18 1.88929592032053e-08 -1.58205618791586e-16 -3.50770002584433e-11 4.07556235168351e-16 2.12434933891455e-07 -1.78621334504172e-17 1.20774995897729e-18 -6.21369925245379e-09 2.18978824546492e-16 8.00270787388066e-11 -3.13075192640758e-16 -8.57577586148644e-07 1.25153692606907e-17 -7.75420049223338e-13 -1.14786211376576e-18 3.36119533782423e-09 9.33786053876276e-18 -2.33013612783708e-11 1.90644299155861e-17 2.98475841388989e-07 4.90391885018443e-18 4.78020497666665e-13 -5.82827310789953e-13 -1.44752014344372e-18 -3.48504250021671e-09 -1.82666415865885e-18 3.57080207386274e-11 -1.28567625959053e-17 -7.96210400242369e-07 -9.62885171816813e-19 4.78911560650837e-13 4.30696505271119e-22 -1.12181651920714e-12 -6.00144560726344e-19 -3.36145670549904e-09 2.59084591238117e-18 6.80055022356503e-12 9.85310985214706e-17 -1.71495232219101e-07 -6.21051561296529e-19 7.69777264582101e-13 9.35874992698029e-23 -1.00237827099227e-10 -3.13782141536806e-10 -4.99854588286936e-09 -3.10274733610948e-10 1.34035381187175e-09 2.00131673290990e-16 -8.17987600017959e-17 -8.72383699993301e-13 -3.44766534523936e-16 1.95432703589024e-16 1.35917019106203e-12 1.79535080378748e-16 1.40403806448685e-17 -1.84881779145291e-11 -1.03202593549421e-15 5.94625832911585e-16 -6.41634042766746e-11 1.26685675391729e-09 -2.10494138628325e-17 -2.34603787729747e-12 -4.85978705137520e-18 -8.89263071690604e-08 -4.57422344092905e-09 1.42996582679655e-17 7.05014643259772e-12 1.33363422575668e-17 2.89135451126737e-07 -3.72796447280122e-09 -1.54302336376936e-16 8.67074415193035e-13 -2.33186175940479e-16 -1.22889831755578e-06 -2.35266442385318e-19 5.20381890957097e-10 1.56256263464539e-17 -1.69293728130322e-12 -7.42939981270962e-17 -4.11814727649671e-08 6.42939481465095e-18 2.55859668110209e-18 1.36857475856392e-09 -1.85625007175881e-19 -7.76193279975372e-12 5.70073862031053e-17 2.83232994899459e-07 -8.97644857208706e-19 -2.03969236837755e-15 1.92224667277544e-18 3.49470093300823e-10 5.99364922748859e-17 5.18067116915187e-13 -1.68451094843455e-16 -9.45576965859984e-09 7.78646318483420e-20 -4.02762538630332e-15
 1.72318166399247e-09 -6.16973797356568e-11 -4.44141275786438e-10 -2.11130517661382e-09 3.07097479334152e-08 -3.44372022685593e-10 3.66322080653796e-15 -3.93426064704241e-15 -6.24657665871202e-10 4.47847817800141e-15 -6.90078796732404e-15 -3.71176456060699e-10 -1.51209250283156e-14 2.04001503893957e-14 1.17201948718833e-08 7.60966635762388e-15 -9.05177555038881e-15 -2.60080406364537e-09 2.14496059240671e-15 -3.18813759711260e-15 -8.69671534048146e-10 7.03231767806440e-06 5.14034116848751e-17 9.01144408461081e-11 1.02313533110567e-16 -2.02714834248109e-09 -6.52234009469319e-06 -7.83547297412356e-17 -2.07568037242063e-11 3.18048825460775e-17 7.86418099077493e-09 5.18759127197105e-06 -1.53092877458967e-16 3.65930871505267e-10 -2.73661572699753e-16 -1.23997038287437e-09 -6.71242381203359e-07 2.70389886816173e-16 1.35839164046453e-09 5.28240435917393e-16 -3.95645734137736e-09 8.74670324560760e-18 2.88961038769845e-08 1.19974622940034e-16 2.84526979449485e-11 2.02549651131015e-16 -3.96406379957120e-09 1.06635429979329e-17 -8.30801767531256e-18 1.01397281869006e-07 -2.38763847670341e-16 -2.69578091071242e-11 -4.94267741183267e-16 1.06420421506517e-08 -7.34480846659836e-18 1.12882864301143e-18 2.03342518846961e-06 1.74897556346234e-16 3.35081750538011e-10 5.56946911402994e-16 -8.56851302854931e-09 6.87476903802763e-18 8.97917026483061e-14 2.83660794388838e-18 -5.54609622017860e-07 -2.26151544743296e-17 -3.26900314812850e-11 -3.28375189283326e-17 3.38448045882748e-09 -1.41613379001462e-18 2.42434319744882e-13 4.53968493842584e-14 -6.12925972167637e-18 2.19059487164743e-06 4.78608250653615e-17 9.76086162614008e-11 9.51161580109620e-17 -4.50559419076629e-09 8.40563404571448e-18 -2.30511683089285e-13 -2.47662939100299e-22 9.52523304436436e-14 -2.90904800486864e-18 6.31893670239627e-07 -7.07875357303769e-17 1.33745489277789e-11 -3.77213718489497e-17 -2.24810373801117e-09 5.21315751629065e-18 -3.92541517912134e-14 -9.69774837232834e-23 -3.86812184388647e-10 -1.31712558874602e-09 -8.12530488880441e-09 -1.83688078597668e-09 6.81579186047222e-09 -2.75901206231716e-16 -1.72978018909598e-16 -8.19032397676883e-12 5.27501263282724e-16 2.59128020139184e-16 -3.27886871554426e-11 -1.58032776117032e-16 -2.18759583296267e-16 -7.95661763835259e-11 1.67670256886036e-15 6.10902492554616e-16 -3.52730853724190e-10 1.97201364128794e-07 2.01804036952949e-17 2.10064896178738e-12 -2.63282155271078e-17 1.06402480915702e-09 -6.84257974035296e-07 -1.86084890464132e-17 6.70654980005131e-12 2.99270019295737e-17 -2.37158636442770e-09 2.54584014440961e-06 2.53165613175509e-16 -1.07196302832132e-11 -8.25358694550658e-18 -8.36916311690383e-09 2.08812890368654e-17 1.03825911909195e-07 7.30394951957409e-17 -1.89677594134732e-12 7.88200556234669e-17 -2.39460174878391e-12 -2.77522480236322e-17 -9.01388635422311e-18 -6.38333575867771e-07 -4.97281049483489e-17 -4.67585500042196e-12 -4.44925779950804e-17 -6.76076468669758e-10 1.30584805886841e-17 -2.36993149953482e-15 6.15855355747957e-17 2.29100750579542e-08 1.30141691334883e-16 3.88844152712608e-13 1.96857764794266e-16 -3.92096071709308e-10 -1.02053105693291e-16 3.30715770197113e-15
 3.67791880509914e-14 -1.13670469674528e-14 5.25725597708035e-14 8.93163293898432e-14 -1.41986870332902e-13 4.36891882267521e-14 1.35711599745092e-07 8.71819533747523e-07 4.94741408044040e-14 4.63245598167789e-07 5.90417627965989e-05 7.73858288900290e-14 -1.26433894797824e-06 3.27271682180075e-05 -2.54572859421900e-13 5.25115292181316e-07 1.05970477807626e-05 1.21807756000068e-13 2.07819040034143e-07 -6.22174264950749e-06 3.88307146979018e-14 -4.63136263635289e-17 1.16153008224025e-05 -4.14570816858257e-16 -1.27142623013576e-09 1.03333789175315e-16 1.26721516803709e-16 -1.86299317110192e-05 7.37743867392255e-16 -1.67429389354578e-08 -1.73466472454668e-16 -1.53092877458967e-16 5.23033539109299e-05 -4.61865160793419e-15 -1.72842480492421e-10 2.26536490004040e-16 1.24117667991488e-16 5.13970194489577e-05 -1.20785300503421e-16 -2.55795747794295e-08 -9.89108046664427e-17 -1.28601674152972e-10 2.88819810027338e-16 -1.34758100208562e-06 6.36329316057359e-16 4.91127029298680e-09 -1.10761939641566e-16 -1.28656051819434e-10 1.15256942873078e-10 -3.87469311785285e-16 1.92284568023363e-06 -6.51736407035359e-16 4.55828793247344e-09 2.22960178694749e-16 1.04693608180025e-10 -2.64652319178473e-11 2.62095154139266e-16 6.31659576674545e-05 -2.82389686474918e-15 -2.05373306533783e-08 -1.39184097549968e-16 -4.87311427571295e-11 -4.46425626903058e-21 -7.32021721203908e-12 -6.12640711890750e-17 -8.46857449840273e-06 3.79731375769932e-16 5.38995172240980e-09 8.21325109944904e-17 -8.86779752949858e-12 -7.67197665605616e-21 6.32096393132895e-21 2.66223913632477e-11 8.51275843780869e-17 4.02942413703728e-05 -1.79312901920331e-15 -7.37307772859865e-09 -8.03106945266946e-17 -4.82169173627125e-12 1.03566318170072e-20 3.40873633281605e-19 1.25326464547176e-21 6.39661904830511e-12 -2.90624667734702e-18 9.29552920604412e-06 -1.90398657599205e-16 -1.48113262696451e-09 -2.73200279776055e-18 -1.58203305623577e-11 2.12599581308863e-21 1.06298340806591e-18 -1.09435546045488e-15 -2.07469556421528e-15 3.54972149789967e-14 -4.19883757492691e-15 1.49299419108551e-14 -1.95534401453096e-10 -3.16967355406232e-07 1.71376750813479e-15 -3.34092023417894e-09 9.04312385184499e-06 -1.78375241496497e-15 -3.66930931716588e-09 8.12131612008306e-06 3.15527028367782e-15 -3.75806288930240e-08 1.45048922996604e-04 1.45838057009406e-15 8.93993862167752e-17 -2.32524889417360e-06 1.03719698550965e-15 -1.99360949240147e-10 9.81114013291381e-17 -5.74610917518019e-17 7.29382928992146e-06 -6.32356469755516e-16 -1.19463871324531e-09 -2.02103495270590e-16 1.12797635279104e-17 -3.99963244647898e-05 -5.92606069960689e-16 -1.70003621869215e-09 1.04530218250856e-16 1.78762683323444e-12 3.70516143314434e-16 -8.98728872347369e-07 -4.30434431069182e-16 4.03764525171765e-10 -2.23350148623747e-16 -2.62520288516445e-11 -6.53170855763199e-12 -1.72105967135266e-16 5.35498872470554e-06 2.61387152147111e-16 3.57552741160095e-10 8.81176305291856e-17 1.65041192150582e-11 -2.98248158921881e-17 7.74805128853932e-14 8.57792251739256e-16 -1.50236629934289e-07 -3.46298435615812e-15 8.12465581018455e-10 -7.64419774191886e-16 5.84617000087134e-12 -4.53467985019409e-17
 -6.93906503690459e-04 -2.19807781981489e-04 5.13842842828006e-04 1.25579400986073e-03 4.34152091413816e-03 1.56990899332791e-05 -5.48877169049148e-14 1.72851029063885e-14 -9.11035039934649e-04 -8.00646757704526e-14 3.06464976859307e-14 -3.69198732218698e-04 2.61163939387090e-13 -9.81080761311294e-14 5.92435117782010e-03 -1.25311253795782e-13 5.31877898574018e-14 -2.27674677866670e-03 -3.74587639403181e-14 8.12801733589919e-15 -7.04516410698354e-04 1.13310606913930e-10 -4.97616343838308e-16 3.04495914409449e-05 -1.09734624150022e-15 -5.33102916789414e-11 -3.29790796426644e-10 2.21580635033942e-15 -7.85032547858138e-05 4.39716999563742e-15 1.54153207329025e-10 3.65930871505267e-10 -4.61865160793419e-15 4.98283670093923e-04 -5.64613617732357e-15 -1.17830250006402e-10 -3.54128886845374e-10 3.69934246965813e-15 4.13255095040937e-04 3.37512443761938e-15 -9.38009649722544e-12 -2.56772590934357e-16 2.33844899527154e-11 5.10922538719285e-15 -2.40151256280964e-05 2.06159438061950e-15 -1.23885576946908e-10 -3.25657591473669e-16 1.58149178496984e-16 7.11758200988770e-11 -4.16786436656631e-15 1.14819100135094e-04 -4.37521829613457e-15 1.08831547142829e-10 2.30844763032176e-16 -4.37934591776441e-17 -2.59159473955093e-11 -2.50682246018622e-15 2.37175223763993e-04 4.08797430836504e-15 -6.91218591307713e-11 -8.85252021586036e-17 3.64895050544082e-13 -6.14593305140767e-17 1.27493283842103e-10 -1.46999997155411e-16 -1.20187295612775e-05 -9.62355921258633e-17 -6.76562893993348e-11 -5.79457597406356e-17 6.09766191803355e-13 1.48493230896297e-13 2.99305415564068e-17 -1.65932934440551e-10 2.44591670739484e-15 1.26769456373023e-04 -2.22375791763384e-16 1.99125970068939e-11 2.09077667384453e-17 1.13103958391976e-13 -1.56508968875803e-24 3.75028195185595e-13 -2.31276287065351e-17 6.20682941690749e-12 -2.51562433299312e-15 2.76889757724679e-05 1.67875653123180e-17 -4.40291535626121e-11 -2.41735451055695e-17 5.50150946727917e-13 9.80214059319482e-25 -7.58613913595648e-05 -2.01113750864865e-04 4.23260770812243e-03 -2.83410720368357e-04 2.73031652775542e-04 6.73462958137822e-15 4.25519270854381e-15 -6.85795656005291e-06 -9.74589140484612e-15 -5.48140773115515e-15 -2.12892025628259e-05 8.30048124395744e-15 3.13079673256359e-15 -1.74398143257413e-04 -5.63563226161459e-15 -7.52764107300279e-16 -6.23456119512634e-04 8.02191591129194e-12 -1.43362081517095e-14 5.08539897168304e-06 -3.87934433280939e-15 1.44600296226780e-10 -2.91943981296437e-11 1.61344534048118e-14 -1.47498486168328e-05 3.46229594834010e-15 -1.64504370179693e-10 1.62942952046750e-11 -7.58900331042415e-15 1.03649706261492e-04 -9.69920037301555e-17 1.39068674289063e-11 -9.19347888069252e-16 2.21373533371833e-12 -1.59204295997206e-16 2.09000248836819e-06 -3.03758820589316e-15 1.70565224681322e-11 -4.02896996434993e-16 4.76960178541368e-16 1.30861282076009e-11 6.31443126423090e-16 -1.14578741864091e-05 1.42545189134392e-15 -1.13114592975629e-11 2.62019239473555e-16 1.34094697748817e-13 -1.71439199144192e-16 1.05608893299653e-12 -3.28441657312301e-15 2.71442159192722e-07 -6.92509228876422e-15 -2.59460674206869e-12 1.27736503945557e-15 3.32119821593723e-13
 -3.91859012562030e-13 -5.20877300649625e-14 2.58343472299529e-13 5.05306009719515e-13 -1.11624688142951e-12 1.85683711327868e-13 8.41189980475004e-07 -1.31477734041360e-07 2.09530256960562e-14 5.89891733048885e-05 -4.54305694069179e-07 2.31257026187505e-14 3.28814889276337e-05 1.23860458731441e-06 -1.82295237340181e-13 1.05262805751307e-05 -5.13193323242987e-07 6.15922440451316e-14 -6.24517635760953e-06 -2.03541701535689e-07 1.72076873320891e-14 -1.24349232656054e-16 1.02903022204982e-09 -1.26760695236808e-15 1.16151350590439e-05 -1.60430905272366e-16 2.15446137626423e-16 1.69720392525770e-08 1.34864233971030e-16 -1.86301747950373e-05 4.33910949490358e-16 -2.73661572699753e-16 -1.72842480498888e-10 -5.64613617732357e-15 5.23026941945355e-05 -5.49127766420694e-16 1.67384948657445e-16 2.58142053134750e-08 -1.22968421694843e-14 5.13970113267428e-05 3.60432130091319e-16 -1.15332129148757e-10 3.31898170561092e-16 -4.69662302006945e-09 -1.12625128794213e-15 -1.34764517158871e-06 7.53536107011238e-16 1.39195845615830e-10 1.05559870136880e-10 -5.21988322191518e-16 -4.75118086775548e-09 1.29708082984651e-16 1.92276805133371e-06 -1.06269649541731e-15 -1.18705229795385e-10 -3.97197699761598e-11 3.34906983616035e-16 2.07021536049839e-08 -3.37379707859177e-15 6.31659609396551e-05 7.10963077425814e-16 2.93362194486903e-11 -2.25178209859998e-21 -1.30053672070314e-12 -1.31081390309927e-16 -5.28472670760401e-09 3.16426789466477e-16 -8.46852920654706e-06 -2.19771343473322e-16 8.26984931117056e-12 -3.98628668688191e-20 5.07504157222255e-21 -5.86199017049952e-12 1.19989240328546e-16 7.29923560594513e-09 -1.36106740128699e-15 4.02942183747158e-05 2.83488334348902e-16 -1.20552882223869e-11 5.29904563420901e-20 -3.61743956097714e-18 2.11984410640831e-21 -4.13008375520700e-13 -2.28636260712405e-17 1.51980151149397e-09 -4.27705140556208e-16 9.29561331777482e-06 3.74576246803568e-18 -2.87138749320480e-12 9.87512646498071e-21 -2.68820966524112e-18 2.32917661019417e-15 1.07648385438387e-14 -4.08922655629072e-13 1.79404484691829e-14 -5.76837057587021e-14 -3.17005910999602e-07 1.57142792036029e-10 2.15135416067166e-15 9.04324256554663e-06 3.48730056387813e-09 -2.56724272857422e-15 8.12135610262547e-06 3.54463872781346e-09 2.16083006032304e-15 1.45048658877206e-04 3.82469831711411e-08 1.60777879084098e-15 -1.50816495749302e-16 1.67459333894989e-10 -1.15386868198103e-15 -2.32530167421149e-06 5.25517633217495e-18 3.97238446873934e-16 1.19579383923736e-09 1.62562068098735e-15 7.29389421173722e-06 9.54482373389869e-17 -1.63257848295429e-16 1.81210390344346e-09 -2.14314183087848e-15 -3.99963856583061e-05 -5.68399917146690e-17 -3.84825218220807e-11 5.15218504501748e-16 -4.14859707338380e-10 -2.26882324921907e-15 -8.98752336283653e-07 1.00858681251281e-15 -1.46303485377911e-11 2.13632684691938e-11 -2.29126366975544e-16 -3.44181746760158e-10 1.39653589969101e-15 5.35499460780441e-06 -4.52743215768941e-16 1.45000008844810e-11 -2.28538265108676e-17 7.68822631796303e-12 1.37940918096325e-15 -8.24078690578001e-10 -4.53000787017757e-15 -1.50260964609723e-07 2.63433821821505e-15 2.91864184671179e-12 -2.36264537963992e-16
 -3.05158330139907e-10 1.83891958080474e-11 2.85998966946121e-10 1.01882058523919e-09 -8.19043081407097e-09 2.54689061869748e-10 2.51235521126886e-15 -9.90873219569512e-15 2.21569116224952e-10 1.18464823336451e-15 -1.44698266401059e-14 2.84731829865665e-10 -7.27656006829291e-15 4.62697981375624e-14 -3.36257092957678e-09 4.38353151999354e-15 -2.18185557071422e-14 8.63822249549769e-10 8.24979072103143e-16 -6.84787299027494e-15 3.10713949613354e-10 1.31907829197646e-11 -4.79522323074762e-17 -4.64116487019191e-11 1.76026790188382e-16 7.03241854174866e-06 -4.53198702413366e-09 -1.07103533566857e-16 5.03375780725180e-11 -4.49660697322830e-17 -6.52170184475454e-06 -1.23997038287430e-09 2.26536490004040e-16 -1.17830250006402e-10 -5.49127766420694e-16 5.18727905974398e-06 5.57326066345230e-09 -2.20922441192824e-16 -3.15450619988869e-10 5.67861296174927e-16 -6.70851767707471e-07 -2.61014836947212e-18 4.72089086454708e-09 -8.16879624926746e-17 -1.35068071172881e-11 3.18181502347890e-16 2.89130737371770e-08 -1.30406184464237e-17 4.31641885811381e-18 -1.19419517459430e-08 2.16291782946713e-16 2.22554290406447e-11 -6.71713141556719e-16 1.01317311809364e-07 1.05810664792291e-17 -1.22644670203713e-18 9.56419023575267e-09 -2.95557675298497e-16 -7.46753440850766e-11 4.96476620912570e-16 2.03329146183621e-06 -8.48049497248163e-18 1.07163050391961e-13 3.70128248507155e-19 -2.76543030757446e-09 -1.21142629634248e-17 1.67922321584717e-11 -4.00393558832259e-18 -5.55116333252815e-07 -3.42779477643874e-18 -1.53830061350462e-13 3.30564377972154e-13 2.06901897998162e-18 4.30663085610529e-09 -6.01428106129203e-18 -2.63335558402783e-11 -3.05578817674970e-17 2.19072130716615e-06 -3.13024020246201e-19 -1.70855959122022e-13 -3.83312830122885e-22 3.94638244209241e-13 9.07309854401918e-19 2.51689905279030e-09 -1.85530543065499e-17 -6.20131073658787e-12 -1.25273151567713e-16 6.31765727512075e-07 -2.51529676160260e-19 -2.71952372114002e-13 -1.29856802627559e-22 1.04714866473142e-10 3.19951124551073e-10 1.25770886715442e-08 4.28421793651426e-10 -1.66215760405579e-09 -5.64326455524198e-16 2.47215728851423e-16 3.57381560449839e-12 9.02637305131872e-16 -4.64572476636790e-16 4.79576344307185e-12 -5.33869538292614e-16 1.05499339786501e-16 9.06597975302089e-12 1.83616565212998e-15 -9.83680009470374e-16 7.32400669354069e-11 -3.91310322979164e-10 5.99479074387326e-17 -9.91594958325901e-13 -2.19483231537372e-17 1.96894650318899e-07 1.45143984219965e-09 -6.24238748714187e-17 1.44819222126038e-12 3.37752593578127e-17 -6.84298353193728e-07 9.47847727779107e-09 2.86077218386927e-16 -5.76787936738917e-12 3.02815044812393e-16 2.54579092645313e-06 -1.91748223748671e-18 -3.98087154808423e-11 -4.89246698683923e-17 6.59885895182651e-13 2.00606321253692e-16 1.03844599556192e-07 -4.44876382711463e-18 -7.35342068113522e-19 6.75692776641886e-10 8.35875679568472e-18 3.24648445396832e-12 -1.21041292554073e-16 -6.38485692895841e-07 4.89920884971241e-19 -1.39320026566342e-15 -7.23540912713656e-18 3.91438561918059e-10 -1.79368010683518e-16 2.55600939691830e-13 4.79168681614767e-16 2.29133792040314e-08 1.50775241997254e-18 -7.80411243498491e-16
 -1.18447500969087e-10 1.31610534527504e-10 1.94959839396353e-10 2.64822659104519e-09 -4.83876641674683e-08 1.29228510882305e-11 -2.19613275612954e-15 1.59565144473095e-15 4.20023600261708e-10 -2.87763944712659e-15 2.93287457783273e-15 -5.03273385571784e-10 9.44423836454606e-15 -8.55481200297186e-15 -1.50179434406998e-08 -4.62969731136477e-15 3.73869215396269e-15 2.46955673121215e-09 -1.37745229105160e-15 1.36287752623819e-15 7.26297487744503e-10 -2.35397444417149e-06 -1.56953075391621e-17 -1.81220033198637e-11 -3.79448955291612e-17 3.16800698104601e-09 1.91386270700668e-06 -4.91604536329073e-18 -1.22269115648311e-10 -5.02516322369060e-17 -1.16589555124285e-08 -6.71242381203359e-07 1.24117667991488e-16 -3.54128886845374e-10 1.67384948657445e-16 5.57326066345224e-09 1.48998758977316e-06 -1.59224789261335e-16 -2.10550763241136e-09 -2.65459508136444e-16 -5.15876116221452e-10 -4.99097983158095e-18 1.08567612117149e-07 -4.73418139184763e-17 -2.26947075670448e-11 -7.06032449358083e-17 -2.16086044392827e-09 -2.49489161326057e-18 5.52713114739264e-18 -6.80651415213173e-07 1.09793970873840e-16 -1.14198629236577e-11 2.10727453943087e-16 2.06067620432080e-09 1.30049870018088e-18 -7.38847774457079e-19 2.41547591529047e-06 -9.01291970963890e-17 -3.98333473849484e-10 -2.85727890148841e-16 -3.00102054823755e-09 -4.64236844695914e-18 5.90259141489644e-14 -6.66055070272538e-19 -6.99663655316176e-07 2.51670326926812e-17 2.68719148916293e-11 2.35122150611231e-17 -3.41657008176159e-10 3.60611824226416e-19 6.54838627477939e-14 4.96387768527391e-14 3.05533053762431e-18 2.02256667375890e-06 -5.36324315492387e-17 -1.09532883026890e-10 -6.08724235324735e-17 1.94596198198266e-09 -4.80977782710842e-18 -9.68829134980771e-14 1.27898950000432e-22 8.37314582104251e-14 1.41819143528101e-18 4.40621624481181e-07 3.83806413391475e-17 -2.05323624210287e-11 1.94072536970004e-17 -2.43882011469202e-10 -2.48865941778133e-18 -4.15624342600183e-14 4.96770060680113e-23 6.29392989037349e-10 2.06156405299160e-09 2.44456404197718e-09 3.19121233291941e-09 -1.15150926019407e-08 -1.22662542310071e-17 8.31637285761015e-18 1.15680956886776e-11 -4.87320819405710e-17 -2.02436374353277e-17 3.07248843312702e-11 -6.88896321527316e-17 2.02969566447313e-17 3.72385387295066e-11 -7.01542413406816e-16 -2.69949371748611e-16 4.01705111379086e-10 3.08731967546161e-07 -4.81453108338526e-18 -3.14794642158873e-12 -3.24655434059044e-18 -4.76444590204960e-10 -8.80711454734840e-07 9.20304336744439e-18 -1.24038277844406e-12 1.05631736757759e-17 5.78398073259280e-10 4.89240570024912e-06 -1.19004512175235e-16 -1.61138641177021e-11 -3.48102755127492e-18 5.30070775429545e-10 -1.29812385705153e-18 9.41240681058964e-08 -4.41761399521355e-18 -1.15704142205035e-12 7.53235664118726e-20 -5.94156671873087e-10 6.46045235545980e-19 1.72977768905680e-19 -4.85058883773710e-07 1.11882422705090e-17 1.18184944150094e-11 5.59410894289852e-18 1.98875094471043e-09 -1.64386954496758e-18 -8.12196589373968e-16 -2.53341363601858e-19 9.43742943150201e-09 -5.00483731213557e-18 -6.72624606423735e-13 9.55636182319418e-18 -1.19484533135665e-09 1.66050990692919e-19 -1.87427866390376e-15
 -3.36540105044468e-14 6.39071235691393e-15 -3.09238132363315e-14 -5.01033402269148e-14 7.92502991418498e-14 -2.39851716518546e-14 1.22275747499580e-07 -4.24064726955281e-05 -3.27972330661822e-14 -7.17572843929900e-08 1.31610063028568e-04 -4.92078081488854e-14 1.18516650658175e-07 1.87223047782254e-04 1.64784776402207e-13 7.10722201489230e-09 7.24469925417310e-05 -7.82785222198254e-14 -3.43500958406368e-08 -4.27599767473948e-05 -2.46152573698370e-14 6.26080481391409e-17 -1.17529907849587e-06 5.44140295667360e-16 5.20830687707019e-09 -7.37394082117352e-17 -2.02417071307985e-16 -1.99967793675171e-06 -1.57836987408352e-15 3.97728665444766e-09 1.56130610640140e-16 2.70389886816173e-16 5.13970194489577e-05 3.69934246965813e-15 2.58142053134886e-08 -2.20922441192824e-16 -1.59224789261335e-16 2.72500633954089e-04 1.37729550330212e-15 -4.14205152097097e-10 1.04005222471903e-16 -1.48697863056195e-10 -3.17186782716016e-16 3.18855355715137e-05 1.86425388949901e-15 4.90872710934055e-09 1.93935417717394e-16 -8.24484003487861e-11 1.17312646116096e-10 4.59469799553948e-16 -1.03367299521828e-04 -4.72038903358266e-15 -1.95628093174552e-08 -3.19872087839733e-16 5.71848084893363e-11 -3.03729491671818e-11 -2.87763599111461e-16 2.81474837226657e-04 5.76797847650791e-15 2.82685356622815e-08 1.82698801875045e-16 -2.37506039464509e-11 -1.49583500062209e-20 -2.42183440317618e-11 9.23788567598659e-17 -3.14132590631556e-05 -8.41545402824218e-16 -2.38788124938852e-09 -9.15412261979170e-17 -1.50732651001276e-11 -3.47563581193985e-20 2.14388209630465e-20 4.45644533873500e-11 -9.92387863773259e-17 1.12886737520546e-04 2.39702307397588e-15 8.21087222071248e-09 7.60228604188647e-17 2.74508052679308e-11 4.91137623149968e-20 -1.58529994601159e-20 5.13913838018702e-21 2.22917630346438e-12 8.73863385142945e-18 1.61631629205995e-05 3.66149046819993e-16 1.28289491317030e-09 -9.57954470422375e-18 -1.97668325186492e-11 1.07338165367935e-20 -3.43761243581663e-19 6.84280949422966e-15 6.41361642677442e-15 -4.86602148528708e-14 1.48686790889596e-14 -8.28894099841236e-15 6.26407984855827e-11 -3.07839993664262e-06 -8.97085336132825e-16 1.97095871368820e-09 5.19267821432040e-05 9.08316887310958e-16 6.94223113031257e-09 3.19379770829080e-05 -2.10601745396704e-15 3.93895999861740e-08 7.24334693223434e-04 -6.54277126269899e-17 1.02043055692875e-17 -3.74937184437810e-06 -1.61498147677136e-15 1.35353067134956e-10 -8.23053051490932e-17 -5.49657503218345e-17 1.32231356536860e-05 1.35166492500756e-15 1.19539355962659e-09 1.66945497296557e-16 4.63385077855808e-17 -6.38036563509940e-05 8.72124385740496e-17 7.13721958534635e-10 -9.38545228862204e-17 -7.10677583119084e-13 -4.19638735688820e-16 -5.43963451261888e-07 3.22730139848859e-15 -2.37290720849193e-10 3.44755996953605e-16 1.74413177009861e-11 2.01811268138727e-12 1.86306867836175e-16 3.35709377631169e-06 -1.80508028603806e-15 -1.81912934564526e-09 -1.51912552781282e-16 -1.13321414041154e-11 -9.82043693615285e-17 -1.74902646592331e-13 -1.03219526635540e-15 -4.53153741621503e-08 1.98195868949874e-15 -2.12600673277865e-10 7.83818332191381e-16 -3.96193072595242e-12 -2.24292509278858e-16
 -9.30581852322593e-05 -5.38893951082286e-05 5.95212708403364e-05 -4.60094624925565e-04 2.52317417881834e-02 2.24019322945174e-05 7.80999234230057e-14 8.69243102104887e-14 -6.94956700858885e-04 1.28175973764599e-13 1.34740815998862e-13 -8.02223394036364e-05 -3.93327213724608e-13 -4.02750748681127e-13 1.06726185026912e-02 1.81206770204677e-13 1.86547839769338e-13 -2.48943815550185e-03 5.56275131938042e-14 5.80847598614225e-14 -7.67915147322680e-04 7.68531153319873e-11 2.27697294163065e-15 9.79683794590628e-06 -2.46952830469753e-15 -5.11371195360068e-11 -4.64441049737595e-10 -1.52535826163986e-15 6.61675640373600e-05 8.82076409624697e-15 2.56497241476005e-10 1.35839164046453e-09 -1.20785300503419e-16 4.13255095040937e-04 -1.22968421694843e-14 -3.15450619988868e-10 -2.10550763241136e-09 1.37729550330212e-15 1.28391417612136e-03 6.99312581960991e-15 5.89032743418781e-10 -1.12076546975787e-16 2.87043022928231e-11 1.23808667350301e-14 8.90102760082831e-06 2.34860276734120e-15 -3.23336995682029e-10 -1.27209572604205e-16 5.19802093714213e-17 -1.87097052984636e-10 -1.18538373913725e-14 4.38511103383181e-05 -5.39052910713673e-15 5.64274612233145e-10 5.67460346962776e-17 -1.35481189764118e-17 6.13746395197955e-10 3.44724589532243e-15 3.77094706019912e-04 5.96889378733830e-15 -4.73977097188481e-10 -4.77886977610583e-17 1.45890834456747e-12 -3.49783565532796e-17 2.57462051134885e-11 2.85448664245949e-15 -1.30526215229143e-05 1.55725637922644e-16 -2.02792624517290e-10 -2.26325578503971e-17 2.43847604426838e-12 5.93618959969341e-13 3.78025491659362e-18 -1.29984561775007e-10 -1.82138588045878e-15 1.19032179115420e-04 -4.27125936591336e-16 2.01093058688629e-10 -4.72587189008230e-17 4.52357473104721e-13 -3.19414893976838e-24 1.49935682708355e-12 -1.91242037468288e-17 -1.06268085424493e-10 -4.00903523976308e-15 1.75960848441050e-05 2.67240462749032e-15 -7.47654864923181e-11 -4.40242028177848e-17 2.20010501267388e-12 4.46706160751106e-24 -3.15889788929749e-04 -1.10218650244723e-03 1.81687840925365e-02 -1.64207971843468e-03 5.39416004539979e-03 -1.67477000587494e-15 1.59830458646225e-15 -3.24538113160265e-06 4.30788786518010e-16 -7.33339024021867e-16 -3.83434246059832e-05 8.80765513202357e-16 -1.62758170425572e-15 -6.25481360275071e-05 -2.36128062247711e-15 7.75878078192563e-15 -5.72216693267955e-04 2.05546884651954e-11 -1.10710210128189e-14 2.59291473483928e-06 -4.10810677294321e-15 1.11598745770314e-10 -4.24462634702092e-11 1.45949451828301e-14 -7.73731243149648e-06 3.85483305985258e-15 -1.63184542540952e-10 -2.89923754807876e-11 -9.63002046708630e-15 4.38648445952179e-05 -1.37866422476424e-15 1.48757866246110e-10 -5.89276152573374e-16 -1.03345739825739e-11 1.20046835545681e-16 4.33517153356213e-07 -1.49150346280934e-15 1.06838911934531e-11 -4.08394971893041e-16 3.15705466769562e-16 2.13366251288453e-11 1.05307084847284e-15 -2.60883697781160e-06 9.82646182376802e-16 -2.47386285276570e-11 2.38932140682238e-16 1.13642233851871e-12 -2.07388783435009e-17 5.70246630115041e-13 -9.52484738592275e-16 4.26370850545538e-08 -2.59009639355672e-15 4.65234615842609e-12 5.39484678366907e-16 1.34062167076436e-12
 2.35802544458911e-13 3.13612144091628e-14 -1.57088743067413e-13 -2.96620596605182e-13 6.65721662318545e-13 -1.14529711593343e-13 -4.23912286209927e-05 -1.25373770056892e-07 -1.29344181741511e-14 1.31636172100250e-04 6.60634839370281e-08 -1.27928482593380e-14 1.87147298702989e-04 -1.02837934967244e-07 1.07955822224308e-13 7.24817872180721e-05 -1.48301403402158e-08 -3.62058196821572e-14 -4.27489333644000e-05 3.30506466858563e-08 -1.03762669833135e-14 1.42607602723899e-16 -4.95612056051719e-09 4.79704314744936e-16 -1.17540978497401e-06 1.22754277872449e-16 -3.78581201003602e-16 -4.32750507217225e-09 6.32213759615493e-16 -1.99925703331515e-06 -3.89960296217446e-16 5.28240435917393e-16 -2.55795747794600e-08 3.37512443761938e-15 5.13970113267427e-05 5.67861296174927e-16 -2.65459508136444e-16 -4.14205152215511e-10 6.99312581960992e-15 2.72501203361364e-04 -3.57257166061551e-16 -1.16879219029011e-10 -5.44789248675590e-16 -4.94706930534962e-09 -4.86704257014449e-16 3.18853049156400e-05 -8.22306689217732e-16 1.38481666290115e-10 8.30080624415653e-11 8.51945508696023e-16 1.96615179370886e-08 1.74136904621818e-15 -1.03366917251843e-04 1.12551500814058e-15 -1.15120585410552e-10 -4.40189308651301e-11 -5.08744029788198e-16 -2.86248475402904e-08 1.82563953813002e-15 2.81474831565944e-04 -6.68428079461558e-16 4.20176642415880e-11 -8.92127608616482e-22 -3.46741861933360e-12 2.02210246887674e-16 2.36399059894662e-09 7.03440314526048e-17 -3.14133362066030e-05 2.03881877492246e-16 9.95962766308435e-12 6.10560941336088e-20 -2.51000626847136e-22 -7.04187432018133e-11 -1.86231756114160e-16 -8.23061540672935e-09 1.03978372300770e-15 1.12886812567563e-04 -2.04292924448984e-16 1.59495670160102e-11 -8.24813407990625e-20 2.26223132517619e-18 -1.37569964695481e-22 -2.65553147186660e-11 2.27270852930513e-17 -1.28305043589174e-09 1.02469967905012e-16 1.61631152361733e-05 2.72333417882359e-17 2.03709191517752e-12 -1.61889550735298e-20 1.52176066212596e-18 -2.59308179110398e-15 -6.13436861196493e-15 2.48642259011744e-13 -1.43410910599066e-14 3.38638027061720e-14 -3.07836785247166e-06 -9.02760529956078e-12 -5.33031859214161e-15 5.19267935729732e-05 -2.06734955404326e-09 7.04180324609580e-15 3.19379074451240e-05 -6.83048091351509e-09 -5.47572802184846e-15 7.24335286942463e-04 -4.03700301954416e-08 1.46465702826390e-15 3.14852852644980e-16 -1.12056563166741e-10 -8.72071308012539e-16 -3.74934338939606e-06 -5.51150639106768e-17 -5.30812662281742e-16 -1.19590291857097e-09 9.52093020110739e-16 1.32231207882455e-05 -3.82526025467977e-17 2.67088819506340e-16 -6.97941598543763e-10 1.05555062391727e-16 -6.38036429201422e-05 5.07690842837372e-17 2.70094042060385e-11 -6.73334718510833e-16 2.33644186645023e-10 2.19093423824885e-15 -5.43944545779819e-07 -1.14547376908272e-15 9.39009707731242e-12 -1.38517774936236e-11 2.90474090296717e-16 1.83176262263214e-09 -1.04328489247355e-15 3.35708629675371e-06 5.15435279372626e-16 -1.07138861925887e-11 4.40669515657977e-18 -5.44304429426024e-12 -1.72107412817889e-15 2.18945909425190e-10 5.59363969177162e-15 -4.53019046348425e-08 -2.73320713010940e-15 -1.61312258642363e-12 3.66910357136194e-16
 -1.08786030526791e-09 -3.27468996818037e-12 -3.04364690413911e-10 -1.57563271648938e-09 1.49772165483030e-08 -1.13265943624199e-10 -1.26686004822138e-15 5.24080056613408e-15 1.94174140616756e-11 -6.59986093851553e-16 7.77173178042462e-15 2.35004228253091e-10 3.65213620928585e-15 -2.45844639392976e-14 3.39869646150254e-09 -2.18258957404603e-15 1.15008238003334e-14 -2.46627526067794e-10 -4.27586563333327e-16 3.68871414815661e-15 -9.43926642904646e-11 -1.83825151989511e-09 2.02993652497835e-17 4.52052568710669e-12 -6.50719221314552e-17 -2.35364293022133e-06 9.14912985009642e-09 6.33138456316048e-17 1.49518414116182e-11 -6.66800355827844e-17 1.91271379637561e-06 -3.95645734137744e-09 -9.89108046664427e-17 -9.38009649722565e-12 3.60432130091320e-16 -6.70851767707472e-07 -5.15876116221567e-10 1.04005222471903e-16 5.89032743418781e-10 -3.57257166061551e-16 1.48978538248519e-06 3.71699222402895e-20 1.70898671466848e-09 3.66768308377389e-17 1.86931035181426e-11 -1.31001904464706e-16 1.08486846577406e-07 -3.81595917919772e-18 3.07007141010441e-19 -1.57137733396954e-09 -1.18961651778122e-16 -4.00002119183176e-11 3.30280079536723e-16 -6.80613690341665e-07 3.67793928850335e-18 -4.55412443450702e-19 2.64185112360801e-09 1.92242824309508e-16 6.29953218253530e-11 -3.05031058254344e-16 2.41550706700476e-06 -2.28513563801979e-18 3.16049923518976e-13 5.62863822016389e-19 8.03733412702291e-11 9.23768823075091e-18 -1.32710796912656e-11 2.94046631025415e-17 -6.99525270075044e-07 -8.47164711288159e-19 -2.62339172715340e-13 1.01561280961537e-13 -6.20745918542504e-19 -1.96800217697955e-09 -7.76005911275541e-18 -2.54073355248216e-12 -4.65891946705138e-17 2.02257793000535e-06 1.08671804868766e-18 -4.01918487997828e-14 1.31555686681825e-22 3.26998454560085e-13 -4.30840440823309e-19 1.06588765534781e-10 1.41152660291847e-17 2.17213248142048e-12 7.43977145580641e-17 4.40669245569913e-07 9.23615504941839e-19 -2.12366134224125e-13 1.67530836481517e-22 -1.66402665848284e-10 -6.05833826489532e-10 -1.39433191908600e-08 -1.03184418902711e-09 3.64063058079253e-09 1.58306017439001e-17 2.22600259056601e-18 -3.95906559938117e-12 -8.36735923908703e-17 5.39662440584802e-17 -4.44658116351036e-12 -1.64049127856156e-17 6.93078870538511e-17 7.72642812931428e-12 -8.25307546276298e-16 4.26278210556698e-16 2.10327309908184e-11 2.09396362052097e-10 -2.19086876596597e-17 3.29957728023985e-12 -4.38128024090333e-18 3.08847280196656e-07 -1.47091962126535e-10 1.84780823160432e-17 -1.60680205300070e-12 1.63748182253507e-17 -8.80749281597676e-07 -1.39984764567096e-09 -1.39586837570227e-16 -1.80956352561319e-11 -1.69980419312182e-16 4.89259717511837e-06 -7.23856587479123e-20 6.18381363976165e-10 -1.30472245396226e-17 4.82833146877752e-13 -9.74734878031428e-18 9.41221059390632e-08 4.52778415328283e-18 -7.38136913242906e-19 -2.07801732218723e-09 1.26571494813647e-17 -7.23879149082593e-12 2.46973228244347e-17 -4.84939951261408e-07 -2.76440069316726e-18 1.43522095265808e-15 -1.23004274187633e-18 1.19593004530157e-09 2.89039353097739e-18 -3.20412020646442e-13 -1.31784222369619e-17 9.43463226060119e-09 1.46096240637302e-18 -3.80855112174458e-16
 -1.02943961869678e-14 -4.71053270556056e-16 1.45115565337446e-15 2.12451329102162e-15 -6.57763709799480e-15 1.11939760226566e-15 -1.09271349282921e-09 1.30743073167598e-09 1.19443130876109e-15 -1.62089311161737e-09 1.87959246973634e-09 2.17058997687133e-15 4.37476536810431e-09 -6.60710852216710e-09 -7.97492396062551e-15 -2.06322360851223e-09 3.05017515938582e-09 3.40722204657625e-15 -6.82246084013416e-10 9.61137821147899e-10 1.15602911513764e-15 -1.54749756998438e-18 -1.59672116769672e-11 -7.21704225617646e-17 -7.56388954949652e-12 -3.42039245103664e-18 -5.86433277806713e-18 3.77492548657441e-11 9.25372046497290e-17 -5.48410064223009e-11 7.17632077134221e-19 8.74670324560758e-18 -1.28601674152972e-10 -2.56772590934357e-16 -1.15332129148757e-10 -2.61014836947212e-18 -4.99097983158095e-18 -1.48697863056195e-10 -1.12076546975787e-16 -1.16879219029011e-10 3.71699222402861e-20 4.34374433219710e-07 -9.74267612684530e-18 1.77496437358748e-13 -7.87523254198512e-18 1.58928414087406e-11 -1.71822358242984e-18 -1.04752017514828e-12 -3.74547445534610e-07 1.52206298490360e-17 -2.18148421187802e-12 3.86884044715260e-17 -1.99056677249685e-11 3.29312276549095e-19 -1.84612601333257e-09 1.46706881297318e-07 -1.07761256484979e-17 -1.68024634179378e-10 -1.61346985409634e-16 -1.83244914984517e-10 -1.90221306253414e-18 -2.82764638952760e-10 -1.04265081711922e-21 4.16418785612160e-08 3.75334667261794e-18 2.27481573075154e-11 5.07502586595553e-17 1.72763499144901e-11 -3.72856010487440e-19 -2.63857651113478e-10 -7.51799378942777e-22 -7.40441522485379e-22 -3.03212277747271e-08 -5.24443485371310e-18 -9.92000154527886e-11 -1.35394650666716e-16 -8.47131211330359e-11 -7.82712587716996e-19 8.80022452947519e-10 1.28176028852894e-21 8.99585786516235e-16 1.26011078292003e-21 -1.52284512666043e-09 -1.08541529244119e-18 -1.72249014751468e-11 -3.72950996701548e-17 -5.19373917291905e-11 -1.33875002103818e-20 -3.56952477933137e-10 8.49253532747673e-23 9.90771543280315e-16 9.15335204610740e-17 6.01669143224091e-17 3.49702095056398e-15 3.33026742115916e-16 -5.51645864535237e-16 4.23509065899658e-11 9.01545619427078e-14 -9.93719725586917e-18 -2.67108759872836e-11 1.14632380298876e-11 4.91141802829547e-18 1.52476015188871e-10 1.23569258175824e-10 4.13841940435645e-17 6.91227258512956e-11 -1.18080460507364e-10 1.16695189939736e-17 -1.13895883169557e-17 2.23610090750240e-11 3.75513263783537e-17 -1.09056833897623e-10 3.50767778037924e-18 1.09264214186585e-17 -3.56457674950829e-11 -6.35349332959653e-17 5.88609185696519e-11 1.69657632604805e-19 -9.94953231458816e-18 8.43462009501385e-11 4.46133710514313e-17 4.62260991166878e-11 -4.65636373097834e-18 2.17061297427441e-10 -1.13186490277142e-17 1.76713097484521e-11 2.15334191636533e-17 -4.74605952617742e-11 1.57963171807063e-18 5.43011239427197e-11 1.22527665052288e-08 8.46706771890509e-18 -8.87342481998942e-12 -1.04545402560528e-17 4.34941388150197e-12 2.07887913083454e-19 -2.62258608182999e-10 -8.63902644480268e-19 1.66441704213267e-09 -1.58575212846333e-17 6.64597846226490e-13 5.85221254655310e-18 1.92382546856233e-11 3.75170943202736e-18 -4.04147832336115e-10 -1.69438131433396e-19
 -1.34051525633270e-11 7.61226828453721e-12 -2.60561675265152e-11 -3.87836510271419e-10 1.40782817420333e-09 6.85334276758553e-11 -4.82153790485588e-15 5.69779667229843e-15 -2.35213156888924e-11 -6.02648211138640e-15 9.59646626652683e-15 -2.78331621370767e-10 2.01412798816079e-14 -2.87122277261682e-14 9.41179522945970e-10 -9.92183444661745e-15 1.29178493340575e-14 -3.09689952356430e-10 -2.92840321208898e-15 4.43332673844340e-15 -1.10852232605576e-10 5.23852584329432e-07 -3.33050968284722e-17 2.22059536734588e-11 -1.04184047860506e-16 1.39427475349142e-08 -2.06635583134821e-09 2.13228136791882e-17 -3.76192603362251e-11 -6.22629299959861e-17 -1.29253724893180e-08 2.88961038769843e-08 2.88819810027338e-16 2.33844899527154e-11 3.31898170561091e-16 4.72089086454703e-09 1.08567612117149e-07 -3.17186782716016e-16 2.87043022928229e-11 -5.44789248675590e-16 1.70898671466850e-09 -9.74267612684529e-18 6.62723138384787e-07 -1.10289914516525e-16 2.19479140557436e-11 -1.99571955163786e-16 -3.37367289763010e-11 -6.32167111732841e-18 1.27419464098632e-17 -7.40534012140514e-07 2.50218920837998e-16 -3.39385709478886e-11 5.05462724254354e-16 2.43814662338125e-09 3.16791212095148e-18 -3.35809594126181e-18 4.44743987079720e-07 -1.65626681601799e-16 2.92890261572912e-12 -6.10004115524732e-16 -1.37108075755204e-09 -1.54833029717862e-17 -5.76285139993531e-14 -1.91045471201825e-19 1.63883862931734e-08 4.73218675849774e-17 -1.00481719686636e-11 2.51493124517790e-17 -3.48343048730021e-10 -1.45445992850473e-18 3.32087255155934e-14 -2.21701276962256e-14 6.19044352273007e-18 2.70029929807868e-08 -9.02221548944831e-17 8.21105888368750e-13 -7.47280571565321e-17 2.08572978097102e-09 -1.11785670865892e-17 3.01022547567900e-14 1.53067751666005e-22 -6.31244360773554e-14 3.07985400631466e-18 -1.20757374807812e-08 1.05160831683728e-16 4.20056059404542e-12 4.34082190387945e-17 -1.13958635390489e-09 -4.81112166052577e-18 5.00112786603575e-14 -1.57410273002730e-22 -4.42734249209213e-11 -4.04873921353026e-11 1.21291434066541e-09 -1.62710761178921e-10 3.03242556553972e-10 1.84280973171377e-16 -3.53517875545288e-17 7.59657045461366e-12 -4.08488777843362e-16 3.57990767582347e-17 -2.29370212039210e-12 7.07187085901011e-17 -8.06697184612677e-18 1.78568046171596e-11 -1.63817367095046e-15 -4.40908268521679e-16 1.14595706820585e-10 5.29664426535272e-08 -1.72650732337601e-17 -2.97347605007774e-12 1.45092415989781e-20 2.89772207279911e-09 -1.07014712802842e-07 3.84997533546137e-17 8.72917812459800e-12 3.83799353906276e-18 -5.76703369541692e-09 1.03329532537786e-06 -3.18639223780750e-16 -1.00729847299655e-11 -6.43935848920850e-18 1.34042657930406e-08 -4.47509403935017e-18 -2.62033764207204e-09 8.33603801290019e-18 -3.28524848673911e-13 -5.85415410776968e-17 -4.77031431279405e-10 5.38564896016334e-18 -7.41670186973745e-19 5.74083446718455e-08 1.79018194789723e-17 2.60094410647398e-12 3.69908467448864e-17 -2.55811461720893e-09 -6.12383182005889e-18 1.21085318463789e-16 -5.58720810310751e-18 -7.19221698240065e-09 2.36391831967792e-17 1.29437749750402e-12 -1.45348384493363e-16 -2.77042272943965e-10 1.14089959212625e-17 -8.96575270682266e-16
 -6.14646198197405e-14 -9.76601094045164e-15 4.26727010303151e-14 6.89610218835101e-14 1.11691135518068e-13 3.02105058505355e-14 -3.76526644955984e-07 -4.19582143548622e-07 5.49220068068599e-16 -5.64856453866485e-07 8.19264288750834e-06 9.49175760209259e-16 1.69489109142973e-06 1.72391957570164e-05 8.95878737827801e-14 -7.98464437674477e-07 1.35007024206635e-05 -1.66893490318548e-14 -2.44373019743867e-07 -5.21517489970992e-06 -5.95033382720701e-15 1.29914423031236e-17 6.85072214401292e-07 4.86640597191501e-16 -5.94064395227382e-09 -5.92205001287556e-18 -7.08214515025519e-17 2.26935573702943e-06 -3.02924146479980e-16 5.14331536403782e-09 5.26871845928790e-17 1.19974622940034e-16 -1.34758100208562e-06 5.10922538719285e-15 -4.69662302006801e-09 -8.16879624926744e-17 -4.73418139184763e-17 3.18855355715137e-05 1.23808667350301e-14 -4.94706930534217e-09 3.66768308377389e-17 1.77496437358724e-13 -1.10289914516525e-16 6.41976510565144e-06 9.46094280991951e-16 1.00175097607107e-10 6.75338441837735e-17 2.40859024396819e-11 -2.69688751356938e-12 1.54065491694446e-16 -1.75569719636285e-05 -1.46600132887132e-15 -3.34288308155752e-09 -1.12777815429319e-16 -2.17798148785223e-11 -5.89375398675687e-12 -6.54562374277338e-17 3.15453998265240e-05 4.70201573099848e-15 -1.97868387508071e-09 6.81339952100439e-17 1.30139555642542e-12 -3.96026917318550e-22 1.19346968333291e-12 2.63985286987827e-17 -2.96091633725517e-06 -4.31735379242910e-16 -2.69017105300446e-09 -4.06743684054568e-17 6.05589336854160e-12 -4.00009140460534e-21 5.89873328921593e-22 -5.96949755039502e-12 -1.20180937719771e-17 9.17025283499974e-06 1.46768113668897e-15 1.26428303282726e-09 4.24625994843342e-17 -9.78943967415526e-12 5.94425761733707e-21 1.25207620627983e-18 2.14138600263222e-22 -1.86671240746364e-12 5.80824728302580e-18 5.75227627683891e-07 6.54178952309561e-17 -4.22783396175997e-12 3.44268971301434e-18 -4.31258761848196e-12 1.43081065124573e-21 1.18363266772041e-18 -8.37853579299818e-16 -1.02774243640436e-14 8.26311463864376e-14 -9.40090920624873e-15 5.28581929160298e-14 4.97024624743503e-10 -4.40362906423861e-07 -2.34097180719476e-16 -2.62309541711373e-09 6.28637212915556e-06 -3.01491585342022e-16 1.77515540343925e-09 2.69045861065050e-06 -8.49234385538277e-16 -2.08616200868054e-08 8.28927675254226e-05 -5.06316369680663e-15 -1.13427500779143e-17 -7.63606949994316e-08 -3.74284869960419e-16 -5.95915318829802e-10 -2.46754995773531e-17 1.14437888833805e-17 4.81108136004408e-07 2.70384852840800e-16 -5.56675167501216e-10 1.73121972253731e-17 5.33538561836980e-18 -1.16840975158411e-06 3.95895681077958e-16 3.96394613844207e-09 -4.89407787058876e-18 -5.96632684025854e-12 -1.31902845640145e-16 1.34436905374439e-07 6.82152667418297e-16 1.96443947748944e-10 1.04997114187287e-16 8.62775813430275e-12 2.46682265732523e-12 5.51970398942311e-17 -8.74648661506535e-07 -4.91431247486569e-16 3.60233724833079e-10 -4.34129063397639e-17 -4.13676569889791e-12 -2.39730459612974e-18 1.64591397193633e-12 -3.07699213334356e-16 3.63020762897171e-08 9.60313240735274e-16 5.79131097080800e-11 2.95351731931342e-16 -1.48935254616231e-12 -2.74878419621818e-17
 1.71192596026079e-05 4.16839319171448e-05 -1.26836709035302e-04 -2.42397790363186e-04 5.41011221213162e-04 -7.22175087719052e-05 9.57606263080952e-14 1.25542978668376e-13 1.25470515207887e-04 1.50357948272318e-13 1.78961977775413e-13 1.39392152413428e-04 -4.80294609134946e-13 -5.58767446456460e-13 -5.13594518670992e-04 2.24903488337730e-13 2.63270033315319e-13 2.73133672798611e-04 7.04706581800203e-14 8.26115988509587e-14 7.69029047438211e-05 1.55805143532207e-11 8.20488550423412e-16 -4.68532984760249e-07 -3.28843659620497e-16 -1.24823711207267e-11 -4.60378406243102e-11 2.09561354377170e-15 8.80000650905425e-06 4.81848119672644e-16 2.49619150756545e-11 2.84526979449486e-11 6.36329316057362e-16 -2.40151256280964e-05 -1.12625128794213e-15 -1.35068071172881e-11 -2.26947075670448e-11 1.86425388949901e-15 8.90102760082831e-06 -4.86704257014450e-16 1.86931035181425e-11 -7.87523254198508e-18 2.19479140557436e-11 9.46094280991952e-16 4.97505656878521e-06 3.63188144628522e-16 -1.94184952707737e-11 2.21030284563869e-17 2.05647618443715e-19 -1.84734700218438e-11 -1.61904498488538e-15 -1.19802513578323e-05 -1.75292713938002e-16 1.90458608218333e-12 -2.88004384003046e-17 -2.99459278262575e-18 7.02459220636847e-12 3.44780289873845e-15 -2.27038128991629e-06 -6.35150025629890e-16 1.34973976950000e-11 8.07385579474802e-18 1.57711142675149e-14 -6.84748248439371e-18 -2.43520741073843e-12 -1.28018172559098e-16 1.21838138690647e-06 1.78697544691718e-16 -1.55833692351598e-11 -2.20131283604163e-18 2.62509409192986e-14 6.40028472787535e-15 -1.46407299927706e-18 4.87803888402265e-12 5.11879516055978e-16 -7.68013438675435e-06 -2.34696412283216e-16 1.69494930918725e-11 -8.23443811886931e-18 4.86757273339435e-15 -5.65963516753524e-25 1.61975960446433e-14 -2.87147509482770e-18 -3.29543847586309e-12 6.24527691063558e-16 -2.45379356218617e-06 -4.87937137022985e-18 -3.57086843504850e-12 -4.99811953790218e-18 2.36845318789466e-14 4.38006699177596e-25 -2.88066578536234e-07 -1.63212990658745e-05 1.11221519738263e-05 5.91740354197846e-06 6.84048276590978e-05 -1.65484563409978e-15 -1.18023184416151e-17 5.43436225150801e-07 1.65192902018156e-15 5.42996493115105e-16 -1.34205034775642e-06 -2.30293021442946e-15 -6.22500434289043e-16 9.80023888515092e-06 -9.94360745610049e-16 8.90178238828323e-15 2.70524572943482e-06 1.71869473627671e-11 -3.39675765747569e-15 -3.34803187003954e-07 -9.27133528994001e-16 8.13084065292417e-12 -2.09565812096191e-11 4.26495238690167e-15 7.54760256052185e-07 9.26115772464801e-16 -6.82899203355879e-12 4.12058635139799e-11 -3.73541695862635e-15 -7.99007328692819e-06 -4.85757853783571e-16 1.87670940062458e-11 -1.29626712016483e-16 -2.13037407329767e-12 -1.20350638749777e-16 -2.46293267826946e-07 1.37133986906686e-16 -1.15350526601583e-12 -1.72782192815062e-16 7.07934287646461e-17 -7.46914193517144e-12 1.95790784339839e-16 1.34830618188159e-06 5.66410978556524e-17 1.41349887346502e-12 8.83164668801932e-17 3.49309896964027e-14 5.89825177695901e-17 2.09754977038992e-13 8.39161771072726e-16 -3.85089737430536e-08 1.25754668727396e-15 1.88714910784848e-12 -9.31015304380631e-17 4.94352916294029e-15
 -1.51163845436079e-13 -1.58040404305494e-14 7.14739063127352e-14 1.36392365391947e-13 -2.12960716608401e-13 5.12878815180367e-14 -4.37242150400445e-07 3.89399436794894e-07 -7.77191861142830e-15 8.16120125851363e-06 5.86025202152559e-07 -1.34571467058437e-14 1.73311366306595e-05 -1.75858211673827e-06 5.31258011749663e-14 1.34587768517180e-05 8.28050225226870e-07 -2.11313306376252e-14 -5.22925618803656e-06 2.54022293111539e-07 -7.81801859705924e-15 2.70549141445289e-17 5.80891318430611e-09 1.34052266550867e-16 6.85048175352264e-07 2.58355419183174e-17 -1.32389294971764e-16 -4.97446736801056e-09 -1.05968260486239e-15 2.26920837846952e-06 -1.78774123298498e-16 2.02549651131015e-16 4.91127029298571e-09 2.06159438061950e-15 -1.34764517158872e-06 3.18181502347890e-16 -7.06032449358084e-17 4.90872710933506e-09 2.34860276734120e-15 3.18853049156400e-05 -1.31001904464706e-16 1.58928414087406e-11 -1.99571955163786e-16 1.00175097606784e-10 3.63188144628521e-16 6.41969279280224e-06 -3.01417791246335e-16 -4.44048848005231e-12 -1.50285208163497e-11 2.94727123061794e-16 3.08103428690132e-09 -1.06301191179476e-15 -1.75567224924947e-05 4.30618477658962e-16 4.04117801406477e-12 -3.05080126482509e-12 -1.40933069571406e-16 2.29101021427527e-09 2.08442168626157e-15 3.15453390678909e-05 -1.86081120517754e-16 8.61323155142472e-13 -8.04297054416868e-22 7.91784944497352e-12 7.27131429316791e-17 2.63186917384822e-09 -3.42077773704531e-16 -2.96089400421035e-06 8.01061230570722e-17 -1.13480303539135e-12 1.51801594389781e-20 1.09867489525093e-21 -2.40978430525507e-11 -6.11229391927605e-17 -1.11625883101433e-09 6.95555014178238e-16 9.17034434026136e-06 -3.15802165236785e-17 4.28795522818847e-12 -2.04466978333862e-20 9.16061150963451e-19 4.89692040906232e-22 -6.69693675158749e-12 -1.48792363742105e-19 4.53609967059852e-11 -9.97023949639802e-17 5.75269838257357e-07 2.36333706587775e-17 -8.81042991638250e-13 -4.02711924101910e-21 3.21363364479981e-18 8.64005023432078e-17 -1.80428431057719e-15 -8.83115190132870e-14 1.48215427678448e-15 2.77632315187853e-16 -4.40383128663759e-07 -4.64868213725839e-10 -9.98185988879559e-16 6.28630944873212e-06 2.65736792150538e-09 1.29043122027036e-15 2.69067315890512e-06 -1.76161225551409e-09 -1.94500980118681e-15 8.28926482713784e-05 2.09010343248084e-08 -5.34000769553808e-16 6.08858630879946e-17 5.80461495287543e-10 -4.56791412460865e-16 -7.63688535225886e-08 -8.15061578348465e-18 -5.22191989228578e-17 6.36913646620778e-10 5.34422970130681e-16 4.81305378354159e-07 -2.21520422298864e-17 7.11676761682776e-17 -4.00016875857015e-09 -3.27768566109578e-16 -1.16863558260963e-06 4.84423532566824e-17 1.42964351119450e-11 -2.16678839771302e-16 -1.94654359014232e-10 6.29087382933039e-16 1.34484457640390e-07 -4.00344570615823e-16 7.98977035966224e-12 -6.88862812840242e-12 8.48161621215646e-17 -3.90276671980856e-10 -2.71907783736659e-16 -8.75109241109972e-07 1.67055853778919e-16 -4.13377323284719e-12 -2.61817091371292e-18 -2.22588825788216e-12 -5.51826153435859e-16 -4.05140327828234e-11 1.84632148364218e-15 3.63207186745807e-08 -9.51471040969078e-16 -1.28968567104209e-12 8.87836626951344e-17
 -5.24088891676065e-11 6.64884575478654e-11 -3.85154865580289e-10 -6.38523126434529e-10 -4.90295885941662e-09 -2.78593284276971e-10 -3.19667632069667e-15 1.57857949187894e-14 4.81689298181358e-10 -1.91284573617510e-15 2.33617065537527e-14 6.29559106292381e-10 9.16755296783781e-15 -7.36686592952592e-14 -4.44561544445226e-09 -5.29547548031901e-15 3.44533516750283e-14 1.43393418954693e-09 -1.15487804865773e-15 1.10389900937316e-14 4.74485844250032e-10 -1.31021621218681e-08 6.81250166451549e-17 -1.56763832725405e-11 -1.60024184010583e-16 5.23724330021038e-07 1.19034575351227e-08 1.49349717808726e-16 8.60035644278206e-12 -1.66470212706508e-16 -2.07408777719142e-09 -3.96406379957125e-09 -1.10761939641566e-16 -1.23885576946908e-10 7.53536107011238e-16 2.89130737371770e-08 -2.16086044392831e-09 1.93935417717394e-16 -3.23336995682029e-10 -8.22306689217732e-16 1.08486846577406e-07 -1.71822358242985e-18 -3.37367289762937e-11 6.75338441837737e-17 -1.94184952707737e-11 -3.01417791246335e-16 6.62682943365446e-07 4.74035992842287e-18 4.08956244685948e-18 -1.96994352729892e-09 -2.30077536481183e-16 3.74132698442513e-11 7.69011209025764e-16 -7.39964974562705e-07 -2.58765184355061e-18 -2.43394968225267e-18 1.01573613422229e-09 4.57289286400834e-16 -1.39733016763547e-10 -7.58169915471045e-16 4.44143188997493e-07 -6.43822680601362e-18 -2.60855921820457e-13 2.83255690096295e-18 5.37964132363022e-10 3.41767222300762e-17 1.53162180685052e-11 6.30721588693352e-17 1.63020489932005e-08 -2.44802806746816e-18 1.55841230822930e-13 -1.06183205201968e-13 -1.74097324415530e-18 -2.04340047055362e-09 -4.69802806327022e-17 -5.71633614797492e-11 -9.52667102179871e-17 2.70849925731965e-08 4.20067743779280e-19 1.02492960933232e-13 -9.46015006258908e-23 -2.91831650012823e-13 -1.24816282384693e-18 1.22626439669213e-09 7.15382689261316e-17 -1.22727809490899e-11 1.45363066418810e-16 -1.19134761946783e-08 2.59479953393860e-18 1.98557350784464e-13 7.12030338460756e-23 1.03878787748126e-10 2.82026190689204e-10 -1.12918055472974e-09 4.06210091834041e-10 -1.37689937157946e-09 2.09759262991519e-17 -8.41581853530785e-17 -5.79034057508620e-12 -1.88150777469893e-16 2.40523983841230e-16 2.24174989748648e-11 -5.71650324730084e-17 4.86972937859715e-17 9.09162013660029e-12 -1.96078381996665e-15 1.10544061958738e-15 5.13320368816041e-11 -2.92756065989204e-09 1.78606137050399e-18 1.54734978430481e-11 -3.24796103705532e-17 5.29550152788472e-08 5.78892871114695e-09 6.56430327495748e-18 -1.79598972352636e-11 5.27326556076942e-17 -1.07018449839313e-07 -1.32748491179665e-08 -3.46607658960040e-16 1.09509574146367e-12 -3.67886733848336e-16 1.03320123874782e-06 6.37504811271871e-18 5.09408796467115e-10 3.29964437423896e-17 1.02664731117604e-12 -3.03112541274764e-17 -2.60384639434426e-09 1.00845042304999e-17 -5.56958443104335e-18 2.57654815479929e-09 -3.24734355379250e-18 -4.14413326283643e-12 6.22297685142003e-17 5.74063271533172e-08 -8.09953345332802e-18 3.67465536479970e-16 1.67252160951955e-17 2.85439543475934e-10 5.05926966001107e-17 -1.84551634006002e-12 -9.05091836703449e-18 -7.18241102760314e-09 -3.05094055211543e-17 -9.59440802355201e-16
 -1.81499402203750e-14 -1.14743573365707e-15 4.46537636382018e-15 7.83516006534623e-15 -1.80095771410520e-14 3.28557266768093e-15 -1.75038468896412e-09 -7.35436595519401e-10 1.22967084363698e-15 -2.54666101733819e-09 -1.08916975469603e-09 2.19958741872783e-15 8.62181590589312e-09 2.76966509481707e-09 -8.71335887818959e-15 -3.97188434689184e-09 -1.29127621023189e-09 3.64912512504555e-15 -1.28196772669887e-09 -4.51185160736374e-10 1.19118103886985e-15 2.03171125407436e-17 -9.58682522685524e-12 -9.62890536026018e-17 2.24901467752716e-11 2.51422902255269e-17 -6.45315957278233e-19 -3.00052901874238e-11 1.12826137626434e-16 -6.51001921366679e-11 2.13463932614325e-17 1.06635429979329e-17 -1.28656051819434e-10 -3.25657591473669e-16 1.39195845615831e-10 -1.30406184464237e-17 -2.49489161326056e-18 -8.24484003487861e-11 -1.27209572604205e-16 1.38481666290115e-10 -3.81595917919772e-18 -1.04752017515895e-12 -6.32167111732842e-18 2.40859024396819e-11 2.21030284563869e-17 -4.44048848005231e-12 4.74035992842279e-18 4.34374648632341e-07 1.84723501189617e-09 8.61748598257727e-18 -4.06176360148464e-11 -4.46108967092386e-17 1.22499021586092e-11 -4.53895712459246e-18 -3.74546078091324e-07 2.81237660665570e-10 2.65409602975401e-18 -1.45054644880867e-10 -1.13526527858945e-16 1.45111812592229e-10 6.91003280209697e-18 1.46709498268689e-07 -5.73476093771126e-22 2.63842252349864e-10 1.50842795708592e-18 1.56089995754940e-11 4.78938732084634e-17 -2.54973298232952e-11 -3.18916411873016e-18 4.16415013727495e-08 1.71467760382982e-21 -1.73725405076741e-21 -8.81776467939849e-10 3.74572150826402e-18 -7.73891809924451e-11 -1.37964216548192e-16 1.05865078388754e-10 9.82347452591654e-18 -3.03162021321922e-08 -7.61878312357852e-22 -9.90354461749518e-16 1.56529633207157e-21 3.55983273034506e-10 1.88645382644231e-18 -4.53855245450077e-11 -4.34270687602403e-17 1.20404386884880e-11 4.05491195426414e-18 -1.52043369835634e-09 -1.35959635197373e-21 8.99272609465958e-16 1.25946764926427e-16 9.67855254928183e-17 -2.61886258556376e-16 5.35479749508915e-16 -1.04452372062195e-15 1.27232548325344e-11 3.51917931596661e-11 3.39660294959668e-18 -2.61729175820008e-11 -1.86656342270683e-11 -1.78127136714815e-17 -1.23141269336714e-10 1.54737530162687e-10 4.83446992375203e-17 1.36397345421764e-10 8.30232293484685e-11 -1.28169725029388e-17 1.56617344351513e-17 -7.92057638090078e-11 5.93644093457192e-17 -6.42581659332986e-11 5.88808180108182e-17 -1.56443310945216e-17 3.53593640778127e-11 -9.83503742133808e-17 6.14530308072151e-11 -6.47648494951054e-17 8.60413170438591e-18 5.66105778252678e-11 6.94235495680224e-17 -9.03571871753436e-11 5.77726036596790e-17 -5.42577576982997e-11 -3.30697908527914e-18 -3.03597351366148e-11 7.54630842957778e-18 -3.31951984248039e-11 1.37641225855906e-18 2.16745211298739e-10 2.62368208691714e-10 -1.51750287912929e-18 2.10862907499463e-12 -4.74604512117998e-18 1.27392828211358e-11 -8.90376713115913e-18 1.22528554005888e-08 4.32273617681939e-18 4.04140046844055e-10 2.16029506809607e-17 1.14577884577593e-11 -3.67936986663364e-17 7.22400440759152e-12 -5.51755914670345e-19 1.66443909484132e-09 2.56169399894374e-18
 8.96462891287781e-15 4.26477662051954e-16 -1.44003515222494e-15 -2.27899996741468e-15 5.76967794757253e-15 -1.06030346907156e-15 8.68079724060681e-10 -2.08188086490318e-09 -6.27959433219744e-16 1.30167150396767e-09 -2.99726124550717e-09 -1.17575528208071e-15 -3.47130295814847e-09 1.01725322249862e-08 4.35498517624011e-15 1.62383180236221e-09 -4.75749206571128e-09 -1.84193262585861e-15 5.54489606176571e-10 -1.47579480673614e-09 -6.26092689728937e-16 1.69139870637408e-18 1.04317327540530e-11 5.15163979604357e-17 7.82359860778837e-12 5.04168352106096e-18 5.01914374941557e-18 -2.82036898494774e-11 -6.35958410578533e-17 4.40536685430538e-11 -3.25622361197885e-18 -8.30801767531257e-18 1.15256942873078e-10 1.58149178496984e-16 1.05559870136880e-10 4.31641885811382e-18 5.52713114739263e-18 1.17312646116096e-10 5.19802093714211e-17 8.30080624415652e-11 3.07007141010445e-19 -3.74547445534610e-07 1.27419464098632e-17 -2.69688751356939e-12 2.05647618443695e-19 -1.50285208163497e-11 4.08956244685949e-18 1.84723501189616e-09 3.66130202495495e-07 -1.86146533134917e-17 1.04606900744331e-11 -1.34416556850417e-17 2.14609902632511e-11 -2.86510679600716e-18 -5.00763080020570e-13 -1.22113328776425e-07 1.25304446214552e-17 1.36820562258546e-10 8.54985551077234e-17 1.45416414448333e-10 3.42166317808020e-18 8.95263195160789e-10 3.68849088313621e-22 -2.39677618948197e-08 -3.57782027601334e-18 -1.90152828973988e-11 -3.34268150451973e-17 -1.32068722177324e-11 8.19257610300930e-19 4.46924036119529e-11 1.18222651282814e-21 7.10416597216971e-22 6.40641467082076e-08 4.61002213905488e-18 8.41973894217463e-11 8.90231606529380e-17 6.33681826921368e-11 -1.85653239503037e-19 -5.24231879347055e-10 -1.41587539819293e-21 -6.17489654615250e-15 -1.03313003388956e-21 3.08043973296293e-08 4.16123480182292e-19 1.87165628364769e-11 2.89844854434724e-17 4.43200502511339e-11 -7.40656031863684e-19 -1.12674437041672e-11 -2.06507356020174e-22 -6.06092130759040e-15 -7.39307592391040e-17 -2.70181842981999e-17 -1.86929469908513e-15 -2.77040683780870e-16 4.20568865016387e-16 -3.43948170918393e-11 1.95485362790445e-13 1.14534552176167e-17 1.89443069666864e-11 -1.19632254495980e-11 -4.63074135220949e-18 -1.25405040917236e-10 -1.10148119967383e-10 -1.48352049925056e-17 -8.23448756304531e-11 7.46261966386084e-11 2.51868300074843e-17 7.44109586094416e-18 -1.41742059944063e-11 -3.59573567120274e-17 8.80099318447149e-11 -1.12207557528478e-17 -6.39690544648100e-18 2.24124039730489e-11 5.94322231011552e-17 -4.72051670455236e-11 8.12121761227261e-18 6.81933632758863e-18 -6.85970768370333e-11 -4.54240617796693e-17 -3.55565230694675e-11 1.53851761477697e-18 1.63936725821099e-09 1.31185561792035e-17 -1.31766340189089e-11 -2.09977478725988e-17 3.82309611406375e-11 -1.90424094503025e-18 -4.34951540465563e-10 -5.02951624766676e-08 -9.05470366200638e-18 4.28282562026353e-12 1.19277021256072e-17 -2.01483856464560e-12 -3.53280581284022e-19 5.23012471594315e-10 1.00649687526320e-18 -8.77595625189133e-10 1.82267409995557e-17 -1.26194466307400e-12 -8.55725296127377e-18 -1.56255147214395e-11 -4.53800285244901e-18 5.41717967183450e-10 1.96249193615768e-19
 -1.21507455253901e-09 -1.82044685797267e-10 -8.77017742612549e-10 -1.16162425998881e-09 -2.51694171785145e-09 -7.43937294876165e-10 7.29411949748443e-15 -8.03956081566535e-15 -1.74954539987698e-10 9.16173306857875e-15 -1.36481925622969e-14 1.32967087062141e-10 -3.05882344172378e-14 4.08129131932378e-14 -1.50007459766640e-09 1.50968777987458e-14 -1.83224999211520e-14 1.93914447597570e-10 4.43139362652974e-15 -6.32114571020558e-15 2.47875254398550e-11 -4.90114653284653e-07 4.95173280001143e-17 2.90501415540003e-11 1.57882142954263e-16 -2.46657678278036e-08 2.11522028280138e-07 -3.75539607962210e-17 -6.56278159797313e-11 1.04837711753191e-16 1.88929592032052e-08 1.01397281869006e-07 -3.87469311785285e-16 7.11758200988769e-11 -5.21988322191517e-16 -1.19419517459428e-08 -6.80651415213173e-07 4.59469799553948e-16 -1.87097052984635e-10 8.51945508696023e-16 -1.57137733396954e-09 1.52206298490360e-17 -7.40534012140514e-07 1.54065491694446e-16 -1.84734700218438e-11 2.94727123061794e-16 -1.96994352729896e-09 8.61748598257733e-18 -1.86146533134917e-17 1.63745123797176e-06 -3.48217184406955e-16 3.08162226509817e-11 -7.66736087344503e-16 -1.30609035943156e-10 -4.46782565736993e-18 4.35695449176775e-18 -1.69061932121908e-06 2.39699753740953e-16 -3.56713278971975e-11 9.33551639242055e-16 -2.76402038018956e-09 1.98897277322415e-17 -1.17837225101676e-13 9.18992996874322e-19 4.32861669972786e-07 -6.94766205673133e-17 -7.90435692008663e-12 -5.00169654804701e-17 2.56656167546883e-09 1.10903543125028e-18 1.07714771412825e-13 -2.01588515233468e-14 -9.21185369256480e-18 -7.18950111406237e-07 1.35214758173626e-16 1.54686740829342e-11 1.36688925516123e-16 -7.72157828808473e-09 1.57532209142798e-17 3.14943457262737e-14 -1.59122105062331e-22 -1.05908251908582e-13 -4.45511697026137e-18 9.65969711208993e-09 -1.42579403417372e-16 3.77170147256571e-12 -6.66612766015610e-17 2.96345938535774e-11 7.17727914772916e-18 1.01463362888233e-13 3.25381198817196e-22 1.14666070037884e-10 1.17292464584552e-10 -7.37187175677873e-10 6.20102393757945e-10 -1.34654208879466e-09 -2.37417995001329e-16 1.31815068319614e-17 -2.14484515960119e-11 5.59220464463868e-16 -2.46448596013270e-18 3.11376879977621e-11 -6.35758711220191e-17 -3.70606959005716e-17 -3.53069047759684e-11 2.51032565575773e-15 6.74703252264759e-16 -1.24012762391847e-10 -2.49621578870717e-07 3.00454504474633e-17 3.11969568776148e-12 -4.22931059571080e-18 -3.14070085212948e-09 5.95403067189637e-07 -5.36205192104957e-17 6.28228575526221e-12 -3.08792207341730e-18 6.29827692714274e-09 -4.51430716928294e-06 4.56147726094344e-16 -2.69204885777431e-11 1.98928569884460e-17 -2.57114730715679e-08 8.29176732854712e-18 -3.45992989807805e-08 7.75736617142957e-18 2.62749744929463e-12 7.80337129360447e-17 2.37973375676992e-10 -1.38641712940930e-17 -4.72338808422006e-19 1.25459439919088e-07 -3.53653101859353e-17 -1.72910304594352e-11 -5.26777771222602e-17 5.23723102997030e-09 1.13632604947653e-17 -1.10274450515624e-15 1.49648696070630e-17 9.64156515056976e-09 -8.62347100546135e-18 1.65326339392470e-13 1.87919231742322e-16 9.16606118840124e-10 -2.63872387487699e-17 4.60357898893732e-15
 6.33356681249398e-14 9.62817311179827e-15 -4.32756880985310e-14 -7.21528634814664e-14 -9.07752081783995e-14 -3.08875255768576e-14 8.44084758315136e-07 2.94818224149607e-05 -3.08706941768513e-15 1.35338051915667e-06 -5.83422030785307e-06 -3.70261382865239e-15 -3.99753555754240e-06 -1.40425819892091e-04 -7.25678924991266e-14 1.84968618043676e-06 -6.30381046273868e-07 9.92437629296194e-15 5.94306492592842e-07 2.82844578748206e-05 3.89186066675664e-15 -2.45803323018189e-17 -2.85776748077260e-07 -3.40395490524629e-16 -6.31444107254324e-10 4.08904656969458e-17 1.47812587407274e-16 -3.81907694215965e-06 -1.28366600752771e-16 1.43475650550058e-08 -1.58205618791586e-16 -2.38763847670340e-16 1.92284568023363e-06 -4.16786436656631e-15 -4.75118086775884e-09 2.16291782946713e-16 1.09793970873840e-16 -1.03367299521828e-04 -1.18538373913725e-14 1.96615179370681e-08 -1.18961651778123e-16 -2.18148421187799e-12 2.50218920837998e-16 -1.75569719636286e-05 -1.61904498488538e-15 3.08103428690160e-09 -2.30077536481183e-16 -4.06176360148464e-11 1.04606900744331e-11 -3.48217184406954e-16 5.42447588110997e-05 3.08565228978220e-15 1.82518282909752e-10 3.60418026186717e-16 3.76552654009494e-11 1.39350200248744e-11 1.73701462753116e-16 -1.02941869136122e-04 -5.55554188079774e-15 3.93916268355418e-09 -2.32600235276323e-16 -1.61691803590651e-12 5.84752395541431e-22 -1.15306162778582e-12 -6.15265174666943e-17 1.08067722232210e-05 4.46925375614409e-16 2.72573401150053e-09 1.07517677996764e-16 -7.64434181226117e-12 1.21573783083181e-20 -1.28654177969810e-21 1.45868464452592e-11 4.47189894277617e-17 -3.18408640932463e-05 -1.46608948014589e-15 -4.07189869433077e-09 -1.16293114425481e-16 7.79767506310752e-12 -1.78560285921456e-20 -1.26118149779348e-18 -6.71195008601566e-22 7.42743151630786e-12 -9.78392456588986e-18 -2.14334816954351e-06 7.97232510056436e-18 1.92013554463383e-09 -1.25376164161059e-18 6.35664889418181e-12 -4.17519385887731e-21 -1.01267734163153e-18 -1.49448286267315e-15 7.86752587090786e-15 -6.21574390930808e-14 3.90840608412977e-15 -5.00214315995673e-14 1.31172068132930e-11 1.37845987823927e-06 5.29306407193651e-16 2.21330228621469e-09 -2.01045530526247e-05 -1.46542733049146e-16 -2.21919640194478e-09 -9.16051492263440e-06 9.94911909019861e-16 3.17381256132141e-08 -2.67912795861270e-04 4.70586140478598e-15 3.47215181382066e-17 4.72865660185077e-07 4.19136949175233e-16 4.44325674962753e-10 6.94824109356142e-17 -4.93136943894351e-17 -2.12638182192630e-06 -3.18698321857160e-16 6.74708952264280e-11 -1.03887600958242e-16 5.33269912011027e-18 8.19068079306848e-06 -4.30347866566540e-16 -5.54586040748143e-09 4.26554402202914e-17 9.88129299631634e-12 3.03548910403627e-16 -3.41787069075207e-07 -2.09768022013115e-15 -2.53094607919236e-10 -3.69976115468236e-16 -6.66706708038441e-12 -4.92027392471504e-12 -1.32115644250410e-16 2.12674170781999e-06 1.20192500988085e-15 -1.10335521700616e-09 1.60655533705086e-16 3.12524506026205e-12 5.64669339949680e-18 -2.50295877224813e-12 6.99820861329410e-16 -1.02538307550897e-07 -1.98431966035070e-15 -1.16075904520470e-10 -9.61905592040788e-16 8.82722923439743e-13 8.34880137082388e-17
 -1.13922345193637e-04 -1.06250792589804e-04 3.33496770341349e-04 4.83168006595573e-04 3.32384479440092e-04 1.36350877248793e-04 -2.11588299300169e-13 -2.47218609832762e-13 1.63587983959290e-05 -3.28270410135434e-13 -3.47317843692545e-13 1.87997460959570e-04 1.04848444774516e-12 1.08983631134233e-12 3.37640978346228e-04 -4.91828056434932e-13 -5.15526967492273e-13 -1.07066244618314e-04 -1.53628992311825e-13 -1.60499619691105e-13 -2.31531888575074e-07 -2.70803510688011e-11 -1.38582536360230e-15 3.82131295488317e-07 2.59269173788217e-16 1.69758361532819e-11 5.77515936494593e-11 -4.80576691954047e-15 -5.47420764346095e-06 4.04767113286590e-16 -3.50770002584431e-11 -2.69578091071238e-11 -6.51736407035363e-16 1.14819100135094e-04 1.29708082984649e-16 2.22554290406445e-11 -1.14198629236580e-11 -4.72038903358265e-15 4.38511103383180e-05 1.74136904621818e-15 -4.00002119183175e-11 3.86884044715259e-17 -3.39385709478885e-11 -1.46600132887132e-15 -1.19802513578323e-05 -1.06301191179476e-15 3.74132698442513e-11 -4.46108967092387e-17 -1.34416556850418e-17 3.08162226509817e-11 3.08565228978220e-15 5.57193300512607e-05 3.63311257449706e-16 -4.27913459442615e-12 6.42564776091865e-17 9.40360447687441e-18 -6.90408742659298e-12 -6.95263826747938e-15 1.50228267016585e-05 1.52586109507029e-15 -1.97417404080242e-11 -1.95228839295700e-17 -2.19001895624108e-14 2.11774322638874e-17 1.96531960596893e-11 5.09277017488966e-16 3.03562213045348e-06 -4.55620470171094e-16 1.90858202851230e-11 8.62849527519089e-18 -3.64368646913245e-14 -8.87631063256660e-15 -9.11960228649391e-19 -2.67725417365229e-11 -1.54736173874180e-15 2.29425532905228e-05 6.53480253428604e-16 -4.29153004891308e-11 1.40523709324271e-17 -6.76543895599254e-15 6.10301474377982e-25 -2.24840729040098e-14 7.54279654771689e-18 1.14379898611158e-11 -1.64185282440384e-15 8.31565569799624e-06 2.85630281027415e-17 -1.30788867678813e-11 1.23550017961164e-17 -3.28811158750184e-14 3.64503357463530e-25 -1.53888042763196e-05 -2.60950619703392e-05 2.02749358917480e-03 -8.76276601091879e-05 7.40062796350872e-05 5.94153906906509e-15 6.26969675564113e-16 -1.72355728080981e-06 -7.15720381905440e-15 -1.76931764517587e-15 -1.80468280574839e-06 7.79662009283948e-15 1.40902673988065e-15 -3.73830331318868e-05 -8.19551697768512e-16 -1.91045936070102e-14 -1.08188359117325e-04 -2.59044746765470e-11 9.51954425835158e-15 2.30661545695369e-06 2.75602963632881e-15 -3.49947216168697e-11 2.99272468389730e-11 -1.14078074174502e-14 -6.71885399359801e-06 -3.15248217407834e-15 3.18919737285931e-11 -3.93763767270415e-11 8.85229790422011e-15 4.44872373549883e-05 2.20866782356986e-15 -6.54713549400424e-11 3.77557679796064e-16 3.39366529807292e-12 3.98742837711958e-16 1.03091579549033e-06 -4.66576373340954e-16 5.24932590382087e-13 5.16300372789103e-16 -2.05910871559583e-16 2.35527095098584e-12 -4.87200142022766e-16 -6.20132009442628e-06 -1.66329925728243e-16 -2.65304586942793e-13 -2.62708181509397e-16 -8.93715670450786e-14 -1.88696928398077e-16 -3.83766913273836e-13 -2.67120659490411e-15 1.77962330607747e-07 -4.06050039654130e-15 -4.82125880446875e-12 3.34176269735468e-16 3.95531662421026e-14
 7.41639073548607e-14 2.83170518475568e-15 -5.57317764515051e-15 -1.15199552999235e-14 -6.67353108211446e-14 -2.80729995224532e-15 2.95214000222716e-05 -8.63549027162889e-07 2.01858921395804e-14 -5.76347403962199e-06 -1.38708043542780e-06 3.05153553032295e-14 -1.40632438021959e-04 4.09770824916710e-06 -1.36506295637897e-13 -5.36035689895401e-07 -1.89584713826461e-06 5.40500871938648e-14 2.83159063183470e-05 -6.09648659504825e-07 1.79533350389176e-14 -1.06179469752354e-16 8.91753996289493e-10 -4.63779868348908e-16 -2.85956965332050e-07 -7.23844147109657e-17 3.41414170695142e-16 -1.46215113132584e-08 1.27462991519898e-15 -3.81830164170570e-06 4.07556235168351e-16 -4.94267741183267e-16 4.55828793247442e-09 -4.37521829613457e-15 1.92276805133372e-06 -6.71713141556719e-16 2.10727453943088e-16 -1.95628093174376e-08 -5.39052910713674e-15 -1.03366917251843e-04 3.30280079536723e-16 -1.99056677249685e-11 5.05462724254355e-16 -3.34288308155574e-09 -1.75292713938002e-16 -1.75567224924947e-05 7.69011209025765e-16 1.22499021586092e-11 2.14609902632511e-11 -7.66736087344503e-16 1.82518282908817e-10 3.63311257449707e-16 5.42443463955998e-05 -1.07365316720287e-15 -9.10471067015907e-12 6.24223550783903e-12 4.16744869860704e-16 -4.27213125336677e-09 -3.14267005840517e-15 -1.02941693502610e-04 5.46535469543241e-16 -4.04115962984682e-12 1.97681833046782e-21 -1.03476296120873e-11 -1.85304680978408e-16 -2.73201413286452e-09 4.45818532101214e-16 1.08067631330561e-05 -1.97576789436901e-16 3.89655009928024e-12 -3.77283390288918e-20 -2.27096575578081e-21 4.52260185025955e-11 1.67616443716079e-16 3.95701380887545e-09 -1.28911867175538e-15 -3.18409725363438e-05 1.35604043748130e-16 -1.49677721308978e-11 5.06902237675158e-20 -1.46978685096468e-18 -6.75350598725474e-22 1.21254480238292e-11 -7.96875440030179e-18 -2.04073550331798e-09 1.03132772362265e-16 -2.14340678706590e-06 -4.26178237994365e-17 -1.38284706352624e-14 9.85598265590148e-21 -3.33458848540643e-18 1.11200638377279e-15 4.80965699233339e-15 -2.52445393662908e-15 4.16141131871237e-15 -1.29313116405674e-14 1.37844946412061e-06 -4.93045651355860e-11 2.72191126827952e-15 -2.01044243013524e-05 -2.23882947425224e-09 -3.45709168154416e-15 -9.16075574754433e-06 2.18994008028953e-09 3.94992919478689e-15 -2.67912523690133e-04 -3.16124667967649e-08 7.07206832682350e-16 -2.16343682175110e-16 -4.15801907229647e-10 8.72467811703147e-16 4.72857871401964e-07 3.71801817279569e-17 3.03688236565354e-16 -1.63203609209009e-10 -8.96650125111719e-16 -2.12653653069036e-06 3.36722327586727e-17 -2.23042439017918e-16 5.59119732600950e-09 1.30601182442649e-16 8.19087049336317e-06 -8.28142841070634e-17 -1.49309290463648e-11 5.90460549168575e-16 2.60599025781437e-10 -1.80241716412573e-15 -3.41841182685385e-07 1.03097166907870e-15 -1.20782935580571e-11 6.63492415690674e-12 -2.43885869688271e-16 1.11746905890861e-09 8.60656341094397e-16 2.12719380879746e-06 -4.44600468062799e-16 7.30398035595178e-12 6.22697017671716e-18 1.95084026039396e-12 1.51727795829919e-15 1.03646930327407e-10 -5.04577630061446e-15 -1.02559631631566e-07 2.47358198286152e-15 2.01618290280770e-12 -2.22130691139388e-16
 1.32897116881040e-09 -4.07822133796139e-11 1.06126006038003e-09 1.92680795600280e-09 8.48336324603502e-09 7.58355189190493e-10 4.16771530501396e-15 -2.09052990670512e-14 -5.63824627285871e-10 2.18508813767031e-15 -3.08473068838543e-14 -7.63185367990641e-10 -1.15532915211229e-14 9.74991128556899e-14 6.87350497797030e-09 6.85532643930508e-15 -4.56599438159972e-14 -2.01663245047788e-09 1.39807807714058e-15 -1.45909778577312e-14 -6.03911452798829e-10 2.36698595841837e-08 -9.24074308478645e-17 -1.53843553123041e-11 2.26417916967701e-16 -4.89467612309360e-07 -1.61870447169886e-08 -2.09956451495512e-16 1.01579161287282e-10 2.03798272173752e-16 2.12434933891456e-07 1.06420421506517e-08 2.22960178694749e-16 1.08831547142829e-10 -1.06269649541731e-15 1.01317311809363e-07 2.06067620432103e-09 -3.19872087839732e-16 5.64274612233144e-10 1.12551500814058e-15 -6.80613690341664e-07 3.29312276549085e-19 2.43814662338123e-09 -1.12777815429319e-16 1.90458608218335e-12 4.30618477658962e-16 -7.39964974562705e-07 -4.53895712459250e-18 -2.86510679600715e-18 -1.30609035943268e-10 3.60418026186717e-16 -4.27913459442616e-12 -1.07365316720287e-15 1.63686902252479e-06 2.01518117366739e-18 2.58331024064803e-18 2.63802022048399e-09 -6.51017150742741e-16 1.93527638018217e-10 1.01456756771083e-15 -1.69012500204152e-06 6.33949120913014e-18 -5.00564756221454e-13 -3.40275724837277e-18 -2.50429087583245e-09 -3.99443503784887e-17 -3.08911912808957e-13 -8.23198714467837e-17 4.33159342472001e-07 2.99818662282509e-18 3.03427542007829e-13 -9.44955192104129e-14 2.96608874183365e-18 7.47325150836548e-09 4.57655760548282e-17 7.11240516102576e-11 1.18190122436813e-16 -7.19063385773161e-07 -1.99353595273577e-18 1.10577358886200e-13 3.32618437386977e-23 -4.52789054131474e-13 1.86178590221548e-18 7.09999502977877e-12 -8.10076966429432e-17 8.87416885463956e-12 -2.12438828722844e-16 9.62962920438808e-09 -3.58471102932676e-18 2.99848697456895e-13 -1.93998342504664e-22 -1.84596041316416e-10 -4.66122300155343e-10 9.91397136827986e-09 -9.45773736748893e-10 2.75681255919449e-09 -1.02662466640394e-16 1.27459589430137e-16 1.07231357365742e-11 3.55002047256313e-16 -3.59165711552398e-16 -3.07354092252624e-11 -4.33401123361438e-18 -7.06070624455470e-17 8.31856403462725e-12 2.72089637096734e-15 -1.59715707072007e-15 -9.22524945459931e-11 3.12740393368339e-09 2.44704370935354e-17 -1.69478201240595e-11 3.04317781951145e-17 -2.49610521421293e-07 -6.29404604978757e-09 -3.16882491338037e-17 1.83427844244305e-11 -5.65052045095535e-17 5.95416456877324e-07 2.51627952529421e-08 4.75824139429074e-16 1.75240071197013e-11 5.28688739788061e-16 -4.51407718320417e-06 -8.31828014835764e-18 -2.71000676492039e-10 -3.28673882678164e-17 -1.88577833832734e-12 6.32859690291943e-17 -3.46071752829284e-08 -1.33433163211617e-17 6.83287329631855e-18 -5.36780652506743e-09 -2.80828951855184e-18 1.07365948376227e-11 -9.52716775928005e-17 1.25481568140801e-07 9.83082939989631e-18 -4.22107583435820e-15 -1.93640684249070e-17 -9.09786545339482e-10 -8.47649527780021e-17 2.24419830375610e-12 8.01295815442805e-17 9.63155678932041e-09 3.41496734320009e-17 -2.07739306429613e-15
 1.70985284793804e-14 1.17496363635165e-15 -4.76696738904168e-15 -8.51945933445176e-15 1.77704983383846e-14 -3.46811385859580e-15 2.84787276052447e-09 4.02026766776304e-10 -8.75110008935183e-16 4.16006895360764e-09 5.72199616541784e-10 -1.57606295529986e-15 -1.36925623347865e-08 -1.26634810108237e-09 6.13513330454568e-15 6.37773231211122e-09 5.73977422162279e-10 -2.60022031261765e-15 2.01716873911401e-09 2.27736207325813e-10 -8.33744725666566e-16 -1.60839765954293e-17 5.13313554465009e-12 7.74803797768923e-17 -1.32974888241568e-11 -1.99654885780382e-17 -9.61217738868085e-19 2.72207147909695e-11 -8.32675580521608e-17 5.95957258864846e-11 -1.78621334504172e-17 -7.34480846659836e-18 1.04693608180025e-10 2.30844763032176e-16 -1.18705229795385e-10 1.05810664792291e-17 1.30049870018088e-18 5.71848084893362e-11 5.67460346962774e-17 -1.15120585410552e-10 3.67793928850335e-18 -1.84612601333261e-09 3.16791212095155e-18 -2.17798148785223e-11 -2.88004384003047e-17 4.04117801406475e-12 -2.58765184355054e-18 -3.74546078091324e-07 -5.00763079986131e-13 -4.46782565736993e-18 3.76552654009493e-11 6.42564776091866e-17 -9.10471067015901e-12 2.01518117366735e-18 3.66131297388579e-07 -8.94436999750075e-10 -3.87940559731892e-18 1.12863885522027e-10 4.68544539354647e-17 -1.23918086220254e-10 -4.33708366288677e-18 -1.22113134163896e-07 2.58109388914659e-22 -4.47520827218967e-11 -7.65149498660022e-19 -1.09328095441342e-11 -3.25713260007060e-17 2.28365116516244e-11 2.38626028583488e-18 -2.39672781850517e-08 -1.77714696801623e-21 1.71624889626045e-21 5.25004624262227e-10 -3.88595194343903e-18 5.56547005208172e-11 9.55762579022725e-17 -9.26704658382547e-11 -7.90771324156893e-18 6.40649156008462e-08 9.15188525034332e-22 6.06049999564161e-15 -1.18839251010878e-21 1.17058693347044e-11 -1.68754081389740e-18 3.88402563447700e-11 3.50232269555405e-17 -8.38035260340904e-12 -3.58234790867258e-18 3.08048722004793e-08 1.21799416081793e-21 -6.17447538633277e-15 -9.54498299636967e-17 -4.17560090543921e-17 1.24682774312745e-15 -4.24498174463816e-16 7.93895214593122e-16 -1.02838497201762e-11 -2.85444416676597e-11 -6.89651023514032e-18 2.34700920782967e-11 1.20961020216366e-11 2.49026130836037e-17 1.12440430503303e-10 -1.28754879390520e-10 -3.09020221822468e-17 -1.00479184571563e-10 -1.01452132665909e-10 4.68599772768637e-17 -1.53362839974487e-17 6.35402710602523e-11 -4.58820982580074e-17 4.72403925460125e-11 -5.10937742802938e-17 1.52922570069806e-17 -2.87223938984915e-11 8.03013256548130e-17 -4.04797214220204e-11 5.63144286804272e-17 -8.52267154109741e-18 -4.35291650456933e-11 -6.00736825776165e-17 6.75872272815860e-11 -4.78509167117782e-17 4.34844984577529e-10 -9.77507977702693e-20 2.46326643614302e-11 -8.04667343703584e-19 2.51124618224333e-11 -9.33687275008741e-19 1.63937662558009e-09 -5.23137368236352e-10 2.44977772636347e-18 -1.30804488700437e-12 1.95782502400915e-18 -6.02115453296539e-12 6.80255876262147e-18 -5.02947696858124e-08 -4.90947607323276e-18 -5.41685810088178e-10 -2.41586851461429e-17 -9.34985861687711e-12 3.82496619828281e-17 -5.01506525092421e-12 1.25486865978619e-18 -8.77649101425600e-10 -2.86725842351683e-18
 -2.00084007921206e-15 -1.10293858654433e-16 4.30747072765885e-16 6.98333679425226e-16 -1.68040727335246e-15 3.07612415575368e-16 -1.02429270765653e-10 1.57495409871625e-09 9.60787124980520e-17 -1.52290399339336e-10 2.29357057567394e-09 1.55595685786381e-16 2.48822714201234e-10 -7.44554812026263e-09 -6.89926326548635e-16 -1.14402391955743e-10 3.50992447977422e-09 2.77659691328599e-16 -5.20093721238317e-11 1.07908436859918e-09 9.39934752643336e-17 -1.07452097290869e-18 3.66911888809016e-12 -1.20310798920915e-17 -3.07326702619239e-12 -2.18490007079738e-18 -6.92604009946214e-19 1.30309848383228e-11 2.10651289991784e-17 -1.27096490007344e-12 1.20774995897729e-18 1.12882864301143e-18 -2.64652319178473e-11 -4.37934591776441e-17 -3.97197699761598e-11 -1.22644670203713e-18 -7.38847774457079e-19 -3.03729491671818e-11 -1.35481189764118e-17 -4.40189308651302e-11 -4.55412443450703e-19 1.46706881297318e-07 -3.35809594126181e-18 -5.89375398675686e-12 -2.99459278262575e-18 -3.05080126482509e-12 -2.43394968225267e-18 2.81237660665583e-10 -1.22113328776425e-07 4.35695449176775e-18 1.39350200248744e-11 9.40360447687438e-18 6.24223550783903e-12 2.58331024064803e-18 -8.94436999750068e-10 1.03683307710225e-07 -2.74793036636710e-18 -4.62345221351853e-11 -2.78620180505242e-17 -7.26317835092082e-11 -2.20479859721758e-18 -5.67237682402183e-15 3.39800248733785e-22 -8.24203490094514e-09 2.61978724417777e-19 5.64137193213333e-12 1.00190629626180e-17 3.58444713432015e-13 8.14260664148012e-20 4.12753128522223e-11 -7.30370560496945e-22 -4.65999599150447e-22 7.22029016289029e-08 -6.45083285529047e-19 -1.97770092748932e-11 -2.85657079961730e-17 -1.39801380112841e-11 -8.20405316761844e-20 2.21352642359277e-10 6.99250135621288e-22 -5.66948696465777e-15 3.58727213839805e-22 2.53537126920511e-08 -2.27211846528383e-19 -4.99100088314825e-13 -9.98350731519426e-18 -1.46754605862719e-11 5.23260520469356e-19 -6.75524810200657e-11 1.07067335819005e-22 -5.43457141756358e-15 2.96843089199103e-17 8.68923258393301e-18 5.22256360280620e-17 1.12430339766213e-16 -1.06054569808936e-16 9.34919916239322e-12 1.01471277798940e-12 -5.58079902974183e-18 -9.77738250721844e-12 1.86098853067924e-12 4.19878799480937e-18 3.21138583709210e-11 2.66361663538450e-11 3.17917707013910e-18 -4.67184794841508e-11 -2.34629496078478e-11 -2.01911249917325e-17 -6.70771729473777e-18 3.30104960096203e-12 2.60258797739739e-17 -2.90877898847655e-11 7.57324315939225e-18 6.85480550248222e-18 2.91570852981230e-12 -3.35178256837420e-17 1.79559925124793e-11 -7.27004740457645e-18 -4.01301180126732e-18 6.10072683524155e-12 2.17688281409925e-17 9.62443181347298e-12 1.23651059262330e-18 -1.09227721689041e-08 -1.69434045236707e-18 2.97167658731352e-12 9.82351215093018e-18 -1.27356243801566e-11 -2.51701200392935e-19 3.45482217283361e-10 1.15326117520829e-07 1.99293763827312e-18 1.62100594134006e-12 -6.85734951824465e-18 1.84352455340880e-12 5.88014016600803e-19 -1.30646451527921e-10 -1.66869362552657e-19 -2.94892671975695e-09 5.75588686604908e-18 -5.16573637186976e-13 -8.25302461067530e-18 6.07171945255102e-12 -1.34727718337608e-18 -1.98026892036877e-10 -2.76990103501796e-19
 1.27126569358288e-09 1.41093275134265e-10 9.80641526685278e-10 1.10672890216335e-09 1.15911107483043e-08 7.11087227363328e-10 -4.04687625504523e-15 4.22823397878574e-15 3.83811203884064e-11 -5.16161395069352e-15 7.23981777236442e-15 -3.30683096350361e-10 1.70792663717649e-14 -2.16332513556808e-14 5.34590417986529e-09 -8.39118829122778e-15 9.67222958991655e-15 -1.03886085644099e-09 -2.50018502132623e-15 3.37295812857006e-15 -2.95912889716790e-10 4.02232171989151e-07 -1.25934457151015e-17 -3.19602158493118e-12 -7.76381482417439e-17 1.27332374531238e-08 -8.56918875555386e-07 -3.21759026321303e-17 1.27603225591555e-10 -9.53211765071318e-17 -6.21369925245396e-09 2.03342518846961e-06 2.62095154139266e-16 -2.59159473955092e-11 3.34906983616035e-16 9.56419023575235e-09 2.41547591529047e-06 -2.87763599111462e-16 6.13746395197955e-10 -5.08744029788197e-16 2.64185112360797e-09 -1.07761256484979e-17 4.44743987079721e-07 -6.54562374277338e-17 7.02459220636846e-12 -1.40933069571406e-16 1.01573613422230e-09 2.65409602975402e-18 1.25304446214552e-17 -1.69061932121908e-06 1.73701462753117e-16 -6.90408742659293e-12 4.16744869860704e-16 2.63802022048371e-09 -3.87940559731896e-18 -2.74793036636711e-18 6.12522030736230e-06 -1.38181000125376e-16 1.29349322083346e-10 -5.59577644139932e-16 3.52916915106696e-10 -9.04560255714758e-18 2.32342120608368e-13 -4.52113754096787e-19 -1.76070309538180e-06 5.76711894484097e-17 1.75599740474347e-11 3.95079123326640e-17 -1.55144517378163e-09 2.54414592463449e-19 2.00979301690505e-13 1.26004584708559e-13 5.22798461579851e-18 5.26035575179700e-06 -1.18616737971705e-16 -5.34953682881417e-14 -9.86434873165014e-17 1.03291884210638e-08 -9.73996730103337e-18 -3.31272225523208e-13 9.75808771515119e-23 2.69929141449303e-13 2.48497895634646e-18 1.20316303734091e-06 8.27461446010099e-17 -6.04973958902846e-12 4.22392911543791e-17 6.46849331715752e-11 -4.23169127592611e-18 -1.57224260407563e-13 -1.82871619628034e-22 -1.92688585150080e-10 -5.26373598839420e-10 -3.29221702308380e-09 -1.24650472315842e-09 3.53754919071246e-09 -3.90583590135057e-17 -1.24439915232888e-16 1.38921661595032e-11 -7.20472093834249e-17 1.66796870911709e-16 -4.25590947151187e-11 -1.39173401316937e-16 -1.02155306590767e-16 3.15104453349508e-12 -1.33404975912151e-15 -3.08707025101130e-16 -7.80643512902817e-11 7.75691619168680e-07 -2.03119717714683e-17 7.78619520168505e-14 -1.64252554397437e-17 2.15323572006450e-09 -2.23590722736006e-06 4.01640879679748e-17 -1.17520123014568e-11 3.13528142725001e-17 -4.86488628062156e-09 1.22126030992225e-05 -2.55440677061416e-16 4.48628047986140e-11 -3.32486926375508e-17 2.55097352455491e-08 6.18320743296914e-18 2.58298033273822e-07 3.58827328031927e-17 -2.06025795274854e-12 -8.49289510041250e-19 -7.61931312047544e-10 -1.03657380116413e-17 -4.02613240875983e-18 -1.42078370935721e-06 3.51781469815578e-18 1.40344504339022e-11 1.27563903813359e-17 -4.45054007056852e-09 1.23283117760085e-18 -1.93570101729147e-15 3.28521229107612e-17 3.18581049625264e-08 9.74190718938323e-17 -5.69702541942046e-13 7.72152637716456e-18 -2.61035029143450e-09 -5.23576460814618e-17 -4.29288295812787e-15
 1.27281162665272e-13 9.04938250558303e-15 -4.30748576090962e-14 -8.38887393003316e-14 1.93462755183676e-13 -2.63628619629846e-14 -4.93460080846467e-07 -6.65281839450786e-05 2.30040882459403e-14 -7.91445690498973e-07 1.07307140985279e-04 3.81491015568907e-14 2.31982465981992e-06 3.07439463241394e-04 -1.07741310982002e-13 -1.06955422461072e-06 2.05026834287164e-05 5.63396829623029e-14 -3.43865929901943e-07 -6.06789948983572e-05 1.88186827672605e-14 7.40310594780176e-18 2.90326569406376e-06 7.66690348841357e-17 5.59818128566880e-09 -6.97036938403893e-17 -1.15912894708613e-16 -7.78581329002253e-06 6.69430248808654e-16 -1.63836929411013e-08 2.18978824546492e-16 1.74897556346233e-16 6.31659576674546e-05 -2.50682246018622e-15 2.07021536050030e-08 -2.95557675298497e-16 -9.01291970963890e-17 2.81474837226657e-04 3.44724589532243e-15 -2.86248475400975e-08 1.92242824309508e-16 -1.68024634179379e-10 -1.65626681601799e-16 3.15453998265241e-05 3.44780289873845e-15 2.29101021428952e-09 4.57289286400834e-16 -1.45054644880867e-10 1.36820562258546e-10 2.39699753740953e-16 -1.02941869136122e-04 -6.95263826747938e-15 -4.27213125341441e-09 -6.51017150742741e-16 1.12863885522027e-10 -4.62345221351853e-11 -1.38181000125377e-16 2.93764812460064e-04 3.87116734603231e-15 1.29086493393431e-10 4.09928771352659e-16 -5.38395961602332e-11 -1.25610567550029e-20 -1.78743088083713e-11 5.34725437237484e-17 -3.32928160871778e-05 -2.90055835061869e-16 3.10516080593154e-12 -1.34482899689475e-16 -1.36761658983911e-11 -4.27130882239883e-20 1.89916335475743e-20 3.38151366389540e-11 -5.19208807445865e-17 1.21037250674785e-04 4.49774470655983e-16 4.27961408238525e-09 1.41699203767444e-16 1.81960511410145e-11 5.97545950806585e-20 6.79499896523709e-19 5.02780018966393e-21 -6.46837770538635e-14 3.83705794386623e-18 1.79599528376585e-05 1.11598227703529e-16 -5.80408998707972e-10 -1.58057746328791e-17 -2.38031683188778e-11 1.27724092614403e-20 -2.98005402208641e-19 5.94683507894271e-15 2.65430138048598e-15 8.01893569873266e-14 8.32440607015363e-15 1.91663363182010e-14 2.43388568202549e-10 -3.14579386274464e-06 -2.22763132119034e-16 -1.81202146599115e-09 5.33206840795221e-05 5.87049782494072e-16 3.34400592791972e-09 3.22676904940670e-05 7.21451802422595e-16 -1.12404053934994e-08 7.47926871396779e-04 1.66200532059436e-15 3.43676160801551e-17 -4.26751807038932e-06 1.16329589341288e-15 -1.68979627911083e-10 -4.74534335318684e-17 7.80478332639361e-18 1.47628261704898e-05 -1.23354653191371e-15 1.58687522073807e-10 1.37598662201238e-16 4.93099090711242e-18 -7.30125857458942e-05 7.08104051634193e-16 2.78111180630045e-09 -7.11689362057132e-17 -3.25100671535755e-12 -2.22834303091887e-16 -7.05509545080315e-07 4.27132840695334e-15 -1.17204859399292e-10 6.48407296898829e-16 2.82736613570112e-12 -2.42178156199352e-12 9.59948805529539e-17 4.21646754887905e-06 -2.40139922368653e-15 2.65734980653681e-10 -3.01387430410384e-16 -2.67645560453702e-12 -8.74122335512242e-17 8.91992816337937e-13 -5.68919153297795e-16 -5.91303066318815e-08 -1.79791731072658e-16 5.46505867643186e-11 1.33826365635908e-15 -5.89487412190879e-13 -2.72493026522046e-16
 -2.15696720551313e-04 -3.42253169528317e-05 -2.12262805067231e-05 2.64648744242760e-04 5.41357212604278e-03 -1.16884629481469e-04 1.56681824625775e-13 1.77944420912639e-13 -8.77132194355929e-04 2.45141529873287e-13 2.49356858579038e-13 -7.17410221746912e-04 -7.74504064760256e-13 -7.87135735012933e-13 5.55686114892892e-03 3.61842760555672e-13 3.77003531006498e-13 -2.03373458681274e-03 1.13640147075257e-13 1.12016861523890e-13 -6.66438385556694e-04 3.14068629570637e-11 6.50036793783214e-16 1.48967466908015e-05 -8.68746783778974e-16 -1.82807733385671e-11 -1.42703507166628e-10 4.95316629026710e-15 -3.57677825510081e-05 2.31290457060047e-15 8.00270787388065e-11 3.35081750538011e-10 -2.82389686474918e-15 2.37175223763993e-04 -3.37379707859177e-15 -7.46753440850766e-11 -3.98333473849484e-10 5.76797847650791e-15 3.77094706019912e-04 1.82563953813002e-15 6.29953218253531e-11 -1.61346985409634e-16 2.92890261572911e-12 4.70201573099847e-15 -2.27038128991630e-06 2.08442168626157e-15 -1.39733016763547e-10 -1.13526527858945e-16 8.54985551077233e-17 -3.56713278971975e-11 -5.55554188079774e-15 1.50228267016586e-05 -3.14267005840517e-15 1.93527638018217e-10 4.68544539354646e-17 -2.78620180505242e-17 1.29349322083346e-10 3.87116734603231e-15 1.86588124521895e-04 2.40329543044970e-15 -1.38027903727695e-10 -2.60529270438172e-17 4.54609123218526e-13 -5.14975728690915e-17 1.51814506819381e-11 -3.48195042854594e-16 -1.48713704728743e-05 1.00551069702432e-16 -5.31135744605744e-11 -3.64306893430011e-17 7.59743184097314e-13 1.84969420331290e-13 1.56670460530887e-17 -5.94280595093734e-11 2.60416302601459e-15 7.51163845752215e-05 -1.18671272208366e-16 7.11551276525159e-11 -6.92497124836174e-18 1.40952318875077e-13 -6.88094159688410e-25 4.67208560710766e-13 -2.01629733227808e-17 -4.61494245986327e-11 -5.44555831989396e-16 1.20081056938879e-05 3.56613316161890e-16 4.17565358211710e-14 -2.62987877712354e-17 6.85486105364338e-13 -8.00064566138331e-25 -7.28341693831457e-05 -2.33039753440960e-04 2.43911781188646e-03 -2.96503768748568e-04 7.82303450749479e-04 -1.98175338872821e-15 1.47756557532595e-15 -3.06396766913611e-06 1.79840322246605e-15 -1.22966243463151e-15 -1.46394826793004e-05 -2.54130069502491e-15 3.16525008685863e-16 -7.85407980326919e-05 9.17335208942472e-16 1.38929112982824e-14 -3.25584808037326e-04 3.07004952366763e-11 -1.64992029609769e-14 7.31715600477434e-07 -4.83855573298511e-15 1.12454482798305e-10 -4.34919251034974e-11 1.91993066715916e-14 -1.89431663895700e-06 5.13390195353384e-15 -1.32779583182850e-10 7.82412112128745e-12 -1.17159874926476e-14 1.81775072995827e-05 -2.84177006140711e-15 8.31203130542317e-11 -8.74850398975239e-16 -6.87602093846358e-12 -1.25511095081299e-15 3.34632810904106e-07 -1.93494717580680e-15 1.39561203275452e-11 -6.50379678728902e-16 4.62888616634914e-16 2.17364060149788e-11 1.23523188164805e-15 -1.17493975745636e-06 1.33564126461782e-15 -1.45882028769428e-11 3.65740969846732e-16 3.37284057843457e-13 3.00222118213375e-17 -3.09360197508565e-13 4.42339908102869e-16 1.11164499002207e-08 -8.05309761674577e-16 4.20475675269736e-12 5.41147115545788e-16 3.25847699249015e-13
 1.88149574199583e-13 2.82565371526877e-14 -1.42034632714647e-13 -2.62669317608893e-13 5.83965609702189e-13 -1.04408819416387e-13 -6.65486339890914e-05 5.00946250850052e-07 -2.34239026153300e-14 1.07270445866491e-04 8.03775131424378e-07 -3.09887907478117e-14 3.07546869442054e-04 -2.35697121139556e-06 1.56223275958563e-13 2.04535901428999e-05 1.08651885453705e-06 -6.09671642466942e-14 -6.06956613573676e-05 3.50518708729628e-07 -1.87819028451975e-14 1.40682524246495e-16 -5.82750156275221e-09 5.95486457708728e-16 2.90360790005610e-06 6.11882624502783e-17 -3.93961205020989e-16 1.65209767855315e-08 -1.53258216161726e-17 -7.78631759889341e-06 -3.13075192640758e-16 5.56946911402993e-16 -2.05373306533933e-08 4.08797430836505e-15 6.31659609396552e-05 4.96476620912570e-16 -2.85727890148841e-16 2.82685356622546e-08 5.96889378733830e-15 2.81474831565944e-04 -3.05031058254344e-16 -1.83244914984517e-10 -6.10004115524732e-16 -1.97868387507893e-09 -6.35150025629891e-16 3.15453390678909e-05 -7.58169915471045e-16 1.45111812592229e-10 1.45416414448333e-10 9.33551639242055e-16 3.93916268354039e-09 1.52586109507029e-15 -1.02941693502610e-04 1.01456756771083e-15 -1.23918086220254e-10 -7.26317835092082e-11 -5.59577644139932e-16 1.29086493277885e-10 2.40329543044970e-15 2.93764675845811e-04 -5.68769654076896e-16 4.56709428594797e-11 -2.91025986235334e-21 -1.20396701564277e-12 2.11390717238565e-16 3.70668552578766e-11 -1.32489120973292e-16 -3.32928123174962e-05 1.67637738539295e-16 6.01376670248587e-12 4.85999579283342e-20 3.07449785045137e-21 -7.74493432064183e-11 -2.03116544650380e-16 -4.18091261392476e-09 1.44408058033437e-15 1.21037270556581e-04 -1.45154588272713e-16 1.85403562493816e-11 -6.56722793842640e-20 9.67350154785579e-19 8.90823254031490e-22 -2.68092983728167e-11 2.08726433467840e-17 6.79846172402425e-10 5.86395315742597e-17 1.79599470899010e-05 3.55676143601532e-17 1.38533340069708e-12 -1.29670749537805e-20 1.01409069207567e-18 -2.80025733213828e-15 -5.64383325071308e-15 1.96096710591151e-13 -1.31138039716533e-14 2.52278899201198e-14 -3.14577915945372e-06 -2.11985067717685e-10 -5.17534206644976e-15 5.33206165582606e-05 1.81087346124120e-09 6.81632624209549e-15 3.22677285822271e-05 -3.34666582100240e-09 -5.77125869569271e-15 7.47926674086192e-04 1.10866924557908e-08 1.33027893528155e-15 3.61160665627420e-16 1.60972787800903e-10 -7.33612109042273e-16 -4.26750376254808e-06 -7.63186454119317e-17 -5.47108987642557e-16 -1.08662016085276e-10 7.06666842501712e-16 1.47628747004705e-05 2.52699066669719e-17 2.99417496687961e-16 -2.82721196890148e-09 2.01848190231491e-16 -7.30126214195835e-05 2.60323537680007e-17 8.36534078762070e-12 -7.22596337043341e-16 1.05222791869210e-10 2.15129246620341e-15 -7.05479165198995e-07 -1.02934752089809e-15 4.28795178877225e-12 -3.53959795615776e-12 3.13826228369812e-16 -2.47073311817730e-10 -1.08073837816743e-15 4.21628786485999e-06 4.62878244174925e-16 -1.29431837001957e-12 -9.72228460919609e-18 -1.34396396116505e-12 -1.80839973795944e-15 -5.19728856219200e-11 5.82278753255095e-15 -5.91207006514565e-08 -2.34651834964578e-15 -7.14680268767242e-13 2.91063054887929e-16
 -1.35384232261882e-09 4.09352886333651e-11 -9.35331224349358e-10 -1.69155069074384e-09 -7.97312142477215e-09 -5.86770556710284e-10 -2.11387284660390e-15 1.06073349482056e-14 3.04282557933401e-10 -1.08640061976225e-15 1.56986636413947e-14 4.47328327422736e-10 5.85194382661522e-15 -4.95068816087375e-14 -5.37155165453424e-09 -3.49189225504192e-15 2.31074289523060e-14 1.42914235075168e-09 -7.04089635209434e-16 7.46604369120544e-15 4.08924800957080e-10 -1.27371782245366e-08 4.74385803830786e-17 -9.93850818429650e-13 -8.43347507185602e-17 4.01419876843018e-07 4.39642699507472e-09 1.11512165237070e-16 -9.74362977926776e-11 -2.18938745846636e-16 -8.57577586148644e-07 -8.56851302854913e-09 -1.39184097549968e-16 -6.91218591307714e-11 7.10963077425814e-16 2.03329146183621e-06 -3.00102054823786e-09 1.82698801875045e-16 -4.73977097188480e-10 -6.68428079461558e-16 2.41550706700475e-06 -1.90221306253414e-18 -1.37108075755202e-09 6.81339952100441e-17 1.34973976950001e-11 -1.86081120517754e-16 4.44143188997493e-07 6.91003280209698e-18 3.42166317808020e-18 -2.76402038018962e-09 -2.32600235276323e-16 -1.97417404080244e-11 5.46535469543241e-16 -1.69012500204152e-06 -4.33708366288677e-18 -2.20479859721758e-18 3.52916915106975e-10 4.09928771352659e-16 -1.38027903727695e-10 -5.68769654076896e-16 6.12472867519282e-06 -3.11142451532977e-18 9.20520636397377e-13 1.96703519137500e-18 1.47670873295640e-09 2.61849428690289e-17 -9.65768188044661e-12 7.80583015848274e-17 -1.76088452082016e-06 -1.29099516296263e-18 -7.35628441956080e-13 4.45016976452722e-13 -1.51080793910243e-18 -1.00059459539496e-08 -4.01792122577073e-17 -4.53916590632795e-11 -1.35425388129284e-16 5.26034527322892e-06 6.32011878897366e-19 -2.48236227258831e-13 -8.68460805792778e-23 1.09460972490791e-12 -1.05008129365875e-18 -5.11676557956512e-11 3.68637353479226e-17 -1.30599398567737e-12 1.39003234467498e-16 1.20313032870174e-06 2.29793460493064e-18 -7.24973081680829e-13 2.23870924439992e-22 1.62660048220453e-10 4.19170644876647e-10 -9.33351321776092e-10 9.09662608659171e-10 -2.55663493869129e-09 -3.13314556808386e-16 8.28949031408114e-17 -7.44652759329058e-12 3.32727033929533e-16 -1.62937317938965e-17 1.82754573849939e-11 -3.78106038287815e-16 1.88644634591244e-16 -4.54612865435266e-11 -1.20125875777050e-15 7.81245406329398e-16 4.92407081123092e-11 -2.10676189727854e-09 -4.72581066095033e-18 8.25418457745000e-12 -3.82509092405432e-17 7.75671662184953e-07 4.74723910700156e-09 -1.02146933030589e-18 -7.21259854479247e-12 8.06340219622948e-17 -2.23589782508756e-06 -2.48060249132704e-08 -2.29514203328460e-16 -3.16480099703385e-11 -3.32562691221342e-16 1.22123519508347e-05 4.99801955648561e-18 7.87970863652659e-10 -3.13289879670717e-17 1.37834533419720e-12 8.94944616321037e-17 2.58302283242712e-07 1.58167025462320e-17 -4.35419923494598e-18 4.56783634506459e-09 2.34256106794332e-17 -1.34637678441604e-11 2.54366827323295e-18 -1.42079152811837e-06 -1.02983884345283e-17 4.53804179337182e-15 8.20870608878258e-18 2.59923388380161e-09 -5.76142368627300e-17 -6.96949872413812e-13 2.64847225594606e-16 3.18655995849000e-08 -2.35853657222869e-17 4.76148295383723e-16
 -4.67119052820363e-15 -3.29896059427555e-16 1.39555933592261e-15 2.53211361719487e-15 -5.88912341000607e-15 1.01395482912088e-15 -1.29367360876677e-09 -1.77785900606471e-10 2.33957597666908e-16 -1.84423389839899e-09 -2.98268524211890e-10 3.87309160351074e-16 6.10097305468271e-09 7.26282539702642e-10 -1.84913625746093e-15 -2.86457356138419e-09 -3.28829541993224e-10 7.24457071594374e-16 -8.93143157851856e-10 -1.30483452203660e-10 2.30759978023135e-16 3.60571600596796e-18 -6.41673096914784e-12 -2.34770438309389e-17 -1.35895449457531e-12 1.88056411243254e-18 -7.78685521697958e-19 7.12171110984686e-12 3.08387294997668e-17 -5.39388091646494e-12 1.25153692606907e-17 6.87476903802763e-18 -4.87311427571295e-11 -8.85252021586037e-17 2.93362194486903e-11 -8.48049497248164e-18 -4.64236844695914e-18 -2.37506039464509e-11 -4.77886977610583e-17 4.20176642415880e-11 -2.28513563801979e-18 -2.82764638952760e-10 -1.54833029717862e-17 1.30139555642541e-12 8.07385579474802e-18 8.61323155142467e-13 -6.43822680601364e-18 1.46709498268689e-07 8.95263195160812e-10 1.98897277322415e-17 -1.61691803590650e-12 -1.95228839295699e-17 -4.04115962984681e-12 6.33949120913014e-18 -1.22113134163896e-07 -5.67237682307585e-15 -9.04560255714758e-18 -5.38395961602332e-11 -2.60529270438172e-17 4.56709428594797e-11 -3.11142451532978e-18 1.03683062243910e-07 -3.78709121391798e-22 -4.16434435870020e-11 1.65336699368968e-18 1.85380147881636e-12 1.16198801811613e-17 -9.08148964247767e-12 -2.31284488583904e-18 -8.24097989535078e-09 2.67243402813433e-22 -3.18987839392007e-23 -2.20903251968703e-10 9.92402068132086e-19 -1.34417633388187e-11 -3.71000118678777e-17 3.13697298208870e-11 5.32830363503250e-18 7.22025141362883e-08 1.32445665531336e-22 5.43396485509636e-15 6.49041497944501e-22 6.75415816242725e-11 2.23198081712780e-18 -1.23668769686289e-11 -1.39413483358263e-17 5.59204295971566e-12 3.39085774633003e-18 2.53539588470232e-08 -4.59162068617089e-22 -5.66898218723300e-15 5.09970176559516e-17 4.86073847198245e-17 -9.61266126142099e-16 2.10213508908572e-16 -3.69535893266820e-16 1.85804630579436e-12 7.59155002573547e-12 -8.60370278287101e-18 -3.60649608218027e-12 -6.34350408047691e-12 8.76426683258834e-18 -2.50036704121414e-11 3.23296343318412e-11 2.51813330430800e-18 4.79854400250642e-11 -2.60134741824911e-11 -6.48368763424249e-18 1.22370216340650e-17 -2.13787792376577e-11 3.17049367106166e-17 -1.42373424937312e-11 3.82519770927269e-17 -1.37716149905268e-17 1.07685700195011e-11 -4.29502015418229e-17 6.22120177369219e-12 -4.07595265382558e-17 7.67068089606519e-18 1.30719360979825e-11 2.65245714306702e-17 -1.64560398197919e-11 2.28720897802113e-17 -3.45600116226384e-10 -1.09159532172206e-17 -8.05971305333352e-12 1.43611466339981e-17 -7.14790584782991e-12 1.26358822781988e-18 -1.09228666747758e-08 1.30800419450436e-10 4.93130132350883e-18 5.86519776656717e-13 -7.85141608728637e-18 1.26215890618329e-13 -1.69098752192423e-18 1.15325921126422e-07 -1.61290448948094e-18 1.98036300971386e-10 -7.23223584782910e-18 4.04213969907910e-12 6.30084077900062e-18 2.45414488523669e-12 2.33317382059634e-18 -2.94886969383858e-09 -8.47197514907083e-19
 -2.07552884460222e-13 -9.77132491345882e-14 4.49065267016788e-13 3.98697867190206e-13 2.61456183175160e-11 3.73588514843443e-14 8.00181736796137e-20 -1.32604011993821e-19 -2.40934078344060e-13 1.18071510904987e-19 -1.92996179968053e-19 9.36885054698520e-13 -4.00064470453456e-19 5.86088692529725e-19 8.41124858579831e-12 1.91743573170706e-19 -2.88448768438808e-19 -1.14646664899494e-12 5.62946312732730e-20 -8.21038936764077e-20 -4.75730968444420e-13 1.40736596991066e-13 2.68474593771937e-22 2.34021999212008e-15 -1.23161573967294e-21 1.81606795142190e-13 -2.76482523270005e-13 -1.76182188989551e-21 4.91474337056683e-14 -7.09788866616338e-22 -7.75420049223337e-13 8.97917026483061e-14 -4.46425626903059e-21 3.64895050544082e-13 -2.25178209859997e-21 1.07163050391961e-13 5.90259141489644e-14 -1.49583500062209e-20 1.45890834456747e-12 -8.92127608616473e-22 3.16049923518976e-13 -1.04265081711922e-21 -5.76285139993531e-14 -3.96026917318552e-22 1.57711142675149e-14 -8.04297054416864e-22 -2.60855921820457e-13 -5.73476093771126e-22 3.68849088313621e-22 -1.17837225101676e-13 5.84752395541432e-22 -2.19001895624108e-14 1.97681833046782e-21 -5.00564756221454e-13 2.58109388914659e-22 3.39800248733785e-22 2.32342120608368e-13 -1.25610567550029e-20 4.54609123218527e-13 -2.91025986235333e-21 9.20520636397377e-13 -3.78709121391798e-22 2.07890586236338e-08 3.39857845247669e-22 -1.22541577043204e-13 2.26150952823603e-21 -1.89400028118389e-14 -2.64893513189336e-22 -5.12767497025594e-13 4.19788543736305e-22 -3.31760233190227e-18 -8.29584556476628e-09 -5.52864777597357e-22 1.88646175292110e-13 -1.04734968419778e-20 1.24269631961428e-13 1.10892109426453e-21 7.28953947838309e-13 -1.40687508258691e-21 -7.13491919251754e-11 7.70110574665405e-23 3.60782615057731e-09 -4.04670806361695e-23 1.25380325355151e-14 -1.51325523771168e-21 1.45525720868052e-14 -8.40119817333301e-22 2.04035880985515e-14 -5.96557756321002e-22 6.62687388119188e-11 -3.07414393369893e-23 -4.22024493532586e-13 -1.46517677035315e-12 -2.83529453555032e-11 -9.30239318600678e-13 6.64229084802274e-12 -1.86049701173872e-21 4.39366580740528e-22 -1.20387931529067e-15 1.12957976444738e-21 -4.19526326960522e-21 -4.37988611221424e-14 -1.89318618295047e-21 -3.37789030320938e-23 -1.32521490571307e-14 -5.53162152807830e-21 -3.04548566330149e-20 -6.01293110431047e-13 2.77637091546889e-14 -2.57039010635666e-21 1.86472157590848e-15 -3.96904346749766e-22 1.19391038459392e-13 -5.94285747921825e-14 1.64560401353410e-21 -3.73503214010087e-15 -2.49134667129564e-22 -1.30735655418501e-13 3.02406910030101e-14 5.15349174734651e-21 3.85465985358445e-14 -2.40284728611740e-22 -6.01336764920718e-14 -2.12727343056686e-22 8.41517982224392e-15 -7.98484756157683e-23 1.43039118860123e-16 7.83829737588851e-22 3.18126082494164e-14 -3.85824078868646e-22 4.13754628302948e-22 -5.02836756404116e-15 -9.11623908945387e-22 -1.79273304819843e-15 1.25233025649822e-23 8.75040334970024e-16 -6.62391515706485e-23 1.20303044988763e-11 -6.48851019373722e-23 7.07722035708930e-17 -9.51783793556328e-22 2.61923212096808e-17 2.11022229731250e-21 -3.18984940366672e-15 -6.63386496416670e-23 4.87234699040298e-16
 -1.05128185631160e-15 -3.48919740143889e-17 3.07877664061230e-17 -7.35339960116159e-17 -5.07502758443922e-16 4.95727565246436e-17 -1.65380339381210e-10 -2.27512562669328e-10 3.39467430547900e-16 -2.36395907884645e-10 -3.30059353740674e-10 5.94782979882991e-16 7.23410108999068e-10 1.00473169664736e-09 -2.15782961470171e-15 -3.44515861619828e-10 -4.94747495342057e-10 9.33677775351725e-16 -1.02936116130969e-10 -1.40682515738468e-10 3.17345888524635e-16 8.95814925197958e-19 -2.76866562510137e-12 -1.36446263926951e-17 2.28110591445305e-13 1.10631000306029e-18 -2.44303792968663e-18 3.90479631401504e-13 1.98572155048709e-17 -1.01320445536731e-11 -1.14786211376576e-18 2.83660794388838e-18 -7.32021721203908e-12 -6.14593305140767e-17 -1.30053672070314e-12 3.70128248507160e-19 -6.66055070272537e-19 -2.42183440317618e-11 -3.49783565532795e-17 -3.46741861933359e-12 5.62863822016391e-19 4.16418785612160e-08 -1.91045471201823e-19 1.19346968333291e-12 -6.84748248439370e-18 7.91784944497352e-12 2.83255690096296e-18 2.63842252349866e-10 -2.39677618948197e-08 9.18992996874315e-19 -1.15306162778582e-12 2.11774322638874e-17 -1.03476296120873e-11 -3.40275724837277e-18 -4.47520827218800e-11 -8.24203490094515e-09 -4.52113754096783e-19 -1.78743088083713e-11 -5.14975728690915e-17 -1.20396701564278e-12 1.96703519137500e-18 -4.16434435870037e-11 3.39857845247669e-22 4.08659000936976e-08 7.96111995927330e-19 3.75302287394847e-12 1.22926313204181e-17 3.82156441779404e-12 9.15174751804031e-21 5.76187924790065e-14 -5.56929339097157e-23 -3.96478922189949e-22 -3.62484937654547e-08 -1.08799465541309e-18 -1.34999722471383e-11 -3.29179513959216e-17 -1.37973557006088e-11 -4.03005636456256e-19 -1.53193424899380e-10 7.53362682141107e-24 5.56914104797475e-16 3.91636989417895e-22 3.42292885161214e-09 -5.09204614640819e-19 -9.17818197640564e-13 -6.85025488549066e-18 -3.97170808620981e-12 -5.71014986700474e-19 -2.82476066712851e-10 -3.01276553159888e-23 5.40341767819469e-16 1.42969057820839e-17 1.69821260322647e-17 1.01965922828934e-15 4.82857233210988e-17 -7.66894423567858e-17 8.32103286242641e-12 -3.83820531663809e-13 -1.26346531935583e-18 -6.23954959332506e-12 -2.74909612587862e-14 2.20711945636533e-18 2.22749155834494e-11 4.67020972446404e-12 1.47582561380882e-17 4.25955112304452e-11 -3.32387372421615e-11 1.59094117820249e-17 -4.88323954211348e-18 5.69036766749110e-12 3.68353625975220e-18 -2.52959217779703e-11 -5.36063102749017e-18 5.05044087445509e-18 -1.28844668801985e-11 -6.19737940345109e-18 2.11138702833481e-11 6.03256897968885e-18 -2.68179631341949e-18 1.31715640139930e-11 2.68164530491427e-18 -8.28215951016961e-13 -2.23139376001958e-18 6.17395567913448e-09 -2.02885029510691e-18 4.59042507064553e-12 3.31591017362686e-18 -1.11470823249671e-11 6.05997434757677e-19 2.31751177215237e-10 -6.85603182898630e-08 1.01577370555196e-18 -5.76290220610416e-12 -8.88922321211076e-19 5.55890437164775e-12 -5.23206096637262e-19 -1.34256100533954e-10 3.30706573797822e-19 2.28768961883960e-09 -5.35437226843965e-18 -3.20820673841405e-13 9.44091016079904e-19 4.14857211946227e-12 1.31188101709597e-18 5.66611306878553e-11 3.82124514985938e-19
 -4.94507504591805e-10 -8.57089063799608e-11 -3.42582441372244e-10 -6.84455015678776e-10 1.29902296559094e-09 -2.88193072568382e-10 1.56593628543834e-15 -1.25861735185205e-15 -1.32410250656302e-10 1.91030239058042e-15 -2.23770589961108e-15 7.87106040712728e-11 -6.53481761897339e-15 6.64498808284242e-15 3.76998169786079e-10 3.26979802649875e-15 -2.94858285315378e-15 -1.94731050412264e-10 9.31149435032238e-16 -1.04005125791908e-15 -6.96365134712972e-11 -3.49995103357134e-08 1.03478710363481e-17 1.72131199498461e-11 4.04584946789950e-17 -2.50299970104389e-09 2.97310000328624e-07 -4.03068353143914e-18 -6.10799232105381e-11 1.40544182079872e-17 3.36119533782438e-09 -5.54609622017859e-07 -6.12640711890750e-17 1.27493283842104e-10 -1.31081390309927e-16 -2.76543030757449e-09 -6.99663655316176e-07 9.23788567598660e-17 2.57462051134890e-11 2.02210246887674e-16 8.03733412700854e-11 3.75334667261795e-18 1.63883862931735e-08 2.63985286987827e-17 -2.43520741073842e-12 7.27131429316791e-17 5.37964132362977e-10 1.50842795708592e-18 -3.57782027601334e-18 4.32861669972785e-07 -6.15265174666943e-17 1.96531960596893e-11 -1.85304680978408e-16 -2.50429087583223e-09 -7.65149498660019e-19 2.61978724417777e-19 -1.76070309538180e-06 5.34725437237484e-17 1.51814506819380e-11 2.11390717238565e-16 1.47670873295608e-09 1.65336699368968e-18 -1.22541577043204e-13 7.96111995927330e-19 5.97002609874259e-07 -1.52305943237213e-17 -1.24093894248632e-11 -1.14807433511111e-17 1.16940383559021e-11 -6.80090225349579e-19 -9.10540844249803e-15 -4.87910365894287e-14 -2.08936600376788e-18 -1.57038683565404e-06 3.01628478247952e-17 2.55353905250173e-11 2.98529549549266e-17 -1.85986000321751e-09 2.95569641193709e-18 1.11218060669124e-13 2.53659368464137e-23 -1.30759678837455e-13 -9.44101930747082e-19 -3.29130010730854e-07 -2.40122380350841e-17 8.55703899904909e-12 -1.86290304755993e-17 -3.62770321273799e-10 1.84761846221086e-18 9.27744453368165e-14 2.95833087076074e-23 3.33881017776846e-12 3.92881639421272e-11 1.09118257414433e-09 -3.01908288211843e-11 -2.62079849812614e-10 -7.90794007963115e-17 1.35219978464400e-17 -5.97925178285483e-12 1.61053186656090e-16 -2.03812318694713e-17 1.82439803982360e-12 -3.91574506001771e-17 -6.47057440819198e-18 -7.05490110854410e-11 6.14155614988712e-16 1.32434593160930e-16 -1.20535692708338e-10 -2.33781232403541e-07 1.21534883080150e-17 6.24076345501621e-13 -5.55666929909993e-18 -3.00402117584042e-10 6.75127900485030e-07 -1.40673926911136e-17 4.57889985781594e-12 5.04363353443136e-18 4.71931114178227e-10 -3.71579354955485e-06 9.68000826579239e-17 2.83750185341889e-12 1.44648617506235e-17 -2.75794930253574e-09 2.22256263375610e-18 -8.68558586440648e-08 3.26041388449728e-18 1.08979007261996e-12 2.93377012617842e-17 1.32873624791661e-10 -2.82052173182138e-18 -1.17156780627023e-18 5.30141351293690e-07 -8.81515053179647e-18 -7.95522918234172e-12 -1.76684950027486e-17 -7.33593568198810e-10 1.85570704058902e-18 -4.94951192490125e-16 3.51763247805263e-18 -1.41867752477259e-08 -1.10544549193437e-17 9.77990590296567e-13 6.78780426593821e-17 9.57411855440802e-10 -7.20515063741246e-18 2.88248175701599e-15
 -4.16341061484402e-15 -6.19113342274639e-15 2.93650082234455e-14 5.02737212973478e-14 -2.42072146605114e-14 2.20031511023510e-14 -3.83487947290406e-07 2.27047904514227e-05 1.20370243768326e-14 -6.89960545201865e-07 7.55571184485911e-06 1.84514330613125e-14 1.99904564207271e-06 -1.01881568616625e-04 -3.76932568898691e-14 -9.12011455227601e-07 3.00731577123883e-05 2.44681861199988e-14 -3.01687791920623e-07 1.65049349770891e-05 7.78898599805378e-15 -1.30599263216953e-17 -4.07157788084761e-07 -2.27127479028675e-17 7.02334099634634e-09 5.60408483506619e-18 2.49962942593718e-17 1.83872676811255e-06 3.89526765641217e-16 9.08171790609529e-10 9.33786053876277e-18 -2.26151544743296e-17 -8.46857449840273e-06 -1.46999997155412e-16 -5.28472670760374e-09 -1.21142629634248e-17 2.51670326926812e-17 -3.14132590631557e-05 2.85448664245949e-15 2.36399059893707e-09 9.23768823075093e-18 2.27481573075154e-11 4.73218675849774e-17 -2.96091633725517e-06 -1.28018172559098e-16 2.63186917384834e-09 3.41767222300763e-17 1.56089995754940e-11 -1.90152828973989e-11 -6.94766205673132e-17 1.08067722232210e-05 5.09277017488966e-16 -2.73201413286406e-09 -3.99443503784887e-17 -1.09328095441342e-11 5.64137193213333e-12 5.76711894484097e-17 -3.32928160871778e-05 -3.48195042854594e-16 3.70668552573015e-11 2.61849428690289e-17 1.85380147881636e-12 2.26150952823603e-21 3.75302287394847e-12 -1.52305943237212e-17 4.07358730177385e-06 1.59597027732031e-16 -2.80535139640568e-11 -3.75667104857265e-18 4.45167894085073e-12 2.81616395304341e-21 -3.22631899307309e-21 -6.10054371836290e-12 2.39614689397699e-17 -1.43528057409013e-05 -4.05415060907943e-16 -8.17759241099101e-10 9.53398183631503e-18 -7.00705545193916e-12 -4.12324190468011e-21 4.92289454643542e-19 -7.18111110376646e-22 3.35745717542523e-13 1.45974585091421e-20 -2.14727475960767e-06 -9.47965233953633e-17 -3.30119538365866e-10 1.94603475730298e-18 2.11830319455858e-12 -9.53995005671313e-22 6.86189360060247e-20 -9.74416274571541e-16 -3.73885793778701e-15 2.77347576216843e-14 -4.09772089967716e-15 1.74712435308933e-14 8.52053763018042e-11 3.33353821970624e-07 2.00182144491539e-16 -1.01553714979177e-10 -5.85672366869479e-06 -3.44828414946937e-16 1.02673438053739e-09 -3.67206567232075e-06 5.89736610779193e-16 1.98818174591665e-09 -8.31611231346630e-05 -1.15957280243195e-15 -3.03730710477939e-18 5.60186252278010e-07 4.44875691141962e-16 -3.01822617179914e-11 1.30204021012296e-17 2.15766228653298e-17 -1.86487335105294e-06 -4.14618247284825e-16 -3.26616443292298e-10 -2.84056411962491e-17 -4.71272663026899e-18 9.80709305641987e-06 7.27118270408966e-17 3.00261884833531e-10 1.32251483134197e-17 1.74054292300050e-12 6.54143864743271e-17 1.07883970339388e-07 -4.59469787055240e-16 4.31457095127685e-12 1.67603664514475e-17 1.60690206605268e-12 -2.28815723989137e-12 -3.16357319241065e-17 -6.52516700502974e-07 2.19442892293397e-16 -6.24827466163017e-11 -7.71572944906454e-18 -9.90616373683431e-13 1.49660699931680e-17 -2.58940426638957e-13 1.60335000829956e-16 7.99080604712320e-09 -3.35674975171291e-16 8.47535980385201e-12 4.88526450260449e-17 -3.26109736090287e-13 1.92104970403672e-17
 5.89213657292714e-05 4.23091776266882e-06 2.63930668467643e-06 -6.33659308590099e-05 4.99490150727311e-06 -3.04113843436562e-06 -1.78348645480395e-14 -3.65890145423718e-14 2.46374968580346e-04 -2.80885514070481e-14 -5.23480423491038e-14 3.22674062611553e-04 8.95907721584920e-14 1.64578508357976e-13 -1.12166689956916e-03 -4.17727302355143e-14 -7.83962694408722e-14 5.17385331594888e-04 -1.32549667570183e-14 -2.36067019781370e-14 1.64889054631872e-04 -2.02109510750906e-11 -1.44194152628323e-16 -2.69304776685151e-06 1.07100843211364e-16 9.33690822745945e-12 4.61478913290156e-11 -8.85463973288636e-16 1.01550228432459e-05 -2.58150490003412e-16 -2.33013612783708e-11 -3.26900314812849e-11 3.79731375769931e-16 -1.20187295612775e-05 3.16426789466477e-16 1.67922321584716e-11 2.68719148916293e-11 -8.41545402824218e-16 -1.30526215229143e-05 7.03440314526053e-17 -1.32710796912656e-11 5.07502586595553e-17 -1.00481719686636e-11 -4.31735379242910e-16 1.21838138690647e-06 -3.42077773704531e-16 1.53162180685052e-11 4.78938732084635e-17 -3.34268150451973e-17 -7.90435692008661e-12 4.46925375614409e-16 3.03562213045348e-06 4.45818532101214e-16 -3.08911912808961e-13 -3.25713260007061e-17 1.00190629626180e-17 1.75599740474347e-11 -2.90055835061869e-16 -1.48713704728743e-05 -1.32489120973292e-16 -9.65768188044658e-12 1.16198801811612e-17 -1.89400028118389e-14 1.22926313204181e-17 -1.24093894248632e-11 1.59597027732031e-16 3.65198151327743e-06 -4.01277611233453e-17 1.20676140546064e-11 9.80640495275108e-18 -3.16143724798839e-14 -7.70100002563720e-15 -6.94767596078217e-18 1.47833950180286e-11 -4.98453480179027e-16 -8.39531988596249e-06 1.05483708717160e-16 -1.55823512580226e-11 -4.15051296755350e-18 -5.86140760506526e-15 1.89503850708937e-26 -1.94615208547342e-14 3.11108964358387e-18 -4.66059205887922e-13 -2.48130568857798e-17 -1.34885484804957e-06 8.29178811851107e-17 -8.48718013691263e-13 3.43290168439234e-18 -2.85216659477715e-14 5.35480168786028e-25 2.60822732879893e-06 -2.45444924329153e-06 1.60355044384741e-04 1.67390814290756e-05 3.16163687348738e-06 1.91031766724549e-17 -3.39727378441313e-16 3.48367393266419e-07 9.90657585899729e-17 3.61779541776665e-16 -9.43480192266709e-07 1.58680763781275e-16 -1.59206439364358e-16 5.71271796998562e-06 5.26743632637894e-16 -1.79742280055381e-15 -5.67775675801491e-06 -2.54505748847396e-12 2.61309759502519e-15 3.02152391723412e-07 7.19991786303467e-16 -2.82278263854980e-11 -2.81924201576825e-13 -2.99539792785334e-15 -1.13628082725945e-06 -7.38257493736369e-16 3.08933912361323e-11 8.22925094979239e-12 1.83040178293681e-15 4.04328061571524e-06 2.86958874691956e-16 -3.82425191363819e-11 1.65858777704081e-16 5.05968479478455e-13 1.80660147326488e-16 1.43569442298857e-08 3.47295985425863e-16 -2.05229815730997e-12 1.12263644800675e-16 -8.64915658975104e-17 -9.15945484801791e-12 -1.75144684908716e-16 -3.67742254211307e-07 -2.15233913867080e-16 5.54791794044875e-12 -6.35728828125953e-17 -1.64429175299694e-14 -4.82340236118783e-18 -4.44690628103903e-13 2.40241755380186e-17 1.43058388775495e-08 2.97020454379313e-16 -4.84129231773201e-13 -1.10346649147102e-16 -1.54994398943437e-14
 -6.74286994639955e-14 -1.02341556450465e-14 4.95218806623574e-14 9.21451091609121e-14 -1.62271764419813e-13 3.61497188505435e-14 2.27038985629210e-05 3.81192063892782e-07 4.16017225976791e-15 7.55406835175240e-06 6.85773791994352e-07 5.16649536444376e-15 -1.01876970352830e-04 -1.98696876744519e-06 -1.90108314238000e-14 3.00711470895671e-05 9.06552540880852e-07 9.17259662873477e-15 1.65042520530730e-05 2.99766742204203e-07 2.56755271788986e-15 -2.49793573771452e-17 -6.97347839874142e-09 -2.71209694709518e-17 -4.07106193533221e-07 -1.70966147722644e-17 2.85950075723364e-17 -1.06245416530776e-09 -2.56446208796554e-16 1.83867040905536e-06 1.90644299155860e-17 -3.28375189283326e-17 5.38995172241223e-09 -9.62355921258635e-17 -8.46852920654706e-06 -4.00393558832258e-18 2.35122150611231e-17 -2.38788124938111e-09 1.55725637922643e-16 -3.14133362066030e-05 2.94046631025415e-17 1.72763499144901e-11 2.51493124517790e-17 -2.69017105300440e-09 1.78697544691718e-16 -2.96089400421035e-06 6.30721588693351e-17 -2.54973298232952e-11 -1.32068722177324e-11 -5.00169654804701e-17 2.72573401150131e-09 -4.55620470171093e-16 1.08067631330561e-05 -8.23198714467836e-17 2.28365116516244e-11 3.58444713432017e-13 3.95079123326640e-17 3.10516082269620e-12 1.00551069702432e-16 -3.32928123174962e-05 7.80583015848273e-17 -9.08148964247767e-12 -2.64893513189336e-22 3.82156441779404e-12 -1.14807433511111e-17 -2.80535139642847e-11 -4.01277611233453e-17 4.07361425819340e-06 -1.67890072188548e-17 -1.79221953462719e-12 -7.34164111907682e-21 7.18409918708514e-22 -8.12344095102531e-13 1.07678960889051e-17 8.66597584323064e-10 -1.34544240137767e-16 -1.43527962455035e-05 3.65070886441845e-17 -1.33815683537800e-12 9.87212831547201e-21 6.66497438983849e-20 2.47767661932362e-22 7.90821244825552e-13 -4.44118688611524e-18 3.03975386359822e-10 -6.39747770949835e-17 -2.14724943893372e-06 3.63470765961276e-18 -6.96087522955904e-13 1.91306881156197e-21 6.88272384962467e-19 2.97461567185707e-16 -2.76926607312519e-16 -4.96203865758092e-14 1.74092655281285e-15 -6.45396459837217e-16 3.33348321344163e-07 -7.50087364546482e-11 5.27813187601768e-16 -5.85672223111302e-06 1.04495734624479e-10 -7.08664451514576e-16 -3.67201813370557e-06 -9.93281757295090e-10 4.60585114336899e-16 -8.31611163386491e-05 -1.92441652487927e-09 -5.41914268089400e-16 -4.63108944646492e-17 3.59142263974105e-11 1.30593636509396e-16 5.60190283913730e-07 6.66435896748016e-18 9.76681386279817e-17 3.21974104504195e-10 -9.99424984248384e-17 -1.86485682257280e-06 6.43064917266986e-18 -3.88880478865218e-17 -2.95057855040242e-10 -1.07064356187077e-16 9.80707435518176e-06 3.11230556784237e-18 7.44407357010895e-13 4.10898072791958e-17 1.03000259098505e-12 -2.09674730269763e-16 1.07884196617920e-07 1.03831954610699e-16 -2.23393975834256e-12 -1.20064891759832e-12 -1.96955087021914e-17 6.04875752258252e-11 1.17469644096228e-16 -6.52560474495060e-07 -5.09477523532132e-17 2.94395526255844e-12 -3.40420204541099e-18 -2.19421007407116e-14 1.15913569334976e-16 -4.39805851101495e-12 -3.77749539909183e-16 7.99089020652644e-09 2.59387426967758e-16 5.16205969709364e-13 -4.43933761841515e-17
 6.40291263342471e-10 2.03208704133557e-11 1.96045662578123e-10 6.69636768909431e-10 -4.80021323999119e-09 8.90282453826940e-11 4.72930335826424e-16 -2.38243113255927e-15 1.14496228975279e-10 -2.12140095118184e-17 -3.46768094596637e-15 3.77374641466587e-11 -9.61369660472799e-16 1.11162042346920e-14 -1.61172723361162e-09 7.41831045319938e-16 -5.24076968112143e-15 3.48272614813475e-10 6.58538600914170e-17 -1.66202281325967e-15 1.20900336010011e-10 3.75301751115660e-09 -1.69749346860508e-17 -9.26970281322562e-12 3.81139989983951e-17 -3.56680767484100e-08 -4.02794826795478e-09 -2.19750916906297e-17 2.29176249723307e-11 2.77018472733514e-17 2.98475841388989e-07 3.38448045882750e-09 8.21325109944904e-17 -6.76562893993347e-11 -2.19771343473322e-16 -5.55116333252815e-07 -3.41657008176022e-10 -9.15412261979169e-17 -2.02792624517290e-10 2.03881877492246e-16 -6.99525270075044e-07 -3.72856010487437e-19 -3.48343048730032e-10 -4.06743684054569e-17 -1.55833692351599e-11 8.01061230570722e-17 1.63020489932005e-08 -3.18916411873016e-18 8.19257610300928e-19 2.56656167546887e-09 1.07517677996763e-16 1.90858202851231e-11 -1.97576789436901e-16 4.33159342472001e-07 2.38626028583487e-18 8.14260664147998e-20 -1.55144517378156e-09 -1.34482899689475e-16 -5.31135744605744e-11 1.67637738539295e-16 -1.76088452082016e-06 -2.31284488583904e-18 -5.12767497025594e-13 9.15174751803962e-21 1.16940383557623e-11 -3.75667104857266e-18 1.20676140546064e-11 -1.67890072188548e-17 5.97033424801492e-07 -4.04393692809920e-19 3.56322593724166e-13 -1.89202991251507e-13 8.52841579359023e-19 1.82011831000983e-09 -7.44086872556880e-19 -1.91053114756456e-11 2.56173080063801e-17 -1.57038950836434e-06 -9.23232794611014e-19 1.42514578762633e-13 4.62991789668166e-23 -5.53390988372831e-13 4.01031481305471e-19 4.92619053310528e-10 4.87551145018273e-19 -6.50670668546644e-12 -4.88436662054177e-17 -3.29102992641037e-07 -4.60868672712570e-19 3.68983082786424e-13 5.59004585644309e-24 4.35535083990952e-11 1.84062496374840e-10 -1.30374028771859e-09 3.13138559189045e-10 -9.38530730760385e-10 -7.89622213813446e-18 3.72286399461186e-17 1.23503307466606e-12 4.05194059429146e-17 -9.32783473215452e-17 6.28045562850836e-12 5.02496155404343e-18 -9.72083536134524e-18 2.01560335224217e-11 4.54699740011715e-16 -3.34969583281744e-16 3.14831308327341e-11 3.03122063517607e-10 2.24374703825774e-17 2.52666413234260e-12 6.13658281827260e-19 -2.33779609318176e-07 -5.15609921900080e-10 -1.96548877015828e-17 -3.41135766669214e-12 -9.26895471370978e-18 6.75160547486217e-07 2.86482019001184e-09 7.41509660697930e-17 7.42570594837615e-12 1.15855065513097e-16 -3.71585982774978e-06 -2.91639427179273e-18 -1.32609539913676e-10 1.35751109588254e-18 6.77606393375602e-14 6.77534270181372e-18 -8.68579027910600e-08 3.29989347287582e-20 1.02122811523695e-18 8.04003561950465e-10 -5.12086946980757e-18 3.66044631376147e-12 -1.51734756732910e-17 5.30092664010750e-07 -2.03841474378391e-19 -3.02787161880605e-15 -7.60801077411536e-18 -9.56772780870253e-10 -3.20123979597314e-17 -5.18845027163764e-13 1.44041522790415e-17 -1.41816802958284e-08 1.23047213840775e-17 -1.88131804060514e-15
 -9.65621226580554e-16 -4.08558783317532e-17 9.36764249827031e-17 7.02229966496606e-17 -6.42699952040843e-16 8.78842823741692e-17 1.72951529581277e-10 -1.36832062354883e-10 2.44565516282075e-16 2.32165839796630e-10 -2.00434053434049e-10 4.11791528511988e-16 -7.34447179471657e-10 5.74079893847061e-10 -1.55443457511698e-15 3.59865167574450e-10 -2.81050980564689e-10 6.73864437515542e-16 1.02293572477480e-10 -8.08983240240702e-11 2.24792865485571e-16 1.48652774481213e-18 -6.02550320245289e-13 -1.19783875964963e-17 3.64595497606603e-12 2.27260259826073e-18 2.45598980771573e-18 -6.96706104494016e-12 2.14532260140289e-17 -4.98750218463334e-12 4.90391885018442e-18 -1.41613379001462e-18 -8.86779752949857e-12 -5.79457597406356e-17 8.26984931117056e-12 -3.42779477643875e-18 3.60611824226417e-19 -1.50732651001276e-11 -2.26325578503970e-17 9.95962766308434e-12 -8.47164711288158e-19 -2.63857651113478e-10 -1.45445992850473e-18 6.05589336854160e-12 -2.20131283604161e-18 -1.13480303539135e-12 -2.44802806746817e-18 4.16415013727495e-08 4.46924036119548e-11 1.10903543125027e-18 -7.64434181226117e-12 8.62849527519085e-18 3.89655009928023e-12 2.99818662282509e-18 -2.39672781850517e-08 4.12753128522216e-11 2.54414592463447e-19 -1.36761658983911e-11 -3.64306893430012e-17 6.01376670248588e-12 -1.29099516296263e-18 -8.24097989535078e-09 4.19788543736306e-22 5.76187924798082e-14 -6.80090225349580e-19 4.45167894085073e-12 9.80640495275108e-18 -1.79221953462719e-12 -4.04393692809920e-19 4.08655269771040e-08 2.84917102449529e-22 -7.40951966205601e-22 1.52611558585858e-10 1.40316575600178e-18 -1.76782691721214e-11 -2.76754829569205e-17 6.01007470943564e-12 1.71376111134032e-18 -3.62465357561590e-08 -1.80360119018308e-22 -5.40151893141546e-16 9.40420808352061e-23 2.82253612463612e-10 5.48936188284333e-19 -4.17110000155389e-12 -6.02572787036758e-18 -2.32409519576585e-14 1.23065751848404e-18 3.42373502548724e-09 -2.06265490265714e-22 5.56788419360054e-16 1.78316185271747e-17 1.29070010177591e-17 5.29796947886566e-16 6.25422351074331e-17 -6.79339766266172e-17 3.28630615874624e-12 7.14018466227127e-12 2.00377541658170e-18 -5.14031249268427e-12 -7.12351614277953e-12 -2.70150401783831e-18 -2.55697340627531e-12 2.13728536024652e-11 1.59363094444739e-17 1.09845882009391e-11 6.76140519829284e-12 3.74951990554975e-18 2.76851096715268e-18 -1.87694647560248e-11 1.80138059440682e-17 -1.53655470467089e-11 1.67362760362164e-17 -2.48230302780665e-18 1.46110533504068e-11 -2.25487296238504e-17 2.06592328693339e-11 -1.82085474279537e-17 2.78420438591581e-19 4.20849896386475e-12 1.25797459735623e-17 -1.32706276817342e-11 1.14156342349896e-17 -2.31728329314341e-10 1.78902723326298e-18 -7.31637105327798e-12 -5.72788543140504e-19 -8.36691452494686e-12 -3.32408785053665e-19 6.17386516922489e-09 1.34235665272945e-10 -6.48659022776941e-19 3.51768334326424e-12 -6.66930812938423e-19 7.48009100260104e-12 -9.56672055499922e-19 -6.85602398163434e-08 2.37410514771124e-18 -5.66601688219204e-11 1.41114869371094e-17 2.47885634595077e-12 -1.98519946980383e-17 2.16409557875447e-12 -1.73035574252231e-18 2.28768083359954e-09 1.32771349229268e-18
 -3.46370692511403e-13 -1.63391045508069e-13 7.50825991769804e-13 6.66671511987895e-13 4.37019673990563e-11 6.22938786848249e-14 3.92102383288949e-19 -5.20555447583363e-19 -4.02651970081506e-13 4.72286234983196e-19 -7.92981809487300e-19 1.56599998143133e-12 -1.66017861891501e-18 2.40533471550046e-18 1.40592565972616e-11 8.52865016812179e-19 -1.13761054419250e-18 -1.91636500627547e-12 2.22907728398269e-19 -3.58444228021844e-19 -7.95139218719237e-13 5.38555847845216e-14 -1.30994713521378e-21 3.86525652976414e-15 3.00461901448376e-21 -9.95792571086943e-14 8.19284049624800e-15 -5.48739035999373e-21 8.23104210915613e-14 9.94777550698914e-21 4.78020497666665e-13 2.42434319744882e-13 -7.67197665605617e-21 6.09766191803355e-13 -3.98628668688190e-20 -1.53830061350462e-13 6.54838627477939e-14 -3.47563581193985e-20 2.43847604426838e-12 6.10560941336088e-20 -2.62339172715340e-13 -7.51799378942777e-22 3.32087255155934e-14 -4.00009140460535e-21 2.62509409192986e-14 1.51801594389782e-20 1.55841230822930e-13 1.71467760382982e-21 1.18222651282814e-21 1.07714771412825e-13 1.21573783083181e-20 -3.64368646913245e-14 -3.77283390288918e-20 3.03427542007829e-13 -1.77714696801623e-21 -7.30370560496946e-22 2.00979301690505e-13 -4.27130882239883e-20 7.59743184097315e-13 4.85999579283342e-20 -7.35628441956080e-13 2.67243402813433e-22 -3.31760311595711e-18 -5.56929339097155e-23 -9.10540844249805e-15 2.81616395304341e-21 -3.16143724798839e-14 -7.34164111907682e-21 3.56322593724166e-13 2.84917102449529e-22 2.07890586201145e-08 7.13491899560343e-11 7.81190405197090e-23 2.52877595465652e-13 -1.75978921769571e-20 2.07645032962590e-13 2.18145847197826e-20 -6.22591453512580e-13 -5.06266101666212e-22 -8.29584556501458e-09 -2.45636100015474e-22 -6.62687452209740e-11 -1.53475543129698e-22 1.01325775096617e-13 -5.18433922704677e-21 2.42946578726796e-14 -8.78386006154108e-21 -6.40098908861093e-14 -4.63221521178793e-22 3.60782614761753e-09 2.10598908432567e-22 -7.05343799795466e-13 -2.44897593518623e-12 -4.73936146579476e-11 -1.55457135043511e-12 1.11027773288068e-11 3.17747781455922e-21 -2.25173938942451e-21 -2.02878386074803e-15 5.31368381491966e-21 -7.00632105029509e-21 -7.31742003567529e-14 6.35576924918184e-21 -1.35794818297144e-20 -2.21072817899370e-14 1.19566436424366e-19 -9.40854012199898e-20 -1.00516448924687e-12 1.16034910392902e-14 -1.59836645543736e-21 3.13026633912525e-15 1.78753785333245e-23 -9.10734567880351e-14 -1.24079836762498e-13 2.72597388763739e-23 -6.23591757101735e-15 -4.25851552583053e-21 1.55141892299361e-13 3.39951447037100e-13 2.24189744201957e-20 6.44518793208730e-14 1.18740173919393e-20 -2.47455256263308e-13 -8.40223658588550e-23 1.14555470572513e-14 9.59495154779115e-22 2.54562980999831e-16 4.82549377826308e-22 -2.81371449085746e-14 3.29895918357462e-24 -1.28078712417737e-22 -1.02138095993214e-13 -2.48764634429024e-21 -3.03178041353204e-15 -1.30649366112391e-21 5.51604188744070e-14 1.43845409448412e-23 -4.87214155865252e-16 1.52120720870865e-22 3.48361000784720e-15 4.42066974631806e-22 3.12786333374514e-17 -1.36126580782378e-21 1.23781643112940e-16 -2.94336405169349e-23 1.20303044949078e-11
 -8.05720290114288e-14 -3.97587762385895e-14 1.82878241284144e-13 1.62461339997905e-13 1.06383657407734e-11 1.51694352978515e-14 -1.12004356603930e-19 1.59745637633452e-19 -9.79470726006749e-14 -1.61528295818545e-19 2.32347527579679e-19 3.81479231591111e-13 5.50169591068816e-19 -6.99431320600477e-19 3.42199232500607e-12 -2.64834881867491e-19 3.46381313435835e-19 -4.66291641443115e-13 -7.71192466838343e-20 9.77609413872724e-20 -1.93498960614468e-13 -1.05865878259881e-14 -7.10301116812726e-22 9.43924740629214e-16 1.82803605944384e-21 2.64349340362988e-13 -6.92620926323841e-14 2.31826118422670e-21 2.00093767456420e-14 -5.17004349689712e-22 -5.82827310789953e-13 4.53968493842584e-14 6.32096393132895e-21 1.48493230896296e-13 5.07504157222254e-21 3.30564377972154e-13 4.96387768527391e-14 2.14388209630465e-20 5.93618959969340e-13 -2.51000626847148e-22 1.01561280961537e-13 -7.40441522485379e-22 -2.21701276962256e-14 5.89873328921591e-22 6.40028472787535e-15 1.09867489525093e-21 -1.06183205201968e-13 -1.73725405076741e-21 7.10416597216971e-22 -2.01588515233468e-14 -1.28654177969810e-21 -8.87631063256660e-15 -2.27096575578080e-21 -9.44955192104129e-14 1.71624889626045e-21 -4.65999599150447e-22 1.26004584708559e-13 1.89916335475743e-20 1.84969420331291e-13 3.07449785045136e-21 4.45016976452722e-13 -3.18987839392009e-23 -8.29584556476628e-09 -3.96478922189949e-22 -4.87910365894287e-14 -3.22631899307309e-21 -7.70100002563720e-15 7.18409918708514e-22 -1.89202991251507e-13 -7.40951966205601e-22 7.13491899560337e-11 9.81742061598119e-09 3.73922223406369e-22 1.20649976152976e-13 1.48518608793430e-20 5.05661439984930e-14 -2.20907221571842e-21 4.11178304647044e-13 1.72897057420420e-21 -2.50939749055880e-19 -1.58573087023305e-23 3.62108033392426e-09 4.68299640942142e-23 2.36726651235247e-14 2.11383373259198e-21 5.92249526099176e-15 1.48996577437584e-21 6.68412831035894e-14 8.38171206521898e-22 4.00916813303120e-12 1.96652354725056e-23 -1.71708849816266e-13 -5.96208072368211e-13 -1.15459589121193e-11 -3.78484244878500e-13 2.70277343775706e-12 -8.09380820802111e-22 1.08768072662984e-21 -4.92234603321755e-16 2.70593344743220e-21 3.19634293322558e-21 -1.78245506000262e-14 -4.63062793285964e-22 2.24964369121857e-21 -5.40595816604692e-15 8.52627723364707e-21 4.27008557390137e-20 -2.44691657295090e-13 1.46496848033671e-14 3.50707350963484e-21 7.60136460703485e-16 4.97974731930725e-22 5.44249569908971e-14 -4.20516731551558e-14 -2.22218291860020e-21 -1.52681691008841e-15 9.76654238870178e-22 -1.23528035051059e-13 1.14249578493099e-13 -7.12006846589469e-21 1.56756723269373e-14 -3.31486600910774e-23 3.10993697528813e-13 2.21164874743619e-22 5.39531843800146e-15 -1.40975695056543e-22 6.00537252888002e-17 9.73165897154530e-23 1.84949468180971e-14 2.46003932119781e-22 -3.16117202040328e-22 -2.15964313682362e-14 1.32823906802524e-21 -7.32241064064454e-16 -3.32498808026779e-22 -6.30527751811507e-14 2.30279559658560e-22 -1.65630733733102e-11 -3.75067587438303e-23 7.24784484235351e-16 9.92002959663465e-23 8.72537912783636e-18 1.93497162734420e-22 9.17102455037126e-16 1.17023212187539e-22 -3.23777633284538e-16
 2.14466813067239e-15 1.11013115711099e-16 -3.83191941937068e-16 -6.13377649585667e-16 1.31001405673103e-15 -2.83330126193903e-16 6.12909754397187e-10 5.93432047822992e-11 -1.73112854862616e-16 8.94860335444554e-10 1.05335433043669e-10 -3.24338289081358e-16 -2.94044109723874e-09 -9.98399127414648e-11 1.09624284861741e-15 1.34975028797578e-09 7.97162504343550e-11 -4.85506532026082e-16 4.40339807348938e-10 7.76335181096107e-12 -1.63862304694086e-16 -1.04835798783990e-18 9.04710526749249e-12 1.12315615165385e-17 1.02155619470760e-12 2.93693705410961e-19 3.90681889150821e-18 5.82592144323218e-12 -1.17356715032843e-17 1.75510805326822e-11 -1.44752014344372e-18 -6.12925972167637e-18 2.66223913632476e-11 2.99305415564068e-17 -5.86199017049952e-12 2.06901897998162e-18 3.05533053762431e-18 4.45644533873500e-11 3.78025491659360e-18 -7.04187432018133e-11 -6.20745918542505e-19 -3.03212277747270e-08 6.19044352273007e-18 -5.96949755039501e-12 -1.46407299927705e-18 -2.40978430525507e-11 -1.74097324415530e-18 -8.81776467939853e-10 6.40641467082076e-08 -9.21185369256480e-18 1.45868464452592e-11 -9.11960228649400e-19 4.52260185025955e-11 2.96608874183365e-18 5.25004624262201e-10 7.22029016289029e-08 5.22798461579851e-18 3.38151366389540e-11 1.56670460530887e-17 -7.74493432064183e-11 -1.51080793910243e-18 -2.20903251968697e-10 -5.52864777597357e-22 -3.62484937654547e-08 -2.08936600376788e-18 -6.10054371836290e-12 -6.94767596078217e-18 -8.12344095102536e-13 8.52841579359022e-19 1.52611558585856e-10 7.81190405197091e-23 3.73922223406369e-22 1.59901665795382e-07 1.95159114776180e-18 2.83029036278047e-11 1.82739596686965e-17 -6.23802059499981e-12 -6.66337528757744e-19 5.72908568425800e-13 7.69625229623581e-23 -1.30327662504901e-14 -1.66700913303914e-22 6.35822195127160e-08 -6.24192798612207e-20 1.09718066855262e-11 6.14532387237023e-18 1.76715934008582e-12 5.24980134411434e-20 1.04192020117764e-10 2.10598043983071e-23 -1.25763013175213e-14 -1.17152736480881e-17 2.88171001249547e-18 -5.28492693012514e-16 -4.29570143543925e-17 5.65879207546757e-17 -9.66657671333953e-12 8.18884009989578e-13 3.32432306353931e-18 -3.19826465388988e-12 3.20477443905437e-13 -1.86064032322041e-18 -1.61929598340746e-11 -1.97094818969244e-11 -1.84763698569515e-18 -1.93275764427039e-10 5.53961427768559e-11 5.73301934479352e-18 8.12680565582525e-19 -3.25616609470987e-12 -2.55010164023222e-18 2.96963475665520e-11 2.62149785080105e-19 -5.16626714521623e-20 1.57414076369324e-11 7.23787100731016e-18 -2.68324332859295e-11 -1.26552723076785e-18 3.15487558057736e-19 -3.00293563579889e-11 -7.13081017518033e-18 1.31279417478182e-11 9.16937990861201e-19 -1.72194395236771e-08 8.45871790237954e-18 -4.85248049714056e-12 -5.96826792393218e-18 1.27907097068502e-11 -2.09821962367522e-18 -3.88685408312921e-11 1.61310485996247e-07 -4.04786560476199e-18 5.40746664028659e-12 2.75765457673053e-18 -5.05587357352782e-12 8.87809281059475e-19 -1.84100987955961e-10 -5.11115097764676e-19 -6.13980652138657e-09 1.98634147279206e-17 -8.89797828539739e-13 -1.02301267295173e-17 -4.37394978615589e-12 -5.29820484858617e-18 -7.32073438175925e-11 -9.33848277879126e-19
 1.00687728706516e-09 2.61843276167239e-11 9.67153846148425e-12 4.59949129401347e-11 -1.67498587456238e-09 4.23936494793577e-11 -8.65510140881678e-16 1.05722096262642e-15 1.28432292931943e-10 -9.54021843980731e-16 1.85217206876756e-15 -3.86975843536484e-10 3.38496238923490e-15 -5.53035504273880e-15 -3.43012419930271e-10 -1.74582504302448e-15 2.45009190763352e-15 6.48384634025770e-11 -4.85902539803108e-16 8.68766039492304e-16 1.81026493332812e-11 1.69131315535939e-07 1.16400645795837e-18 2.17286521726741e-11 -3.23838544520495e-17 2.12066968407964e-09 -7.95759621611296e-07 -2.94889563021429e-17 5.03701525083455e-11 -1.52040702890770e-17 -3.48504250021709e-09 2.19059487164743e-06 8.51275843780869e-17 -1.65932934440551e-10 1.19989240328546e-16 4.30663085610523e-09 2.02256667375890e-06 -9.92387863773259e-17 -1.29984561775008e-10 -1.86231756114160e-16 -1.96800217697957e-09 -5.24443485371310e-18 2.70029929807870e-08 -1.20180937719771e-17 4.87803888402262e-12 -6.11229391927604e-17 -2.04340047055357e-09 3.74572150826401e-18 4.61002213905488e-18 -7.18950111406238e-07 4.47189894277617e-17 -2.67725417365229e-11 1.67616443716079e-16 7.47325150836537e-09 -3.88595194343902e-18 -6.45083285529047e-19 5.26035575179700e-06 -5.19208807445865e-17 -5.94280595093734e-11 -2.03116544650380e-16 -1.00059459539497e-08 9.92402068132086e-19 1.88646175292110e-13 -1.08799465541309e-18 -1.57038683565404e-06 2.39614689397699e-17 1.47833950180286e-11 1.07678960889051e-17 1.82011831000974e-09 1.40316575600178e-18 2.52877595465652e-13 1.20649976152976e-13 1.95159114776180e-18 5.05426858204002e-06 -5.12136439961350e-17 -4.26882446961935e-11 -2.68252465371811e-17 2.72645977331488e-11 -3.13495784488722e-18 -3.26560329078440e-13 7.29153584237466e-25 2.32118880615543e-13 9.34286496225415e-19 1.29247933276486e-06 2.68073735373413e-17 -1.23798386739989e-11 1.97921852633356e-17 -1.50236573084989e-09 -1.96338734442021e-18 -1.17591827401547e-13 -5.25042114180253e-23 1.89188876808263e-11 -4.93230859994284e-12 -4.39237314041457e-10 3.12700321052032e-10 1.15697458205473e-10 1.47355167241651e-17 -1.10199133341433e-16 -1.18479737289802e-12 -6.49904089135670e-17 1.56240868734208e-16 1.43302604652687e-11 -2.18575404668454e-17 -9.41225607148635e-17 7.51027186276788e-11 -5.21598179111433e-16 -4.51957743131569e-17 1.61552027941535e-10 6.64198587290589e-07 -1.52864688804368e-17 -9.88331210436495e-14 -4.16462391939523e-18 -2.12985333954462e-10 -1.98219119598959e-06 2.36406174369589e-17 -6.79791536569649e-13 8.55239739516326e-18 2.73491931559107e-10 1.01907948460301e-05 -9.42677592582977e-17 -1.69843189499005e-11 -2.74455829017614e-17 -5.18699497568104e-09 5.02867334146351e-18 2.65797572978058e-07 3.02637369679832e-17 1.05219955590543e-12 -1.71379403274469e-17 -9.12109866055869e-10 -1.08478195640395e-17 -1.50573665850645e-18 -1.57241510143951e-06 -5.90955941046227e-18 7.04045671040599e-13 1.29187517945549e-17 1.09095374731231e-09 4.50993350547027e-18 -1.76455269500202e-15 2.39849044260251e-17 4.66143786695348e-08 8.54240184514539e-17 -4.49917411280743e-13 -3.34319015564975e-17 -2.30559308024246e-09 -3.62993108378506e-17 -3.61301404498397e-15
 -6.50969550566471e-15 1.23279641071688e-14 -6.20548512305104e-14 -1.09214896981600e-13 1.31637588385477e-13 -4.69457158885814e-14 2.34440042285494e-07 -4.76135579098204e-05 -3.18512771620191e-14 4.06662050262883e-07 2.80561338369631e-05 -4.75897108057589e-14 -1.19298206117151e-06 2.18087494673307e-04 1.39757692461831e-13 5.42825862911395e-07 -4.00129439365799e-05 -7.20081027546064e-14 1.82922655930188e-07 -3.70349799772190e-05 -2.27786860123042e-14 3.62961282727608e-17 1.91793976903220e-06 3.19116178628755e-16 -7.06651562612163e-09 -1.71848179210534e-17 -5.82146316774816e-17 -7.53404093413846e-06 -1.15169850626001e-15 2.53587725272064e-09 -1.82666415865891e-18 4.78608250653615e-17 4.02942413703728e-05 2.44591670739484e-15 7.29923560595233e-09 -6.01428106129195e-18 -5.36324315492386e-17 1.12886737520546e-04 -1.82138588045878e-15 -8.23061540668971e-09 -7.76005911275542e-18 -9.92000154527886e-11 -9.02221548944830e-17 9.17025283499974e-06 5.11879516055979e-16 -1.11625883101341e-09 -4.69802806327023e-17 -7.73891809924451e-11 8.41973894217462e-11 1.35214758173626e-16 -3.18408640932463e-05 -1.54736173874180e-15 3.95701380887211e-09 4.57655760548282e-17 5.56547005208171e-11 -1.97770092748932e-11 -1.18616737971705e-16 1.21037250674785e-04 2.60416302601459e-15 -4.18091261389391e-09 -4.01792122577074e-17 -1.34417633388187e-11 -1.04734968419778e-20 -1.34999722471383e-11 3.01628478247952e-17 -1.43528057409013e-05 -4.98453480179028e-16 8.66597584320863e-10 -7.44086872556862e-19 -1.76782691721214e-11 -1.75978921769571e-20 1.48518608793430e-20 2.83029036278047e-11 -5.12136439961350e-17 5.62237636706776e-05 1.61915450258468e-15 1.05706254070027e-13 -1.79880165835297e-17 2.28354019675091e-11 2.45954685519404e-20 -6.26884366347038e-19 3.31354168920611e-21 2.72935096420268e-12 -1.28676193554876e-18 9.85101154877204e-06 3.74216660017112e-16 3.72804097768516e-10 -7.15237077845439e-18 -1.12776633726486e-11 5.27572097688318e-21 1.09786991747682e-19 2.42543799381386e-15 5.10691533415916e-15 -2.69025368969968e-14 6.86479519039224e-15 -2.05500775359199e-14 2.35774208995523e-10 -1.12191987335484e-06 -2.62759074865489e-16 -9.55940292474620e-10 2.10451999853264e-05 2.56368699401306e-16 -2.36217225379793e-10 1.45203783674657e-05 -1.42939219778799e-15 -4.59230782136178e-09 3.04060678581759e-04 8.77553414447435e-16 3.33815083196720e-18 -2.39351384810267e-06 -1.69107289154476e-15 8.22364234954859e-11 -3.02931656545251e-17 -4.99704909615378e-17 7.93405587128985e-06 1.59540802142527e-15 -2.75753463725762e-10 6.82690650591358e-17 1.32885457857578e-17 -4.11796122605684e-05 -2.34296334786677e-16 5.16216272612041e-10 -3.33390128362676e-17 -4.01466773278751e-12 -1.31783682678321e-16 -6.42126382794319e-07 1.11234290982191e-15 -1.05155102624798e-10 1.11212104350224e-17 -1.33264588981756e-13 5.24263292196645e-12 6.43021307268731e-17 3.86652372471688e-06 -6.19817621148070e-16 -1.21997339838057e-10 -4.63967550211357e-18 8.04561578289738e-13 -6.84300086960479e-17 8.07226776968095e-13 -3.26954389409581e-16 -9.40560218977395e-08 3.23963132666357e-16 -2.83255903844091e-11 -2.58288453218927e-17 -2.53042833881459e-13 -1.10857211429941e-16
 -2.27070245204519e-04 -5.47238200134766e-05 1.12923151911350e-04 3.54944789287453e-04 1.20442450699500e-03 1.71188293226530e-05 3.52775812808573e-14 5.59714128419564e-14 -6.54183429753062e-04 5.87863756809358e-14 8.01125432594880e-14 -6.91410458031294e-04 -1.82050759657129e-13 -2.53396444428238e-13 3.45467319201544e-03 8.41208174074745e-14 1.22446141663158e-13 -1.47481721524891e-03 2.72135979633535e-14 3.50989792376780e-14 -4.60564655493724e-04 1.96630331758922e-11 -1.12426719678946e-16 8.63993331036022e-06 -4.92599792826210e-16 -1.69530903542019e-11 -5.27509398466703e-11 2.29895087211266e-15 -2.95706109239091e-05 1.14920627410511e-15 3.57080207386275e-11 9.76086162614008e-11 -1.79312901920331e-15 1.26769456373023e-04 -1.36106740128699e-15 -2.63335558402783e-11 -1.09532883026890e-10 2.39702307397587e-15 1.19032179115420e-04 1.03978372300770e-15 -2.54073355248206e-12 -1.35394650666716e-16 8.21105888368750e-13 1.46768113668897e-15 -7.68013438675435e-06 6.95555014178237e-16 -5.71633614797492e-11 -1.37964216548192e-16 8.90231606529380e-17 1.54686740829342e-11 -1.46608948014589e-15 2.29425532905228e-05 -1.28911867175538e-15 7.11240516102576e-11 9.55762579022724e-17 -2.85657079961730e-17 -5.34953682881959e-14 4.49774470655983e-16 7.51163845752216e-05 1.44408058033437e-15 -4.53916590632794e-11 -3.71000118678777e-17 1.24269631961428e-13 -3.29179513959216e-17 2.55353905250173e-11 -4.05415060907944e-16 -8.39531988596249e-06 -1.34544240137767e-16 -1.91053114756457e-11 -2.76754829569205e-17 2.07645032962590e-13 5.05661439984930e-14 1.82739596686964e-17 -4.26882446961936e-11 1.61915450258468e-15 4.29583654704701e-05 2.96551397419305e-16 2.26597730805215e-11 1.01075012382629e-17 3.85216989431013e-14 -4.50198798060762e-26 1.27716921386253e-13 -8.63215093535568e-18 -8.24600372179049e-12 -3.80448629429614e-16 9.36443135630485e-06 -1.01514861761832e-16 2.79148373999829e-12 -9.32394657173966e-18 1.87348885929448e-13 -2.06242300240133e-24 -2.55774009967556e-05 -5.02227114697574e-05 8.61554052835693e-04 -1.15715940160451e-04 1.45490869257730e-04 1.98807049532070e-15 1.44777644222070e-15 -2.14069532240567e-06 -3.03158985294558e-15 -1.77280092724282e-15 -2.20970572468047e-06 1.91957052089703e-15 1.08291440793553e-15 -4.62278268931031e-05 -1.09693931169763e-15 3.42795585536607e-15 -1.12398578670598e-04 1.36584161408317e-11 -6.93290406097984e-15 6.50337793797217e-07 -1.87180811075722e-15 6.60261506645601e-11 -1.95638060561069e-11 7.86337163015304e-15 -1.38921233095198e-06 1.85862706172923e-15 -7.51519808598364e-11 -1.95415345729421e-11 -4.49635657574875e-15 1.66408079430703e-05 -8.20113843000494e-16 4.67548689716601e-11 -4.61696205106306e-16 -1.98275999518898e-12 -7.20306954220386e-16 5.73043844700905e-07 -1.57907704166830e-15 9.28448817808234e-12 -2.21450561508507e-16 2.37769299658204e-16 1.82670103404800e-11 5.62190189413502e-16 -2.72867621567489e-06 8.50612826799806e-16 -1.02434304444645e-11 1.36027667003784e-16 5.80152301615642e-14 -6.26778861880414e-17 4.24467611902503e-13 -9.79108234698880e-16 7.67860877982305e-08 -2.51498970560505e-15 1.21757538169339e-12 5.46287174796115e-16 8.58222520507520e-14
 1.54221018196899e-13 2.15178151385951e-14 -1.03740028704122e-13 -1.92082921685136e-13 3.34151530447216e-13 -7.52331651144263e-14 -4.76163691577632e-05 -2.28714274371508e-07 -6.84645555025200e-15 2.80511796782234e-05 -3.96664318557642e-07 -6.36390356403237e-15 2.18102144528205e-04 1.16389773659538e-06 2.46857942409341e-14 -4.00196673843536e-05 -5.29676836140308e-07 -1.27565407527668e-14 -3.70373710051586e-05 -1.78040705554342e-07 -3.11647686212236e-15 5.89801228542047e-17 6.87608934377634e-09 7.70805109361312e-17 1.91805021351268e-06 2.59346617114184e-17 -7.60711391328034e-17 -2.28147489541563e-09 5.86224299216510e-16 -7.53415791367568e-06 -1.28567625959051e-17 9.51161580109620e-17 -7.37307772859896e-09 -2.22375791763383e-16 4.02942183747158e-05 -3.05578817674971e-17 -6.08724235324734e-17 8.21087222070271e-09 -4.27125936591333e-16 1.12886812567563e-04 -4.65891946705136e-17 -8.47131211330359e-11 -7.47280571565320e-17 1.26428303282885e-09 -2.34696412283216e-16 9.17034434026136e-06 -9.52667102179870e-17 1.05865078388754e-10 6.33681826921369e-11 1.36688925516122e-16 -4.07189869433452e-09 6.53480253428604e-16 -3.18409725363438e-05 1.18190122436813e-16 -9.26704658382548e-11 -1.39801380112841e-11 -9.86434873165013e-17 4.27961408234926e-09 -1.18671272208365e-16 1.21037270556581e-04 -1.35425388129284e-16 3.13697298208870e-11 1.10892109426452e-21 -1.37973557006088e-11 2.98529549549266e-17 -8.17759241100471e-10 1.05483708717160e-16 -1.43527962455035e-05 2.56173080063801e-17 6.01007470943563e-12 2.18145847197825e-20 -2.20907221571841e-21 -6.23802059499978e-12 -2.68252465371810e-17 1.05706259948292e-13 2.96551397419306e-16 5.62237425467055e-05 -6.80452620528419e-17 1.45441454650201e-12 -2.97298266193556e-20 4.37773276067526e-20 -5.85006731542777e-22 -7.66855426604078e-12 1.03418269280239e-17 -3.51412614112900e-10 1.50878300471201e-16 9.85099547493446e-06 -8.21270807280680e-18 -2.29887739744030e-13 -5.99691965438824e-21 -3.91899354000208e-19 -6.85089883059628e-16 8.67970840952507e-16 1.15716991448413e-13 -4.10014234333666e-15 5.33976750072420e-16 -1.12192079199266e-06 -2.38312980341411e-10 -2.02971733763732e-15 2.10452033794496e-05 9.48108014542071e-10 2.82791687832420e-15 1.45203245590969e-05 1.80942369387547e-10 -1.80222709447576e-15 3.04060588261645e-04 4.63303844246044e-09 2.22392057425407e-15 1.37736685714722e-16 -8.24122486982823e-11 -2.00910928434816e-16 -2.39351795143907e-06 -2.20184187850883e-17 -2.53408014971759e-16 2.78933938484858e-10 1.46271295832282e-16 7.93404753211201e-06 -6.50277810451484e-19 1.10588279433196e-16 -5.31205644071903e-10 1.89777513999588e-16 -4.11796064092703e-05 -1.84388496443117e-17 1.74317249006102e-12 -1.15204002803825e-16 1.00146240397848e-10 7.11701274914050e-16 -6.42129636088588e-07 -1.90487379783041e-16 5.78629883251800e-12 2.09828839799642e-12 5.25107783541651e-17 1.28582811295006e-10 -3.72851658059587e-16 3.86656223651690e-06 9.49937502058336e-17 -7.69006868144537e-12 1.03307858729293e-17 -9.11605967566988e-13 -3.20578230558723e-16 2.57787447261294e-11 9.43633617122675e-16 -9.40587908797562e-08 -4.89000946048511e-16 -1.43070876988413e-12 1.34103862402557e-16
 -4.89191171691134e-10 2.45882627008188e-11 9.00848010956108e-12 -1.18871336750450e-10 3.15539100253769e-09 7.29463967680137e-11 -3.27292216164970e-16 1.41811273841775e-15 -2.67725092669588e-10 1.94771345679466e-17 2.05963747692994e-15 -2.48119006964395e-10 7.47600881932910e-16 -6.61374780933025e-15 1.95659577427372e-09 -5.63956471998059e-16 3.07884121414361e-15 -5.63786828369358e-10 -5.26548553848254e-17 1.02519421406164e-15 -2.14610850872630e-10 -3.00953433576981e-09 1.45860865224996e-17 -1.63755998324012e-11 -3.58233007090429e-18 1.69469525827801e-07 4.14912693235124e-09 9.84198337436657e-18 -2.68084686255811e-12 -9.71951140730443e-17 -7.96210400242369e-07 -4.50559419076633e-09 -8.03106945266946e-17 1.99125970068938e-11 2.83488334348902e-16 2.19072130716615e-06 1.94596198198206e-09 7.60228604188648e-17 2.01093058688630e-10 -2.04292924448984e-16 2.02257793000535e-06 -7.82712587716999e-19 2.08572978097092e-09 4.24625994843342e-17 1.69494930918726e-11 -3.15802165236786e-17 2.70849925731963e-08 9.82347452591654e-18 -1.85653239503039e-19 -7.72157828808444e-09 -1.16293114425481e-16 -4.29153004891309e-11 1.35604043748130e-16 -7.19063385773160e-07 -7.90771324156893e-18 -8.20405316761820e-20 1.03291884210632e-08 1.41699203767444e-16 7.11551276525159e-11 -1.45154588272713e-16 5.26034527322891e-06 5.32830363503251e-18 7.28953947838309e-13 -4.03005636456253e-19 -1.85986000321699e-09 9.53398183631502e-18 -1.55823512580226e-11 3.65070886441845e-17 -1.57038950836434e-06 1.71376111134032e-18 -6.22591453512580e-13 4.11178304647044e-13 -6.66337528757744e-19 2.72645977326222e-11 -1.79880165835297e-17 2.26597730805215e-11 -6.80452620528418e-17 5.05426411227483e-06 1.41455318487054e-19 -2.05096879253344e-13 -1.03473926136155e-22 9.23506085555651e-13 -3.04686835600218e-19 1.44689755182223e-09 -6.25797060428475e-18 5.51484254592712e-12 5.87052412670710e-17 1.29246926361728e-06 9.62053837062867e-20 -6.11649840019448e-13 5.51989077199151e-23 -2.68867447872026e-11 -1.49162344591050e-10 -1.06944131838773e-09 -2.88337065850595e-10 7.93291406492090e-10 -2.59182612559467e-16 4.99056478768740e-17 1.03171800193779e-12 3.46694641384431e-16 -3.43522370158202e-17 -1.06814957024924e-11 -2.75798696034040e-16 8.65962819203415e-17 -3.87010244533857e-11 -1.57840109924811e-16 2.18482667944882e-16 -3.18480420391817e-11 2.02398644967319e-10 -1.68449488885755e-17 -5.22163803420562e-12 -1.62610669150496e-17 6.64201102422865e-07 -2.75935097353527e-10 9.41227025988677e-18 9.80178455221898e-12 4.42212231391177e-17 -1.98221602148000e-06 4.94356853580895e-09 -4.23703153308490e-17 -2.84871639869182e-11 -1.32725095639533e-16 1.01909119017528e-05 4.35771220841582e-18 9.03958097420698e-10 -2.90499019636222e-17 -1.18677271945674e-12 8.24766156993412e-17 2.65800586732152e-07 2.00990904152173e-18 -1.18269439822430e-18 -1.12310274651746e-09 1.73432190790321e-17 -2.45465346778894e-12 -2.25147625579850e-17 -1.57239743637139e-06 -8.31072313902212e-19 3.99693408964799e-15 1.11814713072812e-17 2.30703323671718e-09 -2.53536150042089e-17 1.23770957218359e-12 2.04836120144647e-16 4.66113416331064e-08 -2.35398450839116e-17 2.45890537194258e-16
 2.65545600528740e-15 2.02875466664473e-16 -7.92900725847144e-16 -1.33594494000559e-15 1.69569016736396e-15 -5.82184307768638e-16 8.53221231058788e-10 2.41192953556579e-10 -2.10342981709354e-16 1.35735521992208e-09 3.17391174701267e-10 -3.80932972817328e-16 -4.19550053756370e-09 -9.66124719296150e-10 9.53918416755409e-16 1.95993123272475e-09 4.78252192746629e-10 -5.21751560718310e-16 6.19221423211441e-10 1.29432750953279e-10 -1.65760580480757e-16 -1.34073992728062e-18 -5.22362115601821e-12 1.10757798504444e-17 -5.49834016666476e-12 -4.57661918641345e-18 -6.53553272952994e-18 2.13105541398616e-11 -1.34577381976893e-17 2.14460234923242e-11 -9.62885171816814e-19 8.40563404571447e-18 -4.82169173627126e-12 2.09077667384454e-17 -1.20552882223868e-11 -3.13024020246199e-19 -4.80977782710843e-18 2.74508052679307e-11 -4.72587189008231e-17 1.59495670160102e-11 1.08671804868766e-18 8.80022452947514e-10 -1.11785670865892e-17 -9.78943967415526e-12 -8.23443811886932e-18 4.28795522818847e-12 4.20067743779285e-19 -3.03162021321922e-08 -5.24231879347058e-10 1.57532209142798e-17 7.79767506310753e-12 1.40523709324272e-17 -1.49677721308978e-11 -1.99353595273577e-18 6.40649156008462e-08 2.21352642359277e-10 -9.73996730103336e-18 1.81960511410145e-11 -6.92497124836174e-18 1.85403562493816e-11 6.32011878897364e-19 7.22025141362883e-08 -1.40687508258691e-21 -1.53193424899380e-10 2.95569641193708e-18 -7.00705545193916e-12 -4.15051296755349e-18 -1.33815683537800e-12 -9.23232794611013e-19 -3.62465357561590e-08 -5.06266101666212e-22 1.72897057420420e-21 5.72908568421010e-13 -3.13495784488722e-18 2.28354019675091e-11 1.01075012382629e-17 1.45441454650200e-12 1.41455318487055e-19 1.59901233204540e-07 8.02960256874966e-22 1.25750107227297e-14 3.12250265998297e-22 -1.03954248199679e-10 3.49376889641597e-19 5.51372208764088e-12 2.92883806995219e-18 5.48906317428215e-12 -2.57033188754255e-19 6.35827525531383e-08 1.68511614856579e-22 -1.30316500519560e-14 6.54349543934962e-18 5.40771524868187e-17 -5.98522660666672e-16 2.65464198101784e-17 -1.45775391661760e-16 -4.89219321684531e-12 -9.73959071013762e-12 -1.57866403304093e-17 1.25887074628475e-11 7.93568168906934e-12 2.63029068986992e-17 1.12749959386187e-11 -3.96162318496871e-11 -1.97047528681074e-17 4.72281057405649e-11 -3.91863517111324e-11 3.24775920044525e-17 -7.25112140085704e-19 2.07126492597617e-11 -9.50007562571528e-18 1.28609204020500e-11 -7.95723113201479e-18 -8.97227330396954e-19 -1.80832264263309e-11 1.62499583946416e-17 -1.87962879127693e-11 9.55338753631211e-18 1.74636129298599e-18 -1.22915149256790e-12 -1.32455800255949e-17 9.19168341006841e-12 -8.68973182544220e-18 3.86075870813875e-11 -1.46856149939983e-17 8.81957912931819e-12 1.75991308365888e-17 8.32866173806123e-12 1.88604840019270e-18 -1.72195582134915e-08 1.84265423978647e-10 6.71963392443271e-18 -4.76264994448523e-12 -6.54081628522119e-18 -5.52139882496559e-12 5.38287790632524e-19 1.61310455336377e-07 -7.41898413119563e-18 7.32470482307212e-11 -4.02122369593399e-17 -2.39479177022926e-12 5.25414461343804e-17 -1.16525154739124e-12 5.81217126150193e-18 -6.13975340215812e-09 -4.13213896991242e-18
 -5.94349013916374e-14 -3.02667479435980e-14 1.39306129366105e-13 1.23996696504431e-13 8.10608024221231e-12 1.15242006147471e-14 -5.31544711843055e-19 6.85868091061209e-19 -7.46346840884910e-14 -6.41439873938130e-19 1.04491040029911e-18 2.90741489670104e-13 2.25367316352087e-18 -3.16593955009271e-18 2.60728257228148e-12 -1.15769230210657e-18 1.49976168344902e-18 -3.55164569753175e-13 -3.02585693965061e-19 4.71389695342866e-19 -1.47430741014336e-13 -1.37718606566922e-13 1.95102568608574e-21 7.13496435077764e-16 -3.73241963582171e-21 -2.14466788306799e-13 2.41141565283012e-13 7.41088353067774e-21 1.52621829446395e-14 -1.26620105382587e-20 4.78911560650836e-13 -2.30511683089285e-13 1.03566318170072e-20 1.13103958391976e-13 5.29904563420901e-20 -1.70855959122022e-13 -9.68829134980771e-14 4.91137623149968e-20 4.52357473104721e-13 -8.24813407990625e-20 -4.01918487997828e-14 1.28176028852894e-21 3.01022547567900e-14 5.94425761733708e-21 4.86757273339435e-15 -2.04466978333862e-20 1.02492960933232e-13 -7.61878312357850e-22 -1.41587539819293e-21 3.14943457262737e-14 -1.78560285921456e-20 -6.76543895599253e-15 5.06902237675158e-20 1.10577358886200e-13 9.15188525034331e-22 6.99250135621288e-22 -3.31272225523208e-13 5.97545950806585e-20 1.40952318875077e-13 -6.56722793842640e-20 -2.48236227258831e-13 1.32445665531336e-22 -7.13491919251757e-11 7.53362682141101e-24 1.11218060669124e-13 -4.12324190468011e-21 -5.86140760506526e-15 9.87212831547201e-21 1.42514578762633e-13 -1.80360119018308e-22 -8.29584556501458e-09 -2.50939711732319e-19 7.69625229623583e-23 -3.26560329078440e-13 2.45954685519404e-20 3.85216989431013e-14 -2.97298266193556e-20 -2.05096879253343e-13 8.02960256874966e-22 9.81742061612576e-09 1.23415282514409e-22 -4.00916999116181e-12 1.44024657862022e-22 -7.63507741372670e-14 6.97540971747260e-21 4.50571617482812e-15 1.17693703065379e-20 -5.37659581802752e-15 5.36117130166794e-22 3.62108033381474e-09 -1.03960634826519e-22 -1.30762694950492e-13 -4.54269120330330e-13 -8.80244541520792e-12 -2.88396704413404e-13 2.05949640014013e-12 -2.03046006119498e-21 1.85150396275896e-21 -3.84564165205186e-16 -1.00984665252551e-20 1.21760277937232e-20 -1.36080155488289e-14 -6.56030691947550e-21 1.70443381369332e-20 -4.13860349354926e-15 -1.65433580248922e-19 1.32827386479842e-19 -1.86484038276672e-13 -3.17929634345681e-14 2.10815790584736e-21 5.80147227873381e-16 -2.09324203693812e-22 -3.41489341878778e-14 1.61147781143333e-13 1.52671442096125e-22 -1.20244172078006e-15 5.33865433871517e-21 1.96584840776612e-14 -3.23613454056255e-13 -3.12467097131371e-20 1.19460554654801e-14 -1.63068752077667e-20 4.82495017192477e-14 1.03911195711378e-22 -1.60156771532619e-14 -8.49952499807818e-22 5.35234487916813e-17 -1.20445185940829e-21 -7.92555607653830e-15 3.32049905456494e-22 1.63933307399444e-22 7.94481378429689e-14 3.22187057831498e-21 -5.45442875109246e-16 1.92051951180842e-21 -6.21066470247334e-15 -6.15650526694694e-23 3.23781999865352e-16 -5.69228165228442e-23 -2.42257570090549e-15 2.62439961807193e-22 1.42152972808379e-17 -3.21159048310580e-22 1.23577413627449e-15 2.32601968487119e-24 -1.65630733759036e-11
 -3.55452322204416e-23 9.11029348596239e-24 -6.13882495291395e-23 -1.10309595999011e-22 1.11835966293841e-22 -4.42724181338524e-23 5.95292543284776e-19 -1.67690442457468e-18 -1.16262638716770e-23 1.66233107205282e-18 1.44786665889004e-18 -9.63991301596370e-24 -2.59469694213639e-18 3.10807728163726e-18 6.03092817324085e-24 1.36028144111181e-18 -4.07810040660170e-18 -1.17875898208522e-23 -1.29793025120452e-18 1.59989251342348e-19 -3.13838362389550e-24 -3.73084999037063e-22 1.79852238873270e-19 -6.38589933329019e-25 -7.84998111741628e-19 -5.30834354372773e-22 3.42923281171263e-22 -5.96710320222924e-19 6.29937104752482e-26 2.76615047190834e-18 4.30696505271119e-22 -2.47662939100299e-22 3.40873633281604e-19 -1.56508968875802e-24 -3.61743956097714e-18 -3.83312830122885e-22 1.27898950000432e-22 -1.58529994601160e-20 -3.19414893976838e-24 2.26223132517619e-18 1.31555686681825e-22 8.99585786516235e-16 1.53067751666005e-22 1.25207620627983e-18 -5.65963516753525e-25 9.16061150963451e-19 -9.46015006258908e-23 -9.90354461749518e-16 -6.17489654615251e-15 -1.59122105062331e-22 -1.26118149779348e-18 6.10301474377982e-25 -1.46978685096468e-18 3.32618437386977e-23 6.06049999564161e-15 -5.66948696465777e-15 9.75808771515119e-23 6.79499896523708e-19 -6.88094159688410e-25 9.67350154785579e-19 -8.68460805792778e-23 5.43396485509636e-15 7.70110574665406e-23 5.56914104797475e-16 2.53659368464137e-23 4.92289454643542e-19 1.89503850708945e-26 6.66497438983848e-20 4.62991789668166e-23 -5.40151893141546e-16 -2.45636100015474e-22 -1.58573087023305e-23 -1.30327662504901e-14 7.29153584237519e-25 -6.26884366347038e-19 -4.50198798060770e-26 4.37773276067524e-20 -1.03473926136155e-22 1.25750107227297e-14 1.23415282514409e-22 1.82716034170782e-09 4.12193605700392e-23 -6.68883648142839e-15 1.36598685582283e-23 -4.74197221846541e-19 -3.82265248871061e-26 2.65598265516123e-19 1.03694447004135e-24 6.42688017140309e-15 -3.58367824618921e-23 -2.68515502205670e-24 1.86189033262325e-25 3.35376144929643e-24 -2.50448064100429e-23 6.24777357412501e-25 -2.18298299186233e-23 2.17009717024955e-19 -1.12175881107667e-19 -8.14161810605024e-25 -6.23792050706821e-19 4.37262136897678e-19 1.22593582904743e-24 8.25372408904691e-19 -6.43980633637616e-19 -8.07571046016770e-25 -6.85714245650766e-19 4.86018430745093e-19 2.68583765533545e-24 1.09736810881299e-22 1.49560331246121e-18 -2.61065842907046e-24 -1.50568380632083e-18 5.16415960078199e-23 -1.20749905139439e-22 -1.55006739638318e-18 2.80122448350454e-24 1.46622157637327e-18 -2.70418854377003e-23 5.02208084576761e-23 5.33636657000148e-19 -9.12666283437227e-25 -5.38521586026022e-19 -2.55054848474556e-22 1.56915421744541e-15 -6.01252666725962e-24 7.80757536725970e-19 3.03752169758987e-24 -4.72276540353144e-19 -2.58619145666240e-23 -1.56330160298257e-15 6.09692854592835e-16 -1.08375718657714e-22 -3.43276019962128e-19 -1.47424983001291e-24 3.63902285276508e-19 8.65096572840969e-23 -4.78603870511820e-16 -2.41180018219743e-23 -1.56022784188195e-16 -9.10714950869737e-23 -3.04138821420386e-19 2.33479955408790e-24 2.44079130864786e-19 -7.54494013861419e-23 1.46358438011545e-16 1.19958189672169e-23
 -2.09660164748784e-13 -1.00415614551102e-13 4.61637180656916e-13 4.09939703663477e-13 2.68704070750479e-11 3.83807761827281e-14 -3.24148331399176e-20 2.06159433504009e-20 -2.47538067079383e-13 -4.50537979327961e-20 2.97073894672640e-20 9.63079191803395e-13 1.53942673840980e-19 -8.53723818653557e-20 8.64402871952480e-12 -7.38764989277527e-20 4.38230358440345e-20 -1.17807712893315e-12 -2.17022792657758e-20 1.17684219687426e-20 -4.88857258941387e-13 8.81712770217663e-14 -3.18577632831224e-22 2.39944510026504e-15 3.86404282431174e-22 3.82453619448261e-13 -2.62342119938849e-13 5.80823447295327e-22 5.05170192071699e-14 -7.01080606142187e-22 -1.12181651920713e-12 9.52523304436436e-14 1.25326464547176e-21 3.75028195185595e-13 2.11984410640830e-21 3.94638244209241e-13 8.37314582104251e-14 5.13913838018702e-21 1.49935682708355e-12 -1.37569964695484e-22 3.26998454560085e-13 1.26011078292003e-21 -6.31244360773554e-14 2.14138600263222e-22 1.61975960446433e-14 4.89692040906232e-22 -2.91831650012822e-13 1.56529633207157e-21 -1.03313003388956e-21 -1.05908251908582e-13 -6.71195008601566e-22 -2.24840729040098e-14 -6.75350598725473e-22 -4.52789054131474e-13 -1.18839251010878e-21 3.58727213839805e-22 2.69929141449303e-13 5.02780018966393e-21 4.67208560710766e-13 8.90823254031489e-22 1.09460972490791e-12 6.49041497944501e-22 3.60782615057731e-09 3.91636989417894e-22 -1.30759678837455e-13 -7.18111110376646e-22 -1.94615208547342e-14 2.47767661932363e-22 -5.53390988372831e-13 9.40420808352062e-23 -6.62687452209738e-11 3.62108033392426e-09 -1.66700913303914e-22 2.32118880615543e-13 3.31354168920611e-21 1.27716921386253e-13 -5.85006731542779e-22 9.23506085555650e-13 3.12250265998297e-22 -4.00916999116160e-12 4.12193605700392e-23 6.95679938678142e-09 -7.47202873331795e-23 2.58652943873696e-14 4.70971866761976e-22 1.49574512144655e-14 4.86976584579280e-22 7.90539192532819e-14 1.33341781034722e-22 -3.08394242170668e-18 -6.42523324191202e-23 -4.33719350174957e-13 -1.50582963251940e-12 -2.91458985332050e-11 -9.56017621865799e-13 6.82650082391774e-12 -2.12838950253150e-21 1.14740906368468e-21 -1.23875456200572e-15 3.27131190896777e-21 -7.06222555163582e-22 -4.50156282318170e-14 -1.98915409413721e-21 1.73833985231557e-21 -1.36299369910066e-14 4.12688550771665e-21 9.68339815678134e-21 -6.17985648802574e-13 3.25173719284629e-14 8.10343374345712e-22 1.91727492060975e-15 1.15064572980194e-22 1.38891378890980e-13 -7.40219490246909e-14 -4.79229646814409e-22 -3.84359667033126e-15 4.47209310826005e-22 -2.12646348662760e-13 1.09377649600902e-13 -1.53319701759313e-21 3.96085443196251e-14 -3.34113042344843e-22 2.54932110829744e-13 -1.69994283853912e-22 1.03165207274872e-14 -8.96475875443103e-23 1.48115646535367e-16 7.10597402520924e-22 4.08014258925158e-14 -3.52099276866548e-23 -1.07713533856090e-23 -1.83985235706009e-14 2.91145107094126e-22 -1.84423375775974e-15 -2.54126432625421e-22 -5.97207840511754e-14 6.47031992836791e-23 -3.36103710290259e-12 5.77508802811735e-24 5.51509250543923e-16 -6.75199161683190e-22 2.55987967609226e-17 1.84843736606958e-21 -1.43708843968797e-15 1.44053790417974e-22 3.28117892818296e-16
 4.21546470074730e-16 1.85014665173139e-17 -9.42958192099694e-17 -1.94066813680625e-16 8.04137822816012e-17 -5.09007611552713e-17 2.70877432185414e-10 3.13863592474503e-10 1.50494903073527e-16 4.12760291190299e-10 4.67981305914383e-10 2.51924227455124e-16 -1.34715827948447e-09 -1.42647670431870e-09 -9.31780802507222e-16 6.19280070780642e-10 6.73425439648646e-10 4.04455552272384e-16 2.04943365852408e-10 2.08643881035932e-10 1.35867437461450e-16 -8.12984249811338e-19 4.75033104235384e-12 -2.59124058487827e-18 1.12733828965809e-12 1.89500395002315e-19 2.06484996345391e-18 3.20789726557805e-12 5.15853053511999e-18 1.60567177658804e-12 -6.00144560726343e-19 -2.90904800486864e-18 6.39661904830509e-12 -2.31276287065351e-17 -4.13008375520698e-13 9.07309854401917e-19 1.41819143528101e-18 2.22917630346439e-12 -1.91242037468288e-17 -2.65553147186661e-11 -4.30840440823310e-19 -1.52284512666043e-09 3.07985400631466e-18 -1.86671240746363e-12 -2.87147509482770e-18 -6.69693675158749e-12 -1.24816282384693e-18 3.55983273034508e-10 3.08043973296293e-08 -4.45511697026137e-18 7.42743151630787e-12 7.54279654771690e-18 1.21254480238292e-11 1.86178590221548e-18 1.17058693347002e-11 2.53537126920511e-08 2.48497895634646e-18 -6.46837770538620e-14 -2.01629733227808e-17 -2.68092983728167e-11 -1.05008129365875e-18 6.75415816242760e-11 -4.04670806361694e-23 3.42292885161214e-09 -9.44101930747082e-19 3.35745717542524e-13 3.11108964358387e-18 7.90821244825550e-13 4.01031481305470e-19 2.82253612463612e-10 -1.53475543129698e-22 4.68299640942140e-23 6.35822195127160e-08 9.34286496225416e-19 2.72935096420268e-12 -8.63215093535568e-18 -7.66855426604078e-12 -3.04686835600217e-19 -1.03954248199677e-10 1.44024657862023e-22 -6.68883648142839e-15 -7.47202873331795e-23 4.06785200983203e-08 -2.44872385713483e-21 4.55091152509611e-12 -2.27382905040929e-19 -5.32831229552655e-13 1.00166559097607e-19 -8.72634067062357e-15 6.20692583384722e-23 -6.42750896250765e-15 6.24473272246817e-19 1.21346096577704e-17 3.37336253639477e-16 -1.50123934423808e-18 -1.37105623890349e-17 -1.38206202027298e-12 2.24275904504049e-13 2.20877046126857e-18 -2.00183712398389e-12 7.39393469430870e-14 -8.58714202599542e-19 1.27619140863441e-13 -3.07488092964137e-12 9.27130731702509e-18 -4.73932363800390e-11 6.05189660202031e-12 1.63282786152743e-17 1.22626849563937e-18 7.16855988900488e-14 -9.39239948512062e-19 4.71480355962710e-12 9.17928654479297e-19 -7.95601574663472e-19 2.56449467891378e-12 2.29806483962377e-18 -6.05439087801825e-12 -1.43778811175264e-18 9.68430086716144e-20 -1.05822617746230e-11 -4.19749024963556e-18 6.94416926476410e-12 5.64160884366190e-19 -6.00083045827893e-09 4.40346531253326e-18 -6.71794223999190e-13 -3.05214040285513e-18 1.91733141276105e-12 -1.07551435811223e-18 -1.70245177288836e-10 5.06643677375968e-08 -1.90657752001814e-18 -2.29157535556277e-13 2.21752816380701e-18 -4.53218611188477e-13 4.79105875023311e-19 2.16532827086473e-10 -3.55668003290659e-19 -2.48380125941717e-09 1.04094660239019e-17 -1.95362773089178e-13 -5.03792810841714e-18 -6.80584888048749e-13 -2.84731839304179e-18 -1.20870153821475e-10 -5.48609938854116e-19
 -4.64805673332534e-10 -7.68190498091418e-11 -3.04166037346390e-10 -5.90177709153006e-10 -5.39104439665053e-10 -2.41960099025022e-10 6.28709356520313e-16 -1.62311823481228e-16 -1.14803295022881e-11 8.98615354848367e-16 -3.22648991602315e-16 -9.47363505426423e-11 -2.87577730149005e-15 9.32222046287533e-16 -3.21650184315509e-10 1.36633978909977e-15 -4.07408358177235e-16 -2.29894375026157e-11 4.20763502571912e-16 -1.49435362221023e-16 2.94869425634858e-12 4.00038525780364e-08 4.38663071072381e-18 2.41589845048009e-11 2.03284007510408e-18 2.62458031318364e-09 -1.71940153711119e-07 -8.14714077700571e-18 -2.10168828871724e-11 1.40173057120681e-17 -3.36145670549915e-09 6.31893670239626e-07 -2.90624667734702e-18 6.20682941690751e-12 -2.28636260712405e-17 2.51689905279030e-09 4.40621624481181e-07 8.73863385142944e-18 -1.06268085424493e-10 2.27270852930513e-17 1.06588765534746e-10 -1.08541529244119e-18 -1.20757374807812e-08 5.80824728302580e-18 -3.29543847586310e-12 -1.48792363742102e-19 1.22626439669213e-09 1.88645382644231e-18 4.16123480182290e-19 9.65969711208982e-09 -9.78392456588986e-18 1.14379898611158e-11 -7.96875440030179e-18 7.09999502979868e-12 -1.68754081389740e-18 -2.27211846528381e-19 1.20316303734091e-06 3.83705794386624e-18 -4.61494245986327e-11 2.08726433467840e-17 -5.11676557957482e-11 2.23198081712780e-18 1.25380325355151e-14 -5.09204614640817e-19 -3.29130010730854e-07 1.45974585091385e-20 -4.66059205887914e-13 -4.44118688611524e-18 4.92619053310516e-10 5.48936188284333e-19 1.01325775096617e-13 2.36726651235247e-14 -6.24192798612213e-20 1.29247933276486e-06 -1.28676193554876e-18 -8.24600372179049e-12 1.03418269280239e-17 1.44689755182235e-09 3.49376889641596e-19 -7.63507741372669e-14 1.36598685582284e-23 2.58652943873696e-14 -2.44872385713491e-21 3.97005130544807e-07 -5.34716006412974e-19 -6.68599806502513e-13 -1.69299083851458e-19 3.36311112302037e-11 -5.81097756142368e-20 1.43786241280003e-15 -1.73283700140334e-23 5.01185031635063e-11 9.44016269816583e-11 2.28978753959086e-09 3.91743717284316e-11 -4.21827562514486e-10 1.29188965960315e-17 -3.68049374992584e-17 -7.27947468988574e-12 -1.30509780654294e-17 5.23943520659950e-17 1.83380879522421e-11 1.64700616750123e-17 -3.59456312412964e-17 2.26539593316430e-12 4.28027740199027e-17 5.20627442314853e-17 3.00510377234005e-11 1.55565886238031e-07 -2.20578527365377e-18 7.35725606954872e-13 2.06171272944907e-19 1.33737571659557e-10 -4.73140205636082e-07 4.28536943209827e-18 2.54331320811349e-12 -1.14602705795515e-18 -6.64487179274429e-10 2.34884992934000e-06 3.73721917639425e-18 -8.16231065042400e-12 -4.96171566085423e-18 4.15070239509394e-09 1.73362922161708e-18 7.26239186558881e-08 1.12795402596789e-17 1.97961322822426e-12 -7.96724689409676e-18 -2.17391392597311e-10 -3.74959238208881e-18 -3.04828263885519e-19 -4.44150341202990e-07 -5.43835641052505e-18 -7.46922393696766e-12 3.49741273757056e-18 7.81360043139842e-11 2.19642043731917e-18 -7.50431045423644e-16 7.10604600879369e-18 1.57349018359871e-08 2.77254573375641e-17 4.91012020240671e-13 -1.68547745797522e-17 -5.14358262527558e-10 -1.04886149367557e-17 -1.17493325196641e-16
 -2.17811764289054e-14 -5.37882438550979e-15 2.87767621625971e-14 5.92804893584716e-14 -1.90474826642734e-13 2.22742941649346e-14 -2.18920317284934e-07 -8.99006558780706e-06 5.56463944333757e-15 -3.51957003892953e-07 3.93376525463136e-06 7.60188884138047e-15 1.04744708422281e-06 4.22624147237278e-05 -6.18927410483782e-14 -4.83176557690484e-07 -1.17001376262768e-05 2.01640598660830e-14 -1.56090933832069e-07 -6.64125770359368e-06 6.28675964277655e-15 -1.48230466702127e-17 4.67853262577543e-07 -1.38781333976678e-16 8.55253269803597e-09 1.24801843111121e-17 5.07460889244499e-17 -1.87700927177851e-06 -1.30406143944127e-16 -1.13979863200948e-08 2.59084591238117e-18 -7.07875357303769e-17 9.29552920604412e-06 -2.51562433299313e-15 1.51980151149696e-09 -1.85530543065499e-17 3.83806413391475e-17 1.61631629205995e-05 -4.00903523976309e-15 -1.28305043587627e-09 1.41152660291847e-17 -1.72249014751468e-11 1.05160831683728e-16 5.75227627683891e-07 6.24527691063558e-16 4.53609967066336e-11 7.15382689261316e-17 -4.53855245450077e-11 1.87165628364769e-11 -1.42579403417373e-16 -2.14334816954351e-06 -1.64185282440384e-15 -2.04073550331965e-09 -8.10076966429432e-17 3.88402563447700e-11 -4.99100088314821e-13 8.27461446010099e-17 1.79599528376585e-05 -5.44555831989394e-16 6.79846172411973e-10 3.68637353479226e-17 -1.23668769686289e-11 -1.51325523771168e-21 -9.17818197640564e-13 -2.40122380350841e-17 -2.14727475960767e-06 -2.48130568857799e-17 3.03975386358643e-10 4.87551145018281e-19 -4.17110000155389e-12 -5.18433922704677e-21 2.11383373259198e-21 1.09718066855262e-11 2.68073735373413e-17 9.85101154877204e-06 -3.80448629429615e-16 -3.51412614110240e-10 -6.25797060428475e-18 5.51372208764088e-12 6.97540971747261e-21 -4.74197221846541e-19 4.70971866761976e-22 4.55091152509610e-12 -5.34716006412976e-19 2.14719942637721e-06 -6.32837743402284e-17 1.02074837003896e-11 -6.22177333085612e-18 -1.28069096974602e-12 1.38905853311011e-21 -1.03898464044761e-18 5.65781637967669e-16 3.30631910946106e-15 -7.48316945820671e-14 4.74717797536778e-15 -2.02915234498883e-14 8.27538583513901e-11 -1.22157997932787e-07 4.06926617822734e-16 -4.61822124661231e-12 2.99153000670177e-06 -2.13658817176953e-16 4.35973330335718e-10 2.73338917577048e-06 6.31490164347306e-16 4.29443943083743e-09 4.54221829252071e-05 1.95185181121423e-15 3.66603690629994e-17 -5.01019584797312e-07 1.16978645775930e-15 7.21037124026543e-11 3.35869221165158e-17 -2.73900559581060e-17 1.61152055220267e-06 -1.18296165107199e-15 -3.05841306699542e-10 -4.38676563221606e-17 2.76391099558978e-18 -8.64279302495637e-06 1.74760371133245e-16 2.38425813974262e-10 1.74747394597749e-17 -3.78762929591487e-13 1.20003799059366e-16 -1.91043819717030e-07 1.08670877324129e-16 1.63479274309106e-11 5.55642937080019e-17 -6.85010382153591e-13 -1.53395053071909e-12 -5.43039746075046e-17 1.17277574681430e-06 -8.20591555396991e-17 -1.80236860633717e-10 -2.96239630273201e-17 2.00194349270724e-13 -9.87655130654593e-18 1.35203734774611e-14 2.62218971074012e-16 -3.80357680284289e-08 -1.21418221668606e-15 5.13653838572293e-12 1.56371553729757e-17 -5.35142006284350e-14 -3.07509060941852e-17
 -6.72005308337435e-05 -1.90073013020967e-05 5.17435466175366e-05 1.09242907032481e-04 1.13851133929172e-04 2.12447475128959e-05 -1.59088597743734e-15 6.79904167605702e-15 -1.46283612367165e-04 -1.60054006818624e-15 1.16121716432423e-14 -1.64531283771807e-04 6.72092016098545e-15 -3.48798445002141e-14 7.57131066232364e-04 -3.67972784971047e-15 1.64934832725745e-14 -3.36395583723872e-04 -7.94184541490307e-16 4.95540226543193e-15 -1.01761833800910e-04 3.87541590002861e-12 -8.58833973706704e-17 1.62911761651350e-06 -1.83051665126279e-16 -7.06860632335683e-12 -4.60162312629836e-12 2.76486816619579e-16 -5.96444302601049e-06 5.46306154262506e-16 6.80055022356509e-12 1.33745489277790e-11 -1.90398657599205e-16 2.76889757724679e-05 -4.27705140556208e-16 -6.20131073658791e-12 -2.05323624210288e-11 3.66149046819994e-16 1.75960848441050e-05 1.02469967905012e-16 2.17213248142052e-12 -3.72950996701548e-17 4.20056059404542e-12 6.54178952309562e-17 -2.45379356218617e-06 -9.97023949639801e-17 -1.22727809490899e-11 -4.34270687602403e-17 2.89844854434724e-17 3.77170147256574e-12 7.97232510056430e-18 8.31565569799624e-06 1.03132772362264e-16 8.87416885463954e-12 3.50232269555405e-17 -9.98350731519427e-18 -6.04973958902847e-12 1.11598227703529e-16 1.20081056938879e-05 5.86395315742596e-17 -1.30599398567735e-12 -1.39413483358263e-17 1.45525720868052e-14 -6.85025488549066e-18 8.55703899904909e-12 -9.47965233953634e-17 -1.34885484804957e-06 -6.39747770949835e-17 -6.50670668546645e-12 -6.02572787036759e-18 2.42946578726796e-14 5.92249526099176e-15 6.14532387237023e-18 -1.23798386739989e-11 3.74216660017112e-16 9.36443135630486e-06 1.50878300471201e-16 5.51484254592712e-12 2.92883806995219e-18 4.50571617482812e-15 -3.82265248871059e-26 1.49574512144655e-14 -2.27382905040930e-19 -6.68599806502503e-13 -6.32837743402284e-17 2.60895364852503e-06 -4.37073201160341e-17 -1.06057076789710e-12 -7.84851451377926e-19 2.19193177836682e-14 -9.11994010301367e-25 -5.02700589115164e-06 -5.25579887924430e-06 2.27310313633001e-04 -2.61455056354546e-05 2.13222599035288e-05 1.51255941530080e-15 4.34363969388314e-16 -5.34379540562272e-07 -2.20826408220103e-15 -5.32276231493849e-16 1.77024851507548e-07 1.51211428734966e-15 4.17607814750481e-16 -1.05064976246425e-05 -1.83723836074384e-15 1.24475068717964e-16 -1.73925995834183e-05 4.53954177063125e-12 -1.52663330449166e-16 2.40757748441522e-07 3.50752616832983e-17 1.08861956024946e-11 -7.53155472739647e-12 1.36993080592932e-16 -5.61828434428005e-07 -1.47225858427840e-16 -1.16588522550803e-11 -5.15242542791848e-12 -2.53136753784800e-16 5.62929976078676e-06 2.28412621347803e-16 1.36332890210534e-11 -6.47744404421458e-17 -7.17159303206024e-13 -3.19502227405021e-16 2.22842752443087e-07 -5.70399434653982e-16 1.40977164120433e-12 2.85430421812975e-17 3.05089732219199e-17 3.70076029307327e-12 1.69364717149913e-16 -1.19924032835149e-06 2.45676093929200e-16 -2.36106592854726e-12 -8.64062232533634e-18 -4.17361568489270e-15 -4.85612258239144e-17 1.64819102063312e-13 -6.43524949987493e-16 4.19620845634260e-08 -1.30356521115316e-15 3.41151655979689e-13 2.04192761358615e-16 1.18272630800048e-14
 -1.73056172586244e-14 -5.47978188495693e-15 2.55095553125447e-14 4.47780885258546e-14 -2.26664601803413e-14 1.84359352210310e-14 -8.99679325341924e-06 2.24253716574601e-07 7.23685294357244e-15 3.92163431486543e-06 3.61088607553356e-07 1.10550145277768e-14 4.22977194822596e-05 -1.07433148452030e-06 -1.59687903960782e-14 -1.17161999673837e-05 4.95489909150811e-07 1.35074658311291e-14 -6.64664454354143e-06 1.60222514405663e-07 4.11786676968595e-15 -1.85605679764349e-17 -8.57082656142821e-09 -6.52003102271642e-17 4.68199336274054e-07 -3.67340528891938e-17 3.15594617601267e-17 1.14711961002469e-08 5.11049159447879e-16 -1.87735893213557e-06 9.85310985214705e-17 -3.77213718489498e-17 -1.48113262696669e-09 1.67875653123170e-17 9.29561331777481e-06 -1.25273151567713e-16 1.94072536970004e-17 1.28289491316125e-09 2.67240462749033e-15 1.61631152361733e-05 7.43977145580641e-17 -5.19373917291906e-11 4.34082190387945e-17 -4.22783396234312e-12 -4.87937137022959e-18 5.75269838257357e-07 1.45363066418810e-16 1.20404386884880e-11 4.43200502511339e-11 -6.66612766015610e-17 1.92013554463607e-09 2.85630281027410e-17 -2.14340678706590e-06 -2.12438828722844e-16 -8.38035260340906e-12 -1.46754605862719e-11 4.22392911543791e-17 -5.80408998722224e-10 3.56613316161890e-16 1.79599470899010e-05 1.39003234467498e-16 5.59204295971566e-12 -8.40119817333300e-22 -3.97170808620981e-12 -1.86290304755993e-17 -3.30119538365106e-10 8.29178811851106e-17 -2.14724943893372e-06 -4.88436662054177e-17 -2.32409519576580e-14 -8.78386006154108e-21 1.48996577437584e-21 1.76715934008583e-12 1.97921852633356e-17 3.72804097766721e-10 -1.01514861761832e-16 9.85099547493447e-06 5.87052412670709e-17 5.48906317428215e-12 1.17693703065379e-20 2.65598265516123e-19 4.86976584579279e-22 -5.32831229552654e-13 -1.69299083851456e-19 1.02074836992000e-11 -4.37073201160341e-17 2.14718634858682e-06 6.94285848237204e-19 2.40210470723130e-12 2.25203012190574e-21 -7.33538385938258e-19 -9.39691451402726e-16 -3.22445481976214e-15 2.05173742435142e-14 -3.77735292559473e-15 1.38959079341453e-14 -1.22158317198879e-07 -7.95999083247022e-11 1.47261462616589e-16 2.99154381392663e-06 -8.55782057780928e-12 -3.48033207730533e-16 2.73337564373755e-06 -4.27065501159551e-10 3.99165794054499e-16 4.54221854626285e-05 -4.29587791211732e-09 -1.34288032229908e-15 -1.82598437235210e-17 -6.76121782092584e-11 1.58722278593652e-16 -5.01011744470533e-07 -2.08691800180181e-18 5.81513839379711e-17 2.91419809976274e-10 -2.09439602422333e-16 1.61150232434772e-06 2.48359599903503e-17 -2.17782074831846e-17 -2.24972443809062e-10 1.33835067345862e-16 -8.64276398503676e-06 -1.42383412235734e-17 -1.07481874830675e-12 6.86859227949008e-17 -1.56258920720720e-11 -4.08742678884872e-16 -1.91043531580730e-07 2.07743089451927e-16 -9.57657893062037e-13 8.90757186992363e-15 -2.88714160117281e-17 1.96101241956166e-10 1.70884591765018e-16 1.17279868025494e-06 -9.11942464209182e-17 1.09187882726855e-12 -6.62432184568080e-18 -2.53771832915669e-14 2.05156878440220e-16 -8.16011091948673e-12 -7.06332684517111e-16 -3.80371374525904e-08 5.64092799424452e-16 -5.79434934096288e-14 -5.24945295983606e-17
 2.31859707311540e-10 3.14487340185692e-11 2.27451332376318e-10 6.56679669490512e-10 -2.81520023851335e-09 1.59730324647210e-10 1.42442795933212e-16 -8.49926747347806e-16 -1.67587889605005e-10 5.93201090943978e-17 -1.27450689800043e-15 -3.21120179253183e-10 -3.07249954727936e-16 3.98857033466004e-15 2.76366043883567e-10 1.95076560167189e-16 -1.87307304853064e-15 -3.01072327504197e-10 3.67419416736091e-17 -5.90492507060486e-16 -1.07258922058974e-10 -2.08780122354484e-09 -1.85282890638763e-18 -1.52924039022929e-11 1.58618321350331e-17 4.00981334886555e-08 3.37634694253963e-09 -1.05052104592657e-17 1.27580460674773e-11 -1.41675820492150e-17 -1.71495232219101e-07 -2.24810373801103e-09 -2.73200279776056e-18 -4.40291535626122e-11 3.74576246803570e-18 6.31765727512075e-07 -2.43882011469323e-10 -9.57954470422377e-18 -7.47654864923185e-11 2.72333417882360e-17 4.40669245569913e-07 -1.33875002103831e-20 -1.13958635390490e-09 3.44268971301434e-18 -3.57086843504849e-12 2.36333706587775e-17 -1.19134761946783e-08 4.05491195426415e-18 -7.40656031863680e-19 2.96345938535718e-11 -1.25376164161060e-18 -1.30788867678813e-11 -4.26178237994365e-17 9.62962920438804e-09 -3.58234790867258e-18 5.23260520469356e-19 6.46849331716579e-11 -1.58057746328792e-17 4.17565358211760e-14 3.55676143601532e-17 1.20313032870174e-06 3.39085774633003e-18 2.04035880985515e-14 -5.71014986700473e-19 -3.62770321273728e-10 1.94603475730298e-18 -8.48718013691262e-13 3.63470765961275e-18 -3.29102992641037e-07 1.23065751848404e-18 -6.40098908861093e-14 6.68412831035894e-14 5.24980134411434e-20 -1.50236573084991e-09 -7.15237077845439e-18 2.79148373999828e-12 -8.21270807280678e-18 1.29246926361728e-06 -2.57033188754258e-19 -5.37659581802752e-15 1.03694447004133e-24 7.90539192532819e-14 1.00166559097606e-19 3.36311112302362e-11 -6.22177333085612e-18 -1.06057076789710e-12 6.94285848237201e-19 3.97014689879305e-07 -5.34108829995395e-19 -5.07542729289552e-14 7.95003376734676e-24 3.21932952750325e-11 9.56868221859501e-11 -2.12534678493352e-09 2.29774352602029e-11 -4.44759787332533e-10 -8.42085162628080e-17 1.35386789420530e-17 2.75297144849482e-12 1.28501695746006e-16 -2.35500328150994e-17 -9.60045808157985e-13 -8.10323862037025e-17 6.88247851714236e-18 -3.99335025111532e-12 1.64911276491744e-16 -6.38519036586058e-17 4.09454912252200e-11 -1.37751062006353e-10 -6.60592555809758e-18 -2.95415708088670e-12 -1.24643465270434e-18 1.55560500934574e-07 6.55807517338942e-10 5.83419805761582e-18 5.55453140377456e-12 6.99870326765561e-18 -4.73129923393593e-07 -4.12311834280736e-09 1.80771611322893e-17 -9.42711422909448e-12 2.37188334375539e-18 2.34884283741164e-06 1.31988844889512e-18 2.18814327712032e-10 -9.50821747270031e-18 -9.48376359780169e-13 2.84687665769054e-17 7.26233606357297e-08 -1.73129879593791e-18 2.03794514332431e-19 -1.68001230681180e-10 4.81704104433224e-18 3.13375110115978e-12 -1.36476366977401e-17 -4.44160454525843e-07 1.31755237119252e-18 1.74167649865354e-16 4.18170750647586e-18 5.19914565212054e-10 -4.88849713737450e-18 5.21647802670362e-13 6.36306098961639e-17 1.57364013598093e-08 -7.87367829909215e-18 -7.01873236052105e-16
 9.85252383564855e-16 1.35217655048633e-16 -6.53597042872693e-16 -1.21029409556482e-15 1.37362292083147e-15 -4.57975598350867e-16 1.30002209632315e-10 8.49881074844114e-11 5.99373263868890e-17 2.22737868842238e-10 9.41092336942154e-11 1.16246291869394e-16 -6.55851283045291e-10 -3.79496514368899e-10 -6.59264141099860e-16 3.00224387225715e-10 1.67916148571340e-10 2.21798442658177e-16 9.77037914795625e-11 5.43727692065208e-11 8.28321376458541e-17 1.20547385393475e-18 -3.06449706646527e-12 -1.98797431719556e-18 -1.88564720854876e-12 4.32450652619111e-19 -4.05444869261612e-18 5.59215828730044e-12 3.60195712654509e-18 7.17929598027816e-12 -6.21051561296529e-19 5.21315751629065e-18 -1.58203305623577e-11 -2.41735451055695e-17 -2.87138749320480e-12 -2.51529676160260e-19 -2.48865941778133e-18 -1.97668325186492e-11 -4.40242028177849e-17 2.03709191517752e-12 9.23615504941839e-19 -3.56952477933138e-10 -4.81112166052577e-18 -4.31258761848196e-12 -4.99811953790219e-18 -8.81042991638253e-13 2.59479953393860e-18 -1.52043369835634e-09 -1.12674437041628e-11 7.17727914772916e-18 6.35664889418181e-12 1.23550017961164e-17 -1.38284706352598e-14 -3.58471102932676e-18 3.08048722004793e-08 -6.75524810200681e-11 -4.23169127592611e-18 -2.38031683188778e-11 -2.62987877712354e-17 1.38533340069708e-12 2.29793460493064e-18 2.53539588470232e-08 -5.96557756321002e-22 -2.82476066712850e-10 1.84761846221086e-18 2.11830319455858e-12 3.43290168439233e-18 -6.96087522955905e-13 -4.60868672712571e-19 3.42373502548724e-09 -4.63221521178793e-22 8.38171206521898e-22 1.04192020117762e-10 -1.96338734442021e-18 -1.12776633726485e-11 -9.32394657173966e-18 -2.29887739744033e-13 9.62053837062869e-20 6.35827525531383e-08 5.36117130166794e-22 6.42688017140309e-15 1.33341781034722e-22 -8.72634067133245e-15 -5.81097756142364e-20 -1.28069096974602e-12 -7.84851451377925e-19 2.40210470723130e-12 -5.34108829995395e-19 4.06790625870955e-08 8.38108107379870e-23 -6.68827369334711e-15 9.75588338141669e-18 4.10099036786060e-17 4.71015824377479e-16 3.07126258259343e-17 -1.34087952862455e-16 -6.61582765731778e-13 -1.27890292955775e-12 -8.16926481121088e-18 1.78626416667406e-12 -1.77251036593999e-12 1.44796399998630e-17 4.05338192128865e-12 -3.13762444318951e-12 -2.22174183078750e-18 4.87508600054455e-12 -5.55979876176263e-11 3.30894528616598e-17 -1.00332389618102e-18 3.70017429246018e-12 -4.30565019409367e-18 1.36419263589220e-12 -6.90303364923176e-18 3.08461780417524e-19 -6.47026259704178e-12 6.13705510784196e-18 -2.56658439046230e-12 7.87214047400792e-18 -1.03237046242821e-19 9.10361398998259e-12 -5.30627325789103e-18 3.38238938520457e-12 -3.22193182045398e-18 1.70122134199035e-10 -7.85484194070296e-18 1.71192200487065e-12 1.02385776956333e-17 1.09971197429427e-12 1.05566489673321e-18 -6.00091957414793e-09 -2.16459774004587e-10 3.26925989982288e-18 -1.62488752887203e-12 -3.50190989610682e-18 4.27905652311014e-13 -6.41868935122855e-19 5.06643291043865e-08 -4.00070921744295e-18 1.20892839568033e-10 -2.23647137987514e-17 -4.30811448047395e-13 2.86275490935036e-17 -1.64021339686087e-13 3.29029125038660e-18 -2.48377573835175e-09 -2.20127113331064e-18
 -3.08122612906901e-13 -1.47383451186159e-13 6.77470108936981e-13 6.01793700750313e-13 3.94290894145032e-11 5.62009488689898e-14 -1.03596267142904e-19 1.30071551990056e-19 -3.63234482883203e-13 -1.26390292044012e-19 1.97819791283303e-19 1.41311636105153e-12 4.42789536878364e-19 -5.98594663686863e-19 1.26842197840737e-11 -2.27426537181892e-19 2.84845038077127e-19 -1.72874921034153e-12 -5.94608964135874e-20 8.88403053057390e-20 -7.17345558894976e-13 -8.43786306692358e-14 5.40316930094286e-22 3.48482016268182e-15 -7.09510454789316e-22 -2.69718444542321e-13 2.21869239876933e-13 1.30411663984743e-21 7.42579136120849e-14 -1.86814527768876e-21 7.69777264582101e-13 -3.92541517912134e-14 2.12599581308864e-21 5.50150946727917e-13 9.87512646498071e-21 -2.71952372114002e-13 -4.15624342600183e-14 1.07338165367935e-20 2.20010501267388e-12 -1.61889550735298e-20 -2.12366134224125e-13 8.49253532747675e-23 5.00112786603575e-14 1.43081065124573e-21 2.36845318789466e-14 -4.02711924101910e-21 1.98557350784464e-13 -1.35959635197373e-21 -2.06507356020174e-22 1.01463362888233e-13 -4.17519385887732e-21 -3.28811158750184e-14 9.85598265590148e-21 2.99848697456895e-13 1.21799416081793e-21 1.07067335819005e-22 -1.57224260407563e-13 1.27724092614403e-20 6.85486105364338e-13 -1.29670749537805e-20 -7.24973081680830e-13 -4.59162068617089e-22 6.62687388119180e-11 -3.01276553159888e-23 9.27744453368165e-14 -9.53995005671313e-22 -2.85216659477715e-14 1.91306881156196e-21 3.68983082786424e-13 -2.06265490265714e-22 3.60782614761753e-09 4.00916813303147e-12 2.10598043983071e-23 -1.17591827401547e-13 5.27572097688318e-21 1.87348885929448e-13 -5.99691965438825e-21 -6.11649840019447e-13 1.68511614856579e-22 3.62108033381474e-09 -3.58367824618921e-23 -3.08394286939735e-18 6.20692583384722e-23 1.43786241280002e-15 1.38905853311011e-21 2.19193177836682e-14 2.25203012190574e-21 -5.07542729289553e-14 8.38108107379870e-23 6.95679938435675e-09 1.12370912938314e-22 -6.36330461493848e-13 -2.20955362179283e-12 -4.27686965599659e-11 -1.40261755008481e-12 1.00173154068009e-11 8.21652689555394e-22 -2.36478102270139e-22 -1.83644551011531e-15 -3.57654448920738e-21 3.63389576324148e-21 -6.60459765257113e-14 -2.18868638246833e-22 2.79843402152039e-21 -1.99746684720939e-14 -3.43817397653738e-20 2.87938154109018e-20 -9.06920007295289e-13 -2.04376500143022e-14 2.78215551273559e-22 2.82370106119227e-15 -7.71286614369282e-23 -9.27618152808689e-14 5.93901690462431e-14 2.03487739956347e-22 -5.66106987677784e-15 1.01410486768154e-21 1.25048582409173e-13 -5.93807955344883e-14 -6.64523550798160e-21 5.81433916699544e-14 -3.46670762173391e-21 -1.37344964005561e-13 1.47381780502064e-22 -6.46073859494865e-15 2.09481094842719e-23 2.34279741017800e-16 -6.95625085388718e-22 -2.64092834553361e-14 2.34016638565079e-22 -4.52068907684493e-23 1.11128300418773e-15 5.87140620036394e-22 -2.72246869871598e-15 4.94713174628792e-22 3.42568860419050e-14 -7.35319110637821e-24 -3.28099175755508e-16 4.76346356690398e-23 2.23903993868554e-16 4.39984567636512e-22 3.46944999322728e-17 -1.16992987975838e-21 1.11167982015142e-15 -3.49367574354858e-23 -3.36103710744452e-12
 3.10553107057870e-23 -1.61178434477691e-23 1.00133418014427e-22 1.75513358224224e-22 -2.09844567314890e-22 7.11046650921325e-23 9.74878329575452e-20 -1.04079647201931e-18 1.60002666871693e-23 2.19935970580883e-18 1.21926863739355e-19 1.41154991890722e-23 -1.95705485893015e-18 2.24317808101999e-18 -1.39841985123370e-23 2.69599629079340e-19 -1.43080033379797e-18 1.74793452130636e-23 -5.88189645670797e-19 -2.64723532267613e-19 4.90728967117157e-24 -6.03830036463048e-22 2.81912564192222e-19 7.12342792347676e-25 2.90491648317960e-20 -1.95934741024691e-22 3.27425540811116e-22 -9.73875411291072e-19 5.67563821511544e-25 1.00603936855425e-18 9.35874992698028e-23 -9.69774837232833e-23 1.06298340806591e-18 9.80214059319479e-25 -2.68820966524112e-18 -1.29856802627559e-22 4.96770060680114e-23 -3.43761243581663e-19 4.46706160751105e-24 1.52176066212596e-18 1.67530836481517e-22 9.90771543280315e-16 -1.57410273002730e-22 1.18363266772041e-18 4.38006699177597e-25 3.21363364479981e-18 7.12030338460757e-23 8.99272609465958e-16 -6.06092130759040e-15 3.25381198817196e-22 -1.01267734163153e-18 3.64503357463529e-25 -3.33458848540643e-18 -1.93998342504664e-22 -6.17447538633277e-15 -5.43457141756358e-15 -1.82871619628034e-22 -2.98005402208641e-19 -8.00064566138328e-25 1.01409069207567e-18 2.23870924439992e-22 -5.66898218723300e-15 -3.07414393369892e-23 5.40341767819469e-16 2.95833087076075e-23 6.86189360060248e-20 5.35480168786028e-25 6.88272384962468e-19 5.59004585644311e-24 5.56788419360054e-16 2.10598908432568e-22 1.96652354725056e-23 -1.25763013175213e-14 -5.25042114180253e-23 1.09786991747682e-19 -2.06242300240133e-24 -3.91899354000208e-19 5.51989077199150e-23 -1.30316500519560e-14 -1.03960634826519e-22 -2.83312150709873e-24 -6.42523324191202e-23 -6.42750896250766e-15 -1.73283700140334e-23 -1.03898464044761e-18 -9.11994010301368e-25 -7.33538385938259e-19 7.95003376734677e-24 -6.68827369334710e-15 1.12370912938314e-22 1.82716034170781e-09 1.77756182903659e-24 -5.39083039285169e-24 -2.85841141576970e-24 3.41227972111634e-24 2.15058480860173e-23 5.26367449306012e-19 6.42714907751590e-19 -5.70579775417498e-25 -7.26336659742254e-19 -5.84173171990996e-19 6.16542468951191e-25 3.77412896688588e-19 -5.59629129382113e-20 -5.99017504373035e-25 6.98229103976866e-21 4.79355186308388e-19 -7.11731379145567e-24 2.02931093974585e-23 -1.33643409259719e-18 7.78419739424477e-24 -2.23465051123754e-18 6.69141765981928e-23 -4.11868778609823e-23 1.73505699901339e-18 -8.48697032836316e-24 2.95569328752816e-18 -1.05212579150538e-22 5.70779512596677e-23 -1.02015096226027e-18 4.11560922033893e-24 -1.72742852189318e-18 7.26126477823378e-22 1.56345762120955e-15 5.91581082454364e-23 -4.35026131483094e-19 -1.45872435542522e-24 -1.10850368395735e-18 -6.00665002014517e-23 1.56900920087332e-15 4.78660114866185e-16 -1.03486411518632e-22 4.04414948067650e-19 3.60716954966705e-25 9.13535308108230e-19 7.36420734755037e-23 6.09651764959085e-16 6.99809787228882e-23 -1.46374202868636e-16 -1.05064386403236e-23 2.67043163121686e-19 -2.33583601641266e-24 4.93096026584982e-19 4.06955701690613e-24 -1.56009073233519e-16 2.56816773410570e-23
 1.95233180385120e-04 4.93795324531783e-05 -1.63847179601810e-04 -7.37337614890874e-06 -6.51924446245873e-03 -1.44167621025610e-04 1.28795012310083e-13 -2.19811143050496e-14 2.39742144776959e-04 1.76213853804565e-13 -3.74150089791929e-14 2.01691605628620e-04 -5.77094497475104e-13 1.16726507825157e-13 -3.19333194108418e-03 2.74806399956331e-13 -5.18644897360594e-14 8.25816473929543e-04 8.44287046772938e-14 -1.64889846108092e-14 2.38187130853089e-04 -5.02629533994005e-11 -3.46198181839570e-16 -2.08000438975071e-06 1.20769426121654e-15 4.13708208274605e-11 1.65735924438750e-10 9.51348403619551e-17 -2.44950176169214e-05 -1.52748217833128e-15 -1.00237827099227e-10 -3.86812184388647e-10 -1.09435546045488e-15 -7.58613913595649e-05 2.32917661019416e-15 1.04714866473142e-10 6.29392989037349e-10 6.84280949422966e-15 -3.15889788929749e-04 -2.59308179110398e-15 -1.66402665848284e-10 9.15335204610739e-17 -4.42734249209214e-11 -8.37853579299819e-16 -2.88066578536234e-07 8.64005023432084e-17 1.03878787748126e-10 1.25946764926427e-16 -7.39307592391040e-17 1.14666070037884e-10 -1.49448286267315e-15 -1.53888042763196e-05 1.11200638377279e-15 -1.84596041316416e-10 -9.54498299636965e-17 2.96843089199103e-17 -1.92688585150080e-10 5.94683507894271e-15 -7.28341693831457e-05 -2.80025733213829e-15 1.62660048220453e-10 5.09970176559516e-17 -4.22024493532586e-13 1.42969057820839e-17 3.33881017776831e-12 -9.74416274571541e-16 2.60822732879893e-06 2.97461567185708e-16 4.35535083990952e-11 1.78316185271747e-17 -7.05343799795466e-13 -1.71708849816266e-13 -1.17152736480881e-17 1.89188876808263e-11 2.42543799381386e-15 -2.55774009967556e-05 -6.85089883059629e-16 -2.68867447872025e-11 6.54349543934965e-18 -1.30762694950492e-13 1.86189033262324e-25 -4.33719350174957e-13 6.24473272246815e-19 5.01185031635063e-11 5.65781637967669e-16 -5.02700589115164e-06 -9.39691451402727e-16 3.21932952750325e-11 9.75588338141670e-18 -6.36330461493848e-13 1.77756182903659e-24 1.36995447667609e-04 2.95447153300355e-04 -4.56755002342757e-03 3.39867346250923e-04 -1.72440415852964e-03 -1.68806216950754e-15 -5.67725174302387e-16 7.32132341861539e-07 2.26167525941640e-15 1.11939818716355e-15 3.17425279115710e-06 -3.23443816838490e-15 4.29663816048814e-16 -5.55062289172820e-07 -5.25384445329822e-16 1.41572900821885e-14 5.99968161115507e-05 -8.50399777438939e-12 -3.94068951394062e-16 -6.45356936217808e-07 1.06819203259832e-16 -1.85487911775598e-11 1.76376249965432e-11 -1.68787619677793e-16 1.85698617869998e-06 2.22810198687253e-17 2.76971718945045e-11 2.37912666261843e-12 4.96987898668745e-16 -1.18858722968456e-05 5.58878048844833e-17 -1.21705421419197e-11 7.24672340192396e-17 1.04179505638642e-12 -3.11300572462392e-16 -3.06675676167310e-07 5.21028272503541e-16 -2.96892437369232e-12 -7.56109638632961e-17 -3.03021707509839e-17 -7.97604807109844e-12 -1.37402149504743e-16 1.65602657646137e-06 -1.71772591118787e-16 -1.54951949032283e-12 2.58088642787474e-17 -3.25272221313558e-13 8.83351679371990e-17 2.28155261557525e-13 1.31276552510869e-15 -4.72632688985736e-08 2.25918956195368e-15 -1.18514499720179e-12 -3.21885796683191e-16 -6.97569677222298e-13
 -1.63696377952552e-04 -1.03160511713738e-05 1.08731469406204e-06 1.05348360425083e-03 -2.43348803019833e-02 -8.78227571406010e-05 7.85190637953192e-14 -4.33114040812585e-14 -3.51679218768586e-04 9.90012925440508e-14 -7.23985462239464e-14 -9.50575048922267e-04 -3.36316434671409e-13 2.10668366985213e-13 -5.57441576768275e-03 1.63510488609616e-13 -9.27894886683226e-14 2.46905960643557e-04 5.13542564987896e-14 -3.05677397508680e-14 3.99782874116441e-05 -1.29173871861341e-10 -2.07017217530172e-15 3.03171610069133e-06 2.63911281858386e-15 9.02278760256490e-11 5.61825361777459e-10 2.71148042805655e-15 -1.23120312561801e-04 -7.41247105818668e-15 -3.13782141536806e-10 -1.31712558874602e-09 -2.07469556421529e-15 -2.01113750864865e-04 1.07648385438387e-14 3.19951124551073e-10 2.06156405299160e-09 6.41361642677442e-15 -1.10218650244723e-03 -6.13436861196494e-15 -6.05833826489533e-10 6.01669143224091e-17 -4.04873921353029e-11 -1.02774243640436e-14 -1.63212990658745e-05 -1.80428431057719e-15 2.82026190689204e-10 9.67855254928184e-17 -2.70181842981999e-17 1.17292464584550e-10 7.86752587090787e-15 -2.60950619703393e-05 4.80965699233339e-15 -4.66122300155342e-10 -4.17560090543921e-17 8.68923258393303e-18 -5.26373598839420e-10 2.65430138048598e-15 -2.33039753440960e-04 -5.64383325071310e-15 4.19170644876647e-10 4.86073847198245e-17 -1.46517677035315e-12 1.69821260322647e-17 3.92881639421268e-11 -3.73885793778701e-15 -2.45444924329153e-06 -2.76926607312518e-16 1.84062496374840e-10 1.29070010177592e-17 -2.44897593518623e-12 -5.96208072368210e-13 2.88171001249547e-18 -4.93230859994328e-12 5.10691533415916e-15 -5.02227114697574e-05 8.67970840952508e-16 -1.49162344591050e-10 5.40771524868188e-17 -4.54269120330330e-13 3.35376144929643e-24 -1.50582963251940e-12 1.21346096577703e-17 9.44016269816575e-11 3.30631910946106e-15 -5.25579887924430e-06 -3.22445481976214e-15 9.56868221859503e-11 4.10099036786060e-17 -2.20955362179283e-12 -5.39083039285169e-24 2.95447153300356e-04 1.30663874247384e-03 -1.62565517427141e-02 1.57794774590431e-03 -5.69358268734537e-03 3.39876097009475e-15 -4.36422496924220e-16 -4.84398728887097e-07 -3.27247887571192e-15 -1.73284628967035e-16 3.09464512413928e-05 -7.73847773715152e-17 2.73882130073346e-15 -4.83987869135496e-05 1.08317342727028e-15 7.58601166961569e-15 3.02075480405456e-04 -2.96927381806103e-11 5.94673408771484e-15 -2.32388026033131e-06 2.86438264091870e-15 -6.44345950872241e-11 5.83171761578349e-11 -8.59211234268780e-15 7.48044330517575e-06 -2.71523687099862e-15 9.44056081845404e-11 -5.73289184840441e-11 6.07207618822897e-15 -2.76586504704098e-05 1.02304092963685e-15 -4.55450629885678e-11 2.46770720380408e-16 5.52840540174341e-12 -1.49462716070541e-15 7.59373225673084e-08 -4.77670062219698e-17 -1.08514622820183e-12 2.26829332919605e-16 -1.36327293310667e-16 8.90867812093541e-12 -2.67342289873340e-16 4.73962804044069e-07 -1.02816566581555e-16 5.91698853980134e-13 -1.32346761114007e-16 -1.01477876248858e-12 -1.98501618180378e-18 -4.04176636440983e-13 5.96300991646675e-16 2.01001019209112e-08 1.01760001160257e-15 -2.41259361306524e-12 -1.71888631284591e-16 -1.53192486836108e-12
 -4.21797690211580e-03 -1.07247183699795e-03 2.27441092948026e-03 -2.44728431672379e-02 4.55567075670024e-01 7.66708875588806e-03 -5.61093614253444e-13 -8.70342412092889e-15 -4.41172863709150e-03 -5.73710808450005e-13 3.85756665563836e-13 -5.49443402740954e-03 2.27971146556043e-12 -4.23757366939017e-13 1.69477787344755e-01 -1.16103421525871e-12 -8.41648021238824e-14 -3.71794129294780e-02 -3.41702529615892e-13 1.80781381484662e-13 -8.05477948657260e-03 -2.65100316966706e-10 4.11299309798663e-14 8.44000283111304e-05 -9.17674465154904e-14 1.15649448236728e-09 1.28553849287264e-09 -7.29914774005206e-14 2.71130304618216e-03 3.13100109133061e-13 -4.99854588286938e-09 -8.12530488880442e-09 3.54972149789967e-14 4.23260770812243e-03 -4.08922655629072e-13 1.25770886715442e-08 2.44456404197721e-09 -4.86602148528709e-14 1.81687840925365e-02 2.48642259011744e-13 -1.39433191908600e-08 3.49702095056397e-15 1.21291434066542e-09 8.26311463864377e-14 1.11221519738263e-05 -8.83115190132870e-14 -1.12918055472975e-09 -2.61886258556385e-16 -1.86929469908513e-15 -7.37187175677882e-10 -6.21574390930808e-14 2.02749358917480e-03 -2.52445393662907e-15 9.91397136827985e-09 1.24682774312745e-15 5.22256360280611e-17 -3.29221702308380e-09 8.01893569873267e-14 2.43911781188646e-03 1.96096710591151e-13 -9.33351321776085e-10 -9.61266126142100e-16 -2.83529453555031e-11 1.01965922828934e-15 1.09118257414433e-09 2.77347576216843e-14 1.60355044384741e-04 -4.96203865758092e-14 -1.30374028771860e-09 5.29796947886565e-16 -4.73936146579476e-11 -1.15459589121193e-11 -5.28492693012512e-16 -4.39237314041454e-10 -2.69025368969969e-14 8.61554052835693e-04 1.15716991448413e-13 -1.06944131838773e-09 -5.98522660666672e-16 -8.80244541520792e-12 -2.50448064100430e-23 -2.91458985332050e-11 3.37336253639477e-16 2.28978753959087e-09 -7.48316945820672e-14 2.27310313633001e-04 2.05173742435143e-14 -2.12534678493352e-09 4.71015824377479e-16 -4.27686965599660e-11 -2.85841141576972e-24 -4.56755002342757e-03 -1.62565517427141e-02 9.96261651425032e-01 -4.49737382520929e-02 1.00706211872584e-01 6.75515327111752e-13 1.56041869700170e-13 -3.06457821321840e-05 -9.64723312845314e-13 -1.88314591621200e-13 -2.87962786074648e-04 7.54190825946158e-13 1.11052186316204e-13 2.14534792448240e-04 -3.94660476834891e-13 -1.03636313632704e-13 -1.81998547038154e-03 -6.56848618185608e-10 4.20506496844892e-13 6.20956278953206e-05 1.40135820047996e-13 -1.77759465677875e-09 7.55122400112335e-10 -4.24406081421767e-13 -1.97603019106293e-04 -2.05830327325258e-13 2.03855235903442e-09 -5.19027343235808e-10 1.75360675795992e-13 8.57417060904686e-04 1.48171284338453e-13 -6.47858350730253e-10 1.43085373021872e-14 5.33095253282065e-11 -4.36167214609541e-14 1.52978774575199e-05 -1.48710146747646e-13 -1.90772206743078e-10 3.95060436224814e-14 -8.41506468122918e-15 -8.50456747365390e-12 1.69255649720705e-14 -9.30300735735134e-05 4.80824285149497e-14 1.53748661604848e-10 -1.89739381306696e-14 9.70411633655818e-12 -2.31509336134682e-14 -3.11606533005829e-11 -2.83764890566077e-13 2.35231183270572e-06 -5.01941003963780e-13 -5.08445592814637e-11 6.33762039586681e-14 1.48278883398740e-11
 1.05094413469946e-03 1.80211246956684e-04 -6.16868317651169e-04 8.80466537337921e-04 -3.76497867853771e-02 -8.70278545150091e-04 2.67389017718646e-13 -6.38157312633740e-14 2.11652641489230e-03 3.54107409719475e-13 -1.19489289207825e-13 2.72807736043540e-03 -1.18074040361471e-12 3.43536110912295e-13 -2.17990982206098e-02 5.65296963310302e-13 -1.46624871045690e-13 6.50001247522516e-03 1.74151791716665e-13 -5.18683349904065e-14 1.82787249399808e-03 -1.91450931880035e-10 -2.49454767305015e-15 -1.57065932399370e-05 5.61290664736439e-15 8.98338422795286e-11 7.35500946753151e-10 3.51372429667532e-15 -1.50348026082636e-04 -1.33776528882164e-14 -3.10274733610948e-10 -1.83688078597668e-09 -4.19883757492690e-15 -2.83410720368357e-04 1.79404484691829e-14 4.28421793651426e-10 3.19121233291941e-09 1.48686790889596e-14 -1.64207971843468e-03 -1.43410910599066e-14 -1.03184418902711e-09 3.33026742115916e-16 -1.62710761178921e-10 -9.40090920624873e-15 5.91740354197847e-06 1.48215427678448e-15 4.06210091834041e-10 5.35479749508915e-16 -2.77040683780870e-16 6.20102393757945e-10 3.90840608412977e-15 -8.76276601091880e-05 4.16141131871238e-15 -9.45773736748893e-10 -4.24498174463816e-16 1.12430339766213e-16 -1.24650472315842e-09 8.32440607015363e-15 -2.96503768748569e-04 -1.31138039716533e-14 9.09662608659171e-10 2.10213508908572e-16 -9.30239318600678e-13 4.82857233210988e-17 -3.01908288211844e-11 -4.09772089967716e-15 1.67390814290757e-05 1.74092655281285e-15 3.13138559189045e-10 6.25422351074331e-17 -1.55457135043511e-12 -3.78484244878500e-13 -4.29570143543925e-17 3.12700321052032e-10 6.86479519039224e-15 -1.15715940160451e-04 -4.10014234333666e-15 -2.88337065850595e-10 2.65464198101784e-17 -2.88396704413404e-13 6.24777357412500e-25 -9.56017621865799e-13 -1.50123934423808e-18 3.91743717284315e-11 4.74717797536778e-15 -2.61455056354546e-05 -3.77735292559473e-15 2.29774352602028e-11 3.07126258259343e-17 -1.40261755008480e-12 3.41227972111634e-24 3.39867346250923e-04 1.57794774590431e-03 -4.49737382520929e-02 4.52193631374535e-03 -9.09455955458154e-03 -1.81656020834911e-14 -5.68644504730362e-15 3.44095671547515e-06 2.60540981583522e-14 6.93688752359127e-15 9.94116481314924e-06 -2.39899252196015e-14 -7.88102514782335e-16 -3.29759679684691e-05 7.46731748127588e-15 2.77593065503571e-14 -2.12609876941401e-04 -4.12447297259268e-11 -5.81687741594979e-15 -7.26738249675948e-07 -1.16526246038924e-15 -9.74616076374004e-11 5.38575109560799e-11 2.97215643719208e-15 -2.81495875895644e-06 2.90536529529629e-15 1.27615790591527e-10 2.31235859018954e-11 1.45475892210860e-15 -1.41826615837189e-05 -2.38180336697722e-15 -3.44933814162417e-10 1.61636720411515e-16 -2.14965695171092e-13 -1.29889582932532e-15 -1.07648606953982e-06 4.15770593813289e-15 -1.89440827122807e-11 -7.26201411022212e-16 -4.34464481853825e-17 -4.01939286623198e-11 -4.18217497467997e-16 5.70866144490246e-06 -1.39054427418989e-15 5.00181611797189e-11 3.06569516435621e-16 -7.18682009746436e-13 6.14360524569494e-16 1.20492792871082e-13 9.69008877468112e-15 -2.15958674093792e-07 1.67472451880028e-14 -6.91241970040442e-12 -2.15073051050522e-15 -7.70213700012845e-13
 -6.50898446207391e-04 -3.23014700095732e-05 6.70842795880394e-04 -6.19001617580103e-03 1.29551266101319e-01 1.95292465712818e-03 -4.18938787210774e-14 -1.67803054126088e-13 -7.50570137393112e-04 -4.06295184230200e-14 -1.71150970957170e-13 -7.97547320239431e-04 1.93225329391133e-13 6.87173454255504e-13 4.29219721509320e-02 -1.01030294654596e-13 -3.70035731523557e-13 -7.49857331302333e-03 -4.14514277796245e-14 -8.66614589630616e-14 -1.88331416235531e-03 4.39542840975562e-10 1.04618734606614e-14 -2.30716045093163e-05 -1.16089710373849e-14 -3.10399139368293e-10 -2.39536517781066e-09 -2.85586677859087e-14 7.51269807337819e-04 4.25918553378379e-14 1.34035381187175e-09 6.81579186047222e-09 1.49299419108550e-14 2.73031652775543e-04 -5.76837057587020e-14 -1.66215760405579e-09 -1.15150926019407e-08 -8.28894099841235e-15 5.39416004539979e-03 3.38638027061720e-14 3.64063058079254e-09 -5.51645864535238e-16 3.03242556553973e-10 5.28581929160298e-14 6.84048276590978e-05 2.77632315187852e-16 -1.37689937157946e-09 -1.04452372062195e-15 4.20568865016387e-16 -1.34654208879466e-09 -5.00214315995673e-14 7.40062796350872e-05 -1.29313116405674e-14 2.75681255919449e-09 7.93895214593122e-16 -1.06054569808936e-16 3.53754919071247e-09 1.91663363182010e-14 7.82303450749479e-04 2.52278899201197e-14 -2.55663493869129e-09 -3.69535893266820e-16 6.64229084802273e-12 -7.66894423567861e-17 -2.62079849812612e-10 1.74712435308932e-14 3.16163687348736e-06 -6.45396459837213e-16 -9.38530730760384e-10 -6.79339766266172e-17 1.11027773288068e-11 2.70277343775706e-12 5.65879207546758e-17 1.15697458205472e-10 -2.05500775359199e-14 1.45490869257730e-04 5.33976750072410e-16 7.93291406492090e-10 -1.45775391661760e-16 2.05949640014013e-12 -2.18298299186233e-23 6.82650082391774e-12 -1.37105623890349e-17 -4.21827562514488e-10 -2.02915234498883e-14 2.13222599035288e-05 1.38959079341453e-14 -4.44759787332532e-10 -1.34087952862455e-16 1.00173154068009e-11 2.15058480860173e-23 -1.72440415852964e-03 -5.69358268734537e-03 1.00706211872584e-01 -9.09455955458155e-03 3.40450375950171e-02 1.61797741653673e-14 9.96937731261570e-15 8.72986878528877e-06 -2.87022446082424e-14 -5.49299926567539e-15 -5.62533929562223e-05 2.99256072034224e-14 -5.74764268725436e-15 5.28203346902528e-04 -2.37755133261359e-14 1.31963070668611e-14 5.08049251686317e-04 3.16939422835878e-11 5.63690728190999e-15 1.92032492996072e-06 -1.95467824575777e-15 2.58801720889694e-10 -1.62757802809962e-10 4.05669844708950e-15 -1.29879564999544e-06 -1.65356081901631e-15 -4.56016309984106e-10 9.07695640107894e-11 -9.86714654537998e-15 -1.98136798185322e-05 4.72681155502264e-15 4.40675526732763e-10 -4.28880559723395e-17 -3.26580008845919e-11 1.24024466783401e-14 -5.48657297703391e-07 6.40249065134241e-16 1.41655031163033e-11 2.52486814770372e-16 1.41763003495373e-17 4.23411659858833e-12 -2.71338956348142e-15 9.20500753810402e-07 -1.16295110676932e-15 -7.21245144499286e-11 -7.70604481106741e-17 5.11320432970755e-12 -2.16787294439276e-16 1.45848205104388e-12 -1.33285547927853e-14 2.66281614132553e-08 -1.94674978072583e-14 1.31632320050631e-11 1.40650705940165e-15 7.00064565313074e-12
 1.04844430819917e-12 1.36858068001902e-13 -6.39860753200509e-13 -1.20857869612265e-12 2.14438507728390e-12 -4.64949891659998e-13 -2.38567876666111e-06 -3.66554579469897e-10 -6.50397295714263e-14 -5.28527911587140e-06 -3.02565234244364e-09 -8.56739136789517e-14 1.09985253583320e-05 1.12481499657173e-08 3.24727201898446e-13 -7.09267431229642e-06 -5.11801271443577e-09 -1.55979930787825e-13 -1.38972375518467e-06 -1.68763545966698e-09 -4.24706268750154e-14 1.76527993630606e-16 -2.96092276042502e-09 2.33956504935724e-15 -1.27533298655940e-08 3.75475735139308e-18 8.88354890574097e-17 1.56324808290686e-09 -5.84231268060896e-16 -3.82861207039970e-08 2.00131673290990e-16 -2.75901206231715e-16 -1.95534401452620e-10 6.73462958137822e-15 -3.17005910999602e-07 -5.64326455524198e-16 -1.22662542310071e-17 6.26407984865558e-11 -1.67477000587494e-15 -3.07836785247166e-06 1.58306017439004e-17 4.23509065899659e-11 1.84280973171377e-16 4.97024624743495e-10 -1.65484563409978e-15 -4.40383128663760e-07 2.09759262991515e-17 1.27232548325344e-11 -3.43948170918392e-11 -2.37417995001329e-16 1.31172068133595e-11 5.94153906906509e-15 1.37844946412061e-06 -1.02662466640394e-16 -1.02838497201762e-11 9.34919916239323e-12 -3.90583590135061e-17 2.43388568204059e-10 -1.98175338872821e-15 -3.14577915945372e-06 -3.13314556808386e-16 1.85804630579437e-12 -1.86049701173871e-21 8.32103286242640e-12 -7.90794007963115e-17 8.52053763017240e-11 1.91031766724546e-17 3.33348321344162e-07 -7.89622213813439e-18 3.28630615874624e-12 3.17747781455921e-21 -8.09380820802118e-22 -9.66657671333953e-12 1.47355167241651e-17 2.35774208995794e-10 1.98807049532070e-15 -1.12192079199266e-06 -2.59182612559467e-16 -4.89219321684531e-12 -2.03046006119495e-21 2.17009717024955e-19 -2.12838950253150e-21 -1.38206202027298e-12 1.29188965960315e-17 8.27538583515163e-11 1.51255941530080e-15 -1.22158317198879e-07 -8.42085162628081e-17 -6.61582765731778e-13 8.21652689555393e-22 5.26367449306012e-19 -1.68806216950754e-15 3.39876097009474e-15 6.75515327111752e-13 -1.81656020834911e-14 1.61797741653674e-14 3.76843454073668e-07 6.70063189418326e-12 -2.12993372985478e-16 -2.80625452081569e-07 1.70992742342767e-11 2.16398039080452e-16 1.54379640697366e-06 1.51599436257303e-10 1.67505070363925e-16 -6.63330460242193e-06 1.28247492422525e-11 2.98684336542349e-15 1.00635786889429e-16 4.43462267437167e-12 6.08508745233367e-16 9.29624304326785e-09 -4.76177693079350e-17 -5.35930960151848e-16 3.82621062418037e-11 -9.91161645316284e-16 -1.05444880216673e-07 9.43876725309698e-17 1.15481536833962e-16 -6.35839199900543e-11 2.03845687247432e-15 5.80441662677253e-08 -1.80610795076821e-16 1.45694751406842e-12 8.64419708496761e-18 -3.51424354065870e-11 -1.23389235462945e-16 -1.03023895712205e-08 3.49475044712350e-17 1.47401869721764e-12 5.47995023823407e-14 4.53243863739268e-17 3.02582022029618e-11 -3.04383975199384e-16 6.46631485991029e-08 4.71041886825121e-17 -1.17925224698381e-12 1.30884994468457e-18 4.92711343363500e-13 -1.85604890624362e-17 -1.01410635736319e-11 5.94767005178185e-17 -2.66319258194152e-09 -9.20538898177698e-18 1.49590077855935e-13 1.10099322050462e-17
 2.46841196471844e-13 2.88233698424006e-14 -1.27435475563423e-13 -2.39957000213561e-13 4.67005724276605e-13 -9.43869292529182e-14 2.79391630433728e-10 -2.38417667442705e-06 -2.64776440709609e-14 2.83946802931153e-09 -5.28241182334876e-06 -3.86262362362532e-14 -1.06953181932654e-08 1.09902666274337e-05 1.54394725803382e-13 4.90476655366409e-09 -7.08895560072817e-06 -6.94481133385160e-14 1.58787330751850e-09 -1.38846912381632e-06 -2.06266651903525e-14 -4.63414634012290e-17 -1.27390404188040e-08 9.97927867705157e-16 2.93827593882284e-09 -9.05120561104044e-17 6.51151691468840e-17 -3.82809802096939e-08 -7.25121218194903e-16 -1.51931997265333e-09 -8.17987600017960e-17 -1.72978018909598e-16 -3.16967355406232e-07 4.25519270854381e-15 1.57142792035574e-10 2.47215728851423e-16 8.31637285761020e-18 -3.07839993664263e-06 1.59830458646225e-15 -9.02760530087719e-12 2.22600259056583e-18 9.01545619427007e-14 -3.53517875545287e-17 -4.40362906423861e-07 -1.18023184416147e-17 -4.64868213725967e-10 -8.41581853530788e-17 3.51917931596660e-11 1.95485362790449e-13 1.31815068319615e-17 1.37845987823927e-06 6.26969675564113e-16 -4.93045651351888e-11 1.27459589430137e-16 -2.85444416676596e-11 1.01471277798940e-12 -1.24439915232889e-16 -3.14579386274464e-06 1.47756557532596e-15 -2.11985067718090e-10 8.28949031408111e-17 7.59155002573547e-12 4.39366580740515e-22 -3.83820531663811e-13 1.35219978464400e-17 3.33353821970624e-07 -3.39727378441314e-16 -7.50087364545787e-11 3.72286399461186e-17 7.14018466227126e-12 -2.25173938942448e-21 1.08768072662983e-21 8.18884009989581e-13 -1.10199133341433e-16 -1.12191987335484e-06 1.44777644222070e-15 -2.38312980341539e-10 4.99056478768741e-17 -9.73959071013762e-12 1.85150396275896e-21 -1.12175881107667e-19 1.14740906368468e-21 2.24275904504051e-13 -3.68049374992584e-17 -1.22157997932787e-07 4.34363969388313e-16 -7.95999083248247e-11 1.35386789420531e-17 -1.27890292955775e-12 -2.36478102270144e-22 6.42714907751590e-19 -5.67725174302388e-16 -4.36422496924222e-16 1.56041869700170e-13 -5.68644504730361e-15 9.96937731261572e-15 6.70063189421703e-12 3.76833798138694e-07 -3.82406110473159e-17 2.04062441897537e-11 -2.80659140304656e-07 -3.16010558260663e-16 -1.08695250607710e-10 1.54374932353678e-06 -3.40354823959875e-16 9.17703906749587e-11 -6.63338039295929e-06 -1.45123752467110e-15 -1.80687886449294e-17 9.29661764768145e-09 4.70113831652159e-16 -1.17167672992858e-12 2.22577093996452e-18 1.37275563895575e-16 -1.05458655892911e-07 -6.53582309850711e-16 -2.85516953818437e-11 1.68028255991491e-16 -9.93873645238209e-17 5.80534491012231e-08 8.76516876966752e-16 6.63025356403483e-11 -1.60670941649952e-18 6.20038078642857e-14 -4.54293994813035e-18 -1.02997121858523e-08 -9.02633291556227e-17 3.26045010675954e-11 1.98217673646886e-17 4.03948065227440e-14 8.51961525250893e-13 1.89511135563868e-17 6.46630098885353e-08 -9.04328537158335e-17 -3.16916775335724e-11 -4.05329024378220e-17 3.00589804026263e-13 -4.14639232977335e-18 -1.55536318902620e-13 9.89236762355926e-19 -2.66319459215917e-09 -1.62528921490119e-17 1.17940120516257e-11 9.84450956710019e-18 5.95967171486466e-13 -9.08950846787835e-18
 2.74543343864191e-05 7.59214178266276e-06 -2.21304274925969e-05 -4.81143940370632e-05 4.39564925673504e-05 -1.11723651202817e-05 -6.82662906255611e-14 -3.84585273544145e-15 3.13472725323806e-05 -9.57111190512960e-14 4.03208228562470e-15 3.24197013423122e-05 3.07567403443493e-13 -1.01046150827171e-16 -1.51282989851957e-04 -1.48998562817126e-13 -2.97141979053638e-15 6.97539628249247e-05 -4.42349590181704e-14 1.08210586187355e-15 2.15104222161761e-05 -1.62234337983904e-13 -1.35243571976724e-16 -3.77397044748830e-07 -2.26856509093535e-16 -8.77339676582882e-13 1.69253904451413e-12 -4.64862248489778e-16 1.70034831390123e-06 -1.17312539742765e-15 -8.72383699993309e-13 -8.19032397676885e-12 1.71376750813479e-15 -6.85795656005291e-06 2.15135416067165e-15 3.57381560449840e-12 1.15680956886777e-11 -8.97085336132825e-16 -3.24538113160265e-06 -5.33031859214162e-15 -3.95906559938118e-12 -9.93719725586913e-18 7.59657045461366e-12 -2.34097180719476e-16 5.43436225150801e-07 -9.98185988879558e-16 -5.79034057508620e-12 3.39660294959670e-18 1.14534552176167e-17 -2.14484515960119e-11 5.29306407193650e-16 -1.72355728080981e-06 2.72191126827952e-15 1.07231357365741e-11 -6.89651023514038e-18 -5.58079902974182e-18 1.38921661595032e-11 -2.22763132119034e-16 -3.06396766913611e-06 -5.17534206644976e-15 -7.44652759329059e-12 -8.60370278287100e-18 -1.20387931529067e-15 -1.26346531935583e-18 -5.97925178285483e-12 2.00182144491539e-16 3.48367393266419e-07 5.27813187601769e-16 1.23503307466606e-12 2.00377541658170e-18 -2.02878386074803e-15 -4.92234603321755e-16 3.32432306353931e-18 -1.18479737289802e-12 -2.62759074865489e-16 -2.14069532240567e-06 -2.02971733763732e-15 1.03171800193778e-12 -1.57866403304093e-17 -3.84564165205185e-16 -8.14161810605024e-25 -1.23875456200572e-15 2.20877046126857e-18 -7.27947468988574e-12 4.06926617822734e-16 -5.34379540562272e-07 1.47261462616589e-16 2.75297144849481e-12 -8.16926481121088e-18 -1.83644551011531e-15 -5.70579775417499e-25 7.32132341861539e-07 -4.84398728887098e-07 -3.06457821321840e-05 3.44095671547515e-06 8.72986878528878e-06 -2.12993372985475e-16 -3.82406110473162e-17 4.79629974078336e-07 -6.92396884854050e-16 1.85666399287125e-16 3.69211953520373e-07 -8.08991206862238e-16 3.81248199597723e-16 4.96937320610623e-06 -1.22735135379544e-14 -7.34421642358660e-16 8.17627008927673e-06 5.65044498853687e-13 -4.20175407594477e-17 -7.71486919878501e-08 5.60686119674583e-17 -9.39041966008027e-14 -3.35415800715362e-12 1.18794886722202e-16 1.50625186892986e-07 -2.46126432190887e-17 1.00815006875464e-12 3.72928355521369e-12 -1.19923500212742e-15 -1.76022555275711e-06 5.43224882171145e-16 -1.10254156444306e-13 1.05103791209852e-17 -7.13061112289700e-13 5.24492522256848e-19 -5.13594116788430e-08 1.17048956969539e-16 6.76519063810591e-13 -5.48038118984529e-18 -7.37953271402106e-18 -1.74313161188875e-12 1.02341579105964e-16 2.76854707721282e-07 -8.63798547638029e-17 7.53685791392633e-13 -5.01715382612458e-19 -1.32643297406394e-15 8.59848647873301e-18 -4.37831527932746e-14 1.22677683561273e-16 -8.00107060913778e-09 2.60610456004218e-16 3.07824612753898e-13 -3.80978690921869e-17 2.64991853031381e-14
 -1.46931315384640e-12 -1.92389537130613e-13 9.02742295299210e-13 1.70894904019434e-12 -3.05726791497639e-12 6.55420443443511e-13 5.96223318920778e-06 -6.51942746747333e-08 9.17367805540800e-14 4.43245995290528e-05 -7.97390905073782e-08 1.20894445966623e-13 -2.95629023875427e-05 2.54006709777877e-07 -4.68183035833013e-13 4.49201677933513e-05 -1.21992874417938e-07 2.21464049455594e-13 1.36650237814246e-06 -3.73024902912810e-08 6.05253552421776e-14 -2.21651706735022e-16 4.43752052328226e-09 -3.36179295018902e-15 2.10116607921576e-07 1.05440110458665e-17 -2.19444247639357e-16 -2.49863713535717e-09 9.06147554045448e-16 -4.34288439692172e-07 -3.44766534523937e-16 5.27501263282724e-16 -3.34092023419074e-09 -9.74589140484614e-15 9.04324256554661e-06 9.02637305131871e-16 -4.87320819405713e-17 1.97095871364555e-09 4.30788786518001e-16 5.19267935729733e-05 -8.36735923908708e-17 -2.67108759872836e-11 -4.08488777843361e-16 -2.62309541711706e-09 1.65192902018156e-15 6.28630944873212e-06 -1.88150777469893e-16 -2.61729175820008e-11 1.89443069666864e-11 5.59220464463869e-16 2.21330228622467e-09 -7.15720381905441e-15 -2.01044243013524e-05 3.55002047256314e-16 2.34700920782967e-11 -9.77738250721844e-12 -7.20472093834247e-17 -1.81202146605102e-09 1.79840322246605e-15 5.33206165582606e-05 3.32727033929533e-16 -3.60649608218028e-12 1.12957976444737e-21 -6.23954959332506e-12 1.61053186656091e-16 -1.01553714975015e-10 9.90657585899731e-17 -5.85672223111301e-06 4.05194059429148e-17 -5.14031249268427e-12 5.31368381491967e-21 2.70593344743219e-21 -3.19826465388988e-12 -6.49904089135671e-17 -9.55940292495428e-10 -3.03158985294558e-15 2.10452033794496e-05 3.46694641384431e-16 1.25887074628475e-11 -1.00984665252551e-20 -6.23792050706821e-19 3.27131190896777e-21 -2.00183712398389e-12 -1.30509780654295e-17 -4.61822125107696e-12 -2.20826408220103e-15 2.99154381392663e-06 1.28501695746006e-16 1.78626416667406e-12 -3.57654448920738e-21 -7.26336659742254e-19 2.26167525941641e-15 -3.27247887571191e-15 -9.64723312845315e-13 2.60540981583522e-14 -2.87022446082424e-14 -2.80625452081568e-07 2.04062441900996e-11 -6.92396884854048e-16 1.63291945141206e-05 1.08797097508348e-11 1.08931994948164e-15 1.67314569544824e-05 -4.10075292277121e-10 -1.15649931684185e-15 1.46296635023513e-04 -1.56517333603241e-09 -3.22317227587907e-15 -7.31674013755286e-17 -4.98164931412463e-11 -1.37751644696511e-15 -7.40552255985714e-07 4.33587381917780e-17 6.60384190634599e-16 -1.41601454032419e-11 2.09692760701488e-15 1.95675136154417e-06 -1.21921138071892e-16 -1.11646063955894e-16 1.92111161197323e-10 -3.41082163968842e-15 -1.12900842134726e-05 2.62379081077909e-16 -3.14862333319706e-12 -1.88145254022539e-16 1.05365810534815e-10 4.84768302663991e-16 -7.53817821331138e-08 -2.48163906639152e-16 -4.34570790529468e-12 2.11947198870838e-13 1.21951633780796e-17 -1.61389033829275e-12 3.92296417556121e-16 6.14427116048650e-07 2.41711712083217e-17 3.22151077256155e-12 -7.25721039661485e-18 -7.48336046954106e-14 -3.93635912544686e-16 -2.94054220879977e-12 1.38237893298835e-15 -1.16260099696840e-08 -4.28984871137328e-16 7.13389821135729e-13 4.10010459849558e-17
 -3.23602195781202e-13 -3.97762815197589e-14 1.77245792707407e-13 3.31651788585705e-13 -6.16086296639695e-13 1.32025565798724e-13 6.48142177724805e-08 5.95917993612710e-06 4.14733568475373e-14 7.90918229444585e-08 4.43186394492648e-05 6.19481977692048e-14 -2.52190292061494e-07 -2.95458670859246e-05 -2.28573102874899e-13 1.21146070857778e-07 4.49124929366791e-05 1.06045133801279e-13 3.71744728218691e-08 1.36394773048027e-06 3.19680862648648e-14 6.64242538424833e-17 2.09989270291392e-07 -1.30709292265030e-15 -4.32007630970964e-09 1.05796289070388e-16 -1.01433110746626e-16 -4.34173978446000e-07 9.17498721516716e-16 2.31225841664191e-09 1.95432703589024e-16 2.59128020139184e-16 9.04312385184498e-06 -5.48140773115516e-15 3.48730056388078e-09 -4.64572476636790e-16 -2.02436374353277e-17 5.19267821432040e-05 -7.33339024021869e-16 -2.06734955403333e-09 5.39662440584804e-17 1.14632380298876e-11 3.57990767582347e-17 6.28637212915556e-06 5.42996493115104e-16 2.65736792150485e-09 2.40523983841230e-16 -1.86656342270683e-11 -1.19632254495980e-11 -2.46448596013279e-18 -2.01045530526246e-05 -1.76931764517587e-15 -2.23882947425220e-09 -3.59165711552398e-16 1.20961020216365e-11 1.86098853067925e-12 1.66796870911709e-16 5.33206840795220e-05 -1.22966243463151e-15 1.81087346124083e-09 -1.62937317938967e-17 -6.34350408047689e-12 -4.19526326960522e-21 -2.74909612587808e-14 -2.03812318694712e-17 -5.85672366869479e-06 3.61779541776665e-16 1.04495734624448e-10 -9.32783473215452e-17 -7.12351614277953e-12 -7.00632105029511e-21 3.19634293322559e-21 3.20477443905433e-13 1.56240868734208e-16 2.10451999853264e-05 -1.77280092724283e-15 9.48108014540840e-10 -3.43522370158205e-17 7.93568168906933e-12 1.21760277937232e-20 4.37262136897678e-19 -7.06222555163581e-22 7.39393469430915e-14 5.23943520659949e-17 2.99153000670177e-06 -5.32276231493849e-16 -8.55782057729393e-12 -2.35500328150995e-17 -1.77251036594000e-12 3.63389576324147e-21 -5.84173171990996e-19 1.11939818716355e-15 -1.73284628967033e-16 -1.88314591621200e-13 6.93688752359127e-15 -5.49299926567541e-15 1.70992742342566e-11 -2.80659140304656e-07 1.85666399287126e-16 1.08797097594762e-11 1.63291859660997e-05 2.30716353873147e-16 4.11785848248550e-10 1.67314478338484e-05 6.77499524922262e-16 1.63884111218664e-09 1.46296599971372e-04 1.75336355144191e-15 8.40827300515911e-18 -7.40560717118314e-07 -7.62283259975393e-16 6.51086185433139e-11 -1.05458543653680e-17 -1.70292140419302e-16 1.95674506908860e-06 1.03954000967379e-15 3.02231198049448e-11 -2.08206395892519e-16 1.26779305759451e-16 -1.12900821019381e-05 -1.26114480070507e-15 -2.05225715568950e-10 -1.93640897892342e-17 1.11772728070239e-12 -1.28146083242339e-17 -7.53802889094865e-08 6.82480956093356e-16 -1.11774460907137e-10 1.56798257230555e-16 -1.45241032800309e-12 -1.98513402954160e-12 -1.67429165511469e-17 6.14426512915986e-07 -2.06732859859579e-16 -2.01371201781762e-12 -2.22093436265047e-17 3.89163606541885e-13 -1.46080070112625e-17 -2.11547781742370e-13 -2.64137701560970e-17 -1.16260950908186e-08 -2.00093779153063e-16 8.28354798604619e-12 4.38000241450279e-16 -3.47663537775419e-13 -5.60482294387572e-17
 -9.89004476198273e-05 -1.66102032068682e-05 6.41711483916245e-05 1.07586609455236e-04 -7.74615331954323e-04 6.55874725397813e-05 1.00373206866988e-13 1.80976209252413e-14 -1.22800984170847e-04 1.42080929175252e-13 1.43241051547960e-14 -2.31831605385381e-04 -4.56927781592038e-13 -6.08471914332737e-14 4.06541597393828e-04 2.20985885179564e-13 3.21045791284279e-14 -2.51314492107073e-04 6.59832596768158e-14 7.99636471390859e-15 -7.31490261589915e-05 -1.25344416123259e-12 3.18204147482093e-16 1.76919705936438e-07 3.89270698770392e-16 4.08693941913506e-13 -2.90154828722594e-12 5.23234979037562e-16 -2.62309254180908e-06 1.36527932183422e-15 1.35917019106200e-12 -3.27886871554427e-11 -1.78375241496497e-15 -2.12892025628259e-05 -2.56724272857422e-15 4.79576344307186e-12 3.07248843312703e-11 9.08316887310959e-16 -3.83434246059831e-05 7.04180324609580e-15 -4.44658116351042e-12 4.91141802829544e-18 -2.29370212039216e-12 -3.01491585342022e-16 -1.34205034775642e-06 1.29043122027036e-15 2.24174989748648e-11 -1.78127136714815e-17 -4.63074135220948e-18 3.11376879977622e-11 -1.46542733049147e-16 -1.80468280574839e-06 -3.45709168154415e-15 -3.07354092252625e-11 2.49026130836037e-17 4.19878799480937e-18 -4.25590947151187e-11 5.87049782494073e-16 -1.46394826793004e-05 6.81632624209549e-15 1.82754573849939e-11 8.76426683258835e-18 -4.37988611221424e-14 2.20711945636533e-18 1.82439803982358e-12 -3.44828414946937e-16 -9.43480192266708e-07 -7.08664451514575e-16 6.28045562850838e-12 -2.70150401783830e-18 -7.31742003567529e-14 -1.78245506000262e-14 -1.86064032322042e-18 1.43302604652688e-11 2.56368699401306e-16 -2.20970572468047e-06 2.82791687832420e-15 -1.06814957024925e-11 2.63029068986992e-17 -1.36080155488289e-14 1.22593582904743e-24 -4.50156282318170e-14 -8.58714202599544e-19 1.83380879522421e-11 -2.13658817176953e-16 1.77024851507549e-07 -3.48033207730534e-16 -9.60045808158002e-13 1.44796399998630e-17 -6.60459765257113e-14 6.16542468951190e-25 3.17425279115710e-06 3.09464512413928e-05 -2.87962786074647e-04 9.94116481314927e-06 -5.62533929562223e-05 2.16398039080448e-16 -3.16010558260663e-16 3.69211953520372e-07 1.08931994948163e-15 2.30716353873150e-16 9.79782926925300e-06 8.95792135310365e-16 -8.57432096531893e-16 1.66643183948522e-05 1.69009651078829e-14 1.30870237788055e-15 6.58133356846612e-05 8.46520421146454e-12 1.59869117287184e-15 -3.94454334778988e-07 3.06381546048848e-16 -8.24716164229852e-12 -3.49258320389360e-12 -1.82954007441164e-15 6.53105850053959e-07 -3.75090601588329e-16 5.74401651921244e-12 -7.99821375667322e-12 2.35077892208845e-15 -4.77104881050869e-06 -5.10119439352341e-16 -4.10558948354667e-12 3.72745387360890e-17 3.10127210278081e-12 3.13976153293493e-17 4.60995455707753e-08 -1.31526000063385e-16 -3.76780856923775e-13 6.05062263979114e-17 -1.84759470159399e-17 4.92155185807772e-12 -2.14679872361837e-16 3.83206302597689e-08 8.49365620714834e-17 -2.38979391267704e-12 -2.83726838693526e-17 -1.90627039704783e-14 -1.93047771461042e-17 -4.37542765975978e-13 -2.92695285514395e-16 2.72651933587499e-09 -4.95352925021041e-16 -4.92660560807248e-13 3.70923980797367e-17 1.13694231594831e-13
 1.10003094169985e-12 1.43971834120954e-13 -6.79938046183052e-13 -1.28945710186241e-12 2.34235421640976e-12 -4.94216069507417e-13 -3.59930458392188e-05 8.88093883389666e-08 -6.81119084040927e-14 -2.59405596879946e-05 1.28254947352786e-07 -8.85184561819530e-14 1.61208191023172e-04 -3.69930229640337e-07 3.58951990003068e-13 -5.79995758480342e-05 1.71747384419901e-07 -1.66300665981899e-13 -2.44634797946708e-05 5.48730528264815e-08 -4.53350293854264e-14 2.05813586150510e-16 -2.62996151172526e-09 2.55593065030619e-15 -7.78575622914931e-08 9.07601021754031e-18 5.11824115708816e-18 2.15269142139452e-09 -7.47823465103389e-16 -9.92965151858659e-07 1.79535080378748e-16 -1.58032776117032e-16 -3.66930931717454e-09 8.30048124395744e-15 8.12135610262545e-06 -5.33869538292614e-16 -6.88896321527316e-17 6.94223113026966e-09 8.80765513202365e-16 3.19379074451240e-05 -1.64049127856157e-17 1.52476015188871e-10 7.07187085901007e-17 1.77515540343625e-09 -2.30293021442946e-15 2.69067315890512e-06 -5.71650324730088e-17 -1.23141269336714e-10 -1.25405040917236e-10 -6.35758711220184e-17 -2.21919640193327e-09 7.79662009283949e-15 -9.16075574754432e-06 -4.33401123361423e-18 1.12440430503303e-10 3.21138583709210e-11 -1.39173401316937e-16 3.34400592785286e-09 -2.54130069502491e-15 3.22677285822271e-05 -3.78106038287815e-16 -2.50036704121413e-11 -1.89318618295046e-21 2.22749155834494e-11 -3.91574506001770e-17 1.02673438054115e-09 1.58680763781274e-16 -3.67201813370557e-06 5.02496155404350e-18 -2.55697340627530e-12 6.35576924918184e-21 -4.63062793285955e-22 -1.61929598340746e-11 -2.18575404668455e-17 -2.36217225398475e-10 1.91957052089704e-15 1.45203245590969e-05 -2.75798696034040e-16 1.12749959386186e-11 -6.56030691947548e-21 8.25372408904691e-19 -1.98915409413721e-21 1.27619140863436e-13 1.64700616750123e-17 4.35973330330664e-10 1.51211428734966e-15 2.73337564373755e-06 -8.10323862037026e-17 4.05338192128866e-12 -2.18868638246830e-22 3.77412896688588e-19 -3.23443816838490e-15 -7.73847773715192e-17 7.54190825946159e-13 -2.39899252196015e-14 2.99256072034224e-14 1.54379640697366e-06 -1.08695250607317e-10 -8.08991206862238e-16 1.67314569544824e-05 4.11785848243413e-10 8.95792135310365e-16 8.24388792500383e-05 3.06590672847545e-12 -4.46796414976100e-16 1.46308156466753e-04 -7.67028098317023e-10 2.51953135982987e-15 1.14335589643857e-16 1.61340831044109e-11 -3.05157928349823e-16 -6.62112740294269e-07 -6.28764386012473e-17 -5.91476854226218e-16 -4.10312585354038e-10 -6.38575660318959e-17 1.47464468063506e-07 1.04364736707047e-16 1.54388752907092e-16 1.53598562297301e-09 1.81614742282344e-15 -2.01392382593938e-05 -1.89499555664113e-16 2.93446108766512e-12 -1.38858829084615e-16 -6.71893997199511e-11 -2.18907522637471e-16 -3.69353124313290e-07 -7.38225103657580e-17 5.31915907665313e-12 -3.67202074386268e-13 1.08550664685974e-16 -1.90051010329456e-10 -2.26121900378790e-16 2.61772884151360e-06 9.76150789842754e-17 -5.39841547290499e-12 -1.50002472488934e-18 -5.10035076127372e-15 -3.99035692390216e-16 -6.14328134394893e-11 1.49669394934673e-15 -8.34562085672145e-08 -2.55324764452936e-16 -2.96010104489944e-13 3.21348892997900e-17
 2.34028958363300e-13 3.10075416942341e-14 -1.40215385075694e-13 -2.60163666725475e-13 4.38963498551820e-13 -1.04511166922568e-13 -8.70695499892322e-08 -3.59885520388015e-05 -3.38622994424708e-14 -1.26074402110491e-07 -2.59316046516529e-05 -5.12916027367451e-14 3.62961901281323e-07 1.61182848391515e-04 1.69070171756176e-13 -1.68351039087619e-07 -5.79882260888889e-05 -8.29784885278210e-14 -5.40141776215547e-08 -2.44596009080595e-05 -2.49604524296472e-14 -5.33642255675602e-17 -7.79583830560188e-08 8.75110896707637e-16 2.33333269367405e-09 -1.19031734017029e-16 9.68540958724657e-17 -9.92912764359318e-07 -5.91375065266266e-16 -1.94930752702018e-09 1.40403806448687e-17 -2.18759583296267e-16 8.12131612008307e-06 3.13079673256359e-15 3.54463872781489e-09 1.05499339786501e-16 2.02969566447314e-17 3.19379770829081e-05 -1.62758170425572e-15 -6.83048091351413e-09 6.93078870538510e-17 1.23569258175824e-10 -8.06697184612667e-18 2.69045861065050e-06 -6.22500434289045e-16 -1.76161225551707e-09 4.86972937859714e-17 1.54737530162687e-10 -1.10148119967383e-10 -3.70606959005713e-17 -9.16051492263439e-06 1.40902673988065e-15 2.18994008030161e-09 -7.06070624455468e-17 -1.28754879390520e-10 2.66361663538450e-11 -1.02155306590767e-16 3.22676904940670e-05 3.16525008685862e-16 -3.34666582101192e-09 1.88644634591244e-16 3.23296343318413e-11 -3.37789030321053e-23 4.67020972446405e-12 -6.47057440819201e-18 -3.67206567232075e-06 -1.59206439364358e-16 -9.93281757293640e-10 -9.72083536134525e-18 2.13728536024652e-11 -1.35794818297144e-20 2.24964369121856e-21 -1.97094818969244e-11 -9.41225607148635e-17 1.45203783674657e-05 1.08291440793553e-15 1.80942369383734e-10 8.65962819203417e-17 -3.96162318496871e-11 1.70443381369332e-20 -6.43980633637616e-19 1.73833985231558e-21 -3.07488092964136e-12 -3.59456312412964e-17 2.73338917577048e-06 4.17607814750481e-16 -4.27065501158608e-10 6.88247851714239e-18 -3.13762444318950e-12 2.79843402152039e-21 -5.59629129382113e-20 4.29663816048812e-16 2.73882130073346e-15 1.11052186316204e-13 -7.88102514782340e-16 -5.74764268725436e-15 1.51599436257519e-10 1.54374932353678e-06 3.81248199597723e-16 -4.10075292271884e-10 1.67314478338485e-05 -8.57432096531892e-16 3.06590674454075e-12 8.24389289273495e-05 1.66349528999832e-16 7.15105227514227e-10 1.46308143036835e-04 -8.14007126078506e-16 -4.54284430772484e-17 -6.62113655882283e-07 5.93820162788104e-17 1.68365130221681e-14 -1.97486460555481e-17 1.70690940293127e-16 1.47430072477969e-07 -2.81635025487352e-16 4.17664511856384e-10 2.16354383174691e-16 -1.18667071296949e-16 -2.01392169780408e-05 7.25676677843367e-16 -1.57081204884287e-09 -3.84884624513980e-17 -8.40974982749919e-13 3.98365960547528e-17 -3.69344635406710e-07 -5.15116065454657e-16 5.94470140999489e-11 2.16980520149897e-16 -5.27386262341528e-15 2.49380641644269e-12 3.76709083278427e-18 2.61770556593761e-06 1.51814422474846e-16 1.95767326450241e-10 -1.22200211494978e-16 -2.79668774651296e-13 -1.09147771014447e-17 -2.14456085324769e-13 1.37713953746127e-16 -8.34591722083152e-08 -4.20591847287632e-16 5.96755369740362e-11 5.63873031913270e-16 2.11204851909078e-13 -7.58524256965913e-17
 3.12554949653099e-04 1.01533694437100e-04 -2.39458534956203e-04 -7.13975767912599e-04 9.71898739623873e-04 -2.28101839928813e-05 -7.59820866991640e-14 -2.93976509041167e-14 4.36157016287651e-04 -1.09647047551704e-13 -3.40585094643403e-14 2.73471934487221e-04 3.50363364539529e-13 1.22706284934238e-13 -1.90152611484712e-03 -1.68335366230865e-13 -6.37469918544444e-14 9.28018621501051e-04 -5.11530704501178e-14 -1.47456191130552e-14 3.00031892161958e-04 -2.11150311618287e-11 6.66374455376831e-17 -7.92406748490291e-06 -2.19788964769892e-16 -3.43596984498054e-12 7.36359285678287e-11 -1.77037122720424e-15 4.08861716888116e-05 -1.27643045435672e-15 -1.84881779145291e-11 -7.95661763835257e-11 3.15527028367782e-15 -1.74398143257413e-04 2.16083006032304e-15 9.06597975302095e-12 3.72385387295067e-11 -2.10601745396704e-15 -6.25481360275072e-05 -5.47572802184846e-15 7.72642812931410e-12 4.13841940435645e-17 1.78568046171596e-11 -8.49234385538275e-16 9.80023888515090e-06 -1.94500980118681e-15 9.09162013660031e-12 4.83446992375203e-17 -1.48352049925057e-17 -3.53069047759685e-11 9.94911909019860e-16 -3.73830331318868e-05 3.94992919478689e-15 8.31856403462728e-12 -3.09020221822468e-17 3.17917707013911e-18 3.15104453349517e-12 7.21451802422594e-16 -7.85407980326918e-05 -5.77125869569271e-15 -4.54612865435267e-11 2.51813330430801e-18 -1.32521490571307e-14 1.47582561380882e-17 -7.05490110854411e-11 5.89736610779193e-16 5.71271796998561e-06 4.60585114336899e-16 2.01560335224217e-11 1.59363094444739e-17 -2.21072817899370e-14 -5.40595816604692e-15 -1.84763698569515e-18 7.51027186276788e-11 -1.42939219778799e-15 -4.62278268931031e-05 -1.80222709447576e-15 -3.87010244533859e-11 -1.97047528681075e-17 -4.13860349354926e-15 -8.07571046016769e-25 -1.36299369910066e-14 9.27130731702509e-18 2.26539593316427e-12 6.31490164347305e-16 -1.05064976246425e-05 3.99165794054499e-16 -3.99335025111534e-12 -2.22174183078751e-18 -1.99746684720939e-14 -5.99017504373035e-25 -5.55062289172834e-07 -4.83987869135496e-05 2.14534792448240e-04 -3.29759679684691e-05 5.28203346902529e-04 1.67505070363923e-16 -3.40354823959875e-16 4.96937320610623e-06 -1.15649931684184e-15 6.77499524922261e-16 1.66643183948523e-05 -4.46796414976105e-16 1.66349528999832e-16 1.59902925749083e-04 -1.24652510896602e-14 -1.32604816719687e-15 3.01147144933503e-04 -1.79565828924813e-11 5.04943378156811e-15 -1.75129168984255e-06 1.63205277554508e-15 -4.00709330474928e-11 2.01556485766756e-11 -5.51750414601469e-15 2.96835100682258e-06 -1.71821592950971e-15 5.55294936744375e-11 -9.90130382608827e-12 1.54944244886730e-15 -4.66483676158622e-05 1.17918248622884e-15 -1.28840277190303e-10 3.05370814419223e-16 -3.00174040339357e-12 5.77793447859588e-16 -1.04503126325242e-06 1.12416060704946e-15 -5.83725314422011e-12 1.58639696096717e-16 -1.61543663020672e-16 -5.75767501353073e-12 -3.29803671403547e-16 6.16315138233121e-06 -6.76009440946688e-16 2.38905092091958e-11 -9.88846051216191e-17 5.19731988304372e-14 4.41200912646501e-17 -1.89398644000496e-13 3.71052357113386e-16 -1.74137931895190e-07 1.30719135161273e-15 -2.09965419018653e-14 -3.43053254139483e-16 1.54070129797984e-13
 -5.49240061618432e-13 -7.09617405761373e-14 3.34821220212509e-13 6.64484171561328e-13 -1.21162662948530e-12 2.39393917924995e-13 -1.24364325601344e-05 -1.37745099406406e-07 3.13853683459630e-14 5.00033964205549e-04 -1.24934417729862e-07 4.13119112911170e-14 2.54289326212113e-05 5.06902179779914e-07 -1.79231293720854e-13 4.15310587992688e-04 -2.65606430125290e-07 8.14567884797648e-14 -4.31925613207019e-05 -7.64311685417350e-08 2.08755329852540e-14 1.80398808674349e-16 -9.23473896935674e-10 -1.97353473564327e-15 3.71201917418651e-06 2.25105216185915e-16 -1.08353884531942e-15 9.94482506615883e-09 2.55580849002248e-15 -1.20294620320192e-05 -1.03202593549421e-15 1.67670256886036e-15 -3.75806288930978e-08 -5.63563226161459e-15 1.45048658877206e-04 1.83616565212998e-15 -7.01542413406817e-16 3.93895999858151e-08 -2.36128062247711e-15 7.24335286942463e-04 -8.25307546276298e-16 6.91227258512954e-11 -1.63817367095046e-15 -2.08616200868161e-08 -9.94360745610049e-16 8.28926482713785e-05 -1.96078381996665e-15 1.36397345421764e-10 -8.23448756304530e-11 2.51032565575773e-15 3.17381256132639e-08 -8.19551697768511e-16 -2.67912523690133e-04 2.72089637096734e-15 -1.00479184571562e-10 -4.67184794841508e-11 -1.33404975912151e-15 -1.12404053940425e-08 9.17335208942472e-16 7.47926674086191e-04 -1.20125875777050e-15 4.79854400250642e-11 -5.53162152807835e-21 4.25955112304452e-11 6.14155614988713e-16 1.98818174593895e-09 5.26743632637894e-16 -8.31611163386491e-05 4.54699740011715e-16 1.09845882009390e-11 1.19566436424366e-19 8.52627723364712e-21 -1.93275764427039e-10 -5.21598179111432e-16 -4.59230782148070e-09 -1.09693931169763e-15 3.04060588261645e-04 -1.57840109924811e-16 4.72281057405649e-11 -1.65433580248922e-19 -6.85714245650766e-19 4.12688550771666e-21 -4.73932363800390e-11 4.28027740199028e-17 4.29443943080104e-09 -1.83723836074384e-15 4.54221854626285e-05 1.64911276491744e-16 4.87508600054455e-12 -3.43817397653738e-20 6.98229103976869e-21 -5.25384445329806e-16 1.08317342727029e-15 -3.94660476834891e-13 7.46731748127590e-15 -2.37755133261359e-14 -6.63330460242193e-06 9.17703906779692e-11 -1.22735135379544e-14 1.46296635023513e-04 1.63884111213074e-09 1.69009651078829e-14 1.46308156466753e-04 7.15105227508698e-10 -1.24652510896602e-14 2.04653501325031e-03 6.71892071207443e-11 5.26764555536353e-15 8.37795494719438e-16 -5.71652062055011e-10 -9.23902134189867e-16 -1.06382603459849e-05 -9.70594812435392e-17 -9.08440995560714e-16 1.03693852687274e-09 1.53397224630099e-15 3.65724216685675e-05 -1.26063708427743e-16 6.17110533165251e-16 -7.96862372255257e-09 -2.05359775674179e-15 -1.85794636971828e-04 2.79738703643725e-16 5.90661758114357e-12 -1.78549479831672e-15 4.65283892388797e-10 5.20498782704073e-15 -2.04211322504486e-06 -2.69636674702437e-15 -8.29242897803157e-13 -3.60320281258819e-12 7.24220039928773e-16 1.33447488286572e-09 -1.85497589941822e-15 1.25775830789108e-05 1.15487844226401e-15 -1.53494632043968e-12 -2.91848458437133e-17 -6.04597214771433e-13 -4.45513463648522e-15 -5.75301232306482e-12 1.42830770383331e-14 -2.51660368811702e-07 -6.25671373100357e-15 1.36299426584804e-12 7.38084803122672e-16
 -1.25012041526420e-13 -1.71770203210803e-14 8.12193256085916e-14 1.57981645372699e-13 -2.22189166973282e-13 6.55444825856053e-14 1.34646907197261e-07 -1.24412631627643e-05 1.58767351752413e-14 1.19486635975975e-07 5.00024282226455e-04 2.70085872058761e-14 -4.91868433564145e-07 2.54557826079008e-05 -6.71112822123353e-14 2.58431201605837e-07 4.15298642382354e-04 4.05233196699612e-14 7.63474401143009e-08 -4.31958586967435e-05 1.22546918735932e-14 1.08903442344591e-16 3.71217704514340e-06 2.25843599883921e-16 1.29512290950622e-09 -9.83615233404924e-17 -3.77949524233049e-16 -1.20296087021855e-05 -1.20128193980800e-15 -1.05595414838389e-08 5.94625832911586e-16 6.10902492554616e-16 1.45048922996604e-04 -7.52764107300276e-16 3.82469831711401e-08 -9.83680009470375e-16 -2.69949371748611e-16 7.24334693223436e-04 7.75878078192563e-15 -4.03700301952286e-08 4.26278210556698e-16 -1.18080460507365e-10 -4.40908268521678e-16 8.28927675254226e-05 8.90178238828324e-15 2.09010343248038e-08 1.10544061958738e-15 8.30232293484686e-11 7.46261966386086e-11 6.74703252264759e-16 -2.67912795861270e-04 -1.91045936070102e-14 -3.16124667967663e-08 -1.59715707072007e-15 -1.01452132665910e-10 -2.34629496078478e-11 -3.08707025101131e-16 7.47926871396779e-04 1.38929112982824e-14 1.10866924557657e-08 7.81245406329398e-16 -2.60134741824911e-11 -3.04548566330150e-20 -3.32387372421615e-11 1.32434593160930e-16 -8.31611231346631e-05 -1.79742280055381e-15 -1.92441652488397e-09 -3.34969583281745e-16 6.76140519829284e-12 -9.40854012199899e-20 4.27008557390138e-20 5.53961427768559e-11 -4.51957743131569e-17 3.04060678581759e-04 3.42795585536607e-15 4.63303844241733e-09 2.18482667944882e-16 -3.91863517111324e-11 1.32827386479842e-19 4.86018430745093e-19 9.68339815678135e-21 6.05189660202035e-12 5.20627442314852e-17 4.54221829252071e-05 1.24475068717964e-16 -4.29587791210057e-09 -6.38519036586058e-17 -5.55979876176262e-11 2.87938154109018e-20 4.79355186308388e-19 1.41572900821885e-14 7.58601166961569e-15 -1.03636313632704e-13 2.77593065503571e-14 1.31963070668611e-14 1.28247492412202e-11 -6.63338039295929e-06 -7.34421642358658e-16 -1.56517333594093e-09 1.46296599971372e-04 1.30870237788055e-15 -7.67028098235936e-10 1.46308143036835e-04 -1.32604816719687e-15 6.71892075694657e-11 2.04653494957022e-03 1.45562403881742e-15 1.40770816158967e-16 -1.06382895456203e-05 1.62336626356081e-15 6.04747199801925e-10 -1.14725128079759e-16 -2.52270226889971e-16 3.65724140108256e-05 -2.04502508041396e-15 -9.58655497943914e-10 1.80234981604775e-16 1.75697489702586e-16 -1.85794645923586e-04 1.47712298479920e-15 7.92663563990287e-09 -2.09306048641141e-16 9.36659289133700e-13 -6.69904700530228e-16 -2.04211183036986e-06 1.00481836835452e-14 -4.91403286289770e-10 1.43750991496047e-15 3.47985305653905e-12 -1.91442281047101e-12 2.75299192556767e-16 1.25775570987444e-05 -5.61590707221690e-15 -1.33897225755953e-09 -6.31074504822639e-16 -4.29283526384710e-12 -1.96955286441549e-16 -3.84915637891745e-13 -1.75875605618601e-15 -2.51656565682138e-07 1.32104219860240e-15 2.09238158318164e-11 2.93075554120931e-15 -5.10659269757725e-13 -6.03533770623350e-16
 -3.99060653748511e-04 7.09678512516219e-05 3.99103277081869e-05 -5.67028736606764e-04 -6.31702648761098e-03 6.20878198458338e-04 4.42297201064904e-14 4.82667100609574e-14 -1.07927006953402e-03 6.39218709634286e-14 7.12368322816088e-14 -2.96378618714675e-03 -2.08384084949692e-13 -2.23457588236352e-13 3.35646996749861e-03 1.01650079889146e-13 1.03462247251645e-13 -2.18750912083726e-03 3.10186520497036e-14 3.55002955458830e-14 -5.97562000841284e-04 1.90561595679969e-11 2.40371376393366e-16 -9.68670885645112e-06 5.11883325700752e-16 3.51578169335848e-11 4.63072552190938e-11 1.31674367085442e-16 4.11120838092381e-05 -8.90533802347927e-16 -6.41634042766745e-11 -3.52730853724191e-10 1.45838057009406e-15 -6.23456119512634e-04 1.60777879084098e-15 7.32400669354070e-11 4.01705111379087e-10 -6.54277126269881e-17 -5.72216693267955e-04 1.46465702826390e-15 2.10327309908179e-11 1.16695189939734e-17 1.14595706820585e-10 -5.06316369680663e-15 2.70524572943482e-06 -5.34000769553808e-16 5.13320368816041e-11 -1.28169725029391e-17 2.51868300074843e-17 -1.24012762391847e-10 4.70586140478598e-15 -1.08188359117325e-04 7.07206832682351e-16 -9.22524945459931e-11 4.68599772768638e-17 -2.01911249917325e-17 -7.80643512902820e-11 1.66200532059436e-15 -3.25584808037326e-04 1.33027893528155e-15 4.92407081123094e-11 -6.48368763424251e-18 -6.01293110431048e-13 1.59094117820249e-17 -1.20535692708338e-10 -1.15957280243195e-15 -5.67775675801491e-06 -5.41914268089400e-16 3.14831308327341e-11 3.74951990554971e-18 -1.00516448924687e-12 -2.44691657295090e-13 5.73301934479354e-18 1.61552027941535e-10 8.77553414447433e-16 -1.12398578670598e-04 2.22392057425407e-15 -3.18480420391816e-11 3.24775920044525e-17 -1.86484038276672e-13 2.68583765533544e-24 -6.17985648802574e-13 1.63282786152743e-17 3.00510377234004e-11 1.95185181121423e-15 -1.73925995834183e-05 -1.34288032229908e-15 4.09454912252200e-11 3.30894528616597e-17 -9.06920007295290e-13 -7.11731379145567e-24 5.99968161115508e-05 3.02075480405456e-04 -1.81998547038153e-03 -2.12609876941401e-04 5.08049251686317e-04 2.98684336542349e-15 -1.45123752467110e-15 8.17627008927673e-06 -3.22317227587908e-15 1.75336355144191e-15 6.58133356846611e-05 2.51953135982987e-15 -8.14007126078506e-16 3.01147144933503e-04 5.26764555536352e-15 1.45562403881742e-15 1.39821888522482e-03 -3.13893451492606e-11 1.16406280605104e-14 -8.56061137024290e-06 3.34457008282860e-15 -4.35106890235259e-11 7.20559969492829e-11 -1.32317808031664e-14 2.83429113733175e-05 -3.71946350636332e-15 7.76998783097680e-11 -1.12502255515758e-10 6.80327049432484e-15 -1.59236510719020e-04 1.77348176564163e-15 5.37632893553789e-11 4.33511151120853e-16 -9.15131975188657e-13 -8.93307849741853e-16 -1.77365720411723e-06 -7.26810063427892e-16 -1.30058539234309e-11 5.68935662467815e-16 -2.44851221942910e-16 3.88428653694930e-11 -1.25246904828439e-16 1.17694193711889e-05 1.53126093433400e-16 -1.69862999845023e-12 -2.98718069768263e-16 -4.31747564058844e-13 -1.70603804252692e-16 -8.87248173481447e-13 -1.62603769403979e-15 -2.16802086066284e-07 -2.63157143834792e-15 4.21318652099255e-12 1.87699136360506e-16 -5.73526468876302e-13
 5.85740915326467e-10 -1.16856697709571e-11 -4.18424157435539e-11 -7.08985112155584e-11 4.62521881460287e-10 -5.01828758956073e-11 1.37711645644968e-15 2.57897354760722e-15 4.38591368944512e-10 1.69667605554705e-15 3.12210388151756e-15 1.22142792168678e-09 -5.92915848715633e-15 -9.92072758870282e-15 -3.16674583122527e-09 3.06584320906445e-15 4.76515594941156e-15 1.41165968053607e-09 8.36241849651812e-16 1.45305703012017e-15 5.10459348548678e-10 2.16088749939364e-08 3.05830269538409e-17 -1.68170210597689e-11 3.36718564289506e-17 -2.23119206904135e-09 -8.93635130728738e-08 5.74342528161827e-17 -6.59198710245918e-12 5.77431395625144e-18 1.26685675391727e-09 1.97201364128794e-07 8.93993862167751e-17 8.02191591129180e-12 -1.50816495749302e-16 -3.91310322979183e-10 3.08731967546162e-07 1.02043055692875e-17 2.05546884651956e-11 3.14852852644980e-16 2.09396362052125e-10 -1.13895883169557e-17 5.29664426535272e-08 -1.13427500779143e-17 1.71869473627671e-11 6.08858630879946e-17 -2.92756065989201e-09 1.56617344351512e-17 7.44109586094412e-18 -2.49621578870717e-07 3.47215181382066e-17 -2.59044746765470e-11 -2.16343682175110e-16 3.12740393368333e-09 -1.53362839974486e-17 -6.70771729473775e-18 7.75691619168680e-07 3.43676160801551e-17 3.07004952366762e-11 3.61160665627420e-16 -2.10676189727851e-09 1.22370216340650e-17 2.77637091546889e-14 -4.88323954211347e-18 -2.33781232403541e-07 -3.03730710477941e-18 -2.54505748847397e-12 -4.63108944646492e-17 3.03122063517576e-10 2.76851096715268e-18 1.16034910392902e-14 1.46496848033671e-14 8.12680565582523e-19 6.64198587290589e-07 3.33815083196720e-18 1.36584161408317e-11 1.37736685714722e-16 2.02398644967493e-10 -7.25112140085698e-19 -3.17929634345681e-14 1.09736810881299e-22 3.25173719284629e-14 1.22626849563937e-18 1.55565886238031e-07 3.66603690629993e-17 4.53954177063124e-12 -1.82598437235210e-17 -1.37751062006344e-10 -1.00332389618102e-18 -2.04376500143022e-14 2.02931093974585e-23 -8.50399777438943e-12 -2.96927381806104e-11 -6.56848618185596e-10 -4.12447297259269e-11 3.16939422835877e-11 1.00635786889430e-16 -1.80687886449295e-17 5.65044498853675e-13 -7.31674013755287e-17 8.40827300515922e-18 8.46520421146454e-12 1.14335589643857e-16 -4.54284430772483e-17 -1.79565828924813e-11 8.37795494719439e-16 1.40770816158968e-16 -3.13893451492606e-11 3.79576296494058e-07 1.86630415294646e-17 -4.35572699412773e-12 7.21553462113226e-18 1.17184135456097e-12 -3.83390810802900e-07 1.08676239860649e-17 3.12256309779219e-13 -1.59083116611176e-17 -6.66030768351842e-11 2.16837633437764e-06 -2.29313337859326e-17 5.54859167808489e-13 9.54346716137067e-18 -1.71889915190514e-10 7.86551058417880e-19 2.64814652480874e-08 9.78930427536543e-18 -1.11205956279839e-12 -4.36473179220635e-18 -1.71965702407592e-10 -1.79320847070392e-18 4.20597525016667e-19 -1.90403721240019e-07 -5.43731944407469e-18 -7.12080323295007e-13 -1.09040354472716e-18 1.10778607893830e-10 5.02406370642782e-18 -2.76350192886377e-15 2.03793006274708e-18 4.63730953488366e-09 1.64257101527186e-17 6.65507500003650e-13 -2.54388799329279e-17 -4.19567129424438e-10 -3.39727344946676e-18 1.04308765496586e-15
 5.84905526632217e-13 5.86467144626009e-14 -2.94029276142666e-13 -5.75503384577643e-13 8.73085148132763e-13 -2.00783040938824e-13 1.03478103243022e-08 -1.03687624831879e-05 8.13045519951817e-14 1.64829210037697e-08 -1.96677531830900e-05 1.40649977516269e-13 -5.31137481321388e-08 4.97058816367001e-05 -5.11931987974159e-13 2.50393220592243e-08 -2.52903038233449e-05 2.22882642720918e-13 7.60337913521955e-09 -7.14401286973959e-06 7.68686990171545e-14 5.22142582542275e-18 -1.19054778088259e-07 -1.36326524224030e-15 7.04314248206944e-10 3.74903233150358e-17 -1.39462432645334e-17 5.66179089149949e-07 3.99782457905278e-15 -1.13677725633143e-09 -2.10494138628325e-17 2.01804036952949e-17 -2.32524889417360e-06 -1.43362081517095e-14 1.67459333895050e-10 5.99479074387326e-17 -4.81453108338525e-18 -3.74937184437810e-06 -1.10710210128189e-14 -1.12056563168116e-10 -2.19086876596597e-17 2.23610090750240e-11 -1.72650732337601e-17 -7.63606949994315e-08 -3.39675765747568e-15 5.80461495287536e-10 1.78606137050386e-18 -7.92057638090078e-11 -1.41742059944063e-11 3.00454504474632e-17 4.72865660185076e-07 9.51954425835158e-15 -4.15801907229759e-10 2.44704370935354e-17 6.35402710602522e-11 3.30104960096203e-12 -2.03119717714684e-17 -4.26751807038931e-06 -1.64992029609769e-14 1.60972787800654e-10 -4.72581066095042e-18 -2.13787792376577e-11 -2.57039010635667e-21 5.69036766749110e-12 1.21534883080150e-17 5.60186252278009e-07 2.61309759502518e-15 3.59142263974799e-11 2.24374703825773e-17 -1.87694647560248e-11 -1.59836645543736e-21 3.50707350963485e-21 -3.25616609470987e-12 -1.52864688804368e-17 -2.39351384810267e-06 -6.93290406097984e-15 -8.24122486981130e-11 -1.68449488885755e-17 2.07126492597617e-11 2.10815790584737e-21 1.49560331246121e-18 8.10343374345712e-22 7.16855988900483e-14 -2.20578527365377e-18 -5.01019584797312e-07 -1.52663330449165e-16 -6.76121782093637e-11 -6.60592555809754e-18 3.70017429246018e-12 2.78215551273560e-22 -1.33643409259719e-18 -3.94068951394064e-16 5.94673408771483e-15 4.20506496844892e-13 -5.81687741594981e-15 5.63690728191007e-15 4.43462267438171e-12 9.29661764768144e-09 -4.20175407594475e-17 -4.98164931418482e-11 -7.40560717118314e-07 1.59869117287183e-15 1.61340831038440e-11 -6.62113655882282e-07 5.04943378156810e-15 -5.71652062058669e-10 -1.06382895456203e-05 1.16406280605104e-14 1.86630415294647e-17 4.16100556899327e-07 -1.03996486710606e-15 -3.96466750631164e-13 5.77662217858637e-18 -2.49066065643632e-17 -5.20300089715361e-07 1.75752203084158e-15 3.72239933854233e-11 1.11307375900921e-17 -1.40557423867282e-17 2.82306571415638e-06 -1.79436358239467e-15 -5.89713551769556e-11 -1.09292478558947e-17 1.55609227080908e-11 -2.90431749063835e-17 3.25590883514559e-08 -9.24136405389661e-17 -7.48445509452558e-12 -3.62991207479416e-17 -1.21537428332713e-11 -1.15010711825409e-11 1.58338432335295e-17 -2.41445878091364e-07 3.54999182631699e-16 -7.06987511511507e-12 1.95737390598239e-17 3.50999501540406e-12 -1.51934461533117e-17 -3.16471259321802e-12 -7.59851411842222e-17 5.79135529775400e-09 2.06133261503846e-16 -3.43320203417399e-12 -9.79248300159356e-17 1.01517470460998e-12 -9.99904467763496e-18
 3.70606756340124e-05 9.83589708087775e-06 -3.52271761778255e-05 -6.86261206086531e-05 1.78100951635821e-04 -3.06193709073390e-05 1.10396681830439e-13 1.26700716565308e-13 1.73587057761519e-05 1.68033830095986e-13 1.74106620698801e-13 3.35427085480720e-05 -5.40342422837749e-13 -5.48743166646287e-13 -6.10721215836127e-05 2.53811389601263e-13 2.55548891950974e-13 3.18572491492572e-05 7.91508723104689e-14 8.27986781365128e-14 1.09870329317374e-05 -8.52943570483505e-13 1.02253783780220e-15 -1.42354517783853e-07 -2.54387090359817e-16 3.04242808333822e-12 3.21353917496263e-13 2.20860847330531e-15 2.28138016752578e-07 5.80568907715415e-16 -2.34603787729745e-12 2.10064896178740e-12 1.03719698550965e-15 5.08539897168303e-06 -1.15386868198103e-15 -9.91594958325910e-13 -3.14794642158875e-12 -1.61498147677137e-15 2.59291473483927e-06 -8.72071308012540e-16 3.29957728023986e-12 3.75513263783537e-17 -2.97347605007773e-12 -3.74284869960419e-16 -3.34803187003953e-07 -4.56791412460865e-16 1.54734978430481e-11 5.93644093457193e-17 -3.59573567120274e-17 3.11969568776148e-12 4.19136949175231e-16 2.30661545695369e-06 8.72467811703147e-16 -1.69478201240595e-11 -4.58820982580073e-17 2.60258797739739e-17 7.78619520168450e-14 1.16329589341288e-15 7.31715600477432e-07 -7.33612109042273e-16 8.25418457745002e-12 3.17049367106167e-17 1.86472157590848e-15 3.68353625975221e-18 6.24076345501625e-13 4.44875691141962e-16 3.02152391723412e-07 1.30593636509396e-16 2.52666413234259e-12 1.80138059440682e-17 3.13026633912525e-15 7.60136460703485e-16 -2.55010164023224e-18 -9.88331210436515e-14 -1.69107289154476e-15 6.50337793797217e-07 -2.00910928434817e-16 -5.22163803420562e-12 -9.50007562571528e-18 5.80147227873381e-16 -2.61065842907046e-24 1.91727492060975e-15 -9.39239948512065e-19 7.35725606954874e-13 1.16978645775930e-15 2.40757748441522e-07 1.58722278593652e-16 -2.95415708088670e-12 -4.30565019409368e-18 2.82370106119227e-15 7.78419739424476e-24 -6.45356936217808e-07 -2.32388026033131e-06 6.20956278953204e-05 -7.26738249675945e-07 1.92032492996071e-06 6.08508745233367e-16 4.70113831652159e-16 -7.71486919878501e-08 -1.37751644696511e-15 -7.62283259975391e-16 -3.94454334778989e-07 -3.05157928349818e-16 5.93820162788115e-17 -1.75129168984255e-06 -9.23902134189871e-16 1.62336626356082e-15 -8.56061137024292e-06 -4.35572699412773e-12 -1.03996486710606e-15 4.10811112502438e-07 -1.61326419219122e-16 -1.11317490784175e-11 4.74173659180587e-12 1.69997729784493e-15 -5.01218031038873e-07 1.27169127932078e-16 1.09688078701773e-11 -2.25392622484956e-12 -2.40329003946300e-15 2.72681003467939e-06 -5.48402077414310e-16 -5.53993148721783e-12 -1.57013271292901e-17 3.94683422644862e-13 -6.93220595582632e-17 2.73726323504204e-08 -3.33150031791680e-17 -3.54639726727354e-12 -4.07922270024436e-17 1.87002023320405e-17 -8.24133199990640e-13 -1.11752083380296e-17 -2.25561641381453e-07 7.30000680726134e-17 1.37309178037709e-12 1.60833126731079e-17 1.54243928733885e-15 3.04728024027261e-17 -4.35225657429623e-14 8.63078657957771e-17 5.07929531962617e-09 6.96157941766109e-17 -2.91084993545919e-13 -3.87439690429038e-17 6.59976007880648e-15
 2.17923240620984e-13 2.24523739960490e-14 -1.07847867086878e-13 -2.09413996767846e-13 3.12322142358339e-13 -7.51453758495808e-14 -1.03693314208496e-05 -9.65182590004821e-09 1.83121984692597e-14 -1.96689302941597e-05 -1.52554385810505e-08 3.33775317617180e-14 4.97092147307563e-05 4.95066230152883e-08 -1.27491159165992e-13 -2.52917803620811e-05 -2.33645511384928e-08 5.25897612720811e-14 -7.14452175637044e-06 -7.07763858398146e-09 1.89140024977245e-14 -9.76657768840311e-20 -8.11400272240594e-10 -2.15205624476698e-16 -1.19098979759127e-07 -5.77589116861112e-18 5.70802260751776e-18 1.24766215797662e-09 1.08625419214302e-15 5.66233268636775e-07 -4.85978705137520e-18 -2.63282155271079e-17 -1.99360949239577e-10 -3.87934433280938e-15 -2.32530167421149e-06 -2.19483231537372e-17 -3.24655434059043e-18 1.35353067135935e-10 -4.10810677294321e-15 -3.74934338939606e-06 -4.38128024090331e-18 -1.09056833897623e-10 1.45092415990264e-20 -5.95915318829857e-10 -9.27133528994001e-16 -7.63688535225887e-08 -3.24796103705532e-17 -6.42581659332986e-11 8.80099318447148e-11 -4.22931059571079e-18 4.44325674962778e-10 2.75602963632881e-15 4.72857871401964e-07 3.04317781951144e-17 4.72403925460124e-11 -2.90877898847655e-11 -1.64252554397437e-17 -1.68979627909074e-10 -4.83855573298511e-15 -4.26750376254808e-06 -3.82509092405431e-17 -1.42373424937312e-11 -3.96904346749765e-22 -2.52959217779703e-11 -5.55666929909993e-18 -3.01822617180486e-11 7.19991786303467e-16 5.60190283913730e-07 6.13658281827258e-19 -1.53655470467089e-11 1.78753785333224e-23 4.97974731930724e-22 2.96963475665520e-11 -4.16462391939524e-18 8.22364234963762e-11 -1.87180811075722e-15 -2.39351795143907e-06 -1.62610669150497e-17 1.28609204020500e-11 -2.09324203693811e-22 -1.50568380632083e-18 1.15064572980194e-22 4.71480355962710e-12 2.06171272944908e-19 7.21037124028982e-11 3.50752616832984e-17 -5.01011744470533e-07 -1.24643465270434e-18 1.36419263589220e-12 -7.71286614369294e-23 -2.23465051123754e-18 1.06819203259832e-16 2.86438264091869e-15 1.40135820047996e-13 -1.16526246038924e-15 -1.95467824575775e-15 9.29624304326785e-09 -1.17167672992995e-12 5.60686119674586e-17 -7.40552255985715e-07 6.51086185434680e-11 3.06381546048848e-16 -6.62112740294269e-07 1.68365134702189e-14 1.63205277554508e-15 -1.06382603459849e-05 6.04747199803308e-10 3.34457008282860e-15 7.21553462113223e-18 -3.96466750679304e-13 -1.61326419219122e-16 4.16102679497206e-07 1.11387271235992e-18 -2.50851593839374e-17 -3.11327874572799e-11 2.78797632041654e-16 -5.20299331491179e-07 1.42869869996875e-18 -3.50328272700295e-18 4.84886286086146e-11 -2.71696928743829e-16 2.82307751238260e-06 -7.93920636439223e-18 -2.32546855209475e-11 -3.06774610696504e-18 5.26527267318018e-12 -7.92251224276989e-18 3.25580842333997e-08 -3.49906209162330e-17 -2.41143828973944e-11 6.61738402629348e-12 6.95581612939496e-18 1.18995225694996e-11 8.59728229880118e-17 -2.41446324295389e-07 1.64100310569612e-17 1.58196820970072e-11 -3.33131274604284e-18 2.90255642589059e-12 -9.41996181475269e-18 4.52684428621212e-12 2.10464777883167e-17 5.79102627812630e-09 -8.86075985499429e-17 4.32561525530981e-12 2.23837909975904e-18
 5.61911995878689e-10 5.21046868057809e-11 3.67083790320014e-11 2.44125634102435e-10 1.39520237777147e-09 -2.97204688149543e-11 1.80759454148980e-16 2.42722484114382e-15 -1.15825478626255e-09 2.04038196483620e-16 3.71776117410691e-15 -2.17839702755648e-09 -9.12926545661521e-16 -1.13469370370401e-14 7.45866108226556e-09 4.55603427498545e-16 5.21563988208965e-15 -3.22201809066932e-09 1.04887439768139e-16 1.71480461274089e-15 -1.09878727218591e-09 3.24550765511245e-09 -2.91565464611616e-18 3.38637914169322e-11 4.83076774255440e-20 2.11044711680216e-08 -2.32144005050068e-09 2.78337912573427e-17 -3.94473440336170e-11 -1.52796997760510e-17 -8.89263071690605e-08 1.06402480915702e-09 9.81114013291381e-17 1.44600296226780e-10 5.25517633217492e-18 1.96894650318899e-07 -4.76444590205081e-10 -8.23053051490932e-17 1.11598745770314e-10 -5.51150639106769e-17 3.08847280196656e-07 3.50767778037905e-18 2.89772207279910e-09 -2.46754995773531e-17 8.13084065292417e-12 -8.15061578348465e-18 5.29550152788472e-08 5.88808180108183e-17 -1.12207557528477e-17 -3.14070085212941e-09 6.94824109356142e-17 -3.49947216168696e-11 3.71801817279569e-17 -2.49610521421293e-07 -5.10937742802937e-17 7.57324315939224e-18 2.15323572006439e-09 -4.74534335318683e-17 1.12454482798305e-10 -7.63186454119317e-17 7.75671662184953e-07 3.82519770927269e-17 1.19391038459392e-13 -5.36063102749017e-18 -3.00402117583946e-10 1.30204021012296e-17 -2.82278263854980e-11 6.66435896748016e-18 -2.33779609318175e-07 1.67362760362164e-17 -9.10734567880351e-14 5.44249569908971e-14 2.62149785080125e-19 -2.12985333954566e-10 -3.02931656545251e-17 6.60261506645601e-11 -2.20184187850883e-17 6.64201102422865e-07 -7.95723113201480e-18 -3.41489341878778e-14 5.16415960078199e-23 1.38891378890979e-13 9.17928654479291e-19 1.33737571659543e-10 3.35869221165159e-17 1.08861956024946e-11 -2.08691800180181e-18 1.55560500934574e-07 -6.90303364923176e-18 -9.27618152808689e-14 6.69141765981928e-23 -1.85487911775598e-11 -6.44345950872239e-11 -1.77759465677875e-09 -9.74616076374003e-11 2.58801720889694e-10 -4.76177693079350e-17 2.22577093996450e-18 -9.39041966008049e-14 4.33587381917779e-17 -1.05458543653681e-17 -8.24716164229852e-12 -6.28764386012473e-17 -1.97486460555481e-17 -4.00709330474929e-11 -9.70594812435391e-17 -1.14725128079758e-16 -4.35106890235261e-11 1.17184135455149e-12 5.77662217858639e-18 -1.11317490784175e-11 1.11387271235992e-18 3.79575692457080e-07 7.05333792444468e-11 1.06841468923506e-17 1.43719527639965e-11 1.68572768028186e-18 -3.83399478710287e-07 1.71552669442081e-10 -5.28731324167465e-17 -3.39790454507418e-12 2.18543224876902e-17 2.16838085636134e-06 2.07748577119698e-19 1.75488283822236e-10 -1.13873539481842e-18 -4.64106245727176e-12 1.53118957111329e-17 2.64812727161907e-08 -2.77920718706767e-18 9.12738805504127e-18 -1.09517831377549e-10 3.87154863650968e-18 2.77953119675683e-12 -6.82309699478380e-18 -1.90401798002363e-07 8.30799332482703e-18 -1.17565811693286e-15 2.74639910469760e-18 4.18835526226043e-10 1.56049694092388e-18 2.20733432913641e-12 3.73709633765661e-17 4.63857520183541e-09 -4.85290551977037e-18 -2.41177017737767e-15
 -1.44396458730815e-09 5.63873001896805e-12 1.85590681656832e-10 3.18460624496277e-10 -1.50665882620142e-09 1.64974972818820e-10 -2.06998905694744e-15 -2.14507354289111e-15 -3.17442271198013e-10 -2.58983623909601e-15 -2.18865217691104e-15 -9.42740318977705e-10 8.87972716906290e-15 7.36746227923860e-15 2.17164435691939e-09 -4.53815422138951e-15 -3.75356996359108e-15 -1.03353335787988e-09 -1.26711246503728e-15 -9.80426626941810e-16 -3.74778529209314e-10 -6.38560315293246e-08 -3.40148333483004e-17 -1.40463030484433e-11 -1.14718976216306e-17 6.13464810627605e-09 2.88961583190231e-07 -6.78738754386651e-17 2.13857459996513e-11 -1.55151278235830e-16 -4.57422344092873e-09 -6.84257974035294e-07 -5.74610917518020e-17 -2.91943981296435e-11 3.97238446873934e-16 1.45143984219952e-09 -8.80711454734840e-07 -5.49657503218347e-17 -4.24462634702092e-11 -5.30812662281742e-16 -1.47091962126516e-10 1.09264214186586e-17 -1.07014712802842e-07 1.14437888833805e-17 -2.09565812096191e-11 -5.22191989228579e-17 5.78892871114694e-09 -1.56443310945217e-17 -6.39690544648103e-18 5.95403067189638e-07 -4.93136943894350e-17 2.99272468389730e-11 3.03688236565354e-16 -6.29404604978767e-09 1.52922570069806e-17 6.85480550248222e-18 -2.23590722736006e-06 7.80478332639340e-18 -4.34919251034973e-11 -5.47108987642557e-16 4.74723910700173e-09 -1.37716149905269e-17 -5.94285747921824e-14 5.05044087445509e-18 6.75127900485030e-07 2.15766228653299e-17 -2.81924201576825e-13 9.76681386279818e-17 -5.15609921899953e-10 -2.48230302780666e-18 -1.24079836762499e-13 -4.20516731551558e-14 -5.16626714521709e-20 -1.98219119598959e-06 -4.99704909615379e-17 -1.95638060561069e-11 -2.53408014971759e-16 -2.75935097353782e-10 -8.97227330396957e-19 1.61147781143333e-13 -1.20749905139439e-22 -7.40219490246909e-14 -7.95601574663472e-19 -4.73140205636082e-07 -2.73900559581060e-17 -7.53155472739646e-12 5.81513839379712e-17 6.55807517338936e-10 3.08461780417526e-19 5.93901690462432e-14 -4.11868778609823e-23 1.76376249965432e-11 5.83171761578345e-11 7.55122400112317e-10 5.38575109560794e-11 -1.62757802809962e-10 -5.35930960151848e-16 1.37275563895575e-16 -3.35415800715361e-12 6.60384190634599e-16 -1.70292140419302e-16 -3.49258320389361e-12 -5.91476854226218e-16 1.70690940293127e-16 2.01556485766756e-11 -9.08440995560715e-16 -2.52270226889972e-16 7.20559969492828e-11 -3.83390810802900e-07 -2.49066065643631e-17 4.74173659180588e-12 -2.50851593839374e-17 7.05333792444316e-11 3.52712680745081e-06 -7.74036676584053e-18 -2.51247771404520e-12 6.92264470172833e-17 -1.92424231038886e-11 -4.73261004022627e-06 -1.54811695003393e-17 -8.49521538763820e-14 -7.18790228586597e-17 1.06603046259904e-09 3.85628818202982e-18 -1.56822559282294e-07 -5.65895448151619e-17 2.81381232399087e-12 1.50990448108874e-16 3.34772188991183e-10 -1.70398152910440e-18 -2.67644352847061e-18 3.62846384074296e-07 3.21585120058483e-17 9.41548575041202e-14 -5.40564691739991e-17 -2.25481696422881e-10 -4.57032009171526e-18 -4.76462291324583e-15 8.59955829192700e-18 2.16211561705683e-09 -9.16544185091476e-17 -1.17040645575887e-12 3.82938603677436e-16 7.19165717902220e-10 -2.22982090661258e-17 6.44590877465223e-15
 -6.49449556468966e-13 -6.82889046129184e-14 3.43047863984658e-13 6.66515267717411e-13 -9.77434776800107e-13 2.36033971531349e-13 -2.99470055451206e-08 3.58288076371138e-05 -8.56263718652094e-14 -4.56289024542233e-08 6.71768741554010e-05 -1.48575217728415e-13 1.39205216976059e-07 -1.70958529041210e-04 5.58543368916168e-13 -6.54144404380724e-08 8.73293057671476e-05 -2.38159496138176e-13 -2.00401237167831e-08 2.45274038340075e-05 -8.24960374438834e-14 -5.60437576998167e-18 3.38793618894393e-07 1.58446902159035e-15 1.10398606671528e-09 -3.08169981541289e-17 1.61554345576715e-17 -1.60888901659518e-06 -4.46291385979594e-15 2.41305937225286e-09 1.42996582679655e-17 -1.86084890464132e-17 7.29382928992146e-06 1.61344534048118e-14 1.19579383923414e-09 -6.24238748714187e-17 9.20304336744436e-18 1.32231356536860e-05 1.45949451828301e-14 -1.19590291857422e-09 1.84780823160432e-17 -3.56457674950829e-11 3.84997533546137e-17 4.81108136004409e-07 4.26495238690167e-15 6.36913646619706e-10 6.56430327495763e-18 3.53593640778127e-11 2.24124039730489e-11 -5.36205192104957e-17 -2.12638182192630e-06 -1.14078074174502e-14 -1.63203609206252e-10 -3.16882491338037e-17 -2.87223938984914e-11 2.91570852981230e-12 4.01640879679749e-17 1.47628261704898e-05 1.91993066715916e-14 -1.08662016092605e-10 -1.02146933030581e-18 1.07685700195011e-11 1.64560401353410e-21 -1.28844668801985e-11 -1.40673926911136e-17 -1.86487335105294e-06 -2.99539792785335e-15 3.21974104505135e-10 -1.96548877015828e-17 1.46110533504068e-11 2.72597388763651e-23 -2.22218291860019e-21 1.57414076369324e-11 2.36406174369589e-17 7.93405587128985e-06 7.86337163015305e-15 2.78933938480584e-10 9.41227025988675e-18 -1.80832264263310e-11 1.52671442096126e-22 -1.55006739638318e-18 -4.79229646814409e-22 2.56449467891378e-12 4.28536943209827e-18 1.61152055220267e-06 1.36993080592931e-16 2.91419809976196e-10 5.83419805761580e-18 -6.47026259704178e-12 2.03487739956347e-22 1.73505699901339e-18 -1.68787619677791e-16 -8.59211234268780e-15 -4.24406081421767e-13 2.97215643719210e-15 4.05669844708947e-15 3.82621062418212e-11 -1.05458655892911e-07 1.18794886722202e-16 -1.41601454030090e-11 1.95674506908860e-06 -1.82954007441164e-15 -4.10312585353785e-10 1.47430072477970e-07 -5.51750414601469e-15 1.03693852686269e-09 3.65724140108256e-05 -1.32317808031665e-14 1.08676239860649e-17 -5.20300089715361e-07 1.69997729784493e-15 -3.11327874572039e-11 1.06841468923506e-17 -7.74036676584049e-18 4.16723003509297e-06 -2.55188483447208e-15 2.33214175352707e-12 -4.27570340806164e-17 2.98194628604316e-17 -6.99068987872908e-06 2.29515694882552e-15 -5.18987215128021e-10 2.09397112217014e-17 -1.96135755899601e-11 4.78286313548039e-17 -1.99374421351673e-07 3.01713631993182e-16 -4.23584532431192e-11 2.67960618405969e-17 1.97911216626861e-11 1.49890157036323e-11 -2.66134408636422e-17 4.49145981595310e-07 -5.36142425942034e-16 2.07803681791214e-10 -1.71822816880632e-17 -8.16404557235960e-12 9.10638499134762e-18 3.87125380512632e-12 1.01357984366275e-16 6.91183404535823e-09 -4.62013003792361e-16 -1.08502485898610e-11 1.21131535440027e-17 -2.32761515089578e-12 -2.07340824068162e-19
 -1.19452130452228e-04 -3.07803711112200e-05 1.07702106825452e-04 2.10478848410087e-04 -5.35078662618161e-04 9.40482697100150e-05 -1.27633913879410e-13 -1.42421695173333e-13 -7.28482992413820e-05 -1.93877211518011e-13 -1.94181887643050e-13 -1.29982052086293e-04 6.22905706948536e-13 6.12682552273768e-13 2.79683187946261e-04 -2.92487893859461e-13 -2.85782684498574e-13 -1.40745417988645e-04 -9.11242483091442e-14 -9.21571018649598e-14 -4.66095965247359e-05 3.82432473210029e-12 -1.05596496569162e-15 6.20579576246620e-07 3.90822264433368e-16 -2.19450894090795e-12 -1.19362065356523e-11 -2.91481301797834e-15 -1.40167112079184e-06 -9.99491040940351e-16 7.05014643259777e-12 6.70654980005112e-12 -6.32356469755517e-16 -1.47498486168328e-05 1.62562068098736e-15 1.44819222126035e-12 -1.24038277844391e-12 1.35166492500757e-15 -7.73731243149648e-06 9.52093020110741e-16 -1.60680205300069e-12 -6.35349332959653e-17 8.72917812459792e-12 2.70384852840800e-16 7.54760256052185e-07 5.34422970130681e-16 -1.79598972352636e-11 -9.83503742133807e-17 5.94322231011551e-17 6.28228575526226e-12 -3.18698321857159e-16 -6.71885399359801e-06 -8.96650125111719e-16 1.83427844244305e-11 8.03013256548127e-17 -3.35178256837420e-17 -1.17520123014567e-11 -1.23354653191371e-15 -1.89431663895699e-06 7.06666842501710e-16 -7.21259854479247e-12 -4.29502015418229e-17 -3.73503214010087e-15 -6.19737940345109e-18 4.57889985781590e-12 -4.14618247284825e-16 -1.13628082725945e-06 -9.99424984248387e-17 -3.41135766669214e-12 -2.25487296238504e-17 -6.23591757101736e-15 -1.52681691008841e-15 7.23787100731016e-18 -6.79791536569532e-13 1.59540802142527e-15 -1.38921233095199e-06 1.46271295832282e-16 9.80178455221896e-12 1.62499583946415e-17 -1.20244172078006e-15 2.80122448350454e-24 -3.84359667033126e-15 2.29806483962377e-18 2.54331320811351e-12 -1.18296165107199e-15 -5.61828434428005e-07 -2.09439602422332e-16 5.55453140377456e-12 6.13705510784195e-18 -5.66106987677784e-15 -8.48697032836316e-24 1.85698617869998e-06 7.48044330517575e-06 -1.97603019106294e-04 -2.81495875895641e-06 -1.29879564999549e-06 -9.91161645316282e-16 -6.53582309850711e-16 1.50625186892985e-07 2.09692760701488e-15 1.03954000967378e-15 6.53105850053959e-07 -6.38575660318981e-17 -2.81635025487354e-16 2.96835100682258e-06 1.53397224630099e-15 -2.04502508041397e-15 2.83429113733175e-05 3.12256309779223e-13 1.75752203084157e-15 -5.01218031038873e-07 2.78797632041654e-16 1.43719527639965e-11 -2.51247771404523e-12 -2.55188483447208e-15 4.16009645298101e-06 -2.17001971597314e-16 -1.80059935000935e-11 9.74499407576395e-13 3.06758666161542e-15 -6.49444935881532e-06 6.77395009538186e-16 1.95846495860475e-11 3.99020073424930e-17 1.55568297227799e-13 4.63602836533756e-16 -1.76436163606218e-07 2.98302633981356e-16 4.33997206364767e-12 3.81523494126215e-17 -3.31848343920802e-17 2.29045502304561e-12 -2.04087984617871e-16 3.17039656868800e-07 -2.21412037029648e-16 -3.03041910964940e-12 -1.68970994143250e-17 1.53005007226043e-14 -7.74175585379551e-18 5.30329728332712e-13 -1.12450502139435e-16 1.40123678928722e-08 6.78984332346351e-17 4.33316821703928e-13 -3.29386946584966e-17 1.66386022912602e-13
 -3.05550698277644e-13 -3.37358949117113e-14 1.62006965459237e-13 3.13956011416731e-13 -5.03581692142572e-13 1.13933812687121e-13 3.58305357352810e-05 2.83464159061322e-08 -1.58571090706791e-14 6.71800338397278e-05 4.25339449970095e-08 -3.14574231801709e-14 -1.70967733238439e-04 -1.30266870156716e-07 1.14629474080874e-13 8.73334867270394e-05 6.13507661443701e-08 -4.69821426364379e-14 2.45287709620607e-05 1.87363297436851e-08 -1.78214678625928e-14 -1.46746470426487e-17 -1.07424015318435e-09 3.17843189873897e-17 3.38847207166813e-07 -5.28004125390178e-19 -8.03259057641971e-19 -2.49714209792415e-09 -1.01400046815109e-15 -1.60895299525542e-06 1.33363422575668e-17 2.99270019295738e-17 -1.19463871324749e-09 3.46229594834010e-15 7.29389421173722e-06 3.37752593578127e-17 1.05631736757759e-17 1.19539355962111e-09 3.85483305985258e-15 1.32231207882455e-05 1.63748182253508e-17 5.88609185696518e-11 3.83799353906273e-18 -5.56675167501603e-10 9.26115772464801e-16 4.81305378354158e-07 5.27326556076942e-17 6.14530308072151e-11 -4.72051670455235e-11 -3.08792207341732e-18 6.74708952275863e-11 -3.15248217407834e-15 -2.12653653069036e-06 -5.65052045095533e-17 -4.04797214220203e-11 1.79559925124793e-11 3.13528142725000e-17 1.58687522063341e-10 5.13390195353384e-15 1.47628747004705e-05 8.06340219622948e-17 6.22120177369219e-12 -2.49134667129564e-22 2.11138702833481e-11 5.04363353443137e-18 -3.26616443291860e-10 -7.38257493736369e-16 -1.86485682257280e-06 -9.26895471370976e-18 2.06592328693339e-11 -4.25851552583052e-21 9.76654238870174e-22 -2.68324332859294e-11 8.55239739516327e-18 -2.75753463729072e-10 1.85862706172923e-15 7.93404753211200e-06 4.42212231391177e-17 -1.87962879127693e-11 5.33865433871517e-21 1.46622157637327e-18 4.47209310826004e-22 -6.05439087801824e-12 -1.14602705795515e-18 -3.05841306700332e-10 -1.47225858427840e-16 1.61150232434772e-06 6.99870326765562e-18 -2.56658439046230e-12 1.01410486768155e-21 2.95569328752816e-18 2.22810198687262e-17 -2.71523687099862e-15 -2.05830327325258e-13 2.90536529529630e-15 -1.65356081901634e-15 -1.05444880216673e-07 -2.85516953817487e-11 -2.46126432190883e-17 1.95675136154417e-06 3.02231198042244e-11 -3.75090601588330e-16 1.47464468063504e-07 4.17664511856011e-10 -1.71821592950971e-15 3.65724216685675e-05 -9.58655497950621e-10 -3.71946350636332e-15 -1.59083116611177e-17 3.72239933854679e-11 1.27169127932077e-16 -5.20299331491179e-07 1.68572768028186e-18 6.92264470172833e-17 2.33214175365929e-12 -2.17001971597315e-16 4.16724029831265e-06 -2.58509726792839e-18 -1.05747596155582e-17 5.25931885491404e-10 9.97939319873425e-17 -6.99071958523818e-06 1.55718326923408e-17 3.48664307971171e-11 2.38677051599847e-17 4.20297527134359e-11 -1.76625442490682e-16 -1.99373075623427e-07 7.07025966883091e-17 3.12599890144170e-11 -1.29667316848898e-11 -1.83397765619175e-17 -2.15774068409992e-10 3.31070568064601e-17 4.49149175775160e-07 -3.44830297852955e-17 -2.09641754087616e-11 -4.09492132954104e-18 -4.87517280612109e-12 8.18324969214504e-17 1.30460093226482e-11 -2.96013180122328e-16 6.91335165221504e-09 2.09313407425226e-16 -5.45834424350444e-12 -2.36779323096843e-17
 -2.92628452318452e-10 -4.19618333957783e-11 -1.44616397694509e-10 -4.42576408553732e-10 -1.90112553771538e-09 -2.83882568889677e-11 -4.50051821298772e-16 -1.16343306750641e-15 1.22702716709060e-09 -2.40314350507878e-16 -1.84846943377674e-15 2.20731521351130e-09 1.53323241613246e-15 5.42249457673958e-15 -7.99492706741170e-09 -9.10777505803364e-16 -2.43237393824716e-15 3.39651836435804e-09 -1.39938419564979e-16 -8.23200156971478e-16 1.15418064655447e-09 -7.33872734130544e-09 -3.84259722698812e-18 -1.96532860812207e-11 -1.55972548243330e-17 -6.41252891345148e-08 5.77322605175250e-09 3.73888121747125e-17 2.93103609077168e-11 -6.15476312910051e-18 2.89135451126737e-07 -2.37158636442768e-09 -2.02103495270590e-16 -1.64504370179693e-10 9.54482373389869e-17 -6.84298353193727e-07 5.78398073259376e-10 1.66945497296557e-16 -1.63184542540951e-10 -3.82526025467977e-17 -8.80749281597677e-07 1.69657632604973e-19 -5.76703369541691e-09 1.73121972253731e-17 -6.82899203355881e-12 -2.21520422298864e-17 -1.07018449839313e-07 -6.47648494951056e-17 8.12121761227250e-18 6.29827692714284e-09 -1.03887600958242e-16 3.18919737285932e-11 3.36722327586727e-17 5.95416456877324e-07 5.63144286804273e-17 -7.27004740457645e-18 -4.86488628062168e-09 1.37598662201238e-16 -1.32779583182850e-10 2.52699066669719e-17 -2.23589782508756e-06 -4.07595265382558e-17 -1.30735655418501e-13 6.03256897968884e-18 4.71931114178128e-10 -2.84056411962491e-17 3.08933912361322e-11 6.43064917266988e-18 6.75160547486217e-07 -1.82085474279537e-17 1.55141892299360e-13 -1.23528035051059e-13 -1.26552723076786e-18 2.73491931559157e-10 6.82690650591359e-17 -7.51519808598364e-11 -6.50277810451530e-19 -1.98221602148000e-06 9.55338753631213e-18 1.96584840776612e-14 -2.70418854377002e-23 -2.12646348662760e-13 -1.43778811175263e-18 -6.64487179274431e-10 -4.38676563221606e-17 -1.16588522550803e-11 2.48359599903503e-17 -4.73129923393593e-07 7.87214047400792e-18 1.25048582409173e-13 -1.05212579150538e-22 2.76971718945043e-11 9.44056081845402e-11 2.03855235903444e-09 1.27615790591526e-10 -4.56016309984104e-10 9.43876725309697e-17 1.68028255991491e-16 1.00815006875464e-12 -1.21921138071892e-16 -2.08206395892519e-16 5.74401651921242e-12 1.04364736707047e-16 2.16354383174691e-16 5.55294936744375e-11 -1.26063708427743e-16 1.80234981604775e-16 7.76998783097682e-11 -6.66030768351997e-11 1.11307375900921e-17 1.09688078701773e-11 1.42869869996875e-18 -3.83399478710287e-07 -1.92424231037378e-11 -4.27570340806163e-17 -1.80059935000935e-11 -2.58509726792840e-18 3.52710942440468e-06 -1.00015450962147e-09 4.92920363209996e-17 4.96749610342049e-12 -6.87564004976815e-17 -4.73259183955848e-06 -1.30318086558196e-17 -3.40869986599358e-10 -4.78135658336656e-17 4.42135488301737e-12 -2.15325508726297e-17 -1.56817604339035e-07 1.92395706012230e-17 -4.20429745343427e-18 2.23613599053346e-10 1.48947230646348e-17 -1.51199029635999e-12 1.57707222520298e-17 3.62832165467411e-07 -1.51903580616943e-17 -6.46403712014480e-15 -4.56228921572337e-17 -7.20208912970787e-10 -1.36009299137428e-16 -2.72834511347290e-12 -4.66457006763547e-17 2.16248161875019e-09 7.28189523802500e-17 -3.41005021483425e-15
 1.22092589706344e-09 3.79098145866236e-11 -3.22702492916173e-10 -8.86017489111112e-10 1.70566330820866e-09 -3.21841929180608e-10 1.34947908298528e-15 4.68550690590768e-16 9.12966389466018e-10 1.65823784053375e-15 1.51950577134106e-16 9.46678439033247e-10 -5.70738444704498e-15 -8.12165542241028e-16 -3.17810268128115e-09 2.90937285316605e-15 5.57292474436821e-16 1.56916319678606e-09 8.04085500013600e-16 5.62440577274750e-17 4.76746339407267e-10 2.95119995126091e-07 2.00530135930321e-17 4.02489294651163e-11 2.59961977856124e-17 -3.62933472023189e-10 -1.22862536867776e-06 2.01145512798905e-17 4.83843035349587e-12 3.73099133269197e-17 -3.72796447280152e-09 2.54584014440961e-06 1.12797635279104e-17 1.62942952046750e-11 -1.63257848295429e-16 9.47847727779062e-09 4.89240570024912e-06 4.63385077855807e-17 -2.89923754807873e-11 2.67088819506341e-16 -1.39984764567083e-09 -9.94953231458816e-18 1.03329532537786e-06 5.33538561836980e-18 4.12058635139798e-11 7.11676761682776e-17 -1.32748491179665e-08 8.60413170438592e-18 6.81933632758863e-18 -4.51430716928295e-06 5.33269912011024e-18 -3.93763767270413e-11 -2.23042439017918e-16 2.51627952529417e-08 -8.52267154109740e-18 -4.01301180126732e-18 1.22126030992225e-05 4.93099090711242e-18 7.82412112128720e-12 2.99417496687961e-16 -2.48060249132712e-08 7.67068089606519e-18 3.02406910030101e-14 -2.68179631341949e-18 -3.71579354955485e-06 -4.71272663026902e-18 8.22925094979244e-12 -3.88880478865218e-17 2.86482019001159e-09 2.78420438591583e-19 3.39951447037100e-13 1.14249578493099e-13 3.15487558057734e-19 1.01907948460301e-05 1.32885457857578e-17 -1.95415345729421e-11 1.10588279433196e-16 4.94356853581127e-09 1.74636129298599e-18 -3.23613454056255e-13 5.02208084576762e-23 1.09377649600902e-13 9.68430086716136e-20 2.34884992934000e-06 2.76391099558979e-18 -5.15242542791846e-12 -2.17782074831846e-17 -4.12311834280725e-09 -1.03237046242820e-19 -5.93807955344882e-14 5.70779512596677e-23 2.37912666261830e-12 -5.73289184840442e-11 -5.19027343235797e-10 2.31235859018948e-11 9.07695640107932e-11 1.15481536833962e-16 -9.93873645238209e-17 3.72928355521369e-12 -1.11646063955894e-16 1.26779305759451e-16 -7.99821375667310e-12 1.54388752907092e-16 -1.18667071296949e-16 -9.90130382608846e-12 6.17110533165250e-16 1.75697489702586e-16 -1.12502255515759e-10 2.16837633437764e-06 -1.40557423867283e-17 -2.25392622484955e-12 -3.50328272700293e-18 1.71552669442488e-10 -4.73261004022627e-06 2.98194628604316e-17 9.74499407576483e-13 -1.05747596155582e-17 -1.00015450962087e-09 3.95929476053842e-05 1.95097916703088e-17 2.16079677420909e-13 2.16992549630913e-17 -6.08348293168062e-11 -3.48888036514655e-18 6.56281880025233e-07 2.70808501124520e-17 -3.06867057050565e-12 -3.54473235453980e-17 -3.03558874625546e-09 -9.58541228752795e-18 2.68896754823570e-18 -3.91353585720169e-06 -1.43458924572654e-17 9.28423970532327e-13 9.40154069561182e-18 1.31275930773064e-09 6.71374645953018e-18 -1.73771589498047e-14 1.49181751812810e-17 9.49029449207553e-08 7.73674871591279e-17 7.72249274564856e-13 -1.08767907672118e-16 -7.56788072671566e-09 -1.83073255298635e-17 -8.78807881685075e-15
 3.07773871882758e-13 3.42887340501374e-14 -1.72755039324960e-13 -3.32391385339173e-13 4.58852719793570e-13 -1.21000712365238e-13 3.71057261530706e-08 -5.51936298722804e-05 3.55169910203427e-14 7.04661515914042e-08 -1.57292505639405e-04 6.20932668652081e-14 -1.88620862140224e-07 2.76847808803287e-04 -2.50470051148525e-13 8.36844887093115e-08 -1.62084702761741e-04 1.01768720024659e-13 2.70733087439515e-08 -3.85171996464131e-05 3.59143845060299e-14 4.54815390922686e-17 -2.42560478439558e-06 -8.59132544512234e-16 1.89793855230602e-09 4.29375618384589e-17 -1.72874061103820e-16 1.05547688348690e-05 2.26942840327257e-15 -5.47995919900410e-09 -1.54302336376936e-16 2.53165613175509e-16 -3.99963244647898e-05 -7.58900331042415e-15 1.81210390344909e-09 2.86077218386927e-16 -1.19004512175235e-16 -6.38036563509941e-05 -9.63002046708630e-15 -6.97941598546834e-10 -1.39586837570227e-16 8.43462009501385e-11 -3.18639223780750e-16 -1.16840975158411e-06 -3.73541695862636e-15 -4.00016875856694e-09 -3.46607658960040e-16 5.66105778252677e-11 -6.85970768370333e-11 4.56147726094345e-16 8.19068079306848e-06 8.85229790422012e-15 5.59119732599808e-09 4.75824139429075e-16 -4.35291650456934e-11 6.10072683524154e-12 -2.55440677061415e-16 -7.30125857458942e-05 -1.17159874926476e-14 -2.82721196888636e-09 -2.29514203328460e-16 1.30719360979825e-11 5.15349174734649e-21 1.31715640139930e-11 9.68000826579239e-17 9.80709305641988e-06 1.83040178293681e-15 -2.95057855041462e-10 7.41509660697929e-17 4.20849896386477e-12 2.24189744201957e-20 -7.12006846589468e-21 -3.00293563579890e-11 -9.42677592582977e-17 -4.11796122605684e-05 -4.49635657574875e-15 -5.31205644058013e-10 -4.23703153308490e-17 -1.22915149256792e-12 -3.12467097131370e-20 5.33636657000147e-19 -1.53319701759313e-21 -1.05822617746230e-11 3.73721917639425e-18 -8.64279302495637e-06 -2.53136753784800e-16 -2.24972443809370e-10 1.80771611322894e-17 9.10361398998259e-12 -6.64523550798159e-21 -1.02015096226027e-18 4.96987898668743e-16 6.07207618822897e-15 1.75360675795992e-13 1.45475892210859e-15 -9.86714654537996e-15 -6.35839199898958e-11 5.80534491012228e-08 -1.19923500212742e-15 1.92111161190577e-10 -1.12900821019381e-05 2.35077892208845e-15 1.53598562296266e-09 -2.01392169780408e-05 1.54944244886731e-15 -7.96862372255811e-09 -1.85794645923586e-04 6.80327049432484e-15 -2.29313337859327e-17 2.82306571415638e-06 -2.40329003946301e-15 4.84886286088327e-11 -5.28731324167466e-17 -1.54811695003393e-17 -6.99068987872908e-06 3.06758666161542e-15 5.25931885490990e-10 4.92920363209996e-17 1.95097916703087e-17 5.52609315265508e-05 -2.08283326810050e-15 -1.24121402440147e-12 4.79283257644593e-18 8.61293226500251e-12 -3.75559265724422e-16 9.34549316487644e-07 2.00041569124358e-17 5.07524183516746e-11 -4.19267649835509e-16 -1.46571345159574e-11 -6.50488981047630e-12 1.66602058459256e-16 -5.79916054871395e-06 4.25462446319862e-16 2.83642711512410e-10 1.94593590831251e-16 7.07406329500060e-12 3.22843785586566e-17 -1.72516079695961e-12 -8.79689446163692e-16 1.51403965012433e-07 3.75086802708586e-15 -3.92892664842336e-11 -7.84716869827403e-16 2.15717795623703e-12 1.40756019375112e-16
 1.67296187478381e-04 1.70856597266756e-05 -8.30814415658643e-05 -2.05295391824362e-04 1.29829555597305e-03 -1.65175634004636e-04 7.08476851725790e-14 7.18603218931332e-14 2.00065815788660e-04 1.08201792185559e-13 9.68887089709644e-14 4.65768643602197e-04 -3.45879102518799e-13 -3.05949937497353e-13 -6.38966474059786e-04 1.61820361404402e-13 1.43338512847423e-13 3.39940721891687e-04 5.06304885788120e-14 4.54976491241553e-14 1.24881013530072e-04 -1.30792472902471e-11 4.51296410431323e-16 -8.50772921447565e-07 -4.87326919495997e-16 -6.64025431555255e-12 3.04337845169465e-11 2.04563043932160e-15 -2.99759206459225e-06 1.47615080187117e-15 8.67074415193105e-13 -1.07196302832130e-11 -5.92606069960687e-16 1.03649706261492e-04 -2.14314183087848e-15 -5.76787936738917e-12 -1.61138641177024e-11 8.72124385740471e-17 4.38648445952178e-05 1.05555062391726e-16 -1.80956352561319e-11 4.46133710514313e-17 -1.00729847299655e-11 3.95895681077958e-16 -7.99007328692819e-06 -3.27768566109577e-16 1.09509574146365e-12 6.94235495680225e-17 -4.54240617796693e-17 -2.69204885777432e-11 -4.30347866566541e-16 4.44872373549883e-05 1.30601182442649e-16 1.75240071197013e-11 -6.00736825776164e-17 2.17688281409925e-17 4.48628047986140e-11 7.08104051634194e-16 1.81775072995826e-05 2.01848190231491e-16 -3.16480099703384e-11 2.65245714306702e-17 3.85465985358444e-14 2.68164530491427e-18 2.83750185341894e-12 7.27118270408967e-17 4.04328061571524e-06 -1.07064356187077e-16 7.42570594837613e-12 1.25797459735623e-17 6.44518793208730e-14 1.56756723269373e-14 -7.13081017518034e-18 -1.69843189499007e-11 -2.34296334786678e-16 1.66408079430703e-05 1.89777513999587e-16 -2.84871639869182e-11 -1.32455800255949e-17 1.19460554654801e-14 -9.12666283437226e-25 3.96085443196251e-14 -4.19749024963555e-18 -8.16231065042405e-12 1.74760371133246e-16 5.62929976078675e-06 1.33835067345863e-16 -9.42711422909446e-12 -5.30627325789102e-18 5.81433916699543e-14 4.11560922033893e-24 -1.18858722968457e-05 -2.76586504704098e-05 8.57417060904686e-04 -1.41826615837190e-05 -1.98136798185319e-05 2.03845687247432e-15 8.76516876966751e-16 -1.76022555275711e-06 -3.41082163968841e-15 -1.26114480070507e-15 -4.77104881050869e-06 1.81614742282344e-15 7.25676677843367e-16 -4.66483676158621e-05 -2.05359775674179e-15 1.47712298479920e-15 -1.59236510719020e-04 5.54859167808489e-13 -1.79436358239467e-15 2.72681003467939e-06 -2.71696928743828e-16 -3.39790454507420e-12 -8.49521538763659e-14 2.29515694882552e-15 -6.49444935881532e-06 9.97939319873422e-17 4.96749610342043e-12 2.16079677420846e-13 -2.08283326810049e-15 5.64462559115394e-05 -2.55906363168370e-16 -6.34356645287334e-11 -1.00535749574509e-16 -1.92354250256650e-12 -1.07994316113076e-15 9.72183655162838e-07 -9.91311756693465e-16 -7.76701479893417e-13 1.00903088361818e-17 5.90667179051326e-17 -3.37692066755303e-12 5.65582459363821e-16 -6.20679369473776e-06 5.10812371215165e-16 9.46340061976632e-12 1.67558531532389e-18 6.92484509892645e-14 -6.48626842629362e-17 -6.58590795196314e-13 -3.94948245429507e-16 1.61996827647698e-07 -1.25242717593366e-15 -5.37684744783454e-13 2.72029524536567e-16 8.43402861007775e-14
 2.08243740828630e-13 2.40356220418468e-14 -1.15403489604000e-13 -2.26926037772625e-13 3.86323825121107e-13 -8.13463729357397e-14 -5.51954916779124e-05 -3.52652327467593e-08 3.85557348524460e-15 -1.57295764225858e-04 -6.64094291222937e-08 1.10633673690053e-14 2.76857550352281e-04 1.77171721250133e-07 -3.23694012864612e-14 -1.62089280695172e-04 -7.84926386155290e-08 1.26698693345115e-14 -3.85184738134663e-05 -2.55593963012655e-08 6.15147764080673e-15 2.58218304953683e-17 -1.72032135357331e-09 3.58268642773070e-16 -2.42579731551147e-06 6.33694451425315e-17 -1.74848148037854e-17 5.41781812834526e-09 -3.47371246807807e-16 1.05548446734197e-05 -2.33186175940478e-16 -8.25358694550659e-18 -1.70003621868228e-09 -9.69920037301521e-17 -3.99963856583061e-05 3.02815044812392e-16 -3.48102755127486e-18 7.13721958574038e-10 -1.37866422476424e-15 -6.38036429201423e-05 -1.69980419312182e-16 4.62260991166879e-11 -6.43935848920843e-18 3.96394613844450e-09 -4.85757853783571e-16 -1.16863558260963e-06 -3.67886733848336e-16 -9.03571871753436e-11 -3.55565230694675e-11 1.98928569884458e-17 -5.54586040748988e-09 2.20866782356986e-15 8.19087049336317e-06 5.28688739788060e-16 6.75872272815859e-11 9.62443181347297e-12 -3.32486926375507e-17 2.78111180635508e-09 -2.84177006140711e-15 -7.30126214195835e-05 -3.32562691221342e-16 -1.64560398197919e-11 -2.40284728611739e-22 -8.28215951016963e-13 1.44648617506234e-17 3.00261884830747e-10 2.86958874691956e-16 9.80707435518176e-06 1.15855065513097e-16 -1.32706276817342e-11 1.18740173919393e-20 -3.31486600910784e-23 1.31279417478182e-11 -2.74455829017613e-17 5.16216272631513e-10 -8.20113843000493e-16 -4.11796064092703e-05 -1.32725095639533e-16 9.19168341006841e-12 -1.63068752077667e-20 -5.38521586026022e-19 -3.34113042344844e-22 6.94416926476411e-12 -4.96171566085423e-18 2.38425813979119e-10 2.28412621347804e-16 -8.64276398503677e-06 2.37188334375537e-18 3.38238938520457e-12 -3.46670762173391e-21 -1.72742852189318e-18 5.58878048844810e-17 1.02304092963685e-15 1.48171284338453e-13 -2.38180336697723e-15 4.72681155502266e-15 5.80441662677252e-08 6.63025356398114e-11 5.43224882171146e-16 -1.12900842134726e-05 -2.05225715566394e-10 -5.10119439352342e-16 -2.01392382593938e-05 -1.57081204884017e-09 1.17918248622884e-15 -1.85794636971828e-04 7.92663563995192e-09 1.77348176564162e-15 9.54346716137068e-18 -5.89713551774873e-11 -5.48402077414310e-16 2.82307751238260e-06 2.18543224876902e-17 -7.18790228586596e-17 -5.18987215128725e-10 6.77395009538186e-16 -6.99071958523818e-06 -6.87564004976816e-17 2.16992549630912e-17 -1.24121402769838e-12 -2.55906363168370e-16 5.52609747840931e-05 4.90619365727293e-17 -2.31317679210794e-11 -2.48287949788055e-17 -5.67014353186835e-11 1.50114693114278e-16 9.34550585214861e-07 -4.84575255100554e-16 -1.48200470467247e-11 1.04137220164593e-11 1.29976772921532e-17 -2.58695693378994e-10 -4.14095437819185e-17 -5.79915837787193e-06 2.09659146369132e-16 1.07153964221116e-11 -1.22014147208581e-18 3.61763713618900e-12 -1.22183849119687e-16 3.75848184454106e-11 4.76864255035116e-16 1.51399903518978e-07 -1.28605738159853e-15 2.51943350058198e-12 7.43056025923873e-17
 3.52908077463016e-10 1.25911871601458e-10 -1.05002953008217e-10 -1.70977593909542e-10 1.42119483185538e-09 1.12308663686379e-10 4.10534040404795e-16 -5.33713178861779e-16 -1.02816325311443e-09 1.59646674596540e-16 -6.90420629951353e-16 -1.43549918757594e-09 -1.19732933991889e-15 2.46196812340521e-15 4.97001989565980e-09 7.41999539424431e-16 -1.23672167274344e-15 -2.13548826730660e-09 1.14097689796425e-16 -3.45666088048531e-16 -7.28522396353795e-10 9.21510161185083e-10 -5.21124846085260e-18 -2.54512607135925e-11 3.13424343733871e-17 2.95512186227574e-07 2.80224421344913e-09 -2.31535989480667e-17 -3.55037416108179e-11 -2.77311885896698e-17 -1.22889831755578e-06 -8.36916311690334e-09 1.04530218250856e-16 1.39068674289062e-11 -5.68399917146690e-17 2.54579092645313e-06 5.30070775429204e-10 -9.38545228862204e-17 1.48757866246109e-10 5.07690842837372e-17 4.89259717511837e-06 -4.65636373097833e-18 1.34042657930406e-08 -4.89407787058878e-18 1.87670940062458e-11 4.84423532566824e-17 1.03320123874782e-06 5.77726036596789e-17 1.53851761477697e-18 -2.57114730715683e-08 4.26554402202914e-17 -6.54713549400424e-11 -8.28142841070634e-17 -4.51407718320417e-06 -4.78509167117781e-17 1.23651059262331e-18 2.55097352455514e-08 -7.11689362057132e-17 8.31203130542317e-11 2.60323537680007e-17 1.22123519508347e-05 2.28720897802113e-17 -6.01336764920723e-14 -2.23139376001957e-18 -2.75794930253518e-09 1.32251483134197e-17 -3.82425191363819e-11 3.11230556784235e-18 -3.71585982774977e-06 1.14156342349897e-17 -2.47455256263308e-13 3.10993697528814e-13 9.16937990861203e-19 -5.18699497567928e-09 -3.33390128362676e-17 4.67548689716601e-11 -1.84388496443117e-17 1.01909119017529e-05 -8.68973182544220e-18 4.82495017192477e-14 -2.55054848474556e-22 2.54932110829744e-13 5.64160884366191e-19 4.15070239509453e-09 1.74747394597749e-17 1.36332890210534e-11 -1.42383412235734e-17 2.34884283741164e-06 -3.22193182045399e-18 -1.37344964005561e-13 7.26126477823378e-22 -1.21705421419196e-11 -4.55450629885676e-11 -6.47858350730269e-10 -3.44933814162416e-10 4.40675526732761e-10 -1.80610795076821e-16 -1.60670941649955e-18 -1.10254156444311e-13 2.62379081077908e-16 -1.93640897892344e-17 -4.10558948354669e-12 -1.89499555664114e-16 -3.84884624513980e-17 -1.28840277190303e-10 2.79738703643725e-16 -2.09306048641141e-16 5.37632893553788e-11 -1.71889915190408e-10 -1.09292478558947e-17 -5.53993148721782e-12 -7.93920636439224e-18 2.16838085636134e-06 1.06603046259843e-09 2.09397112217014e-17 1.95846495860475e-11 1.55718326923409e-17 -4.73259183955848e-06 -6.08348293115523e-11 4.79283257644597e-18 -6.34356645287334e-11 4.90619365727293e-17 3.95929637418632e-05 7.79389726738404e-18 3.03554730508087e-09 -1.15565528505479e-17 -1.61793918565038e-12 5.71331335174944e-17 6.56280792742063e-07 2.64447821531362e-17 5.03743518377924e-19 -1.30000109976418e-09 8.83228552425293e-18 3.57657465846709e-12 -2.99057054107101e-17 -3.91352405595889e-06 -1.21808032914530e-17 8.32342380625117e-15 1.75336534096825e-17 7.56621499881724e-09 1.69148506782196e-17 2.08838487528483e-12 1.38424726367271e-16 9.49037048700746e-08 -3.78128177049120e-17 -1.88371350266678e-14
 3.54909548722674e-15 -1.91825504505024e-16 8.22038532450064e-17 -1.40799793828488e-15 -5.16113444003250e-15 6.65571311775719e-16 1.20926530768656e-09 1.56960380590682e-10 6.49766577683604e-15 1.81866451256003e-09 2.15028856461519e-10 1.08896832263237e-14 -5.65582723771382e-09 -6.81413801696191e-10 -3.85988282047022e-14 2.66096719379638e-09 3.21916535783693e-10 1.70989358569644e-14 8.29580789722352e-10 1.02992613415600e-10 5.74162078943789e-15 -4.43299306213051e-18 -9.64545278500264e-13 -1.41033665192834e-16 -2.28945984132837e-11 1.04474295400076e-17 -8.41341637081257e-18 2.31590769875581e-12 2.45865050923092e-16 7.93459516300126e-11 -2.35266442385321e-19 2.08812890368654e-17 1.78762683323442e-12 -9.19347888069252e-16 -3.84825218220806e-11 -1.91748223748670e-18 -1.29812385705152e-18 -7.10677583119098e-13 -5.89276152573374e-16 2.70094042060385e-11 -7.23856587479115e-20 2.17061297427466e-10 -4.47509403935015e-18 -5.96632684025855e-12 -1.29626712016483e-16 1.42964351119450e-11 6.37504811271872e-18 -5.42577576983178e-11 1.63936725821094e-09 8.29176732854704e-18 9.88129299631634e-12 3.77557679796064e-16 -1.49309290463648e-11 -8.31828014835764e-18 4.34844984577543e-10 -1.09227721689041e-08 6.18320743296917e-18 -3.25100671535755e-12 -8.74850398975239e-16 8.36534078762071e-12 4.99801955648561e-18 -3.45600116226392e-10 -2.12727343056682e-22 6.17395567913448e-09 2.22256263375610e-18 1.74054292300050e-12 1.65858777704081e-16 7.44407357010897e-13 -2.91639427179273e-18 -2.31728329314338e-10 -8.40223658588526e-23 2.21164874743615e-22 -1.72194395236771e-08 5.02867334146351e-18 -4.01466773278753e-12 -4.61696205106306e-16 1.74317249006100e-12 4.35771220841581e-18 3.86075870813845e-11 1.03911195711377e-22 1.56915421744541e-15 -1.69994283853913e-22 -6.00083045827892e-09 1.73362922161707e-18 -3.78762929591485e-13 -6.47744404421458e-17 -1.07481874830675e-12 1.31988844889511e-18 1.70122134199035e-10 1.47381780502064e-22 1.56345762120955e-15 7.24672340192397e-17 2.46770720380408e-16 1.43085373021872e-14 1.61636720411514e-16 -4.28880559723384e-17 1.45694751406843e-12 6.20038078642820e-14 1.05103791209852e-17 -3.14862333319708e-12 1.11772728070240e-12 3.72745387360890e-17 2.93446108766511e-12 -8.40974982749946e-13 3.05370814419223e-16 5.90661758114354e-12 9.36659289133664e-13 4.33511151120853e-16 7.86551058417839e-19 1.55609227080909e-11 -1.57013271292901e-17 -2.32546855209476e-11 2.07748577119724e-19 3.85628818202982e-18 -1.96135755899602e-11 3.99020073424931e-17 3.48664307971171e-11 -1.30318086558196e-17 -3.48888036514655e-18 8.61293226500251e-12 -1.00535749574509e-16 -2.31317679210794e-11 7.79389726738400e-18 1.41059538811299e-07 -1.20391295271064e-18 8.48182467467063e-12 -1.26252605865842e-18 -7.85470094459006e-12 7.23779220347680e-19 2.27853565015946e-14 -1.23747344047698e-07 2.28087303419578e-19 -5.25635257161524e-12 2.55901582441464e-17 1.33257971501798e-11 -1.63028859599893e-18 -9.84891411653158e-13 -3.05133539991070e-19 -5.62223216372713e-09 -1.03843982947811e-19 -5.90750228223712e-12 -9.98126985177883e-19 6.17565516037014e-12 -1.35067942845719e-19 1.76119498051423e-13 -3.33048160123341e-19
 1.45556305427509e-10 -5.61257641182075e-11 1.16756521685440e-10 1.97583180503371e-10 -4.87126720398857e-10 8.48017481087820e-11 -6.32370916110834e-15 4.10410332507981e-15 1.29471341239623e-10 -8.06826599937746e-15 7.62163381459494e-15 2.69207531824370e-10 2.70600738092959e-14 -2.19706370754123e-14 -8.38597350815715e-10 -1.32650643643832e-14 9.56281086227416e-15 3.64292859373934e-10 -3.93419386314872e-15 3.50275213752991e-15 1.24585908704058e-10 5.90629368619893e-09 -4.83828928887855e-17 2.66464934710730e-12 -1.03836709836711e-16 -2.22364284549803e-09 -4.11985197188674e-08 -1.13742158734716e-17 -7.11197015417526e-12 -1.27001576843666e-16 5.20381890957080e-10 1.03825911909194e-07 3.70516143314434e-16 2.21373533371832e-12 5.15218504501748e-16 -3.98087154808392e-11 9.41240681058964e-08 -4.19638735688820e-16 -1.03345739825739e-11 -6.73334718510833e-16 6.18381363976169e-10 -1.13186490277142e-17 -2.62033764207203e-09 -1.31902845640145e-16 -2.13037407329767e-12 -2.16678839771302e-16 5.09408796467100e-10 -3.30697908527913e-18 1.31185561792035e-17 -3.45992989807806e-08 3.03548910403627e-16 3.39366529807291e-12 5.90460549168575e-16 -2.71000676492033e-10 -9.77507977703012e-20 -1.69434045236707e-18 2.58298033273822e-07 -2.22834303091887e-16 -6.87602093846361e-12 -7.22596337043341e-16 7.87970863652643e-10 -1.09159532172206e-17 8.41517982224392e-15 -2.02885029510691e-18 -8.68558586440648e-08 6.54143864743272e-17 5.05968479478452e-13 4.10898072791958e-17 -1.32609539913680e-10 1.78902723326299e-18 1.14555470572513e-14 5.39531843800146e-15 8.45871790237953e-18 2.65797572978058e-07 -1.31783682678322e-16 -1.98275999518899e-12 -1.15204002803825e-16 9.03958097420735e-10 -1.46856149939983e-17 -1.60156771532619e-14 -6.01252666725959e-24 1.03165207274872e-14 4.40346531253326e-18 7.26239186558881e-08 1.20003799059366e-16 -7.17159303206028e-13 6.86859227949008e-17 2.18814327712035e-10 -7.85484194070296e-18 -6.46073859494865e-15 5.91581082454364e-23 1.04179505638645e-12 5.52840540174370e-12 5.33095253282057e-11 -2.14965695170974e-13 -3.26580008845922e-11 8.64419708496782e-18 -4.54293994813030e-18 -7.13061112289699e-13 -1.88145254022539e-16 -1.28146083242337e-17 3.10127210278081e-12 -1.38858829084615e-16 3.98365960547529e-17 -3.00174040339357e-12 -1.78549479831672e-15 -6.69904700530228e-16 -9.15131975188600e-13 2.64814652480875e-08 -2.90431749063835e-17 3.94683422644861e-13 -3.06774610696503e-18 1.75488283822240e-10 -1.56822559282294e-07 4.78286313548038e-17 1.55568297227799e-13 2.38677051599847e-17 -3.40869986599330e-10 6.56281880025232e-07 -3.75559265724422e-16 -1.92354250256650e-12 -2.48287949788056e-17 3.03554730508077e-09 -1.20391295271062e-18 1.58786104986036e-07 -1.33735460456878e-17 1.62797973258014e-13 -1.10162865397911e-17 1.02531727035335e-12 7.62315574140481e-19 -3.79927063097783e-19 -2.04131142526415e-07 3.53213425496317e-17 -6.54658297277942e-13 1.95810827962069e-17 -3.32717835566848e-10 -3.57085952163249e-18 1.27089573791874e-14 -1.50626043853748e-18 -5.60228981079436e-09 -8.52340559155582e-19 4.76046863084068e-14 -1.41533321615132e-17 -1.19675742491025e-10 2.12927131078457e-18 -1.64583558653402e-14
 -3.97406275013724e-14 -2.40485971753788e-14 1.27054520030152e-13 2.36967789655905e-13 -3.78525460137821e-13 9.26555852187161e-14 3.62235212911544e-09 -1.70247904407534e-06 2.92884526339613e-14 3.58264947651553e-09 -3.72781914380558e-06 4.34501714946403e-14 -1.22116658265790e-08 8.28488336859725e-06 -1.31676546803748e-13 6.31041729936939e-09 -4.04614482374905e-06 6.45391375220166e-14 1.50104949409107e-09 -1.24211783307610e-06 2.06341314078758e-14 1.45837056816881e-17 -3.76290403937223e-08 1.45612384436856e-16 -1.71380608622999e-09 4.47854094910234e-17 -2.84184193910156e-17 2.31700593665786e-07 -2.87030971681811e-16 1.27554441470087e-09 1.56256263464539e-17 7.30394951957409e-17 -8.98728872347370e-07 -1.59204295997208e-16 -4.14859707338452e-10 -4.89246698683924e-17 -4.41761399521355e-18 -5.43963451261888e-07 1.20046835545677e-16 2.33644186644665e-10 -1.30472245396225e-17 1.76713097484521e-11 8.33603801290020e-18 1.34436905374439e-07 -1.20350638749777e-16 -1.94654359014180e-10 3.29964437423897e-17 -3.03597351366148e-11 -1.31766340189089e-11 7.75736617142944e-18 -3.41787069075208e-07 3.98742837711959e-16 2.60599025781294e-10 -3.28673882678165e-17 2.46326643614302e-11 2.97167658731352e-12 3.58827328031928e-17 -7.05509545080314e-07 -1.25511095081299e-15 1.05222791869075e-10 -3.13289879670717e-17 -8.05971305333352e-12 -7.98484756157700e-23 4.59042507064553e-12 3.26041388449727e-18 1.07883970339388e-07 1.80660147326488e-16 1.03000259099441e-12 1.35751109588253e-18 -7.31637105327797e-12 9.59495154779108e-22 -1.40975695056541e-22 -4.85248049714055e-12 3.02637369679832e-17 -6.42126382794319e-07 -7.20306954220387e-16 1.00146240397908e-10 -2.90499019636221e-17 8.81957912931819e-12 -8.49952499807813e-22 7.80757536725970e-19 -8.96475875443102e-23 -6.71794223999190e-13 1.12795402596789e-17 -1.91043819717030e-07 -3.19502227405021e-16 -1.56258920721170e-11 -9.50821747270031e-18 1.71192200487065e-12 2.09481094842724e-23 -4.35026131483094e-19 -3.11300572462391e-16 -1.49462716070541e-15 -4.36167214609542e-14 -1.29889582932531e-15 1.24024466783401e-14 -3.51424354065925e-11 -1.02997121858523e-08 5.24492522256787e-19 1.05365810534611e-10 -7.53802889094867e-08 3.13976153293505e-17 -6.71893997203956e-11 -3.69344635406711e-07 5.77793447859588e-16 4.65283892388097e-10 -2.04211183036986e-06 -8.93307849741855e-16 9.78930427536538e-18 3.25590883514559e-08 -6.93220595582628e-17 5.26527267319866e-12 -1.13873539481844e-18 -5.65895448151618e-17 -1.99374421351673e-07 4.63602836533754e-16 4.20297527133864e-11 -4.78135658336655e-17 2.70808501124520e-17 9.34549316487644e-07 -1.07994316113076e-15 -5.67014353184025e-11 -1.15565528505479e-17 8.48182467467064e-12 -1.33735460456878e-17 1.68481029995698e-07 6.13975147506535e-17 -5.75285427554162e-13 -7.32179031608449e-18 -2.11536059040026e-12 -4.77614397735761e-12 4.25253839289260e-18 -2.50098841292615e-07 1.15226931199814e-16 4.03967445186666e-12 1.80562759020429e-17 -1.34489597356345e-13 4.31728289083857e-19 -1.57751324973172e-12 -3.13292485852719e-17 -5.27319096784864e-09 9.99257844938358e-17 5.06168798681421e-12 -2.01040044850628e-17 -2.92978898104677e-13 3.27555599406731e-18
 8.51738590586941e-06 2.44636442849709e-06 -9.32433021783532e-06 -1.78675345176549e-05 4.34235954969311e-05 -8.44998881084742e-06 7.45701240176598e-14 4.74993766305638e-14 -5.37567830395486e-06 1.13661670011099e-13 6.25291656828727e-14 -4.84052212599802e-06 -3.65771321108988e-13 -1.98095064994164e-13 2.91353435498672e-05 1.73286459061266e-13 9.55511350656395e-14 -1.37040687405327e-05 5.34611448201873e-14 2.91870325133743e-14 -3.75050709605703e-06 -1.30200825647330e-12 6.10570750580578e-16 1.23935268531048e-08 6.32402263670575e-17 1.41132911555536e-12 4.05025408056179e-12 9.25531653165512e-16 -2.24240386790770e-07 3.97243164146283e-16 -1.69293728130322e-12 -1.89677594134731e-12 -4.30434431069182e-16 2.09000248836819e-06 -2.26882324921907e-15 6.59885895182646e-13 -1.15704142205036e-12 3.22730139848859e-15 4.33517153356213e-07 2.19093423824885e-15 4.82833146877755e-13 2.15334191636532e-17 -3.28524848673904e-13 6.82152667418297e-16 -2.46293267826946e-07 6.29087382933040e-16 1.02664731117603e-12 7.54630842957780e-18 -2.09977478725987e-17 2.62749744929462e-12 -2.09768022013115e-15 1.03091579549033e-06 -1.80241716412573e-15 -1.88577833832734e-12 -8.04667343703498e-19 9.82351215093016e-18 -2.06025795274853e-12 4.27132840695334e-15 3.34632810904106e-07 2.15129246620341e-15 1.37834533419720e-12 1.43611466339981e-17 1.43039118860123e-16 3.31591017362686e-18 1.08979007261997e-12 -4.59469787055240e-16 1.43569442298857e-08 -2.09674730269763e-16 6.77606393375602e-14 -5.72788543140511e-19 2.54562980999831e-16 6.00537252888002e-17 -5.96826792393217e-18 1.05219955590542e-12 1.11234290982191e-15 5.73043844700905e-07 7.11701274914050e-16 -1.18677271945674e-12 1.75991308365888e-17 5.35234487916813e-17 3.03752169758987e-24 1.48115646535367e-16 -3.05214040285513e-18 1.97961322822426e-12 1.08670877324129e-16 2.22842752443087e-07 -4.08742678884872e-16 -9.48376359780169e-13 1.02385776956333e-17 2.34279741017800e-16 -1.45872435542522e-24 -3.06675676167310e-07 7.59373225673085e-08 1.52978774575199e-05 -1.07648606953982e-06 -5.48657297703389e-07 -1.23389235462947e-16 -9.02633291556238e-17 -5.13594116788430e-08 4.84768302663992e-16 6.82480956093358e-16 4.60995455707753e-08 -2.18907522637469e-16 -5.15116065454658e-16 -1.04503126325242e-06 5.20498782704073e-15 1.00481836835452e-14 -1.77365720411723e-06 -1.11205956279840e-12 -9.24136405389612e-17 2.73726323504205e-08 -7.92251224276960e-18 -4.64106245727176e-12 2.81381232399087e-12 3.01713631993179e-16 -1.76436163606218e-07 -1.76625442490683e-16 4.42135488301737e-12 -3.06867057050565e-12 2.00041569124398e-17 9.72183655162839e-07 1.50114693114279e-16 -1.61793918565038e-12 -1.26252605865836e-18 1.62797973258011e-13 6.13975147506539e-17 1.75120219273549e-07 3.10578620301582e-17 -1.17776405135453e-12 -3.16658214841488e-18 4.18185351133723e-18 3.37634126922350e-13 -1.44851441770855e-16 -2.78194324405342e-07 -5.37598381084819e-17 -1.66212900116289e-13 3.13084371907097e-18 1.08483464203723e-15 3.39845061365492e-18 -1.67085111854486e-14 4.37171260085496e-17 -4.68148631018221e-09 6.51244994655204e-17 2.06325949490394e-13 -6.29276414148159e-18 -1.95370217791310e-14
 -2.05331427575845e-13 -4.26450326949439e-14 2.12117217815164e-13 3.95871412566535e-13 -7.05260902577424e-13 1.54634155567082e-13 -1.70188003050927e-06 -4.04497931062613e-09 3.87765725151567e-14 -3.72681912881327e-06 -4.31072944853527e-09 5.75197121138679e-14 8.28194993696975e-06 1.43914319643069e-08 -2.00291395635950e-13 -4.04479297900069e-06 -7.31924308377865e-09 9.25204850321767e-14 -1.24167989389736e-06 -1.83151064602318e-09 2.87869364375273e-14 -5.40668538606705e-17 1.70073135781374e-09 -4.84627570844095e-16 -3.76575255724621e-08 -1.32369251089747e-17 -2.53386299168851e-17 -1.25627910448507e-09 4.16519802568859e-16 2.31750867033036e-07 -7.42939981270963e-17 7.88200556234668e-17 4.03764525171787e-10 -3.03758820589316e-15 -8.98752336283653e-07 2.00606321253692e-16 7.53235664118625e-20 -2.37290720849066e-10 -1.49150346280934e-15 -5.43944545779818e-07 -9.74734878031424e-18 -4.74605952617742e-11 -5.85415410776968e-17 1.96443947748922e-10 1.37133986906686e-16 1.34484457640390e-07 -3.03112541274763e-17 -3.31951984248039e-11 3.82309611406375e-11 7.80337129360446e-17 -2.53094607919267e-10 -4.66576373340954e-16 -3.41841182685385e-07 6.32859690291942e-17 2.51124618224333e-11 -1.27356243801566e-11 -8.49289510041148e-19 -1.17204859398933e-10 -1.93494717580680e-15 -7.05479165198995e-07 8.94944616321037e-17 -7.14790584782991e-12 7.83829737588852e-22 -1.11470823249671e-11 2.93377012617841e-17 4.31457095127031e-12 3.47295985425863e-16 1.07884196617920e-07 6.77534270181372e-18 -8.36691452494686e-12 4.82549377826313e-22 9.73165897154524e-23 1.27907097068502e-11 -1.71379403274468e-17 -1.05155102624666e-10 -1.57907704166830e-15 -6.42129636088588e-07 8.24766156993413e-17 8.32866173806122e-12 -1.20445185940830e-21 -4.72276540353144e-19 7.10597402520924e-22 1.91733141276105e-12 -7.96724689409677e-18 1.63479274309653e-11 -5.70399434653982e-16 -1.91043531580730e-07 2.84687665769054e-17 1.09971197429427e-12 -6.95625085388718e-22 -1.10850368395735e-18 5.21028272503542e-16 -4.77670062219678e-17 -1.48710146747646e-13 4.15770593813290e-15 6.40249065134223e-16 -1.03023895712206e-08 3.26045010676030e-11 1.17048956969540e-16 -7.53817821331138e-08 -1.11774460907120e-10 -1.31526000063385e-16 -3.69353124313290e-07 5.94470141002086e-11 1.12416060704946e-15 -2.04211322504486e-06 -4.91403286289700e-10 -7.26810063427893e-16 -4.36473179220633e-18 -7.48445509450507e-12 -3.33150031791676e-17 3.25580842333997e-08 1.53118957111329e-17 1.50990448108874e-16 -4.23584532431461e-11 2.98302633981356e-16 -1.99373075623427e-07 -2.15325508726297e-17 -3.54473235453980e-17 5.07524183515943e-11 -9.91311756693465e-16 9.34550585214861e-07 5.71331335174944e-17 -7.85470094459003e-12 -1.10162865397910e-17 -5.75285427546260e-13 3.10578620301579e-17 1.68481141739358e-07 -2.56225751496572e-17 -1.12497659190332e-11 1.82285481158167e-12 -8.26417575617083e-18 -4.11435069180402e-13 2.06530818628463e-16 -2.50096562756443e-07 -8.91879751862675e-18 6.56939502018888e-12 4.80922764945671e-19 6.49021952977464e-13 -1.14691809440660e-17 -5.42541647095732e-12 4.72735229406382e-17 -5.27333124525676e-09 -5.34445162951118e-17 1.88311814757867e-12 3.88384540658645e-18
 1.58835280261133e-10 -1.51976046171331e-11 1.70900513383444e-10 3.75387496358512e-10 -4.47549136458632e-10 1.08766065788554e-10 -3.30420449023462e-15 1.49593525573415e-14 -1.04110653177339e-10 -1.36087409598905e-15 2.23800595047642e-14 -1.43853715170744e-10 8.53079187566167e-15 -7.04429039528957e-14 5.86025274583251e-10 -5.40966514257783e-15 3.29235552286429e-14 -2.61801115812553e-10 -9.42561446331094e-16 1.06139686485236e-14 -8.35641216601626e-11 2.21652695146674e-09 6.74559829710044e-17 -1.50580995573825e-12 -2.01713283897753e-16 5.98996538606221e-09 -3.94319045219106e-10 1.50671174036222e-16 -6.16288399890451e-13 -1.89678307688159e-16 -4.11814727649671e-08 -2.39460174877849e-12 -2.23350148623747e-16 1.70565224681322e-11 1.00858681251281e-15 1.03844599556192e-07 -5.94156671873112e-10 3.44755996953606e-16 1.06838911934530e-11 -1.14547376908272e-15 9.41221059390632e-08 1.57963171807062e-18 -4.77031431279408e-10 1.04997114187287e-16 -1.15350526601583e-12 -4.00344570615823e-16 -2.60384639434437e-09 1.37641225855907e-18 -1.90424094503024e-18 2.37973375676993e-10 -3.69976115468236e-16 5.24932590382090e-13 1.03097166907870e-15 -3.46071752829284e-08 -9.33687275008741e-19 -2.51701200392934e-19 -7.61931312047547e-10 6.48407296898829e-16 1.39561203275452e-11 -1.02934752089809e-15 2.58302283242712e-07 1.26358822781989e-18 3.18126082494164e-14 6.05997434757678e-19 1.32873624791683e-10 1.67603664514475e-17 -2.05229815730997e-12 1.03831954610699e-16 -8.68579027910600e-08 -3.32408785053664e-19 -2.81371449085745e-14 1.84949468180971e-14 -2.09821962367522e-18 -9.12109866055868e-10 1.11212104350225e-17 9.28448817808235e-12 -1.90487379783041e-16 2.65800586732152e-07 1.88604840019270e-18 -7.92555607653830e-15 -2.58619145666240e-23 4.08014258925158e-14 -1.07551435811223e-18 -2.17391392597308e-10 5.55642937080020e-17 1.40977164120434e-12 2.07743089451927e-16 7.26233606357297e-08 1.05566489673321e-18 -2.64092834553361e-14 -6.00665002014517e-23 -2.96892437369232e-12 -1.08514622820187e-12 -1.90772206743078e-10 -1.89440827122806e-11 1.41655031163030e-11 3.49475044712350e-17 1.98217673646887e-17 6.76519063810592e-13 -2.48163906639152e-16 1.56798257230556e-16 -3.76780856923770e-13 -7.38225103657573e-17 2.16980520149896e-16 -5.83725314422011e-12 -2.69636674702437e-15 1.43750991496047e-15 -1.30058539234309e-11 -1.71965702407594e-10 -3.62991207479416e-17 -3.54639726727354e-12 -3.49906209162330e-17 2.64812727161907e-08 3.34772188991184e-10 2.67960618405968e-17 4.33997206364767e-12 7.07025966883090e-17 -1.56817604339035e-07 -3.03558874625547e-09 -4.19267649835509e-16 -7.76701479893419e-13 -4.84575255100554e-16 6.56280792742064e-07 7.23779220347694e-19 1.02531727035514e-12 -7.32179031608450e-18 -1.17776405135452e-12 -2.56225751496573e-17 1.58784998517602e-07 5.45688944199665e-19 -6.45697254410569e-19 3.25471762364915e-10 2.04824129772673e-17 4.68197897593913e-13 7.17360835649806e-17 -2.04135297083163e-07 9.62945940092579e-20 1.64779107013161e-14 1.27857560422556e-18 1.17138476618432e-10 8.27900678591479e-18 8.52128134008615e-13 -1.05193940652195e-17 -5.60201530493664e-09 -2.34063749678546e-18 1.27029722973130e-14
 4.30603245700451e-14 6.52375181051675e-15 -3.26525287927084e-14 -6.25448811234965e-14 1.04548277979170e-13 -2.31825315037728e-14 -1.25849816992395e-11 1.05245421368799e-09 9.72324680213966e-16 -1.06002508486127e-11 1.60021760984526e-09 2.72555955245567e-15 4.52378804409706e-11 -4.98219864406641e-09 -9.65099880185261e-15 -1.72233430164465e-11 2.34117860061331e-09 3.74562493203663e-15 -1.08806502618760e-11 7.32781244224323e-10 1.64076620520550e-15 1.94099252728265e-17 -1.70013173759390e-11 -3.33602047461180e-17 -6.83556583900513e-12 1.93537209037392e-17 5.03204898097773e-18 5.67614784843245e-11 1.52122874828947e-16 2.07175441430145e-11 6.42939481465095e-18 -2.77522480236322e-17 -2.62520288516446e-11 -4.02896996434993e-16 -1.46303485377912e-11 -4.44876382711464e-18 6.46045235545965e-19 1.74413177009860e-11 -4.08394971893041e-16 9.39009707731241e-12 4.52778415328284e-18 5.43011239426913e-11 5.38564896016331e-18 8.62775813430276e-12 -1.72782192815062e-16 7.98977035966224e-12 1.00845042304999e-17 2.16745211298766e-10 -4.34951540465563e-10 -1.38641712940929e-17 -6.66706708038443e-12 5.16300372789103e-16 -1.20782935580571e-11 -1.33433163211616e-17 1.63937662558007e-09 3.45482217283366e-10 -1.03657380116413e-17 2.82736613570111e-12 -6.50379678728901e-16 4.28795178877227e-12 1.58167025462320e-17 -1.09228666747758e-08 -3.85824078868646e-22 2.31751177215243e-10 -2.82052173182139e-18 1.60690206605268e-12 1.12263644800675e-16 -2.23393975834256e-12 3.29989347287556e-20 6.17386516922489e-09 3.29895918357381e-24 2.46003932119781e-22 -3.88685408312917e-11 -1.08478195640395e-17 -1.33264588981774e-13 -2.21450561508507e-16 5.78629883251800e-12 2.00990904152173e-18 -1.72195582134915e-08 3.32049905456494e-22 -1.56330160298257e-15 -3.52099276866553e-23 -1.70245177288836e-10 -3.74959238208881e-18 -6.85010382153594e-13 2.85430421812975e-17 -9.57657893062037e-13 -1.73129879593792e-18 -6.00091957414793e-09 2.34016638565079e-22 1.56900920087332e-15 -7.56109638632962e-17 2.26829332919604e-16 3.95060436224814e-14 -7.26201411022212e-16 2.52486814770376e-16 1.47401869721763e-12 4.03948065227424e-14 -5.48038118984532e-18 -4.34570790529468e-12 -1.45241032800308e-12 6.05062263979114e-17 5.31915907665315e-12 -5.27386262337669e-15 1.58639696096717e-16 -8.29242897803228e-13 3.47985305653904e-12 5.68935662467815e-16 -1.79320847070390e-18 -1.21537428332714e-11 -4.07922270024435e-17 -2.41143828973943e-11 -2.77920718706769e-18 -1.70398152910436e-18 1.97911216626861e-11 3.81523494126216e-17 3.12599890144169e-11 1.92395706012232e-17 -9.58541228752798e-18 -1.46571345159574e-11 1.00903088361818e-17 -1.48200470467247e-11 2.64447821531363e-17 2.27853565279401e-14 7.62315574140448e-19 -2.11536059040027e-12 -3.16658214841485e-18 -1.12497659190332e-11 5.45688944199669e-19 1.41059537033591e-07 9.86975660875842e-13 -1.01589721373591e-18 8.30204373906271e-12 -6.61560693566108e-18 9.43446516238570e-12 -1.21344503866792e-17 -1.23747324901130e-07 -1.66622095394187e-18 -1.84720022291431e-13 3.80437836711005e-18 3.74651907518981e-12 -2.64133382593822e-18 7.31966855258133e-12 6.96484208680062e-19 -5.62223218588926e-09 -1.65722083833683e-18
 -2.95832280896128e-15 -6.24022063085698e-17 7.61895704184013e-16 2.24486047815354e-15 1.13164928764461e-16 2.25771609690261e-16 -7.05685826128713e-10 -1.04615715710075e-10 -3.38176644354420e-15 -1.05880779221583e-09 -1.51647953419223e-10 -5.70559985168924e-15 3.29939891622978e-09 4.55620083326890e-10 2.01982497670177e-14 -1.55219814451203e-09 -2.08193520994431e-10 -8.93374874586071e-15 -4.86484637243636e-10 -7.41359814805255e-11 -3.00969626818705e-15 2.08782297766734e-18 -1.10119537969895e-12 7.24109694448105e-17 1.30158757463165e-11 -5.84212812284140e-18 4.38110605238185e-18 1.77588315165001e-12 -1.25834000171041e-16 -4.66532773674874e-11 2.55859668110209e-18 -9.01388635422312e-18 -6.53170855763197e-12 4.76960178541368e-16 2.13632684691938e-11 -7.35342068113525e-19 1.72977768905682e-19 2.01811268138728e-12 3.15705466769563e-16 -1.38517774936236e-11 -7.38136913242908e-19 1.22527665052288e-08 -7.41670186973745e-19 2.46682265732523e-12 7.07934287646462e-17 -6.88862812840242e-12 -5.56958443104336e-18 2.62368208691729e-10 -5.02951624766676e-08 -4.72338808421979e-19 -4.92027392471504e-12 -2.05910871559583e-16 6.63492415690675e-12 6.83287329631855e-18 -5.23137368236364e-10 1.15326117520829e-07 -4.02613240875983e-18 -2.42178156199350e-12 4.62888616634914e-16 -3.53959795615776e-12 -4.35419923494599e-18 1.30800419450434e-10 4.13754628302948e-22 -6.85603182898630e-08 -1.17156780627023e-18 -2.28815723989138e-12 -8.64915658975103e-17 -1.20064891759832e-12 1.02122811523695e-18 1.34235665272945e-10 -1.28078712417737e-22 -3.16117202040328e-22 1.61310485996248e-07 -1.50573665850645e-18 5.24263292196646e-12 2.37769299658204e-16 2.09828839799644e-12 -1.18269439822429e-18 1.84265423978650e-10 1.63933307399444e-22 6.09692854592836e-16 -1.07713533856089e-23 5.06643677375968e-08 -3.04828263885516e-19 -1.53395053071910e-12 3.05089732219199e-17 8.90757186992646e-15 2.03794514332432e-19 -2.16459774004588e-10 -4.52068907684494e-23 4.78660114866185e-16 -3.03021707509839e-17 -1.36327293310668e-16 -8.41506468122918e-15 -4.34464481853821e-17 1.41763003495370e-17 5.47995023823382e-14 8.51961525250895e-13 -7.37953271402105e-18 2.11947198870846e-13 -1.98513402954161e-12 -1.84759470159400e-17 -3.67202074386287e-13 2.49380641644269e-12 -1.61543663020672e-16 -3.60320281258817e-12 -1.91442281047098e-12 -2.44851221942910e-16 4.20597525016677e-19 -1.15010711825409e-11 1.87002023320405e-17 6.61738402629349e-12 9.12738805504124e-18 -2.67644352847058e-18 1.49890157036323e-11 -3.31848343920803e-17 -1.29667316848898e-11 -4.20429745343428e-18 2.68896754823570e-18 -6.50488981047631e-12 5.90667179051328e-17 1.04137220164593e-11 5.03743518377942e-19 -1.23747344047698e-07 -3.79927063097772e-19 -4.77614397735760e-12 4.18185351133724e-18 1.82285481158169e-12 -6.45697254410568e-19 9.86975660894480e-13 2.10280465372631e-06 4.58643511027549e-19 3.11023126840808e-12 -1.58557389020410e-17 -6.49246972907561e-12 1.14713096086479e-18 -6.77297850775388e-15 8.79148430997016e-20 -6.18262424416016e-08 4.13589893329932e-18 3.36141949343127e-12 -3.57555620058515e-18 -1.81941093120143e-12 -6.53842273467792e-19 6.29131650105215e-12 2.88847454206350e-20
 -4.09802348914094e-10 6.24534906956667e-12 -1.11912149636635e-10 -1.73867082303401e-10 4.10265837894255e-10 -7.33583512580471e-11 2.81999865916294e-15 -2.06193222816881e-15 -1.96138255030866e-10 3.63921634762726e-15 -3.70647545141545e-15 -8.82882842466792e-11 -1.21047144210837e-14 1.07909490583609e-14 6.18060057419967e-10 5.90257056156071e-15 -4.73937264596446e-15 -3.18062148015200e-10 1.77188286561335e-15 -1.70700541757617e-15 -7.84699771130863e-11 -5.95087736533602e-08 1.81899255544655e-17 -1.43061416505456e-11 4.04503170549411e-17 -2.66801142029849e-10 2.83047843877392e-07 7.13543806242063e-18 -2.24939210409740e-12 6.92431952491373e-17 1.36857475856400e-09 -6.38333575867771e-07 -1.72105967135266e-16 1.30861282076009e-11 -2.29126366975544e-16 6.75692776641921e-10 -4.85058883773711e-07 1.86306867836175e-16 2.13366251288454e-11 2.90474090296718e-16 -2.07801732218730e-09 8.46706771890509e-18 5.74083446718455e-08 5.51970398942311e-17 -7.46914193517144e-12 8.48161621215646e-17 2.57654815479927e-09 -1.51750287912930e-18 -9.05470366200637e-18 1.25459439919088e-07 -1.32115644250410e-16 2.35527095098582e-12 -2.43885869688271e-16 -5.36780652506736e-09 2.44977772636349e-18 1.99293763827312e-18 -1.42078370935721e-06 9.59948805529539e-17 2.17364060149788e-11 3.13826228369812e-16 4.56783634506468e-09 4.93130132350883e-18 -5.02836756404116e-15 1.01577370555196e-18 5.30141351293690e-07 -3.16357319241065e-17 -9.15945484801792e-12 -1.96955087021915e-17 8.04003561950496e-10 -6.48659022776940e-19 -1.02138095993214e-13 -2.15964313682362e-14 -4.04786560476199e-18 -1.57241510143952e-06 6.43021307268730e-17 1.82670103404800e-11 5.25107783541651e-17 -1.12310274651771e-09 6.71963392443270e-18 7.94481378429688e-14 -1.08375718657714e-22 -1.83985235706009e-14 -1.90657752001814e-18 -4.44150341202990e-07 -5.43039746075045e-17 3.70076029307327e-12 -2.88714160117281e-17 -1.68001230681142e-10 3.26925989982288e-18 1.11128300418771e-15 -1.03486411518632e-22 -7.97604807109848e-12 8.90867812093519e-12 -8.50456747365372e-12 -4.01939286623201e-11 4.23411659858890e-12 4.53243863739268e-17 1.89511135563868e-17 -1.74313161188875e-12 1.21951633780794e-17 -1.67429165511469e-17 4.92155185807772e-12 1.08550664685974e-16 3.76709083278420e-18 -5.75767501353072e-12 7.24220039928772e-16 2.75299192556767e-16 3.88428653694930e-11 -1.90403721240019e-07 1.58338432335295e-17 -8.24133199990643e-13 6.95581612939496e-18 -1.09517831377604e-10 3.62846384074296e-07 -2.66134408636422e-17 2.29045502304562e-12 -1.83397765619175e-17 2.23613599053431e-10 -3.91353585720169e-06 1.66602058459256e-16 -3.37692066755305e-12 1.29976772921532e-17 -1.30000109976377e-09 2.28087303419592e-19 -2.04131142526415e-07 4.25253839289262e-18 3.37634126922350e-13 -8.26417575617085e-18 3.25471762364917e-10 -1.01589721373593e-18 4.58643511027547e-19 2.59876274661707e-06 -1.55196301134414e-17 -8.09427647083693e-14 -2.91374155376299e-18 -1.43015048419245e-12 2.39751655618899e-18 -6.97976649277001e-16 -7.04583437824777e-18 -9.51626309796078e-08 -1.46119063056869e-17 3.48784632666551e-14 -2.30465245513722e-17 8.40892914804003e-10 1.21899974651446e-17 1.43159129046909e-14
 -9.43964944991582e-15 8.46587069665387e-15 -4.65866635500037e-14 -8.77328886414014e-14 1.53691901477760e-13 -3.41888720966713e-14 5.12571291189744e-08 5.57007583897088e-06 -1.47788770354990e-14 6.69838807380144e-08 1.55412752822554e-05 -2.22382935876210e-14 -2.02126253121190e-07 -2.79421351460092e-05 7.46346817926330e-14 9.45646016683010e-08 1.41036303708875e-05 -3.42176750383346e-14 3.05414768208293e-08 4.27916463999452e-06 -1.11976923089058e-14 -1.03843176713729e-17 2.54644683409838e-07 -4.56158572224528e-17 -1.35207944543973e-09 -2.34291689415432e-17 2.47093915471884e-17 -1.43863677820414e-06 2.76020573014926e-17 3.77289481374664e-09 -1.85625007175902e-19 -4.97281049483489e-17 5.35498872470554e-06 6.31443126423091e-16 -3.44181746761179e-10 8.35875679568471e-18 1.11882422705090e-17 3.35709377631170e-06 1.05307084847284e-15 1.83176262263201e-09 1.26571494813646e-17 -8.87342481998942e-12 1.79018194789723e-17 -8.74648661506535e-07 1.95790784339839e-16 -3.90276671981355e-10 -3.24734355379250e-18 2.10862907499464e-12 4.28282562026353e-12 -3.53653101859352e-17 2.12674170781999e-06 -4.87200142022766e-16 1.11746905890995e-09 -2.80828951855187e-18 -1.30804488700437e-12 1.62100594134006e-12 3.51781469815579e-18 4.21646754887905e-06 1.23523188164805e-15 -2.47073311818879e-10 2.34256106794332e-17 5.86519776656720e-13 -9.11623908945388e-22 -5.76290220610416e-12 -8.81515053179647e-18 -6.52516700502974e-07 -1.75144684908716e-16 6.04875752260148e-11 -5.12086946980759e-18 3.51768334326424e-12 -2.48764634429024e-21 1.32823906802523e-21 5.40746664028659e-12 -5.90955941046229e-18 3.86652372471688e-06 5.62190189413503e-16 1.28582811293643e-10 1.73432190790321e-17 -4.76264994448523e-12 3.22187057831498e-21 -3.43276019962128e-19 2.91145107094125e-22 -2.29157535556277e-13 -5.43835641052504e-18 1.17277574681430e-06 1.69364717149913e-16 1.96101241956136e-10 4.81704104433224e-18 -1.62488752887203e-12 5.87140620036393e-22 4.04414948067650e-19 -1.37402149504743e-16 -2.67342289873340e-16 1.69255649720705e-14 -4.18217497467997e-16 -2.71338956348142e-15 3.02582022029073e-11 6.46630098885353e-08 1.02341579105964e-16 -1.61389033820220e-12 6.14426512915987e-07 -2.14679872361837e-16 -1.90051010329152e-10 2.61770556593760e-06 -3.29803671403548e-16 1.33447488286310e-09 1.25775570987444e-05 -1.25246904828439e-16 -5.43731944407473e-18 -2.41445878091364e-07 -1.11752083380293e-17 1.18995225694555e-11 3.87154863650962e-18 3.21585120058483e-17 4.49145981595310e-07 -2.04087984617869e-16 -2.15774068409841e-10 1.48947230646349e-17 -1.43458924572654e-17 -5.79916054871394e-06 5.65582459363821e-16 -2.58695693378976e-10 8.83228552425291e-18 -5.25635257161524e-12 3.53213425496317e-17 -2.50098841292615e-07 -1.44851441770855e-16 -4.11435069187616e-13 2.04824129772674e-17 8.30204373906270e-12 3.11023126840807e-12 -1.55196301134414e-17 2.92221416213572e-06 -1.49843252679929e-17 -2.15532986545432e-12 -1.66891006597056e-17 -4.84362030556751e-12 -5.79962899531060e-18 1.04717988097266e-12 8.62031705209475e-17 -1.16547433274720e-07 -3.24173251316374e-16 -1.01399545679825e-11 4.22533576512643e-17 -1.20148494239859e-12 -1.41509139160291e-17
 -2.28389601999776e-05 -4.19640117553060e-06 1.76439298318925e-05 4.19499870543667e-05 -1.51210043803905e-04 2.35804084755937e-05 -4.47164921961193e-14 -3.42214986804378e-14 1.00012990737389e-05 -6.88493647956000e-14 -4.59529990003895e-14 -1.41755961020965e-06 2.20440797043332e-13 1.44495263459021e-13 -7.52781938235516e-05 -1.03996434905882e-13 -6.90644533214383e-14 3.43779316223929e-05 -3.22348790217671e-14 -2.13476043253200e-14 7.73097028287028e-06 -1.19174115026494e-12 -3.25579208214158e-16 1.83091273753667e-07 9.48309916215142e-17 3.11698498155147e-12 1.95145066517006e-12 -7.89949944671555e-16 4.78595930309301e-07 -4.76730620305179e-16 -7.76193279975371e-12 -4.67585500042198e-12 2.61387152147112e-16 -1.14578741864091e-05 1.39653589969101e-15 3.24648445396832e-12 1.18184944150094e-11 -1.80508028603806e-15 -2.60883697781159e-06 -1.04328489247355e-15 -7.23879149082594e-12 -1.04545402560528e-17 2.60094410647397e-12 -4.91431247486569e-16 1.34830618188159e-06 -2.71907783736659e-16 -4.14413326283642e-12 -4.74604512117996e-18 1.19277021256072e-17 -1.72910304594352e-11 1.20192500988085e-15 -6.20132009442628e-06 8.60656341094396e-16 1.07365948376227e-11 1.95782502400913e-18 -6.85734951824465e-18 1.40344504339022e-11 -2.40139922368653e-15 -1.17493975745635e-06 -1.08073837816743e-15 -1.34637678441605e-11 -7.85141608728638e-18 -1.79273304819843e-15 -8.88922321211078e-19 -7.95522918234173e-12 2.19442892293397e-16 -3.67742254211307e-07 1.17469644096228e-16 3.66044631376147e-12 -6.66930812938420e-19 -3.03178041353204e-15 -7.32241064064455e-16 2.75765457673054e-18 7.04045671040608e-13 -6.19817621148069e-16 -2.72867621567488e-06 -3.72851658059587e-16 -2.45465346778895e-12 -6.54081628522120e-18 -5.45442875109246e-16 -1.47424983001291e-24 -1.84423375775974e-15 2.21752816380701e-18 -7.46922393696765e-12 -8.20591555396989e-17 -1.19924032835149e-06 1.70884591765018e-16 3.13375110115978e-12 -3.50190989610682e-18 -2.72246869871598e-15 3.60716954966704e-25 1.65602657646136e-06 4.73962804044070e-07 -9.30300735735133e-05 5.70866144490245e-06 9.20500753810420e-07 -3.04383975199383e-16 -9.04328537158335e-17 2.76854707721282e-07 3.92296417556121e-16 -2.06732859859580e-16 3.83206302597693e-08 -2.26121900378791e-16 1.51814422474846e-16 6.16315138233121e-06 -1.85497589941821e-15 -5.61590707221690e-15 1.17694193711889e-05 -7.12080323295002e-13 3.54999182631699e-16 -2.25561641381453e-07 8.59728229880118e-17 2.77953119675683e-12 9.41548575041058e-14 -5.36142425942036e-16 3.17039656868800e-07 3.31070568064602e-17 -1.51199029635998e-12 9.28423970532385e-13 4.25462446319861e-16 -6.20679369473776e-06 -4.14095437819192e-17 3.57657465846708e-12 2.55901582441464e-17 -6.54658297277940e-13 1.15226931199815e-16 -2.78194324405342e-07 2.06530818628463e-16 4.68197897593914e-13 -6.61560693566112e-18 -1.58557389020410e-17 -8.09427647083724e-14 -1.49843252679933e-17 3.08231675094622e-06 -8.27153935188819e-17 1.48905424611937e-12 5.47567224478599e-19 -1.29138523857994e-15 1.43414020414673e-17 1.68750037944175e-13 1.52619856863626e-16 -1.25424888412350e-07 3.76225756086020e-16 1.57969457262795e-13 -6.80650916337498e-17 -7.88309620264524e-14
 6.08109343226538e-14 1.62933704573691e-14 -8.24728026542032e-14 -1.52890721928718e-13 2.74120021288701e-13 -6.03510777657820e-14 5.56968876281562e-06 -5.10948684708744e-08 -1.88635495169966e-14 1.55411451522196e-05 -6.66750738360658e-08 -2.85227984364571e-14 -2.79413703877386e-05 2.01219706335361e-07 9.83871853537404e-14 1.41032127829584e-05 -9.41418395627992e-08 -4.51019021761220e-14 4.27906205389897e-06 -3.03996130616136e-08 -1.43595839857033e-14 1.79397956538439e-17 1.51506435207357e-09 1.70227502910049e-16 2.54661825344553e-07 1.59413651359538e-19 1.96718330818607e-17 -3.85929811653025e-09 -2.01806411956839e-16 -1.43860697854243e-06 5.70073862031053e-17 -4.44925779950804e-17 3.57552741161085e-10 1.42545189134392e-15 5.35499460780441e-06 -1.21041292554073e-16 5.59410894289853e-18 -1.81912934564611e-09 9.82646182376803e-16 3.35708629675370e-06 2.46973228244348e-17 4.34941388150198e-12 3.69908467448864e-17 3.60233724833101e-10 5.66410978556524e-17 -8.75109241109972e-07 6.22297685142003e-17 1.27392828211358e-11 -2.01483856464560e-12 -5.26777771222602e-17 -1.10335521700579e-09 -1.66329925728244e-16 2.12719380879746e-06 -9.52716775928006e-17 -6.02115453296538e-12 1.84352455340880e-12 1.27563903813359e-17 2.65734980651995e-10 1.33564126461782e-15 4.21628786485999e-06 2.54366827323296e-18 1.26215890618337e-13 1.25233025649818e-23 5.55890437164775e-12 -1.76684950027486e-17 -6.24827466164182e-11 -2.15233913867080e-16 -6.52560474495060e-07 -1.51734756732910e-17 7.48009100260104e-12 -1.30649366112391e-21 -3.32498808026779e-22 -5.05587357352782e-12 1.29187517945549e-17 -1.21997339838296e-10 8.50612826799807e-16 3.86656223651690e-06 -2.25147625579851e-17 -5.52139882496559e-12 1.92051951180843e-21 3.63902285276508e-19 -2.54126432625421e-22 -4.53218611188475e-13 3.49741273757056e-18 -1.80236860633886e-10 2.45676093929200e-16 1.17279868025494e-06 -1.36476366977400e-17 4.27905652311016e-13 4.94713174628792e-22 9.13535308108230e-19 -1.71772591118788e-16 -1.02816566581556e-16 4.80824285149498e-14 -1.39054427418989e-15 -1.16295110676931e-15 6.46631485991029e-08 -3.16916775334947e-11 -8.63798547638031e-17 6.14427116048648e-07 -2.01371201753097e-12 8.49365620714836e-17 2.61772884151360e-06 1.95767326451912e-10 -6.76009440946689e-16 1.25775830789108e-05 -1.33897225755771e-09 1.53126093433400e-16 -1.09040354472714e-18 -7.06987511524415e-12 7.30000680726134e-17 -2.41446324295389e-07 -6.82309699478379e-18 -5.40564691739992e-17 2.07803681791857e-10 -2.21412037029648e-16 4.49149175775160e-07 1.57707222520298e-17 9.40154069561181e-18 2.83642711510031e-10 5.10812371215165e-16 -5.79915837787193e-06 -2.99057054107100e-17 1.33257971501798e-11 1.95810827962070e-17 4.03967445184928e-12 -5.37598381084818e-17 -2.50096562756443e-07 7.17360835649807e-17 9.43446516238570e-12 -6.49246972907561e-12 -2.91374155376301e-18 -2.15532986579929e-12 -8.27153935188819e-17 2.92218703635570e-06 -2.34823454926974e-17 -5.88873824193407e-12 6.60146328693483e-19 -2.07887388888964e-12 4.35052652576886e-17 1.13474650130962e-11 -1.53032273141364e-16 -1.16546357582448e-07 1.68018406084856e-16 -1.69482289260341e-12 -7.76847105453924e-18
 2.58494146845158e-11 -2.94611334164135e-12 2.02043474168649e-11 6.17575702732023e-11 -3.05757733045886e-10 1.77378682517640e-12 1.54254128899079e-15 -7.28459255782664e-15 1.24925653814007e-10 7.37425136669527e-16 -1.08975979046446e-14 8.30393239440914e-11 -4.07918151197042e-15 3.42312844638587e-14 -4.84506698751765e-10 2.51782267051214e-15 -1.59862188487613e-14 2.16723776016969e-10 4.71092777552814e-16 -5.16017940692693e-15 6.32074971108473e-11 2.31463953187942e-10 -2.94182441788197e-17 8.58303240627438e-12 8.34840853282814e-17 -5.96015768160512e-08 -1.27141445194184e-09 -7.90153251782478e-17 3.45869037610762e-12 1.08757185294260e-16 2.83232994899459e-07 -6.76076468669806e-10 8.81176305291854e-17 -1.13114592975628e-11 -4.52743215768941e-16 -6.38485692895841e-07 1.98875094471053e-09 -1.51912552781282e-16 -2.47386285276570e-11 5.15435279372626e-16 -4.84939951261407e-07 2.07887913083460e-19 -2.55811461720890e-09 -4.34129063397640e-17 1.41349887346502e-12 1.67055853778919e-16 5.74063271533173e-08 -8.90376713115914e-18 -3.53280581284025e-19 5.23723102997040e-09 1.60655533705086e-16 -2.65304586942771e-13 -4.44600468062799e-16 1.25481568140801e-07 6.80255876262147e-18 5.88014016600803e-19 -4.45054007056846e-09 -3.01387430410384e-16 -1.45882028769428e-11 4.62878244174925e-16 -1.42079152811837e-06 -1.69098752192423e-18 8.75040334970035e-16 -5.23206096637263e-19 -7.33593568198935e-10 -7.71572944906454e-18 5.54791794044876e-12 -5.09477523532132e-17 5.30092664010749e-07 -9.56672055499923e-19 5.51604188744069e-14 -6.30527751811507e-14 8.87809281059476e-19 1.09095374731231e-09 -4.63967550211360e-18 -1.02434304444645e-11 9.49937502058337e-17 -1.57239743637139e-06 5.38287790632527e-19 -6.21066470247333e-15 8.65096572840970e-23 -5.97207840511754e-14 4.79105875023311e-19 7.81360043139707e-11 -2.96239630273201e-17 -2.36106592854726e-12 -9.11942464209182e-17 -4.44160454525843e-07 -6.41868935122855e-19 3.42568860419050e-14 7.36420734755037e-23 -1.54951949032286e-12 5.91698853980064e-13 1.53748661604853e-10 5.00181611797187e-11 -7.21245144499281e-11 4.71041886825121e-17 -4.05329024378220e-17 7.53685791392631e-13 2.41711712083216e-17 -2.22093436265048e-17 -2.38979391267705e-12 9.76150789842752e-17 -1.22200211494977e-16 2.38905092091958e-11 1.15487844226402e-15 -6.31074504822639e-16 -1.69862999845022e-12 1.10778607893849e-10 1.95737390598239e-17 1.37309178037710e-12 1.64100310569612e-17 -1.90401798002363e-07 -2.25481696422828e-10 -1.71822816880632e-17 -3.03041910964940e-12 -3.44830297852955e-17 3.62832165467411e-07 1.31275930773084e-09 1.94593590831251e-16 9.46340061976634e-12 2.09659146369132e-16 -3.91352405595890e-06 -1.63028859599893e-18 -3.32717835566853e-10 1.80562759020429e-17 -1.66212900116289e-13 -8.91879751862680e-18 -2.04135297083163e-07 -1.21344503866792e-17 1.14713096086479e-18 -1.43015048369518e-12 -1.66891006597055e-17 1.48905424611937e-12 -2.34823454926974e-17 2.59875735945284e-06 6.39726913871699e-18 -1.41570957359934e-14 1.28721164645769e-18 -8.38248423820128e-10 1.61421880617911e-17 -3.94529875641339e-13 -4.75447075183600e-17 -9.51637823986479e-08 2.09054322508362e-18 -4.07219306589344e-16
 -2.02452865633719e-14 -2.99633862325350e-15 1.50560329995530e-14 2.89301362828708e-14 -4.76303192478700e-14 1.06417363147296e-14 -7.43519335366604e-11 -5.63099181779213e-10 -9.22119474763464e-16 -1.16183615485960e-10 -8.51588718535911e-10 -2.04082477549869e-15 3.65766445969929e-10 2.65158776594434e-09 7.32997639982289e-15 -1.80888410202030e-10 -1.24970340794926e-09 -2.98928018543884e-15 -4.66455696526154e-11 -3.89085118643983e-10 -1.17754053166037e-15 -9.75357411859931e-18 1.19300446377503e-11 2.62475274302280e-17 5.24217308457662e-12 -1.19821370093055e-17 -1.88471689452743e-18 -3.63005902935188e-11 -8.98783836748629e-17 -1.64220475744404e-11 -8.97644857208717e-19 1.30584805886841e-17 1.65041192150582e-11 2.62019239473555e-16 1.45000008844810e-11 4.89920884971257e-19 -1.64386954496758e-18 -1.13321414041154e-11 2.38932140682238e-16 -1.07138861925887e-11 -2.76440069316726e-18 -2.62258608182985e-10 -6.12383182005888e-18 -4.13676569889791e-12 8.83164668801932e-17 -4.13377323284719e-12 -8.09953345332802e-18 1.22528554005888e-08 5.23012471594275e-10 1.13632604947652e-17 3.12524506026206e-12 -2.62708181509397e-16 7.30398035595178e-12 9.83082939989630e-18 -5.02947696858124e-08 -1.30646451527907e-10 1.23283117760086e-18 -2.67645560453702e-12 3.65740969846732e-16 -1.29431837001957e-12 -1.02983884345283e-17 1.15325921126422e-07 -6.62391515706478e-23 -1.34256100533957e-10 1.85570704058902e-18 -9.90616373683432e-13 -6.35728828125953e-17 2.94395526255845e-12 -2.03841474378388e-19 -6.85602398163435e-08 1.43845409448419e-23 2.30279559658560e-22 -1.84100987955971e-10 4.50993350547028e-18 8.04561578289753e-13 1.36027667003784e-16 -7.69006868144536e-12 -8.31072313902211e-19 1.61310455336377e-07 -6.15650526694704e-23 -4.78603870511820e-16 6.47031992836795e-23 2.16532827086475e-10 2.19642043731916e-18 2.00194349270723e-13 -8.64062232533636e-18 1.09187882726856e-12 1.31755237119252e-18 5.06643291043866e-08 -7.35319110637846e-24 6.09651764959085e-16 2.58088642787475e-17 -1.32346761114007e-16 -1.89739381306696e-14 3.06569516435622e-16 -7.70604481106758e-17 -1.17925224698381e-12 3.00589804026269e-13 -5.01715382612446e-19 3.22151077256155e-12 3.89163606541867e-13 -2.83726838693526e-17 -5.39841547290498e-12 -2.79668774651308e-13 -9.88846051216191e-17 -1.53494632043964e-12 -4.29283526384715e-12 -2.98718069768263e-16 5.02406370642781e-18 3.50999501540405e-12 1.60833126731079e-17 1.58196820970071e-11 8.30799332482703e-18 -4.57032009171527e-18 -8.16404557235961e-12 -1.68970994143251e-17 -2.09641754087616e-11 -1.51903580616944e-17 6.71374645953019e-18 7.07406329500059e-12 1.67558531532395e-18 1.07153964221116e-11 -1.21808032914531e-17 -9.84891411669902e-13 -3.57085952163247e-18 -1.34489597356348e-13 3.13084371907098e-18 6.56939502018888e-12 9.62945940092590e-20 -1.23747324901130e-07 -6.77297820138494e-15 2.39751655618898e-18 -4.84362030556751e-12 5.47567224478567e-19 -5.88873824193406e-12 6.39726913871698e-18 2.10280464225819e-06 -5.37395389354066e-19 -6.29164492267716e-12 -8.13232184132967e-18 -1.05553400692837e-12 1.06757620570863e-17 -4.32883526899953e-12 7.52114964973029e-19 -6.18262473682889e-08 1.40812110755397e-20
 -2.01115826093365e-13 3.56965045420063e-14 -1.47816740355094e-13 -2.95163626784218e-13 2.08405613422970e-11 1.12210728602053e-13 4.65049511891694e-16 -6.91743913560818e-16 -2.80652841928883e-13 6.59483539853643e-16 -1.00645566939211e-15 1.41363802876207e-13 -2.26459295362148e-15 3.02553309111098e-15 7.24409272805876e-12 1.09656092079023e-15 -1.50366801742018e-15 -1.11162854634350e-12 3.15242783627206e-16 -4.21427956337666e-16 -4.53446640344008e-13 1.64190126242110e-16 3.59593479328284e-18 1.24880158411427e-14 -7.71617837260976e-18 1.51247913703481e-15 4.61758206745412e-16 -8.91563886775346e-18 6.62222519172119e-14 2.79028968781338e-18 -2.03969236837755e-15 -2.36993149953482e-15 -2.98248158921882e-17 1.34094697748817e-13 -2.28538265108676e-17 -1.39320026566342e-15 -8.12196589373966e-16 -9.82043693615284e-17 1.13642233851871e-12 4.40669515657983e-18 1.43522095265808e-15 -8.63902644480270e-19 1.21085318463787e-16 -2.39730459612973e-18 3.49309896964027e-14 -2.61817091371290e-18 3.67465536479969e-16 4.32273617681939e-18 1.00649687526320e-18 -1.10274450515623e-15 5.64669339949679e-18 -8.93715670450785e-14 6.22697017671714e-18 -4.22107583435820e-15 -4.90947607323275e-18 -1.66869362552658e-19 -1.93570101729147e-15 -8.74122335512241e-17 3.37284057843456e-13 -9.72228460919606e-18 4.53804179337182e-15 -1.61290448948094e-18 1.20303044988763e-11 3.30706573797821e-19 -4.94951192490125e-16 1.49660699931680e-17 -1.64429175299694e-14 -3.40420204541098e-18 -3.02787161880605e-15 2.37410514771124e-18 -4.87214155864845e-16 -1.65630733733102e-11 -5.11115097764676e-19 -1.76455269500202e-15 -6.84300086960479e-17 5.80152301615641e-14 1.03307858729293e-17 3.99693408964799e-15 -7.41898413119563e-18 3.23781999864627e-16 -2.41180018219743e-23 -3.36103710290259e-12 -3.55668003290658e-19 -7.50431045423644e-16 -9.87655130654593e-18 -4.17361568489271e-15 -6.62432184568081e-18 1.74167649865356e-16 -4.00070921744295e-18 -3.28099175755496e-16 6.99809787228883e-23 -3.25272221313558e-13 -1.01477876248858e-12 9.70411633655818e-12 -7.18682009746437e-13 5.11320432970756e-12 1.30884994468453e-18 -4.14639232977335e-18 -1.32643297406394e-15 -7.25721039661484e-18 -1.46080070112625e-17 -1.90627039704784e-14 -1.50002472488931e-18 -1.09147771014447e-17 5.19731988304372e-14 -2.91848458437131e-17 -1.96955286441549e-16 -4.31747564058844e-13 -2.76350192886377e-15 -1.51934461533117e-17 1.54243928733885e-15 -3.33131274604284e-18 -1.17565811693286e-15 -4.76462291324583e-15 9.10638499134760e-18 1.53005007226043e-14 -4.09492132954107e-18 -6.46403712014481e-15 -1.73771589498047e-14 3.22843785586567e-17 6.92484509892645e-14 -1.22014147208580e-18 8.32342380625118e-15 -3.05133539991077e-19 1.27089573791874e-14 4.31728289083834e-19 1.08483464203723e-15 4.80922764945674e-19 1.64779107013161e-14 -1.66622095394186e-18 8.79148430996969e-20 -6.97976649277004e-16 -5.79962899531061e-18 -1.29138523857994e-15 6.60146328693483e-19 -1.41570957359934e-14 -5.37395389354066e-19 7.47228939772878e-08 8.61651518150318e-20 3.99576202826361e-15 -9.16455145851982e-19 4.88887661929002e-15 4.44746677870518e-19 7.32208908659750e-15 -3.55788912180813e-19 2.38634459684294e-21
 -2.67822714111000e-14 -4.77380350277037e-15 2.36108286376883e-14 4.45699122921914e-14 -7.85486605168043e-14 1.70769027313114e-14 -2.72307260615264e-10 -5.15500973712622e-11 2.44847030878459e-15 -4.09063701452235e-10 -7.11097595883131e-11 3.24680951729630e-15 1.27140960543770e-09 2.27247012583423e-10 -1.18339849012943e-14 -5.97979419528342e-10 -1.07959093624322e-10 5.59571181467156e-15 -1.86824346945797e-10 -3.36563603476297e-11 1.59109110895967e-15 -4.57614085422325e-18 2.25034809621587e-13 -3.47146480166711e-17 5.08117941376960e-12 1.69496351472599e-17 -2.08632321229868e-17 -9.46436371057169e-13 2.56287879524497e-18 -1.76914842935031e-11 1.92224667277542e-18 6.15855355747957e-17 7.74805128854003e-14 -1.71439199144192e-16 7.68822631796303e-12 -7.23540912713653e-18 -2.53341363601828e-19 -1.74902646592324e-13 -2.07388783435014e-17 -5.44304429426024e-12 -1.23004274187634e-18 1.66441704213267e-09 -5.58720810310749e-18 1.64591397193633e-12 5.89825177695901e-17 -2.22588825788216e-12 1.67252160951955e-17 4.04140046844058e-10 -8.77595625189134e-10 1.49648696070627e-17 -2.50295877224813e-12 -1.88696928398077e-16 1.95084026039396e-12 -1.93640684249070e-17 -5.41685810088179e-10 -2.94892671975695e-09 3.28521229107612e-17 8.91992816337939e-13 3.00222118213374e-17 -1.34396396116506e-12 8.20870608878256e-18 1.98036300971388e-10 -6.48851019373645e-23 2.28768961883960e-09 3.51763247805264e-18 -2.58940426638959e-13 -4.82340236118783e-18 -2.19421007407119e-14 -7.60801077411535e-18 -5.66601688219211e-11 1.52120720870869e-22 -3.75067587438380e-23 -6.13980652138657e-09 2.39849044260252e-17 8.07226776968103e-13 -6.26778861880414e-17 -9.11605967566983e-13 1.11814713072811e-17 7.32470482307228e-11 -5.69228165228445e-23 -1.56022784188195e-16 5.77508802811629e-24 -2.48380125941717e-09 7.10604600879367e-18 1.35203734774602e-14 -4.85612258239144e-17 -2.53771832915669e-14 4.18170750647586e-18 1.20892839568034e-10 4.76346356690395e-23 -1.46374202868636e-16 8.83351679371992e-17 -1.98501618180335e-18 -2.31509336134682e-14 6.14360524569494e-16 -2.16787294439278e-16 4.92711343363499e-13 -1.55536318902619e-13 8.59848647873311e-18 -7.48336046954113e-14 -2.11547781742374e-13 -1.93047771461043e-17 -5.10035076127941e-15 -2.14456085324766e-13 4.41200912646502e-17 -6.04597214771423e-13 -3.84915637891740e-13 -1.70603804252693e-16 2.03793006274707e-18 -3.16471259321802e-12 3.04728024027261e-17 2.90255642589059e-12 2.74639910469761e-18 8.59955829192703e-18 3.87125380512632e-12 -7.74175585379550e-18 -4.87517280612108e-12 -4.56228921572337e-17 1.49181751812810e-17 -1.72516079695961e-12 -6.48626842629363e-17 3.61763713618899e-12 1.75336534096825e-17 -5.62223216372713e-09 -1.50626043853745e-18 -1.57751324973172e-12 3.39845061365467e-18 6.49021952977465e-13 1.27857560422554e-18 -1.84720022288616e-13 -6.18262424416016e-08 -7.04583437824783e-18 1.04717988097266e-12 1.43414020414673e-17 -2.07887388888964e-12 1.28721164645770e-18 -6.29164492267005e-12 8.61651518150218e-20 7.81288708963876e-08 -2.75239688368586e-18 1.26408867052607e-12 -1.47495465788208e-18 -8.56109219007695e-13 1.40522304470336e-19 7.47322521808105e-16 2.02243829659216e-20
 -5.62684670776752e-10 -7.68189751431409e-11 3.51223249480717e-10 6.57090672793479e-10 -1.12615362538716e-09 2.54574235794821e-10 -1.43856934886688e-14 4.30733708463647e-15 -1.59691496463311e-11 -1.81709186092221e-14 1.03576367783997e-14 -2.79336206954933e-11 6.18029017530509e-14 -2.76203061662864e-14 8.30637458332346e-11 -3.05089910182681e-14 1.10885444001072e-14 -3.60854510059225e-11 -8.91666325169261e-15 4.73105112277587e-15 -1.26293371662552e-11 1.21795624950090e-09 -1.27603226536791e-16 3.24231921804561e-13 -2.53792568793961e-16 5.42561052998025e-10 -9.46080470493061e-09 -1.13632563057398e-16 -1.69599175091368e-12 -2.78082806608571e-16 3.49470093300816e-10 2.29100750579542e-08 8.57792251739256e-16 1.05608893299653e-12 1.37940918096325e-15 3.91438561918059e-10 9.43742943150203e-09 -1.03219526635540e-15 5.70246630115053e-13 -1.72107412817889e-15 1.19593004530157e-09 -1.58575212846333e-17 -7.19221698240064e-09 -3.07699213334356e-16 2.09754977038990e-13 -5.51826153435860e-16 2.85439543475938e-10 2.16029506809607e-17 1.82267409995557e-17 9.64156515056977e-09 6.99820861329410e-16 -3.83766913273838e-13 1.51727795829919e-15 -9.09786545339486e-10 -2.41586851461429e-17 5.75588686604908e-18 3.18581049625264e-08 -5.68919153297795e-16 -3.09360197508565e-13 -1.80839973795945e-15 2.59923388380161e-09 -7.23223584782910e-18 7.07722035708922e-17 -5.35437226843965e-18 -1.41867752477259e-08 1.60335000829956e-16 -4.44690628103903e-13 1.15913569334976e-16 -9.56772780870254e-10 1.41114869371094e-17 3.48361000784720e-15 7.24784484235351e-16 1.98634147279206e-17 4.66143786695349e-08 -3.26954389409581e-16 4.24467611902504e-13 -3.20578230558723e-16 2.30703323671719e-09 -4.02122369593399e-17 -2.42257570090549e-15 -9.10714950869737e-23 5.51509250543922e-16 1.04094660239019e-17 1.57349018359871e-08 2.62218971074012e-16 1.64819102063311e-13 2.05156878440220e-16 5.19914565212055e-10 -2.23647137987514e-17 2.23903993868554e-16 -1.05064386403236e-23 2.28155261557526e-13 -4.04176636440984e-13 -3.11606533005818e-11 1.20492792871069e-13 1.45848205104403e-12 -1.85604890624354e-17 9.89236762355871e-19 -4.37831527932743e-14 -3.93635912544686e-16 -2.64137701560972e-17 -4.37542765975977e-13 -3.99035692390217e-16 1.37713953746127e-16 -1.89398644000497e-13 -4.45513463648522e-15 -1.75875605618601e-15 -8.87248173481437e-13 4.63730953488366e-09 -7.59851411842223e-17 -4.35225657429621e-14 -9.41996181475277e-18 4.18835526226043e-10 2.16211561705682e-09 1.01357984366275e-16 5.30329728332711e-13 8.18324969214503e-17 -7.20208912970783e-10 9.49029449207553e-08 -8.79689446163692e-16 -6.58590795196311e-13 -1.22183849119688e-16 7.56621499881723e-09 -1.03843982947880e-19 -5.60228981079437e-09 -3.13292485852720e-17 -1.67085111854503e-14 -1.14691809440662e-17 1.17138476618434e-10 3.80437836711016e-18 4.13589893329931e-18 -9.51626309796078e-08 8.62031705209476e-17 1.68750037944176e-13 4.35052652576886e-17 -8.38248423820132e-10 -8.13232184132969e-18 3.99576202826361e-15 -2.75239688368627e-18 8.11110964033527e-08 -8.61691210101732e-18 3.49842442979714e-15 1.49397461762080e-18 2.84252208349345e-13 4.01520585213540e-18 -7.30160137122382e-15
 -4.17677661503726e-13 -5.71780887818819e-14 2.73789759902588e-13 5.16007439664925e-13 -9.44808036951261e-13 1.97982995176196e-13 1.45833986001898e-09 6.78317491219393e-08 2.51540218865467e-14 3.67487411577444e-09 -7.82299990819478e-08 3.39709731501333e-14 -1.05464349645046e-08 -2.86281527317364e-07 -1.37836327843838e-13 4.68911627896602e-09 1.40732565082237e-07 6.21446502032533e-14 1.60804913672775e-09 3.09106417223581e-08 1.73127530203155e-14 2.98241611908258e-17 -5.35830814819477e-10 -9.30722181522665e-16 -2.30455359543563e-09 4.82143990245008e-17 -4.58930586662126e-17 3.31402490727536e-08 4.94355993301291e-16 1.36430982538143e-09 5.99364922748859e-17 1.30141691334883e-16 -1.50236629934289e-07 -3.28441657312301e-15 -8.24078690578023e-10 -1.79368010683518e-16 -5.00483731213565e-18 -4.53153741621504e-08 -9.52484738592276e-16 2.18945909425200e-10 2.89039353097750e-18 6.64597846226490e-13 2.36391831967790e-17 3.63020762897171e-08 8.39161771072725e-16 -4.05140327828010e-11 5.05926966001108e-17 1.14577884577593e-11 -1.26194466307400e-12 -8.62347100546123e-18 -1.02538307550897e-07 -2.67120659490411e-15 1.03646930327339e-10 -8.47649527780019e-17 -9.34985861687709e-12 -5.16573637186978e-13 9.74190718938323e-17 -5.91303066318815e-08 4.42339908102869e-16 -5.19728856219362e-11 -5.76142368627299e-17 4.04213969907910e-12 -9.51783793556328e-22 -3.20820673841405e-13 -1.10544549193437e-17 7.99080604712320e-09 2.40241755380187e-17 -4.39805851101698e-12 -3.20123979597314e-17 2.47885634595077e-12 4.42066974631803e-22 9.92002959663455e-23 -8.89797828539737e-13 8.54240184514540e-17 -9.40560218977395e-08 -9.79108234698881e-16 2.57787447261297e-11 -2.53536150042090e-17 -2.39479177022926e-12 2.62439961807193e-22 -3.04138821420386e-19 -6.75199161683190e-22 -1.95362773089178e-13 2.77254573375642e-17 -3.80357680284289e-08 -6.43524949987492e-16 -8.16011091949998e-12 -4.88849713737451e-18 -4.30811448047396e-13 4.39984567636512e-22 2.67043163121686e-19 1.31276552510869e-15 5.96300991646674e-16 -2.83764890566077e-13 9.69008877468113e-15 -1.33285547927853e-14 -1.01410635736364e-11 -2.66319459215919e-09 1.22677683561274e-16 -2.94054220880229e-12 -1.16260950908186e-08 -2.92695285514394e-16 -6.14328134395546e-11 -8.34591722083153e-08 3.71052357113384e-16 -5.75301232308748e-12 -2.51656565682138e-07 -1.62603769403979e-15 1.64257101527185e-17 5.79135529775401e-09 8.63078657957768e-17 4.52684428620747e-12 1.56049694092386e-18 -9.16544185091476e-17 6.91183404535824e-09 -1.12450502139434e-16 1.30460093226516e-11 -1.36009299137428e-16 7.73674871591280e-17 1.51403965012433e-07 -3.94948245429508e-16 3.75848184454693e-11 1.69148506782197e-17 -5.90750228223712e-12 -8.52340559155663e-19 -5.27319096784864e-09 4.37171260085493e-17 -5.42541647095155e-12 8.27900678591470e-18 3.74651907518981e-12 3.36141949343127e-12 -1.46119063056868e-17 -1.16547433274720e-07 1.52619856863626e-16 1.13474650130275e-11 1.61421880617911e-17 -1.05553400692837e-12 -9.16455145851959e-19 1.26408867052607e-12 -8.61691210101743e-18 8.31165681806614e-08 6.86272627940996e-18 -5.58936614840681e-15 -3.48283040642267e-18 -4.70592069460739e-13 -4.93801609172992e-19
 1.47451046328157e-07 6.73798395019880e-08 -3.15162980533538e-07 -9.23378849805227e-07 3.29306402685489e-06 -4.89566771200018e-07 2.13967863828024e-14 -5.33321126509228e-14 -5.46958114082189e-07 1.86519135513364e-14 -9.00276472365665e-14 -4.77105501424311e-07 -7.39532411688002e-14 2.63968349092395e-13 3.30404269847722e-06 3.98165093294100e-14 -1.18420871160697e-13 -1.55021242368374e-06 1.02808424419139e-14 -4.12603917694531e-14 -4.02679863895371e-07 1.69311066285134e-13 2.47855227775901e-16 -1.38281020988268e-08 8.70538269271704e-16 -8.59241343249936e-13 3.12582580181841e-13 -2.03311955423040e-16 4.58001439448084e-09 8.28816780431093e-16 5.18067116915188e-13 3.88844152712610e-13 -3.46298435615812e-15 2.71442159192722e-07 -4.53000787017757e-15 2.55600939691830e-13 -6.72624606423736e-13 1.98195868949874e-15 4.26370850545539e-08 5.59363969177162e-15 -3.20412020646442e-13 5.85221254655311e-18 1.29437749750402e-12 9.60313240735275e-16 -3.85089737430536e-08 1.84632148364218e-15 -1.84551634006002e-12 -3.67936986663364e-17 -8.55725296127378e-18 1.65326339392471e-13 -1.98431966035070e-15 1.77962330607747e-07 -5.04577630061446e-15 2.24419830375610e-12 3.82496619828281e-17 -8.25302461067530e-18 -5.69702541942044e-13 -1.79791731072659e-16 1.11164499002206e-08 5.82278753255095e-15 -6.96949872413811e-13 6.30084077900062e-18 2.61923212096806e-17 9.44091016079903e-19 9.77990590296568e-13 -3.35674975171291e-16 1.43058388775495e-08 -3.77749539909183e-16 -5.18845027163764e-13 -1.98519946980383e-17 3.12786333374513e-17 8.72537912783637e-18 -1.02301267295173e-17 -4.49917411280743e-13 3.23963132666356e-16 7.67860877982305e-08 9.43633617122675e-16 1.23770957218360e-12 5.25414461343804e-17 1.42152972808379e-17 2.33479955408790e-24 2.55987967609227e-17 -5.03792810841714e-18 4.91012020240672e-13 -1.21418221668606e-15 4.19620845634260e-08 -7.06332684517111e-16 5.21647802670362e-13 2.86275490935036e-17 3.46944999322728e-17 -2.33583601641266e-24 -4.72632688985737e-08 2.01001019209111e-08 2.35231183270572e-06 -2.15958674093792e-07 2.66281614132549e-08 5.94767005178119e-17 -1.62528921490125e-17 -8.00107060913779e-09 1.38237893298835e-15 -2.00093779153061e-16 2.72651933587498e-09 1.49669394934672e-15 -4.20591847287632e-16 -1.74137931895190e-07 1.42830770383331e-14 1.32104219860240e-15 -2.16802086066284e-07 6.65507500003652e-13 2.06133261503845e-16 5.07929531962616e-09 2.10464777883166e-17 2.20733432913642e-12 -1.17040645575888e-12 -4.62013003792360e-16 1.40123678928722e-08 -2.96013180122327e-16 -2.72834511347291e-12 7.72249274564853e-13 3.75086802708586e-15 1.61996827647698e-07 4.76864255035118e-16 2.08838487528483e-12 -9.98126985177833e-19 4.76046863084071e-14 9.99257844938357e-17 -4.68148631018221e-09 4.72735229406402e-17 8.52128134008615e-13 -2.64133382593825e-18 -3.57555620058513e-18 3.48784632666558e-14 -3.24173251316374e-16 -1.25424888412350e-07 -1.53032273141364e-16 -3.94529875641340e-13 1.06757620570862e-17 4.88887661929002e-15 -1.47495465788197e-18 3.49842442979949e-15 6.86272627941092e-18 8.38730856926324e-08 -3.31092132729863e-18 -3.28492062028628e-14 9.05681799535633e-19 -3.40476643691745e-14
 -7.35524044153291e-13 -1.09776426927485e-13 5.30538496572179e-13 9.97368305912256e-13 -1.81793565942677e-12 3.84608254246415e-13 6.79635087136984e-08 -1.63897146807580e-09 6.23824876517719e-14 -7.80666444239180e-08 -4.02616729328410e-09 8.79365295110184e-14 -2.86813114895753e-07 1.15565154137214e-08 -3.35767308580541e-13 1.40984186195009e-07 -5.14651108976196e-09 1.52490943417567e-13 3.09868826099674e-08 -1.75938227771330e-09 4.45956915310504e-14 -1.52377305472543e-16 2.28839735049016e-09 -1.70796496105362e-15 -5.68802542078986e-10 3.90486520022758e-18 -6.27928740706594e-17 -1.34731098032466e-09 1.04615060760921e-15 3.31653471048918e-08 -1.68451094843455e-16 1.96857764794266e-16 8.12465581018433e-10 -6.92509228876423e-15 -1.50260964609723e-07 4.79168681614767e-16 9.55636182319406e-18 -2.12600673277860e-10 -2.59009639355673e-15 -4.53019046348425e-08 -1.31784222369619e-17 1.92382546856233e-11 -1.45348384493363e-16 5.79131097080668e-11 1.25754668727396e-15 3.63207186745807e-08 -9.05091836703431e-18 7.22400440759152e-12 -1.56255147214395e-11 1.87919231742322e-16 -1.16075904520484e-10 -4.06050039654130e-15 -1.02559631631566e-07 8.01295815442805e-17 -5.01506525092419e-12 6.07171945255102e-12 7.72152637716465e-18 5.46505867643465e-11 -8.05309761674580e-16 -5.91207006514564e-08 2.64847225594606e-16 2.45414488523669e-12 2.11022229731250e-21 4.14857211946227e-12 6.78780426593820e-17 8.47535980385202e-12 2.97020454379314e-16 7.99089020652644e-09 1.44041522790415e-17 2.16409557875447e-12 -1.36126580782378e-21 1.93497162734416e-22 -4.37394978615589e-12 -3.34319015564974e-17 -2.83255903844024e-11 -2.51498970560506e-15 -9.40587908797562e-08 2.04836120144648e-16 -1.16525154739124e-12 -3.21159048310594e-22 2.44079130864786e-19 1.84843736606958e-21 -6.80584888048748e-13 -1.68547745797522e-17 5.13653838573256e-12 -1.30356521115316e-15 -3.80371374525904e-08 6.36306098961639e-17 -1.64021339686087e-13 -1.16992987975837e-21 4.93096026584982e-19 2.25918956195368e-15 1.01760001160258e-15 -5.01941003963780e-13 1.67472451880028e-14 -1.94674978072583e-14 -2.66319258194153e-09 1.17940120516253e-11 2.60610456004221e-16 -1.16260099696840e-08 8.28354798603082e-12 -4.95352925021041e-16 -8.34562085672145e-08 5.96755369740423e-11 1.30719135161273e-15 -2.51660368811702e-07 2.09238158317463e-11 -2.63157143834792e-15 -2.54388799329278e-17 -3.43320203417575e-12 6.96157941766108e-17 5.79102627812630e-09 3.73709633765660e-17 3.82938603677436e-16 -1.08502485898720e-11 6.78984332346362e-17 6.91335165221503e-09 -4.66457006763547e-17 -1.08767907672118e-16 -3.92892664842254e-11 -1.25242717593366e-15 1.51399903518978e-07 1.38424726367272e-16 6.17565516037014e-12 -1.41533321615133e-17 5.06168798681090e-12 6.51244994655185e-17 -5.27333124525677e-09 -1.05193940652191e-17 7.31966855258133e-12 -1.81941093120143e-12 -2.30465245513722e-17 -1.01399545679950e-11 3.76225756086021e-16 -1.16546357582448e-07 -4.75447075183599e-17 -4.32883526899953e-12 4.44746677870525e-19 -8.56109219007696e-13 1.49397461762058e-18 -5.58936614744527e-15 -3.31092132730494e-18 8.31160599887835e-08 -8.37171830262932e-18 -1.35977737414511e-12 2.52513250702844e-20
 1.04298510334240e-10 2.17088161809921e-11 -1.06710318270864e-10 -1.92036792798512e-10 3.79721519576061e-10 -7.35465403418475e-11 -5.83057433407951e-15 2.11881883934036e-14 2.97777910671084e-13 -5.66446357913683e-16 3.21670662818087e-14 8.33181650995572e-12 1.32672947414390e-14 -1.01719600494807e-13 -9.34809814661898e-12 -9.75384226039204e-15 4.74313592767594e-14 1.08661847212823e-11 -1.07666127574092e-15 1.54579306742064e-14 2.62368794668492e-12 -5.47076433852591e-10 1.22923655062949e-16 -3.21425036678571e-13 -4.54607415524108e-16 1.22369825916514e-09 -3.47368572641560e-10 1.97757073031006e-16 6.55153169636512e-13 -3.54893422841984e-16 -9.45576965859982e-09 -3.92096071709313e-10 -7.64419774191886e-16 -2.59460674206869e-12 2.63433821821505e-15 2.29133792040314e-08 -1.19484533135665e-09 7.83818332191382e-16 4.65234615842610e-12 -2.73320713010941e-15 9.43463226060119e-09 3.75170943202736e-18 -2.77042272943965e-10 2.95351731931343e-16 1.88714910784849e-12 -9.51471040969079e-16 -7.18241102760312e-09 -5.51755914670348e-19 -4.53800285244901e-18 9.16606118840118e-10 -9.61905592040786e-16 -4.82125880446875e-12 2.47358198286152e-15 9.63155678932042e-09 1.25486865978620e-18 -1.34727718337608e-18 -2.61035029143450e-09 1.33826365635907e-15 4.20475675269736e-12 -2.34651834964578e-15 3.18655995849000e-08 2.33317382059634e-18 -3.18984940366673e-15 1.31188101709597e-18 9.57411855440803e-10 4.88526450260449e-17 -4.84129231773201e-13 2.59387426967759e-16 -1.41816802958284e-08 -1.73035574252231e-18 1.23781643112939e-16 9.17102455037128e-16 -5.29820484858617e-18 -2.30559308024246e-09 -2.58288453218926e-17 1.21757538169338e-12 -4.89000946048512e-16 4.66113416331064e-08 5.81217126150193e-18 1.23577413627449e-15 -7.54494013861420e-23 -1.43708843968798e-15 -2.84731839304179e-18 -5.14358262527558e-10 1.56371553729756e-17 3.41151655979689e-13 5.64092799424452e-16 1.57364013598093e-08 3.29029125038660e-18 1.11167982015143e-15 4.06955701690612e-24 -1.18514499720179e-12 -2.41259361306524e-12 -5.08445592814637e-11 -6.91241970040441e-12 1.31632320050630e-11 -9.20538898177951e-18 9.84450956710216e-18 3.07824612753898e-13 -4.28984871137324e-16 4.38000241450277e-16 -4.92660560807247e-13 -2.55324764452938e-16 5.63873031913272e-16 -2.09965419018641e-14 -6.25671373100357e-15 2.93075554120930e-15 4.21318652099255e-12 -4.19567129424439e-10 -9.79248300159354e-17 -2.91084993545919e-13 -8.86075985499430e-17 4.63857520183540e-09 7.19165717902221e-10 1.21131535440027e-17 4.33316821703927e-13 2.09313407425226e-16 2.16248161875020e-09 -7.56788072671568e-09 -7.84716869827404e-16 -5.37684744783456e-13 -1.28605738159853e-15 9.49037048700747e-08 -1.35067942845720e-19 -1.19675742491022e-10 -2.01040044850637e-17 2.06325949490394e-13 -5.34445162951114e-17 -5.60201530493663e-09 6.96484208680042e-19 -6.53842273467787e-19 8.40892914803973e-10 4.22533576512644e-17 1.57969457262796e-13 1.68018406084855e-16 -9.51637823986478e-08 7.52114964973045e-19 7.32208908659750e-15 1.40522304470380e-19 2.84252208359896e-13 -3.48283040642374e-18 -3.28492062028620e-14 -8.37171830262779e-18 8.11108572305662e-08 2.25942146982670e-19 3.97591701936859e-15
 8.92661980718986e-14 1.53243250879464e-14 -7.45545859977028e-14 -1.39569586736653e-13 2.53684774553752e-13 -5.43704769367974e-14 1.48973291915721e-11 -2.34181234749125e-10 -1.23139885882768e-14 1.95676333701640e-11 -3.55590036609337e-10 -1.80246481425481e-14 -6.58422836723872e-11 1.10589389773264e-09 6.57223950807646e-14 3.06816983286149e-11 -5.19461635003371e-10 -3.00620381995205e-14 1.03810111643590e-11 -1.62724181843475e-10 -9.16400586482365e-15 8.38528893982205e-18 3.81715623440125e-12 2.48205225864823e-16 1.62513819872816e-12 -3.39889567458617e-17 3.57569884071277e-17 -1.29553980755900e-11 -2.11044904399069e-16 -4.64703965227321e-12 7.78646318483780e-20 -1.02053105693291e-16 5.84617000087135e-12 1.27736503945557e-15 2.91864184671180e-12 1.50775241997251e-18 1.66050990692901e-19 -3.96193072595242e-12 5.39484678366908e-16 -1.61312258642363e-12 1.46096240637303e-18 -4.04147832336111e-10 1.14089959212624e-17 -1.48935254616231e-12 -9.31015304380631e-17 -1.28968567104209e-12 -3.05094055211543e-17 1.66443909484131e-09 5.41717967183447e-10 -2.63872387487697e-17 8.82722923439746e-13 3.34176269735468e-16 2.01618290280770e-12 3.41496734320009e-17 -8.77649101425592e-10 -1.98026892036879e-10 -5.23576460814620e-17 -5.89487412190880e-13 5.41147115545788e-16 -7.14680268767248e-13 -2.35853657222869e-17 -2.94886969383858e-09 -6.63386496416866e-23 5.66611306878536e-11 -7.20515063741248e-18 -3.26109736090287e-13 -1.10346649147102e-16 5.16205969709364e-13 1.23047213840775e-17 2.28768083359954e-09 -2.94336405169394e-23 1.17023212187561e-22 -7.32073438175908e-11 -3.62993108378506e-17 -2.53042833881454e-13 5.46287174796115e-16 -1.43070876988413e-12 -2.35398450839115e-17 -6.13975340215812e-09 2.32601968487659e-24 1.46358438011545e-16 1.44053790417975e-22 -1.20870153821475e-10 -1.04886149367557e-17 -5.35142006284350e-14 2.04192761358615e-16 -5.79434934096282e-14 -7.87367829909215e-18 -2.48377573835175e-09 -3.49367574354849e-23 -1.56009073233519e-16 -3.21885796683192e-16 -1.71888631284592e-16 6.33762039586681e-14 -2.15073051050523e-15 1.40650705940166e-15 1.49590077855937e-13 5.95967171486468e-13 -3.80978690921870e-17 7.13389821135730e-13 -3.47663537775424e-13 3.70923980797369e-17 -2.96010104489943e-13 2.11204851909074e-13 -3.43053254139483e-16 1.36299426584805e-12 -5.10659269757734e-13 1.87699136360506e-16 -3.39727344946677e-18 1.01517470460998e-12 -3.87439690429038e-17 4.32561525530981e-12 -4.85290551977038e-18 -2.22982090661259e-17 -2.32761515089578e-12 -3.29386946584967e-17 -5.45834424350444e-12 7.28189523802500e-17 -1.83073255298635e-17 2.15717795623703e-12 2.72029524536567e-16 2.51943350058198e-12 -3.78128177049120e-17 1.76119498041224e-13 2.12927131078450e-18 -2.92978898104678e-13 -6.29276414148132e-18 1.88311814757867e-12 -2.34063749678544e-18 -5.62223218588926e-09 6.29131650105303e-12 1.21899974651446e-17 -1.20148494239859e-12 -6.80650916337497e-17 -1.69482289260341e-12 2.09054322508362e-18 -6.18262473682888e-08 -3.55788912180910e-19 7.47322525457296e-16 4.01520585213507e-18 -4.70592069460738e-13 9.05681799535766e-19 -1.35977737414511e-12 2.25942146982799e-19 7.81288709810428e-08 -2.71584358389529e-20
 -4.59783036336616e-13 -1.43056815160733e-13 5.92276090726205e-13 -3.64420439030904e-13 2.76496278451342e-11 3.15473748434215e-13 2.36224027165680e-15 -2.97827308803891e-15 -1.77663857728279e-13 2.85564229316208e-15 -4.53940693903759e-15 4.20638669303249e-13 -1.00272696829896e-14 1.37367492329286e-14 9.61533391324871e-12 5.14929938054674e-15 -6.51245400959726e-15 -1.72710403447757e-12 1.34665750407623e-15 -2.04597015304910e-15 -4.98617064351219e-13 3.68886157978168e-16 -9.08643518368614e-18 -2.62179303977160e-15 1.44971440661652e-17 1.95093718664707e-15 -1.69118522763258e-15 -3.33544078055532e-17 1.31386137744539e-13 5.68950167061576e-17 -4.02762538630331e-15 3.30715770197114e-15 -4.53467985019408e-17 3.32119821593724e-13 -2.36264537963992e-16 -7.80411243498489e-16 -1.87427866390376e-15 -2.24292509278859e-16 1.34062167076437e-12 3.66910357136194e-16 -3.80855112174455e-16 -1.69438131433398e-19 -8.96575270682263e-16 -2.74878419621818e-17 4.94352916294029e-15 8.87836626951344e-17 -9.59440802355200e-16 2.56169399894373e-18 1.96249193615769e-19 4.60357898893733e-15 8.34880137082388e-17 3.95531662421028e-14 -2.22130691139388e-16 -2.07739306429613e-15 -2.86725842351683e-18 -2.76990103501797e-19 -4.29288295812787e-15 -2.72493026522046e-16 3.25847699249016e-13 2.91063054887929e-16 4.76148295383731e-16 -8.47197514907081e-19 4.87234699040534e-16 3.82124514985938e-19 2.88248175701599e-15 1.92104970403672e-17 -1.54994398943437e-14 -4.43933761841516e-17 -1.88131804060515e-15 1.32771349229268e-18 1.20303044949077e-11 -3.23777633284091e-16 -9.33848277879126e-19 -3.61301404498397e-15 -1.10857211429941e-16 8.58222520507520e-14 1.34103862402557e-16 2.45890537194265e-16 -4.13213896991241e-18 -1.65630733759036e-11 1.19958189672169e-23 3.28117892818414e-16 -5.48609938854116e-19 -1.17493325196641e-16 -3.07509060941852e-17 1.18272630800048e-14 -5.24945295983606e-17 -7.01873236052104e-16 -2.20127113331064e-18 -3.36103710744452e-12 2.56816773410570e-23 -6.97569677222298e-13 -1.53192486836108e-12 1.48278883398740e-11 -7.70213700012845e-13 7.00064565313074e-12 1.10099322050462e-17 -9.08950846787849e-18 2.64991853031381e-14 4.10010459849558e-17 -5.60482294387571e-17 1.13694231594831e-13 3.21348892997901e-17 -7.58524256965914e-17 1.54070129797984e-13 7.38084803122673e-16 -6.03533770623349e-16 -5.73526468876302e-13 1.04308765496586e-15 -9.99904467763497e-18 6.59976007880648e-15 2.23837909975903e-18 -2.41177017737767e-15 6.44590877465223e-15 -2.07340824068148e-19 1.66386022912602e-13 -2.36779323096843e-17 -3.41005021483425e-15 -8.78807881685074e-15 1.40756019375112e-16 8.43402861007776e-14 7.43056025923872e-17 -1.88371350266678e-14 -3.33048160123354e-19 -1.64583558653402e-14 3.27555599406730e-18 -1.95370217791310e-14 3.88384540658641e-18 1.27029722973130e-14 -1.65722083833683e-18 2.88847454206361e-20 1.43159129046909e-14 -1.41509139160291e-17 -7.88309620264524e-14 -7.76847105453926e-18 -4.07219306589344e-16 1.40812110755365e-20 2.38271217195301e-21 2.02243829658990e-20 -7.30160137122383e-15 -4.93801609173000e-19 -3.40476643691745e-14 2.52513250702650e-20 3.97591701936859e-15 -2.71584358389476e-20 7.47228939773113e-08
