1.178827346562245 0.0601251783948025 -0.2369822992412655 -0.4365226750932955 0.756318770279095 -0.1703382359742295 -2.603135143082125e-14 -3.24286141292989e-14 0.01302533962513135 7.2997701179903e-14 9.6192388611229e-14 0.026148159371637 -1.92893932732155e-14 1.18418378722327e-14 -0.0767091173782115 -3.93317784599928e-14 -1.40747023524453e-13 0.0344240912920689 2.741621775333475e-14 8.20523047303535e-14 0.01168586466484575 9.5382704994559e-11 6.81482902537085e-15 -0.0003661728676913255 -4.37738186898124e-14 -2.10527214229736e-10 -2.8438041729011e-10 -1.366906287555995e-14 0.0002767142029298865 1.531725682322415e-13 5.2178582038254e-10 8.6159083199623e-10 1.83895940254956e-14 -0.0003469532518452295 -1.95929506281015e-13 -1.52579165069953e-10 -5.92237504845385e-11 -1.682700525222335e-14 -4.652909261612975e-05 1.179012722294555e-13 -5.43930152633955e-10 -5.1471980934839e-15 -6.70257628166985e-12 -3.073230990987025e-14 8.5596298013039e-06 -7.55819227180395e-14 -2.620444458380075e-11 -9.0749701101875e-15 4.4823144564389e-15 -6.075372762695e-10 3.16678340624699e-14 -5.69611725968185e-05 3.708195367743035e-14 6.644855844052e-10 8.5492642396902e-15 -1.00042003960603e-15 6.35632846791445e-10 6.3640581332636e-14 -0.000107848360275657 9.40747870997915e-14 -6.76921161309415e-10 -2.335595264101815e-15 -1.03776442230111e-13 -5.256409281558e-16 -2.47253752295904e-10 -2.081705307422025e-15 2.94606828646357e-05 -3.371434973199775e-14 3.201456316712365e-10 -4.82810613290277e-16 -1.73185346255701e-13 -4.02860145057143e-14 1.072334065336195e-15 5.0343864353259e-10 -3.254847752832325e-15 -0.0001135351226022595 7.71105090984495e-14 -2.445955858455705e-10 1.3277280026437e-15 -2.97174506958187e-14 -1.77726161102208e-23 -1.04830082374392e-13 2.10773235037365e-16 -2.32402836666264e-10 -1.08905882144527e-14 -3.360026541687175e-05 -8.6528086293122e-15 1.159298536557695e-10 4.92626191782428e-16 -1.540613064534505e-13 1.552765535289345e-23 9.761659019256e-05 -8.1848188976276e-05 -0.002108988451057905 0.00052547206734973 -0.000325449223103695 5.24222154099585e-13 1.23420598235922e-13 1.372716719320955e-05 -7.346565769232e-13 -1.61801097890601e-13 -4.945022380991365e-05 5.50015470849925e-13 1.1701447918165e-13 0.000156277474826549 -2.74620030809216e-13 -6.250602076321e-14 -0.0001995303268742555 2.928704576632345e-10 2.924527633161085e-13 1.85303378170062e-05 1.08961620310492e-13 2.809559979393445e-10 -7.21982293654075e-10 -3.24724778234483e-13 -5.9726065226114e-05 -1.52775349138822e-13 -1.463142261592265e-10 6.10462948531715e-10 1.53886935941379e-13 8.36480937391905e-05 1.041218704143145e-13 1.764540387315095e-10 1.77454774361337e-15 7.2778152713755e-11 -1.987031375068625e-14 4.25869295293471e-06 -1.026657137879225e-13 7.94176401305665e-11 2.153016228502255e-14 -1.47916140448064e-15 -2.049011744570475e-10 -4.71982472495788e-15 -1.14194800999888e-05 3.04054671613269e-14 1.292470734225795e-11 -1.012264328168595e-14 -1.005579130466825e-13 -1.339113570555e-14 -2.81342335388376e-10 -2.08838830751863e-13 7.3725523164079e-08 -3.677620220766455e-13 5.214925516712e-11 4.46330990359493e-14 -2.29891518168308e-13
0.0601251783948025 0.01418295130800035 -0.0616238652206105 -0.114259229173694 0.197455022809524 -0.04434491007362575 1.0227588058587e-14 4.342028799344625e-15 0.000167687802003534 3.30864388653468e-14 1.531575650527605e-14 8.68072713067455e-05 -7.1539329492385e-14 -2.662605508059975e-14 -0.00093513881020511 2.38135619514495e-14 5.5419668650985e-15 0.0004106721617355625 1.60841565850554e-14 7.763110886216e-15 0.0001148608097048775 -1.848897018185185e-11 -1.09609328538334e-15 -1.021302087336075e-05 -6.0267227727412e-15 6.07826236823875e-12 2.821605504780755e-11 4.897722394265045e-15 3.73417705081944e-05 2.05159100745923e-14 -4.11439776338804e-12 -3.084868986782485e-11 -5.6835234837264e-15 -0.0001099038909907445 -2.60438650324813e-14 9.1945979040246e-12 6.58052672637505e-11 3.195356178456975e-15 -2.69446975541144e-05 1.56806072045814e-14 -1.63734498409047e-12 -2.35526635278028e-16 3.806134142269185e-12 -4.883005470225825e-15 2.084196595857235e-05 -7.90202021527475e-15 3.32442287739328e-11 -5.73717866828535e-16 2.13238831025977e-16 -9.1022342898634e-11 4.81408655589915e-15 -5.31253962949015e-05 1.41585259237784e-15 -2.039110668980705e-11 5.87481818175825e-16 -5.51469293272165e-17 7.0546637567132e-11 4.52469125279151e-15 -1.71126584764159e-05 1.412826857634385e-14 2.04676443166825e-11 -1.649480297137775e-16 -4.885662456729395e-14 -1.74459870071945e-17 -4.285445318998015e-11 -3.095566711373205e-15 2.11545888133442e-06 -5.11707782252325e-15 1.016043520667775e-11 -2.04279391658766e-17 -8.16955227540345e-14 -1.987938811929475e-14 5.55065578555495e-17 1.30921638083614e-11 6.1639820535844e-15 -2.73619100067383e-05 1.075890756929755e-14 1.22941313504095e-11 1.01437733332237e-16 -1.5133373971799e-14 4.55514674298119e-24 -5.0207807275551e-14 9.25073325865695e-18 -3.840952490457095e-11 -2.689412192754895e-15 -9.50365065104835e-06 -2.73989094247847e-15 1.57243670092846e-11 6.76088275243165e-17 -7.36917255930795e-14 -8.05892172388455e-24 2.468976622658915e-05 -5.1580255856869e-06 -0.00053623591849897 9.0105623478342e-05 -1.61507350047863e-05 6.8429034000951e-14 1.44116849212003e-14 3.79607089133138e-06 -9.61947685653065e-14 -1.98881407598795e-14 -8.3051016034341e-06 7.1985917060477e-14 1.550377084711705e-14 5.076684721855e-05 -3.54808702880687e-14 -8.58851016054015e-15 3.548392562581105e-05 -5.8428348854785e-12 2.932335723130045e-14 4.91794854043888e-06 1.12261869980245e-14 2.605234340289045e-11 2.819365009484785e-12 -3.414445230645925e-14 -1.539018555561e-05 -1.686794745585565e-14 -2.098091669788935e-11 1.89549072933121e-11 1.714436702506865e-14 8.54282986333785e-06 1.201781102092345e-14 6.2955935800729e-11 -9.59127522525125e-17 -2.806288205910375e-11 -1.20242985876894e-14 1.223182214248545e-06 -2.132251634747195e-14 -7.59880230856655e-12 3.261875905258375e-15 -3.12011031542846e-17 3.122674534783545e-12 4.23293534832694e-15 -2.098200587765305e-06 8.14668522868455e-15 -1.473056670820715e-12 -1.49816931162675e-15 1.78482522710031e-14 -2.38690175138519e-15 -3.84094875715705e-11 -2.858904439094095e-14 3.36899197509949e-08 -5.48882134637425e-14 1.085440809049605e-11 7.6621625439732e-15 -7.15284075803665e-14
-0.2369822992412655 -0.0616238652206105 0.2788831514251715 0.5184686604511 -0.896338215975425 0.2010722129401505 -3.396168615561005e-14 -2.11523387282644e-15 0.00059162038189745 -1.37392406715607e-13 -5.4338462402034e-14 0.001342518492641785 2.69013123889512e-13 5.60143668239505e-14 -0.002538751931944245 -7.85389454327615e-14 1.029535039614595e-14 0.0012326637232029 -6.51046909327865e-14 -2.736893989304005e-14 0.000471578479881325 -5.7814374915921e-11 4.00258526402366e-15 2.157742316913615e-05 2.990255444401135e-14 2.268644781400165e-11 2.26472672204616e-10 -2.01905061911234e-14 -8.05460755242065e-05 -1.01988214875718e-13 -1.146318560981005e-10 -2.22070637893238e-10 2.62862798854018e-14 0.000256921421414003 1.291717361497645e-13 1.429994834730575e-10 9.74799196981835e-11 -1.54619066181658e-14 2.976063542016805e-05 -7.85443715337065e-14 -1.52182345206954e-10 7.2557782668723e-16 -1.302808376325975e-11 2.133635051515755e-14 -6.3418354517651e-05 3.57369531563676e-14 -1.925774327901455e-10 2.23268818191009e-15 -7.2001757611247e-16 -4.38508871306275e-10 -2.16378440492655e-14 0.0001667483851706745 -2.786588822575255e-15 5.30630030190015e-10 -2.383483694520845e-15 2.153735363829425e-16 4.903207633426425e-10 -2.15374288045481e-14 -1.06131402533616e-05 -7.10173163573235e-14 -4.676656121746785e-10 6.97779667961305e-16 2.245326335083935e-13 1.53938832030615e-17 -1.712912206861235e-10 1.468250411172275e-14 1.319653342338215e-06 2.476094033117875e-14 9.8022831289062e-11 4.68382124913517e-17 3.754129958849015e-13 9.1439120642072e-14 -1.91595970968534e-16 4.835769230743945e-12 -3.10274256152552e-14 5.6461575955675e-05 -5.1870014352061e-14 4.5042400547811e-12 -3.964503629235725e-16 6.96530646830525e-14 -3.069412476456975e-23 2.308185903284585e-13 -4.714790960498465e-17 -1.520830186731955e-10 1.438838108129855e-14 2.587177330876835e-05 1.275477765627235e-14 1.137256661881595e-10 -3.267985214363465e-16 3.387350544684905e-13 5.00667090072135e-23 -8.1923589800905e-05 5.43657347031325e-07 0.00113720546474013 -0.0003084341588255845 0.0003354213979401965 -3.199303766002545e-13 -6.37177377817115e-14 -1.106521374629845e-05 4.513711476496055e-13 8.86228963537035e-14 3.208557419581225e-05 -3.399690230915265e-13 -7.0107692537847e-14 -0.0001197292674781015 1.674106101062545e-13 4.060966280429585e-14 1.995516385409375e-05 -2.092120787177715e-11 -1.47014638071333e-13 -1.761358808891275e-05 -5.3923933543439e-14 1.83541895160008e-11 9.2795340828413e-11 1.71523931992329e-13 5.3851053412726e-05 8.10034827296185e-14 -7.23081988472535e-11 -1.613512464580875e-10 -8.637751966248e-14 -4.154072078293195e-05 -5.7701744802e-14 -5.25014765041085e-11 4.110192662250595e-17 5.837826084272e-11 6.3527260015076e-14 -4.662165108917655e-06 1.060586089075825e-13 8.5450256691722e-11 -1.63262643963542e-14 3.80947852092005e-16 -5.5956074818318e-11 -2.329333177500185e-14 8.8219649159462e-06 -4.123640132710165e-14 1.010217370843245e-11 7.5280164997765e-15 -7.39083701775465e-14 1.180541431884415e-14 1.756116247403585e-10 1.36894879951294e-13 -1.575814902667695e-07 2.6526924828609e-13 -5.3355159135432e-11 -3.72772929988514e-14 2.961380453631025e-13
-0.436522675093296 -0.114259229173694 0.5184686604511 0.966002810821345 -1.67996857600916 0.3736851685411585 4.208438559124295e-14 -1.56091616967832e-14 -0.000611718556980885 -9.6271769963965e-14 -1.456846652956105e-13 0.000650685578445965 -4.047580839410825e-15 2.03058488372156e-13 -0.001124397530886655 9.45763839781835e-14 -1.433861601176855e-14 -0.000464767084504167 -4.59775294781414e-14 -7.00797455755015e-14 -0.0001273606436512125 -2.46894554859421e-10 5.03689681805105e-15 6.53190267668505e-05 5.78529589741435e-14 1.56510890378368e-10 8.6363021601371e-10 -3.19989639656625e-14 -0.0003253585183685905 -1.98760125066204e-13 -4.526240282448855e-10 -1.05565258830694e-09 4.465816469492155e-14 0.000627897004930365 2.526530048597575e-13 5.0941029261959e-10 1.324113295522605e-09 -2.505167011345745e-14 -0.0002300473124627825 -1.48310298302591e-13 -7.8781635824468e-10 1.062256645510815e-15 -1.93918255135713e-10 3.448051094175505e-14 -0.000121198895181593 6.81961826959735e-14 -3.19261563217266e-10 3.91758003267312e-15 -1.13949998370734e-15 -5.808121299944e-10 -3.607643174073315e-14 0.000241584003297786 -5.75997764996175e-15 9.634039780014e-10 -4.259729667225885e-15 3.491668397126135e-16 5.5336445108168e-10 -4.19443696501658e-14 0.00013232437212138 -1.31334658804446e-13 -8.4577534537192e-10 1.266056808597435e-15 1.99348933595102e-13 -3.6766998005808e-17 -3.422275078393885e-10 2.51368606486739e-14 -3.1682965429505e-05 4.607255458045605e-14 3.34818384454715e-10 3.51114983248304e-17 3.33335755993947e-13 8.12306699989525e-14 -3.066888247928335e-16 2.29974564700697e-11 -5.46074484908e-14 0.0001774723946437265 -9.60414608425685e-14 -5.9435668375224e-11 -6.67972470002795e-16 6.19983482522155e-14 -5.51547979995055e-23 2.049698518317385e-13 -9.70334068403125e-17 -2.950888545765025e-10 2.964024467923585e-14 5.46214535162405e-05 2.23890442629273e-14 3.28339834745255e-10 -6.0514704778241e-16 3.00896850375156e-13 8.7756679112112e-23 -3.6866880744542e-06 0.000526741802125415 -0.012236421583619 0.0004402332686689605 -0.003095008087900515 -6.04289348061325e-13 -1.199785001067805e-13 -2.40571970185316e-05 8.5447452009717e-13 1.658258942928525e-13 5.3793304727618e-05 -6.447285509312e-13 -1.300818333627375e-13 -0.0003569878839562995 3.322420857806645e-13 7.899082268635e-14 -0.0002835143683033825 -3.544925560778e-11 -2.877516922888215e-13 -3.43130603043265e-05 -1.047069983839225e-13 1.22062817051218e-10 1.592303122481335e-10 3.33257633858706e-13 0.0001052394242050435 1.569780057083655e-13 -2.21288204276865e-10 -4.43008744555555e-10 -1.66195692669586e-13 -0.0001026476959121805 -1.134630188863125e-13 -8.5488796954771e-11 -7.0399896914244e-16 9.87915902516855e-11 1.184838948279525e-13 -8.9337672588274e-06 1.97935706283268e-13 1.876937481792555e-10 -3.127244056174825e-14 1.12243023907677e-15 -8.6933541151702e-11 -4.38664443207007e-14 2.09749935271833e-05 -7.6445360964359e-14 3.087878513660125e-11 1.44650681414354e-14 -1.475818133921085e-13 2.22849561460957e-14 3.285453363967395e-10 2.580037198324625e-13 -4.616894249026145e-07 4.98684152956127e-13 -9.6018396399256e-11 -6.97847933683265e-14 -1.82210219515452e-13
0.756318770279095 0.197455022809524 -0.896338215975425 -1.67996857600916 3.168986664921655 -0.64546111823139 -2.22566917816501e-14 -5.89156832488635e-14 -0.002795822443314895 3.204496311569725e-13 2.32711313760811e-13 -0.0001596197863116815 -3.185986893474055e-13 -7.4146788539935e-14 0.0982104048200265 -4.104934045271395e-14 -1.553292678624665e-13 -0.018892212339639 1.053384531196965e-13 7.97846622869765e-14 -0.00533489395629125 1.26090533408997e-09 8.7726530782448e-15 -5.14095031561485e-05 -1.24906604142541e-13 -8.5184431593003e-10 -6.23727949585135e-09 1.948334416050445e-14 0.00153673817198666 4.322895453744545e-13 3.356597305720645e-09 1.535487396670765e-08 -7.0993435166451e-14 0.002170760457069085 -5.58123440714755e-13 -4.09521540703547e-09 -2.41938320837342e-08 3.962514957092485e-14 0.01261587089409165 3.32860831159272e-13 7.4886082741515e-09 -3.288818548997405e-15 7.03914087101675e-10 5.5845567759034e-14 0.0002705056106065805 -1.064803583042005e-13 -2.451479429708305e-09 -9.004788570526e-15 2.884838973786265e-15 -1.258470858925725e-09 -4.538760408919985e-14 0.000166192239720047 -3.336765541057225e-14 4.241681623017505e-09 8.8852491691923e-15 -8.4020363667623e-16 5.79555537415215e-09 9.6731377591838e-14 0.00270678606302139 2.919828048510945e-13 -3.986560712386075e-09 -2.944561705003035e-15 1.3072809158758e-11 -2.53751379221961e-16 6.49511482795475e-10 -1.21036073302557e-14 2.49745075363669e-06 -8.11358822099065e-14 -2.4001066199956e-09 -3.213499760204215e-16 2.185098369952815e-11 5.3191828703867e-12 6.5500702836552e-16 -8.37492937281195e-10 6.58187941927385e-14 0.0006022122534975 1.67075765223608e-13 1.57769550126884e-09 8.4784508368198e-16 4.053040121106155e-12 5.59179831469205e-23 1.343520353752395e-11 4.020689114080085e-17 -2.69552219832527e-10 -9.5237413321367e-14 5.6925566964586e-05 -1.13332300901706e-14 -1.407600119256675e-09 6.86811460415735e-16 1.97145447072516e-11 -1.04922283657445e-22 -0.00325962223122936 -0.01216744015099165 0.227783537835012 -0.01882489339268855 0.0647756330506595 1.07219253864195e-12 2.335028621383025e-13 2.19782462836752e-05 -1.528633957488195e-12 -3.080431483198475e-13 -0.0003873076659771615 1.171177108204875e-12 2.1948174927591e-13 0.0004859493698119365 -6.05813314742655e-13 -1.11094583486641e-13 -0.00315851324380549 2.31260940730142e-10 4.36542574066382e-13 8.90504758179105e-05 1.561610711791695e-13 6.97601188885735e-10 -7.533294131007e-10 -4.88717388400053e-13 -0.000267539331309081 -2.51790846071286e-13 -9.505627688577e-10 8.52831654104325e-10 2.294263598967845e-13 0.000649147777986525 1.931619125605535e-13 7.1059741592769e-10 -2.580567220016245e-15 -2.435633601994275e-10 -1.8926273006891e-13 2.171179774846555e-05 -3.526304512887115e-13 -2.237745682293155e-10 5.2274138989585e-14 5.6582464382229e-17 2.051329189471275e-10 7.684595073888e-14 -7.56050219019525e-05 1.370600106443505e-13 -1.52878866522944e-10 -2.3815159623935e-14 1.04202806711485e-11 -3.927433025840215e-14 -5.6307681269358e-10 -4.724040184756315e-13 1.646532013427455e-06 -9.08967829713385e-13 1.898607597880305e-10 1.26842387276876e-13 1.38248139225671e-11
-0.1703382359742295 -0.04434491007362575 0.2010722129401505 0.3736851685411585 -0.64546111823139 0.145201278762316 3.97968946377111e-15 5.9093243405834e-14 0.000229036871952824 -5.6146871146894e-14 5.4252236708772e-14 0.0003406545907809905 5.27750185690635e-14 -2.41298806219268e-13 -0.000622964021385885 1.056823771473125e-14 1.353866611748e-13 0.000457749011844264 -2.66962731158899e-14 2.471573291346485e-14 0.000213250235036134 -2.408996313558075e-11 4.04057503260979e-15 1.18658870641613e-05 2.154218608965585e-14 1.45402611776195e-11 1.417646866791315e-10 -1.59338339526207e-14 -2.92211748755798e-05 -7.3286131895936e-14 -8.34016445065635e-11 -1.721860113428095e-10 2.1844594113376e-14 7.84954496663965e-06 9.2841855663934e-14 1.27344530934872e-10 6.46142554412015e-12 -1.19925858259273e-14 1.12009661472586e-05 -5.72648557966715e-14 -5.66329718120985e-11 5.5969880113283e-16 3.426671383792625e-11 1.510525292526775e-14 -3.610875438595255e-05 2.564394075901835e-14 -1.392966421384865e-10 1.642786333840465e-15 -5.3015173453578e-16 -3.71968647438082e-10 -1.54437627884288e-14 6.8175438624396e-05 -1.40364997612266e-15 3.791775945952475e-10 -1.7340569292979e-15 1.53806207787684e-16 3.555436136816655e-10 -1.31814309814923e-14 -5.84423147407345e-05 -5.22044097081935e-14 -2.93385278355142e-10 5.0697741456044e-16 1.86794257421719e-14 2.478637826232175e-17 -1.440965362841915e-10 1.10015755511755e-14 -1.52056921718282e-06 1.807485942527175e-14 4.45141226913473e-11 4.394214118708465e-17 3.114693934241225e-14 7.5847176489257e-15 -1.416650630969515e-16 2.119682473968e-11 -2.34728579442907e-14 8.55941466132645e-06 -3.76165825572132e-14 3.64731983840073e-11 -2.9109215388432e-16 5.76210030737355e-15 -2.21362090669262e-23 1.91903880913641e-14 -2.545038057763565e-17 -1.209800495125115e-10 1.11371470824673e-14 1.062237375644795e-05 9.2179676105155e-15 7.9865162323605e-11 -2.28987799175433e-16 2.810047443449485e-14 3.55523325460663e-23 -7.2083810512805e-05 -4.391137857030035e-05 0.00383354437794403 -0.000435139272575045 0.00097646232856409 -2.32474945829999e-13 -4.719346462645905e-14 -5.58618256014085e-06 3.27710221721755e-13 6.6012782899362e-14 3.279373626989065e-05 -2.471080347537085e-13 -5.2255583461284e-14 -1.140509199644075e-05 1.196969589624975e-13 3.277224129280265e-14 0.000310439099229169 -2.509143794780385e-11 -1.00391520469412e-13 -1.530968545366945e-05 -3.757268792479045e-14 -1.48602344074771e-11 8.2487486409408e-11 1.180169857656745e-13 4.702413485500745e-05 5.6966906343561e-14 -1.41941284444833e-11 -1.60920964590304e-10 -6.0500356182619e-14 -8.2587817002318e-05 -4.06731864678699e-14 5.615433184319e-11 3.327856558878595e-16 4.240087405439105e-11 4.63277926093581e-14 -4.22499440542371e-06 7.7317077783541e-14 5.4383032894277e-11 -1.15912657518864e-14 1.128858048451305e-16 -3.66791756290241e-11 -1.709443604833565e-14 1.17902042377968e-05 -3.017553888289105e-14 8.8689341258815e-13 5.3208681573648e-15 5.61053643010265e-14 8.5384513656557e-15 1.27287117897411e-10 9.8991497588098e-14 -2.447833856000105e-07 1.92304127123208e-13 -3.67732701709238e-11 -2.71852384683987e-14 1.577368742171075e-13
-2.603135143082125e-14 1.0227588058587e-14 -3.39616861556101e-14 4.20843855912429e-14 -2.22566917816501e-14 3.979689463771105e-15 0.00903486530245455 1.2612283688251e-09 -3.56615782791649e-15 0.0134946450358184 7.042239763244e-07 -4.342863416467795e-15 -0.0430016483199884 -9.75482943597325e-07 -5.44687152204695e-15 0.0202164992846636 -4.72662003993758e-08 3.69469682260505e-14 0.00629234834549365 3.98540029318663e-07 -1.85435651960081e-15 2.9960784851341e-16 3.05024833415969e-08 -1.7061085243811e-15 5.28218803153875e-06 1.574519662367575e-16 -1.13851183798112e-15 -5.75854321196425e-08 1.02600033745385e-14 8.49876414128025e-06 -7.0943262083152e-16 1.83161040326898e-15 6.78557998725575e-08 -2.744385845245735e-14 4.205949902375095e-07 1.25617760563443e-15 -1.09806637806477e-15 6.11378737497875e-08 3.904996171150285e-14 -2.119561431049635e-05 -6.33430024110695e-16 -5.463567464146e-10 -2.41076895242794e-15 -1.88263322477989e-07 4.78803131540476e-14 -2.18621075200219e-07 -1.59833816034834e-15 -8.7519234448206e-10 4.34039862030339e-10 3.647059748742215e-15 4.220423791575725e-07 -1.057941496500845e-13 1.47607000111358e-05 2.08385765250698e-15 1.42393638026223e-09 -5.12146353828255e-11 -2.023438127522615e-15 -2.467300404232215e-07 7.83409123128875e-14 -3.32743169945457e-05 -1.05693642330195e-15 -6.46836804383385e-10 4.000908683980685e-20 -8.26901696906045e-11 7.8296814271917e-16 -1.91743973645202e-07 -8.91743227401975e-15 1.13519492814605e-05 2.364651679132125e-16 8.6475764790639e-11 1.960511916444745e-19 -5.6002178301965e-20 3.06454877198594e-10 -4.327550704408395e-16 1.17220021142754e-07 1.763879064042865e-14 -2.38081845788816e-05 -1.636461080824855e-16 4.26610615529394e-10 -2.65772355921528e-19 2.97646271642388e-19 -1.62074165699588e-20 1.35438716092707e-10 3.143546782601565e-16 -1.09460158642466e-07 -7.9544298871867e-16 -4.498396626709625e-06 7.1221397966606e-17 6.50011048161575e-11 -5.17981335714525e-20 4.874391647877255e-20 6.43975061550415e-14 3.925953189765955e-14 -2.805468071267225e-13 1.33694508859323e-13 -2.094693936053875e-14 -1.192839383330555e-06 1.396958152163835e-10 -3.413314531278055e-14 2.981116594603895e-06 3.24071088862328e-08 5.0186603433494e-14 -1.79965229196094e-05 -4.3534774994663e-08 -3.7991043349582e-14 -6.2182162800671e-06 6.7323453598628e-08 2.21148600532452e-14 6.8855822822484e-16 5.17390516215165e-09 5.51983409152195e-14 -5.1846657104248e-06 9.03797270744895e-17 -1.03499452847372e-15 -1.49735027725625e-08 -6.3816956939705e-14 1.79152678676405e-05 -2.25025910649386e-16 6.7473954149264e-16 1.855286307653395e-08 3.542384258628945e-14 -2.759774583895615e-05 2.05267020202398e-16 6.0463265384328e-10 -3.16185458055417e-15 1.81117606455748e-09 3.72850620088299e-14 -8.50940015254635e-07 -1.652102245117315e-15 -6.2924908496198e-12 -3.528429130643565e-10 1.40999932958147e-15 2.56285645594886e-08 -2.235824609805965e-14 2.78484438140781e-06 7.71270644495395e-16 -3.717596676833015e-11 2.32524755945847e-16 -1.361536303076325e-10 -7.1928467443344e-15 7.29169930009545e-10 1.06983931914012e-14 3.398175435684925e-08 -2.91528716703976e-15 7.44866459578605e-12 1.1811201358284e-15
-3.242861412929895e-14 4.342028799344625e-15 -2.11523387282639e-15 -1.56091616967832e-14 -5.8915683248864e-14 5.9093243405834e-14 1.261228366404135e-09 0.0090348693712858 -1.66412829612262e-14 -7.07458934983435e-07 0.01349464608636535 9.64895156816125e-16 9.6816439635777e-07 -0.043001660424791 2.59089436480419e-14 5.96041929601025e-08 0.0202165050754776 1.372369678050775e-14 -4.000511299227195e-07 0.0062923529891264 -9.9982593694759e-15 -3.15506310425026e-16 5.28430297749285e-06 8.19720677899585e-15 -2.9688473987961e-08 -5.92564461569845e-16 1.271477409202405e-15 8.4892746067144e-06 -2.445880407226665e-14 5.5239666302258e-08 2.708636051655915e-15 -1.967130323521205e-15 4.359097668737325e-07 8.6425514531942e-15 -6.5738867020685e-08 -4.95436609784756e-15 7.97825722365475e-16 -2.12032363477641e-05 4.346215510524435e-14 -6.26868850284795e-08 2.62040028306704e-15 6.5371536583799e-10 2.84889833614921e-15 -2.097910717743095e-07 6.2771489334188e-14 1.946997183974425e-07 7.8928974593947e-15 -3.677182977596995e-10 -1.040940432451585e-09 -4.019780407832675e-15 1.474091120748035e-05 -1.23609304916381e-13 -4.31774513581435e-07 -1.04526495335256e-14 2.010133833881505e-10 7.8747704935813e-10 2.11411698939287e-15 -3.326409197253935e-05 8.89722104563195e-14 2.50473125425e-07 5.3036674741028e-15 -8.88929503032345e-11 -6.63020059969105e-20 -1.137562813346635e-10 -6.29308675926025e-16 1.135239522571135e-05 -1.829450727118585e-14 1.90596031946393e-07 -1.191215566279635e-15 -6.84160311774415e-11 -2.60277723791682e-19 7.9872818816726e-20 2.96716023911495e-11 5.2861048131321e-16 -2.38067789549102e-05 2.79857064209782e-14 -1.14357137185767e-07 7.09056369208875e-16 1.205964767782895e-10 3.429340455306045e-19 -8.3845221228734e-19 1.030797167520045e-20 1.569317962372515e-10 -8.1155911740614e-17 -4.49503279390353e-06 3.39952083802851e-15 1.121268582873015e-07 -4.249633736739025e-16 4.24940537422057e-11 6.5035775995028e-20 -5.20398236009655e-19 -1.09905571525248e-14 -2.165570204062925e-14 -4.35171206046449e-15 -3.1907865631687e-14 -8.3901527063044e-14 -1.832772897344695e-10 -1.192088337213525e-06 -1.922926367720725e-15 -3.25971373373739e-08 2.979589968063545e-06 9.04881046262065e-15 4.44046941694932e-08 -1.799427601940075e-05 -1.46988254520583e-14 -6.8872549703307e-08 -6.22063158138215e-06 2.413335503047865e-14 1.28948677380361e-15 -5.18438124159395e-06 6.3350358282654e-14 -4.82591295002153e-09 1.21361242057191e-15 -1.07253677144555e-15 1.791440381855695e-05 -7.12108475866665e-14 1.417320795305755e-08 -5.81716533753205e-16 2.342753452953835e-16 -2.75968149361402e-05 3.59301609465666e-14 -1.763261637336825e-08 -2.6685658943089e-16 7.84801902953415e-11 2.05205166253991e-15 -8.5123952203767e-07 2.374968831528195e-14 -2.022489655313215e-09 7.47967627867075e-15 5.26227106843995e-10 -5.2307857855038e-11 -1.030966114084405e-15 2.78503791948544e-06 -1.711074934021885e-14 -2.55474342354387e-08 -3.64229627891332e-15 -2.815495908896065e-10 -3.45871956780409e-16 -2.577504868563115e-11 2.153668542318235e-15 3.391587456096965e-08 -2.66660563254614e-14 -8.1948573403777e-10 1.05940941967018e-14 -1.170906173745625e-10 -1.489136544019455e-15
0.01302533962513135 0.0001676878020035345 0.00059162038189745 -0.000611718556980885 -0.002795822443314895 0.000229036871952823 -3.56615782791649e-15 -1.66412829612262e-14 0.0103879060635736 -1.55058384496632e-14 -1.89370944228466e-15 0.0144395180521458 2.837671498188835e-14 6.1704266082402e-14 -0.04881461328973045 -3.747872023210545e-15 -6.20150781765715e-14 0.02261525884998615 -1.08604464662027e-14 1.1974728653369e-14 0.0070936980154324 -1.900146590311125e-10 4.34624649746449e-15 -9.9660664946814e-05 2.29615722716114e-15 6.7003056208404e-11 2.32477606395847e-10 -1.70804041294609e-14 0.0003377071582543015 -7.9465124082772e-15 -1.655448894884915e-10 -3.12328832935601e-10 2.4737070402202e-14 -0.000455517519967325 1.047651284802805e-14 1.107845581124755e-10 2.10011800130854e-10 -1.63986165330911e-14 -0.0003474783504294425 -6.46720908707555e-15 9.7087070308378e-12 5.97215654380545e-16 -1.176065784444625e-11 2.746100340343035e-16 6.2735257603944e-05 -3.88595930571415e-15 2.40844649090679e-10 6.1483542181849e-16 -3.139797166098715e-16 -8.74772699938485e-11 -1.543534708842565e-15 8.17939919796445e-06 1.00929460697902e-14 -2.819123136429355e-10 -4.375550044675915e-16 4.8039356249026e-17 1.919056019420295e-11 1.150204412297015e-14 -0.0004385660971779645 -1.1711951307665e-14 1.521412789667e-10 1.16978798833454e-16 -1.2046703917203e-13 1.6973371527395e-16 -6.6205125328151e-11 6.0185121884163e-15 0.000123187484290173 2.080086129883955e-15 5.72481144876395e-11 1.222827581410375e-16 -2.01325985040753e-13 -4.897353630033745e-14 -8.6556427431308e-17 6.4216146465972e-11 -1.592563858100955e-14 -0.0003270917148765305 -3.423227775126e-15 -1.33862546334794e-10 -1.05171490854677e-16 -3.731734204424555e-14 -5.8131319358385e-24 -1.237690335396915e-13 7.5247451536764e-17 -5.7401647511439e-12 2.78231972166878e-15 -7.31418061835825e-05 3.61842647178622e-15 -8.37939448025025e-11 2.996866319344445e-17 -1.816172414416015e-13 8.00013334358465e-24 0.0001198710723884795 -0.0001758396093842935 -0.00220586431854575 0.001058263207446155 -0.0003752850686965565 -3.251986478571315e-14 -1.323882203548045e-14 1.56736362661903e-05 4.586839027704005e-14 2.073667842376865e-14 -6.14004920854235e-05 -3.405595420204635e-14 -1.693114972123535e-14 0.0002180785081438255 1.56926841729815e-14 7.93836758762065e-15 -0.00053963503476701 2.19295684472256e-10 4.065227599759085e-14 8.67935288807595e-06 9.15609923462985e-15 -5.79127393131275e-10 -1.587211355990065e-10 -4.281318593260465e-14 -3.6424149620691e-05 -7.92855453533955e-15 6.135135835453e-10 4.564831947330085e-10 1.775849551017135e-14 0.00010003290789433 1.9277867426223e-15 -5.14081626557215e-10 3.24883288841802e-15 6.47356706198115e-11 1.46442263169806e-14 -2.68783915197743e-06 1.938828625757835e-14 -5.205532658867e-11 4.86162340106984e-16 -1.6908832217721e-15 -9.80691275154335e-11 -7.3894385177495e-15 5.00064953686945e-06 -9.4317747584983e-15 6.2462826907004e-11 -4.61059737381733e-16 -1.403264209644415e-13 1.224235154392295e-15 -7.98457482316555e-12 1.257701094327335e-14 -2.734790570410945e-07 3.1191243825886e-14 1.4888895533554e-13 -6.1569942941384e-15 -8.88319288641395e-14
7.2997701179903e-14 3.30864388653468e-14 -1.37392406715607e-13 -9.6271769963965e-14 3.204496311569725e-13 -5.6146871146894e-14 0.0134946450358184 -7.07458934982285e-07 -1.550583844966315e-14 0.0205067090753382 -9.60414455656205e-09 -1.91473136830036e-14 -0.0648598377932005 2.11242817727917e-06 6.73981805078455e-14 0.03049605197373655 -1.80865560214924e-06 2.837455862633335e-14 0.00950308161248785 6.08472233295075e-08 -1.17529707732504e-14 3.758338744620325e-16 7.39907180521695e-08 -2.25796486672999e-15 -8.16112655684945e-06 2.59375700903952e-17 -1.374314695757035e-15 -1.332272201252005e-07 1.575587034597155e-14 7.5369994283505e-06 -2.55497594221663e-16 2.23923908900071e-15 2.31622799083897e-07 -4.00323378852263e-14 2.949458665244425e-05 5.92324116682255e-16 -1.438819723563295e-15 -3.587864219650245e-08 6.40879868822995e-14 6.5818086050125e-05 -3.299930469257775e-16 -8.10446555808685e-10 -3.0132410556932e-15 -2.82428226933241e-07 7.5178974136159e-14 4.08060062925683e-06 -9.5642286808755e-16 -1.273330508669095e-09 6.50835751983835e-10 4.58086653428938e-15 6.7669025957833e-07 -1.64135205067717e-13 -2.881737019811e-06 1.092544068835155e-15 2.080034476803825e-09 -7.61451996696665e-11 -2.58080697534676e-15 -3.95722845249501e-07 1.225707649366435e-13 5.36352229332455e-05 -5.43200309881125e-16 -9.22116949199495e-10 5.90357554524935e-20 -1.181979539423225e-10 9.5515119529021e-16 -3.449802726009365e-07 -1.404427570352405e-14 3.777034175876205e-06 -1.06070047559094e-17 1.16082919898315e-10 2.361431174915985e-19 -8.0764147909273e-20 4.474301677222775e-10 -4.770109219903655e-16 2.0333102513145e-07 2.939318784046795e-14 1.40255898391117e-05 9.7385672839734e-18 6.7867760996104e-10 -3.207199369690655e-19 8.3116553602641e-19 -2.25268989663981e-20 2.063801455951495e-10 4.493076774241835e-16 -1.759785019464775e-07 -8.00270034093125e-16 1.960817157432715e-06 2.9660054547199e-17 1.11368934421119e-10 -6.3195146022006e-20 1.099679852904415e-18 8.81069269022825e-14 4.95006462720254e-14 -2.868554042250025e-13 1.77053704859738e-13 -2.031475921151e-14 -2.6426395579357e-06 1.419734014656085e-09 -4.7855559525648e-14 2.21622997645264e-05 3.954591147222325e-08 7.1040464587626e-14 -1.29702798439973e-05 -6.3037201055245e-08 -5.4823523775852e-14 0.0002500169821027745 5.9743317988014e-08 3.19609354817143e-14 8.48338027773525e-16 8.24146050188495e-09 8.4016915047993e-14 -9.83446514707985e-06 1.0201909824181e-16 -1.29491811954801e-15 -2.281445122710815e-08 -9.69386057590055e-14 3.35900169198639e-05 -1.201571752539395e-16 8.29118920266875e-16 3.523307579569525e-08 5.41008960927795e-14 -7.8647882112929e-05 7.982333729827e-17 9.09332256280015e-10 -4.03413299968873e-15 1.791324738257585e-09 5.68308350055495e-14 -1.863409564406635e-06 -6.80437047994525e-16 -5.30012542430605e-12 -5.29403896107915e-10 1.81960817381363e-15 3.349194036901005e-08 -3.442468239779995e-14 7.7705725761098e-06 3.687125683347635e-16 -5.809180774298e-11 3.29741769926822e-16 -2.045318507261175e-10 -9.08545930461105e-15 1.837437057887545e-09 9.3259567756682e-15 -3.903332221195855e-08 -2.83223178956839e-16 9.78381668508195e-12 1.42782114658104e-15
9.6192388611229e-14 1.531575650527605e-14 -5.4338462402034e-14 -1.456846652956105e-13 2.327113137608105e-13 5.4252236708772e-14 7.0422397632604e-07 0.01349464608636535 -1.893709442284665e-15 -9.6041445569013e-09 0.020506703833005 4.519289565317795e-14 -2.085698349526725e-06 -0.064859833738771 -5.13148410857745e-14 1.812051371986425e-06 0.03049604895860385 7.10538004495665e-14 -6.93775319247605e-08 0.0095030858906983 4.328166307197675e-15 -5.64913703038e-16 -8.15744771185045e-06 1.21498938378981e-14 -7.26536319892945e-08 -8.6934529770497e-16 2.21565204948204e-15 7.52050683847225e-06 -3.696800785264735e-14 1.28669102374903e-07 3.94963450836947e-15 -3.450393983662015e-15 2.95208813982995e-05 1.53232488429654e-14 -2.271528470345905e-07 -7.23491332005295e-15 1.466437288916365e-15 6.5805031514284e-05 6.7370407999431e-14 3.30317419685236e-08 3.88586589021231e-15 9.3979623486817e-10 4.798233133263415e-15 4.09632144375418e-06 8.94809888877065e-14 2.93012601076275e-07 1.168085327687635e-14 -5.4458487734801e-10 -1.498630622753585e-09 -6.8240962811484e-15 -2.91711015392652e-06 -1.736589218462725e-13 -6.93540217713895e-07 -1.542365344192715e-14 2.86099808270891e-10 1.146785287836975e-09 3.61990888618221e-15 5.36535704926395e-05 1.24678429289519e-13 4.01887565712181e-07 7.84933182069735e-15 -1.491342621059445e-10 -9.64980899840265e-20 -1.650296768703365e-10 -1.11885294980554e-15 3.77785592242956e-06 -2.617402117455185e-14 3.42886895997175e-07 -1.73384047298319e-15 -1.00217026717025e-10 -3.9649090474365e-19 1.161737637898395e-19 5.26677165218345e-11 9.2608603438378e-16 1.402806691848155e-05 4.0056271629744e-14 -1.983321592788355e-07 1.02981873846497e-15 1.58695587350633e-10 5.2245520014956e-19 7.2393332944502e-19 1.4853694733632e-20 2.33990652957192e-10 -1.613244958011575e-16 1.966882627315675e-06 5.80608582162115e-15 1.805443037766825e-07 -6.37253449000215e-16 4.705461684710785e-11 9.89098956416515e-20 6.09634318696775e-20 -1.870750448959655e-14 -3.61992731119732e-14 1.92878332781918e-13 -5.9744644603913e-14 -8.5575485478585e-14 -1.51282617122279e-09 -2.641205911674375e-06 2.016041142812365e-15 -3.986954525368315e-08 2.21593197246324e-05 7.162052577398e-15 6.4127473676398e-08 -1.29658023258265e-05 -1.702925473217015e-14 -6.24672088649535e-08 0.0002500121411132275 3.561841614080445e-14 1.561051940758775e-15 -9.833876591545e-06 8.7053310349401e-14 -7.6277192905234e-09 1.858880587053455e-15 -1.09432608845552e-15 3.35884370777005e-05 -9.7090943821525e-14 2.126697249849775e-08 -9.2423471688837e-16 7.59752885670525e-17 -7.86462528197025e-05 4.84443544854822e-14 -3.320471456115275e-08 -3.45210314975677e-16 1.0751442823076e-10 3.810816907297465e-15 -1.86390957190279e-06 3.12645828414363e-14 -2.155364724267225e-09 1.11900297523821e-14 8.0010880492263e-10 -7.58239767096115e-11 -1.853237725707725e-15 7.77063764112775e-06 -2.29764995001947e-14 -3.333753691803415e-08 -5.4487989523223e-15 -4.25794359267955e-10 -5.03227834696055e-16 -3.555487979415655e-11 5.17881838919985e-15 -3.911499954097395e-08 -4.501382361828325e-14 -2.01308364664215e-09 1.60835331409044e-14 -1.777950183046685e-10 -2.269703469518795e-15
0.026148159371637 8.6807271306746e-05 0.001342518492641785 0.00065068557844597 -0.000159619786311691 0.000340654590780991 -4.3428634164678e-15 9.6489515681613e-16 0.01443951805214575 -1.914731368300355e-14 4.51928956531779e-14 0.02146436650609405 3.17305447935865e-14 -4.19558008368119e-14 -0.0673052017768225 5.9765213557089e-16 -3.501547201629835e-14 0.0316321209990164 -1.561286780219045e-14 4.05849418615922e-14 0.00993019692043705 -3.375762585558795e-10 7.21698830709965e-15 -0.0001461190133805245 2.511325572692435e-15 1.534688806328065e-10 2.71413902140687e-10 -2.69061194149126e-14 0.000410841294507813 -8.48957551936215e-15 -2.667503109426865e-10 -1.855882280303505e-10 3.86929144450145e-14 -0.0001845993661093485 1.156285130937525e-14 1.423659149328325e-10 -2.51636692785892e-10 -2.460390407444265e-14 -4.0111169701818e-05 -6.396424129669e-15 1.175021141265455e-10 1.085294988435665e-15 -1.39165810685384e-10 4.74587880104625e-16 6.9696076206714e-05 -6.72857335292185e-15 3.147795531461905e-10 1.099793709363915e-15 -5.87877641040355e-16 6.64835435310705e-11 -1.851306914326195e-15 9.3998730479785e-05 1.525767765161475e-14 -3.815926839953205e-10 -7.8803147764993e-16 7.77978428931905e-17 -1.653415481751805e-10 1.907455077844535e-14 -0.0003587051108734555 -1.549439537390585e-14 2.23664163711368e-10 1.936545801755375e-16 4.684425273492595e-13 2.973914899414965e-16 3.935530203563615e-11 9.22571653065625e-15 0.0001613370313057765 2.583247682221875e-15 1.88687320733294e-11 2.058957642559945e-16 7.82999990715665e-13 1.90739615795555e-13 -1.621691445406795e-16 -1.934879217682415e-10 -2.379485540287945e-14 -0.000345705229015647 -3.181951782016175e-15 -1.240595034821975e-10 -1.90466486408664e-16 1.45370744835052e-13 -4.81995650798184e-24 4.815395959016975e-13 1.25962113727562e-16 -4.736817527132105e-11 3.800944420690235e-15 -8.22656418859035e-05 5.5275072638884e-15 -1.605600896265915e-10 5.8123145934697e-17 7.0655818052576e-13 7.0577495945361e-24 0.00010084580281431 -0.0004752875244611335 -0.002747217013704765 0.001364038680217695 -0.000398773660119716 -4.28369568394758e-14 -1.93131181181266e-14 1.62098506711561e-05 6.04472229833115e-14 3.09740988846024e-14 -0.00011591580269269 -4.42592280909764e-14 -2.56458013683725e-14 0.0001367359672436105 2.065595564555845e-14 1.350429360293805e-14 -0.001481893093573375 6.1071396084339e-10 7.03249887581345e-14 1.677135427403595e-05 1.668876588085895e-14 -1.08919851377824e-09 -4.71370159488853e-10 -7.42876088642075e-14 -6.49910260431465e-05 -1.572871159008545e-14 1.10365760675565e-09 4.733392195166235e-10 3.1046633432604e-14 0.0002328843218010985 5.53168368450265e-15 -7.1774959378797e-10 5.4448416131619e-15 1.346037659121855e-10 2.17250857473201e-14 -2.42026106299901e-06 2.875985605693395e-14 -7.1926857585372e-11 1.36277977622784e-15 -2.852799925844625e-15 -4.414414212333975e-11 -1.11191467938105e-14 -7.0877980510483e-07 -1.426139921822855e-14 4.15196619720457e-11 -1.02041238774935e-15 7.06819014381035e-14 1.62340475864815e-15 -1.39668103477467e-11 1.698548657506665e-14 -2.38552750712155e-07 4.39682647555092e-14 4.165908254977865e-12 -9.01232407127405e-15 2.103193346516245e-13
-1.928939327321555e-14 -7.1539329492385e-14 2.69013123889512e-13 -4.047580839410945e-15 -3.18598689347406e-13 5.27750185690635e-14 -0.04300164831998845 9.6816439633612e-07 2.837671498188835e-14 -0.0648598377932005 -2.085698349550255e-06 3.173054479358655e-14 0.206192908126622 4.287571662580335e-09 -5.1850386135572e-14 -0.0968269836394495 2.50253860832934e-06 -1.5149005837464e-13 -0.03020924679948355 -1.15017140652144e-06 1.85221948198659e-14 -1.24169052005702e-15 -1.631579138167035e-07 7.3361410134963e-15 1.668334784234105e-05 -4.07168450770376e-16 4.64622813349261e-15 3.477234591355775e-07 -4.815989371684895e-14 -4.0021342004993e-05 1.98071969144238e-15 -7.56046251415785e-15 -6.32169473989215e-07 1.30581969693545e-13 1.644074446381685e-05 -3.63828003414646e-15 4.722119182273025e-15 5.92583253290585e-08 -1.96663606862304e-13 9.35736493514945e-05 1.82606810464293e-15 2.187382684052155e-09 1.007063994080395e-14 8.47445545714885e-07 -2.401473045674735e-13 8.6655683153297e-06 4.58377648391891e-15 4.31090795294656e-09 -1.735651479074225e-09 -1.52941172086189e-14 -1.99876777877127e-06 5.2424222387258e-13 -7.03162190109795e-05 -5.77664576056145e-15 -6.84628116739325e-09 1.24411357100609e-10 8.53963318588245e-15 1.15991232990988e-06 -3.87252032380128e-13 0.000153773434721027 2.92597191330761e-15 3.05048652734135e-09 -2.000322352267285e-19 3.617050544995345e-10 -3.26740880948669e-15 9.99522821036355e-07 4.479538607924595e-14 -5.0938485176415e-05 -4.806848302364005e-16 -3.672235897358285e-10 -8.30089309457505e-19 2.75084795534409e-19 -1.47022054861937e-09 1.69248119461745e-15 -5.96491030585795e-07 -9.10253798285645e-14 0.0001090510722641025 3.73800440966456e-16 -2.09775026878185e-09 1.126836581760435e-18 -1.297348471068195e-18 7.697133692049e-20 -6.7357913974224e-10 -1.437888650745025e-15 5.23723542111395e-07 3.36046008049273e-15 2.11488597411298e-05 -1.536249773639685e-16 -3.27925641522646e-10 2.213947684391825e-19 -9.7852742946508e-19 -2.88547248737552e-13 -1.681582173357045e-13 1.13985573278022e-12 -5.9037020180735e-13 9.66126646955665e-14 5.499262679166e-06 -5.34765909663265e-09 1.537837017217465e-13 -1.478145119377135e-05 -1.26095146030731e-07 -2.284638907960185e-13 8.0604095511586e-05 1.81480950640716e-07 1.751816822697645e-13 1.27144663106055e-05 -2.45934216782253e-07 -1.041920424748455e-13 -2.964579243578165e-15 -2.655687406605775e-08 -2.70171211418874e-13 2.485460736537815e-05 -4.5646327283076e-16 4.43986358453145e-15 6.96026084879895e-08 3.11452853474268e-13 -8.54838666192195e-05 7.6661620806623e-16 -2.853692223522495e-15 -9.4310431070033e-08 -1.729395512593995e-13 0.0001384287751761405 -5.98664669959445e-16 -2.82791361885691e-09 1.353003690464795e-14 -6.1058329132876e-09 -1.828856605544935e-13 4.14097496848487e-06 4.265395937830845e-15 2.26189402204835e-11 1.64969945811489e-09 -6.05235721054185e-15 -1.010631265606065e-07 1.10220398521666e-13 -1.39706851938693e-05 -2.039590755985215e-15 1.828832229849655e-10 -1.132296476810745e-15 6.3570480271885e-10 3.09014508765255e-14 -5.27321748225275e-09 -3.697662058440015e-14 -1.434065574478765e-07 6.6336473707195e-15 -3.29211418361932e-11 -5.0136348414948e-15
1.184183787223265e-14 -2.662605508059985e-14 5.60143668239505e-14 2.03058488372156e-13 -7.4146788539935e-14 -2.41298806219268e-13 -9.7548294360197e-07 -0.043001660424791 6.1704266082402e-14 2.112428177266235e-06 -0.064859833738771 -4.195580083681185e-14 4.287571611039065e-09 0.2061929327675665 -7.35666683383045e-14 -2.55295933169443e-06 -0.0968269930090915 -9.11248661321665e-14 1.16336928415739e-06 -0.03020926423874315 3.19256242776196e-14 1.633144824289985e-15 1.66726795737244e-05 -3.782050233949725e-14 1.58727722407807e-07 2.784821827848745e-15 -6.5510372026501e-15 -3.99732342995308e-05 1.155403334220595e-13 -3.34506194247213e-07 -1.26646220450776e-14 1.020007519469785e-14 1.63635841090037e-05 -4.90540380655646e-14 6.19302293657185e-07 2.313489906878125e-14 -4.277406001485935e-15 9.3611523891127e-05 -2.013753743405635e-13 -5.141896748363e-08 -1.229223196964875e-14 -3.303554261083555e-09 -1.43561138630841e-14 8.6195978785082e-06 -2.793837232282305e-13 -8.7929105836912e-07 -3.68343296476296e-14 1.384832547408535e-09 5.0862661124931e-09 2.04064565966189e-14 -7.02129099460455e-05 5.44918155671165e-13 2.04885412458355e-06 4.874955642784495e-14 -6.33174050541185e-10 -3.722774060131325e-09 -1.08166256778404e-14 0.000153719731620697 -3.93567867506467e-13 -1.178485605697795e-06 -2.475344080436875e-14 3.6314126985132e-10 2.93044346264862e-19 5.0236584832368e-10 3.32249404142121e-15 -5.09407843083125e-05 8.2289254178988e-14 -9.934843837226e-07 5.558102117346e-15 2.87039946923532e-10 1.20266735775023e-18 -3.497156603002385e-19 -4.99199563707328e-11 -2.7651775213694e-15 0.0001090437473366535 -1.266982222141195e-13 5.819488682977e-07 -3.30687390466513e-15 -4.83062359648076e-10 -1.582969775046355e-18 1.554038640818635e-18 -4.26861909326778e-20 -7.13238352159345e-10 4.661110231437665e-16 2.11312073618639e-05 -1.7439922250107e-14 -5.3716574226015e-07 1.994285167330015e-15 -1.897482571844505e-10 -2.992973318434315e-19 1.121589040509995e-18 5.83632539125785e-14 1.053341834926065e-13 -2.11878683469508e-13 1.71768055456147e-13 3.435867271277525e-13 5.6240749828612e-09 5.49513331371685e-06 -5.05230754135315e-17 1.27003354888943e-07 -1.47729335429623e-05 -3.042359571663695e-14 -1.849651148201535e-07 8.0591424195758e-05 6.1353142467119e-14 2.534510898899805e-07 1.272789130395015e-05 -1.11728794118176e-13 -4.96036379435142e-15 2.48529408183501e-05 -2.74371583323143e-13 2.475331150763855e-08 -5.67346851852005e-15 3.683731139619305e-15 -8.5479264520605e-05 3.06341276136884e-13 -6.51334350783495e-08 2.71124728836979e-15 -4.060827711205165e-16 0.0001384239044016435 -1.529749687486765e-13 8.8585860625072e-08 1.230984061702605e-15 -3.407069008480985e-10 -1.098531853770615e-14 4.142441684298625e-06 -9.90475324970825e-14 7.19571598215425e-09 -3.522145197644785e-14 -2.491099322033205e-09 2.278100416634455e-10 5.39547452918045e-15 -1.397106757300465e-05 7.22476317295105e-14 1.006098531676795e-07 1.711564223192935e-14 1.32579388297217e-09 1.51276654555549e-15 1.13623506291712e-10 -1.38101530831432e-14 -1.431407636586825e-07 1.319841745461975e-13 5.7782577068605e-09 -5.08598002474035e-14 5.5294694886632e-10 6.8683746164643e-15
-0.0767091173782115 -0.00093513881020511 -0.00253875193194425 -0.001124397530886675 0.0982104048200265 -0.00062296402138589 -5.44687152204695e-15 2.59089436480419e-14 -0.04881461328973035 6.73981805078455e-14 -5.13148410857745e-14 -0.0673052017768225 -5.1850386135572e-14 -7.3566668338304e-14 0.257016887527943 -3.970230651505065e-14 1.974425589040205e-13 -0.111000366875978 3.573330935114495e-14 -1.0535029528659e-13 -0.03462425523821645 1.39963783941468e-09 -1.74705920696697e-14 0.00051658405408329 -1.907680048527395e-14 -6.93594816595195e-10 -2.886532704789865e-09 7.7180384457893e-14 -0.00115777498468285 6.71459054432245e-14 1.86198058689034e-09 5.8600974359417e-09 -1.2728642971095e-13 0.002962175588910045 -9.11476186700905e-14 -1.68128546478839e-09 -7.5089717203499e-09 8.23923882011035e-14 0.0053363092513456 5.3977911112154e-14 1.699348230751275e-09 -3.98746198031276e-15 4.70589761472987e-10 4.47939368913901e-14 -0.000256797259335496 2.656290058748315e-14 -2.222807722226135e-09 -4.35667943909479e-15 2.177492588120055e-15 -7.500372988332e-10 -3.628394624956335e-14 0.000168820489173114 -6.82531478189485e-14 3.43675248898515e-09 3.06756665227284e-15 -3.449631632743185e-16 2.672952089932645e-09 -5.3870655491001e-14 0.002778430574464455 7.81116379792815e-14 -2.68577582726712e-09 -9.24568128730465e-16 4.205624292899155e-12 -1.07891480735086e-15 1.884990848930405e-10 -1.88466284449346e-14 -0.00056083344978458 -9.5054157119e-15 -8.0586361680581e-10 -7.7721728755849e-16 7.0296282986308e-12 1.710996162503035e-12 5.48121424308705e-16 -1.71506209965137e-10 6.98788462309155e-14 0.00172733659600772 1.234289712046705e-14 9.7829788713686e-10 4.76959208377705e-16 1.30364128614074e-12 3.015464086620425e-24 4.3220143597624e-12 -4.658904012536105e-16 -1.608250921577545e-10 -3.09463705241891e-14 0.0003785655331161825 -7.9843951980391e-15 1.38183021941784e-10 -3.2963207054993e-16 6.34210989203685e-12 -6.9920992561685e-24 -0.00159666597054209 -0.002787207883841375 0.0847388936723775 -0.0108995491103049 0.02146098607546595 1.62363600949223e-13 7.7197362901691e-14 -7.56414949259785e-05 -2.340915179165065e-13 -1.142865514374495e-13 0.000203270798696914 1.79475995001534e-13 8.4535085878088e-14 -0.00095076305742356 -8.9615646860427e-14 -3.35556411061676e-14 0.0016782349837493 -1.583372915612635e-09 -2.559659939870795e-13 -3.053606079180625e-05 -6.3745579582996e-14 3.729330541132785e-09 1.0858221784597e-09 2.792716844580835e-13 0.00013984159397313 5.7314737040437e-14 -3.997463533705855e-09 -1.589051340640575e-09 -1.252350255742625e-13 -0.000319483237029893 -1.618470064323065e-14 2.485009947829905e-09 -1.929941410235115e-14 -4.19298675407857e-10 -6.5838273401874e-14 1.45676717749336e-05 -1.00145697817975e-13 2.930126372916255e-10 -4.825499400926305e-15 1.009912488350885e-14 3.09030028709983e-10 3.73173408963165e-14 -3.763909691177575e-05 4.91935926768702e-14 -2.42253349375883e-10 3.66498819991145e-15 3.622046364029375e-12 -5.91699245064715e-15 4.15318729166173e-11 -6.8918163921919e-14 1.65202134923861e-06 -1.678836542902705e-13 -4.67404907330947e-12 3.28611975403823e-14 4.80766695662435e-12
-3.933177845999285e-14 2.38135619514495e-14 -7.85389454327615e-14 9.4576383978183e-14 -4.10493404527143e-14 1.056823771473115e-14 0.0202164992846636 5.9604192959613e-08 -3.74787202321053e-15 0.0304960519737366 1.81205137198302e-06 5.9765213557089e-16 -0.0968269836394495 -2.552959331661e-06 -3.97023065150507e-14 0.0455276746229772 2.21519277151686e-08 9.8082244739208e-14 0.0141779431623212 9.1754823788177e-07 -2.137429120849355e-16 6.2273289044614e-16 5.4795675603378e-08 -3.61886695923049e-15 -4.150729616773925e-06 2.847534981766215e-16 -2.348027519627925e-15 -1.454334440376435e-07 2.257315461665145e-14 1.77886336461756e-05 -1.24083011581223e-15 3.804833178811945e-15 2.62557646090661e-07 -6.2655626897891e-14 5.26314028756535e-06 2.191765759996775e-15 -2.31484865568238e-15 3.55361100742718e-09 9.06033851023385e-14 3.62408936090361e-05 -1.09129478702302e-15 -1.03161180425611e-09 -4.960917223308725e-15 -3.99232218837232e-07 1.12451744168865e-13 6.729388425859e-06 -2.647737740159505e-15 -1.98594217344592e-09 8.11915901181105e-10 7.5484388993729e-15 9.2484309021838e-07 -2.45914028217466e-13 -2.680178449477135e-07 3.42766321965254e-15 3.18886615605562e-09 -5.72011959778695e-11 -4.195594145613895e-15 -5.34777112305365e-07 1.80921380277836e-13 1.022679507144995e-05 -1.74594612752096e-15 -1.4322867806921e-09 9.58717865853535e-20 -1.722579308099135e-10 1.63489901324937e-15 -4.560057276138015e-07 -2.08863651177571e-14 1.503557354478355e-05 3.7091552265997e-16 1.79932583787225e-10 4.264325084060895e-19 -1.324174409337455e-19 6.7487514398789e-10 -8.7291252151224e-16 2.714129314557125e-07 4.206040870373725e-14 -2.00098336921768e-05 -2.8197823599903e-16 9.79965616362375e-10 -5.78846151053285e-19 6.80140720555905e-19 -3.693824946387635e-20 3.096400353903205e-10 6.83169894549885e-16 -2.415882788452425e-07 -1.839863924855235e-15 -5.85809998369185e-06 9.75382800835945e-17 1.50112193612857e-10 -1.13713268590946e-19 1.3479981453967e-19 1.374031999781655e-13 8.1755244304808e-14 -5.80517107629355e-13 2.82648481655151e-13 -5.0515147327298e-14 -3.546337156148215e-06 2.45238327683288e-09 -7.4499281408563e-14 2.246008389667565e-05 6.05730354288745e-08 1.104929425897815e-13 -2.89997879240171e-05 -8.4175519543803e-08 -8.4167683115433e-14 0.0002076552939963445 1.29215600802912e-07 5.0825039944573e-14 1.532921604532225e-15 1.251966102961405e-08 1.26905694800632e-13 -1.264589018104055e-05 2.27801713749273e-16 -2.26907711069475e-15 -3.27072202190377e-08 -1.462439469297305e-13 4.366674336351975e-05 -4.553887529016825e-16 1.454686426583025e-15 4.18422443546681e-08 8.0910180702201e-14 -8.1044640347586e-05 3.709997697122155e-16 1.33048359689819e-09 -6.6325321821916e-15 3.15520864968443e-09 8.6643229530633e-14 -2.02239648950034e-06 -2.704832571288915e-15 -8.6116715082237e-12 -7.76099072256015e-10 2.951285280780355e-15 4.72823008341551e-08 -5.1998217452941e-14 7.0516063914792e-06 1.25891133525607e-15 -9.04442051010145e-11 5.48280460395115e-16 -2.989897097641705e-10 -1.525449550913405e-14 2.34455813948343e-09 1.990825466470505e-14 7.04920930975045e-08 -4.87692113019602e-15 1.53408491643075e-11 2.574649690273375e-15
-1.40747023524453e-13 5.5419668650985e-15 1.029535039614595e-14 -1.43386160117686e-14 -1.55329267862466e-13 1.353866611748e-13 -4.72662003969619e-08 0.0202165050754776 -6.20150781765715e-14 -1.80865560214798e-06 0.0304960489586038 -3.50154720162984e-14 2.50253860836423e-06 -0.0968269930090915 1.974425589040205e-13 2.215192771994965e-08 0.0455276785529171 -3.845832900050415e-14 -9.1625493378215e-07 0.0141779508665653 -4.195808628483395e-14 -6.969267165225e-16 -4.145851072750285e-06 1.818221354062605e-14 -5.2479609201531e-08 -1.31142934415568e-15 2.89392727237484e-15 1.776657808763325e-05 -5.5516205450353e-14 1.393281197468575e-07 5.9655202591708e-15 -4.52588777519441e-15 5.2985238903813e-06 2.659389492870085e-14 -2.56596661621509e-07 -1.09092778535711e-14 1.869346076981345e-15 3.62234962708655e-05 9.3273919884669e-14 -7.41507017009945e-09 5.7504119001667e-15 1.525087579692915e-09 6.45892466702875e-15 6.75035121033175e-06 1.3163501665766e-13 4.14025112613434e-07 1.722667583751415e-14 -6.45638105115945e-10 -2.37874603285564e-09 -9.161249960576e-15 -3.151905231369285e-07 -2.57763483746137e-13 -9.4792356913231e-07 -2.28299719079986e-14 2.869887110811405e-10 1.754962239887115e-09 4.836114794958275e-15 1.025134171435815e-05 1.88501765503249e-13 5.4325942726851e-07 1.1553714476153e-14 -1.644147709966115e-10 -1.442243842194035e-19 -2.47373747671028e-10 -1.47429142657689e-15 1.503657885619415e-05 -3.91981347204361e-14 4.532762704404305e-07 -2.620384840560715e-15 -1.40525490282345e-10 -5.6880527209625e-19 1.731906567179175e-19 3.98581252171779e-11 1.22504595381676e-15 -2.00064719682899e-05 6.1223070831579e-14 -2.64838418070172e-07 1.539420607071805e-15 2.391260963733145e-10 7.4988084172451e-19 -2.039050203300855e-18 2.19115179220172e-20 3.367127198243235e-10 -2.037041790886175e-16 -5.8500688131384e-06 8.2467416362873e-15 2.47744954575407e-07 -9.3653652426532e-16 8.395807428567e-11 1.424225190385635e-19 -7.15400166898985e-19 -2.59322448680297e-14 -4.63947443341613e-14 -4.208240106194115e-14 -7.3312435522845e-14 -1.850178657617785e-13 -2.55900635721798e-09 -3.54447780036408e-06 -1.485709895268185e-15 -6.0996437208962e-08 2.245624646833955e-05 1.605228956421395e-14 8.5873692209969e-08 -2.89941130444445e-05 -3.18734959272222e-14 -1.32803215062655e-07 0.0002076493211911775 5.1731123625822e-14 2.38257797470578e-15 -1.264515191167245e-05 1.27774445975487e-13 -1.168227556924355e-08 2.607819941044825e-15 -1.87678498179555e-15 4.36646528835738e-05 -1.42891342249287e-13 3.067538307217685e-08 -1.216186969123585e-15 2.78646237218411e-16 -8.10423513808705e-05 7.16692564237115e-14 -3.92463193077717e-08 -6.1836083637172e-16 1.60958267891847e-10 4.781405431137085e-15 -2.023072411874525e-06 4.777556753281985e-14 -3.65962154188937e-09 1.646177761432145e-14 1.170589300306655e-09 -1.040967604972155e-10 -2.36968632298223e-15 7.05181518544375e-06 -3.45322266607192e-14 -4.707091978140095e-08 -7.99310942438065e-15 -6.2485170397463e-10 -7.51834008710085e-16 -5.3979546812161e-11 5.5442722000536e-15 7.03662825411185e-08 -5.92104355803485e-14 -2.57325554488069e-09 2.37156796383797e-14 -2.597308175016855e-10 -3.25622700479863e-15
0.03442409129206895 0.000410672161735564 0.0012326637232029 -0.000464767084504164 -0.018892212339639 0.0004577490118442635 3.694696822605045e-14 1.37236967805077e-14 0.02261525884998615 2.837455862633335e-14 7.10538004495665e-14 0.03163212099901645 -1.5149005837464e-13 -9.11248661321665e-14 -0.111000366875978 9.8082244739208e-14 -3.845832900050415e-14 0.0502701777658865 6.5630774259021e-15 6.76676055959935e-14 0.0157164980818008 -5.56586992643415e-10 1.056794471384265e-14 -0.000234703298677364 6.53203087831725e-15 2.54358959303485e-10 8.4796604644542e-10 -4.00599889861599e-14 0.00066030666054269 -2.288537115033575e-14 -5.82557973459605e-10 -1.300402031822685e-09 6.0903878000034e-14 -0.00113837338933335 3.07961220225658e-14 4.319111247748845e-10 1.234778365606075e-09 -3.91392611099127e-14 -0.001244719077750925 -1.810290984107865e-14 -1.233137630338975e-10 1.703611023288125e-15 -1.548449761782155e-10 -8.3446745159274e-15 0.0001365668363993055 -1.05656653188126e-14 7.16967094773465e-10 1.82456256252277e-15 -9.20966312929305e-16 9.69572237987855e-11 4.96218814648098e-15 -5.3533122309157e-05 2.702504359693245e-14 -1.00831622523894e-09 -1.30011015630882e-15 1.38829845664299e-16 -5.19430428220495e-10 2.816984148115145e-14 -0.00101686729340637 -3.048358212334715e-14 7.1457117537584e-10 3.622285357971865e-16 -5.7323332449747e-13 4.66838887675863e-16 -9.7365525206132e-11 1.22340930599994e-14 0.000258692665797444 4.586298314367385e-15 1.741363074067375e-10 3.36932218757771e-16 -9.58182503137735e-13 -2.33145820721558e-13 -2.42753266013041e-16 3.24192317012889e-11 -3.60040513773032e-14 -0.000737408607624455 -6.3782703763834e-15 -2.81893414184679e-10 -2.608757803591545e-16 -1.775822848765875e-13 -5.8937949104261e-24 -5.89038564466575e-13 2.02227776136192e-16 -1.14947187513074e-11 1.00820299330415e-14 -0.000168197791861936 6.75373291556455e-15 -1.505361637520985e-10 1.108992213290885e-16 -8.6437460517077e-13 8.7396726065318e-24 0.0004129082369647715 0.0001234529803217785 -0.018589706464739 0.003250006237612575 -0.00374928665651167 -7.79899653939125e-14 -3.4724056669258e-14 3.487698141246235e-05 1.10732024727797e-13 5.30225669006395e-14 -0.0001256572460535365 -8.31503329909495e-14 -4.148924426391045e-14 0.000464009310750526 4.07283942398824e-14 2.02616598349806e-14 -0.00109375456041863 7.05829840268035e-10 1.11441321360459e-13 1.59286245746286e-05 2.629488063604055e-14 -1.61100904533466e-09 -5.1676667893994e-10 -1.19079748069088e-13 -7.03727089943225e-05 -2.349107131821895e-14 1.69825918217902e-09 7.8458159839303e-10 5.08843600123295e-14 0.0001699703609458435 6.33493466725575e-15 -1.0677441336533e-09 8.5494679284822e-15 1.82146429686967e-10 3.22695687610083e-14 -6.85203437026635e-06 4.626024251608835e-14 -1.309005579062765e-10 1.872812466018315e-15 -4.46687437293036e-15 -1.590310740076e-10 -1.710883751916725e-14 1.718896581119645e-05 -2.2550951088061e-14 1.08361888008485e-10 -1.49464009271942e-15 -5.5581427317175e-13 2.797855907335775e-15 -1.80427255029612e-11 3.107232510162665e-14 -7.7510621184187e-07 7.62454717087835e-14 5.43309236064115e-12 -1.503101909976025e-14 -8.63552017238785e-13
2.741621775333475e-14 1.608415658505535e-14 -6.51046909327865e-14 -4.597752947814135e-14 1.053384531196965e-13 -2.66962731158899e-14 0.00629234834549365 -4.00051129922618e-07 -1.08604464662027e-14 0.0095030816124879 -6.93775319261885e-08 -1.561286780219045e-14 -0.03020924679948355 1.1633692841583e-06 3.5733309351145e-14 0.0141779431623212 -9.16254933784545e-07 6.5630774259021e-15 0.00442758594749945 -2.12214522872406e-09 -7.65176618700745e-15 1.79624931765161e-16 3.393081586443815e-08 -9.9134009892554e-16 -3.586094155583955e-06 2.960299340398055e-17 -6.61380425823965e-16 -5.99470827424885e-08 6.85884152892235e-15 5.9718281056205e-06 -2.095233714676595e-16 1.072480296203355e-15 1.03909520017072e-07 -1.872938197015905e-14 -3.12258817880476e-06 4.12489536051571e-16 -6.887261455258e-16 -1.71750479203303e-08 2.781375659690215e-14 -2.13744666822e-05 -2.13793281666664e-16 -3.411230420067065e-10 -1.46420160604449e-15 -1.22186509871934e-07 3.52353290900101e-14 -2.61462809401828e-06 -5.77439024328865e-16 -6.40983863349435e-10 2.772448030882845e-10 2.21569681326487e-15 2.971532462964275e-07 -7.68144961559125e-14 1.41579531591735e-05 6.9903903857029e-16 1.008584369557005e-09 -2.60046860619151e-11 -1.250092510663115e-15 -1.71932964950973e-07 5.68200735376285e-14 -3.034783067868375e-05 -3.520448176047165e-16 -4.465715789259275e-10 2.814731563663655e-20 -5.1468058065484e-11 4.65574717516119e-16 -1.508438959603095e-07 -6.62748337850915e-15 8.2521260265365e-06 3.29269300457087e-17 5.11467862387405e-11 1.114538641991345e-19 -3.855962334191715e-20 2.20169903674469e-10 -2.42951269901554e-16 9.14613279650935e-08 1.360679898167675e-14 -1.85186855025793e-05 -2.632742769241295e-17 3.096107116057205e-10 -1.512928469825305e-19 -6.4896512560226e-19 -1.08511396328879e-20 1.024716829262035e-10 2.103817512859555e-16 -7.8045466916035e-08 -3.970922707451535e-16 -3.32332227177071e-06 1.837097083680455e-17 4.88518957397813e-11 -2.973044820679365e-20 -2.94094822835398e-19 4.22143523386469e-14 2.56771282493948e-14 -1.70851264807946e-13 8.70758958583325e-14 -2.072571388981225e-14 -6.94861877592335e-07 7.9393665375957e-10 -2.21174795090852e-14 6.83251189071235e-07 1.858723641092775e-08 3.29916298384079e-14 -1.22317398973354e-05 -2.700708881078915e-08 -2.557653522505885e-14 -2.159628066035085e-05 3.817372005710025e-08 1.55093260248518e-14 4.181209248259065e-16 3.80168956761023e-09 3.957543615523445e-14 -3.57226087818522e-06 5.24437198840695e-17 -6.3355623251864e-16 -1.0020061858393e-08 -4.556212415457205e-14 1.226438548103035e-05 -6.99692097824895e-17 4.020427500068e-16 1.35366543719846e-08 2.5315244289406e-14 -1.925923690673315e-05 5.70488448982125e-17 4.147903948611755e-10 -1.96709693157436e-15 7.50524747045485e-10 2.67305724100936e-14 -6.20839946948675e-07 -4.712807231655465e-16 -5.4403251309379e-12 -2.43242318621818e-10 8.85941432806675e-16 1.52707384104148e-08 -1.611743951088355e-14 2.139531026949485e-06 2.355463887764065e-16 -2.332278482630775e-11 1.57621391813603e-16 -9.34121734728985e-11 -4.458331625846305e-15 8.04024568363995e-10 5.14042122095695e-15 1.54934413049837e-08 -5.3833063787046e-16 5.19050558217945e-12 6.73328752038115e-16
8.20523047303535e-14 7.763110886216e-15 -2.736893989304005e-14 -7.00797455755015e-14 7.97846622869765e-14 2.471573291346485e-14 3.985400293209045e-07 0.0062923529891264 1.197472865336905e-14 6.08472233326855e-08 0.0095030858906983 4.05849418615922e-14 -1.15017140651869e-06 -0.03020926423874315 -1.0535029528659e-13 9.17548237887685e-07 0.0141779508665653 6.76676055959935e-14 -2.122145226781285e-09 0.004427590628661615 1.32671991504992e-14 -2.737707888244625e-16 -3.58451862858699e-06 5.24733086778475e-15 -3.328111272448925e-08 -4.157486957537625e-16 1.032871493078575e-15 5.9646669858599e-06 -1.61410328922762e-14 5.79263628700155e-08 1.8861595691929e-15 -1.5940687985563e-15 -3.11087132475374e-06 4.064008667949605e-15 -1.01770850767841e-07 -3.423936495137475e-15 6.81438763119095e-16 -2.13799883736974e-05 2.90423799307113e-14 1.652532334293075e-08 1.844357074078305e-15 4.805689105739485e-10 2.2166633692217e-15 -2.607587449854955e-06 4.130579942547935e-14 1.27011146555768e-07 5.5194950468658e-15 -2.25592580368188e-10 -7.3789740336807e-10 -3.16057285510279e-15 1.41422289374103e-05 -8.02498098455525e-14 -3.04824329752413e-07 -7.2954889288656e-15 1.138681036629075e-10 5.3954218429959e-10 1.68647906428503e-15 -3.03394974491786e-05 5.6008430761945e-14 1.7525935436482e-07 3.733021845602715e-15 -6.52417261018305e-11 -4.105194683820385e-20 -7.0341257869233e-11 -5.2002562895954e-16 8.25246748854455e-06 -1.18033509890685e-14 1.49883371102103e-07 -8.31011406629835e-16 -4.044916201203535e-11 -1.79222114010922e-19 4.888047069363615e-20 3.881675905480605e-12 4.343830197461515e-16 -1.85174899886095e-05 1.7549489618839e-14 -8.90203527771715e-08 5.1259710703082e-16 6.47163754766395e-11 2.35694847671433e-19 7.9994625671174e-20 5.8842109843713e-21 1.04321940517966e-10 -7.47176811105115e-17 -3.320628851796835e-06 2.477701132715965e-15 8.01112572028325e-08 -2.952462535302425e-16 2.71863846032605e-11 4.44201526528695e-20 -1.323617661338065e-19 -8.2444923054046e-15 -1.5283869875434e-14 9.0390690742331e-14 -2.593416749520325e-14 -4.333072948153085e-14 -8.4381772983423e-10 -6.94234561908155e-07 5.4105293093678e-16 -1.865124514564095e-08 6.81973865240125e-07 3.998182356954305e-15 2.7436526413237e-08 -1.222980045402975e-05 -7.3728095565276e-15 -3.82155842708516e-08 -2.159792934837175e-05 1.775014777294145e-14 7.26528515060085e-16 -3.572006434869795e-06 4.13993390682564e-14 -3.53881929199096e-09 8.57402306370445e-16 -4.902133134709055e-16 1.226370191700375e-05 -4.60785509324799e-14 9.36816487184355e-09 -4.11600078485739e-16 2.812202886373755e-17 -1.925859982320655e-05 2.274882456207765e-14 -1.27796981506437e-08 -1.728330440242655e-16 5.14963067078e-11 1.751376068764955e-15 -6.2105891653805e-07 1.459351625668715e-14 -9.15755323011725e-10 5.3069843242618e-15 3.66390622112161e-10 -3.706799074026255e-11 -8.53502708788085e-16 2.139582319997265e-06 -1.067380216266e-14 -1.51998065308059e-08 -2.580089703463465e-15 -1.945425593219915e-10 -2.10713978168833e-16 -1.68281801738148e-11 2.365525561387935e-15 1.545532086117905e-08 -2.063019588472655e-14 -8.79691138856715e-10 7.7289653371032e-15 -8.13620909217375e-11 -1.02298507652455e-15
0.01168586466484575 0.0001148608097048775 0.000471578479881325 -0.0001273606436512135 -0.00533489395629125 0.000213250235036134 -1.85435651960081e-15 -9.9982593694759e-15 0.0070936980154324 -1.17529707732504e-14 4.328166307197675e-15 0.00993019692043705 1.85221948198659e-14 3.19256242776196e-14 -0.0346242552382165 -2.137429120849385e-16 -4.195808628483395e-14 0.0157164980818008 -7.65176618700745e-15 1.326719915049915e-14 0.004942393068873695 -1.83371376194488e-10 3.235244372308835e-15 -7.70456794486675e-05 1.856445142817755e-15 8.40407719206175e-11 2.766686257180125e-10 -1.297752721751845e-14 0.0002138820156421645 -6.3367669726568e-15 -1.998345992391865e-10 -4.348357670240735e-10 1.94153573489509e-14 -0.0003522582053491775 8.6038436660446e-15 1.55356974806677e-10 3.63148743872252e-10 -1.23076286849185e-14 -0.00038395757366134 -5.18813349165675e-15 -4.71963321452323e-11 5.7801455756882e-16 -5.54261163027885e-11 -2.9751669136035e-15 3.84514523719106e-05 -3.909009298529615e-15 2.37242922125016e-10 5.95590519434925e-16 -3.130463448644685e-16 1.239376271992795e-11 1.945930333378315e-15 -1.15765944287553e-07 8.9766675194588e-15 -3.019557263994145e-10 -4.16872362833284e-16 4.69967376321668e-17 -1.47956444858395e-10 9.40934138363025e-15 -0.000333219192778347 -9.39095142259875e-15 2.0446240047854e-10 1.153799890115675e-16 -2.378654842222095e-13 1.586729442623175e-16 -3.48182567356486e-11 3.894492999026895e-15 8.2444527315936e-05 1.28377635894493e-15 6.04501680050055e-11 1.123964327427855e-16 -3.975696093596185e-13 -9.6749480307234e-14 -8.1931152347043e-17 9.0513246666408e-12 -1.13893430061521e-14 -0.000230282327746862 -1.55823843106118e-15 -1.073054254363155e-10 -8.28802902403785e-17 -7.3715370507168e-14 -1.56919181194775e-24 -2.444286294706935e-13 6.7933718730725e-17 1.47434712817448e-12 3.143379821388275e-15 -5.0880916900455e-05 2.058933384842975e-15 -5.36294610294875e-11 4.141606882292705e-17 -3.58672779447488e-13 2.45364483558578e-24 0.0001190935654265445 1.99891437058219e-05 -0.004027389743286305 0.00091393624699904 -0.000941657081177655 -2.123531343750775e-14 -1.03133325951763e-14 1.075521110808805e-05 3.026267762108885e-14 1.59840431324324e-14 -3.657451307949575e-05 -2.266751469271325e-14 -1.24802262148236e-14 0.000150015946080979 1.0437766492627e-14 6.1273459367966e-15 -0.000298781000420642 2.55229674274339e-10 3.843434950857725e-14 5.4935164658687e-06 9.45700124886225e-15 -5.49393636092955e-10 -1.87389264604657e-10 -4.12480187219417e-14 -2.330479826236795e-05 -8.9107339312964e-15 5.77090323277235e-10 2.383731697036335e-10 1.795719225301495e-14 6.2440506765036e-05 3.07573882040336e-15 -3.642611981768975e-10 2.87081039471895e-15 6.2292954352029e-11 1.03170657039379e-14 -1.875253548028515e-06 1.439346821876365e-14 -4.17820608300813e-11 8.2038310260275e-16 -1.504848134093525e-15 -3.923498855654315e-11 -5.5988461544529e-15 3.86548514143514e-06 -7.17979199285165e-15 3.160374855542365e-11 -5.8877026583019e-16 -2.26723320172004e-13 7.95545554479835e-16 -6.3146685831276e-12 8.65637651015775e-15 -2.013399319476855e-07 2.22978457655252e-14 1.31184397334245e-12 -4.582002932411825e-15 -2.493085321756095e-13
9.5382704994586e-11 -1.848897018185965e-11 -5.7814374915884e-11 -2.468945548593545e-10 1.260905334089835e-09 -2.408996313555465e-11 2.9960784851341e-16 -3.15506310425026e-16 -1.900146590311115e-10 3.75833874462032e-16 -5.64913703038e-16 -3.375762585558765e-10 -1.241690520057025e-15 1.633144824289985e-15 1.399637839414665e-09 6.2273289044614e-16 -6.969267165225e-16 -5.5658699264341e-10 1.79624931765161e-16 -2.737707888244625e-16 -1.833713761944865e-10 6.5390949067437e-06 7.08860885898305e-19 3.3074419188894e-11 2.94715170663825e-19 -2.31352369575228e-10 -5.3546868053878e-06 2.923717132460835e-18 -4.209243296250685e-11 3.22885517676947e-17 -1.130302340637215e-09 3.5161588390322e-06 -2.315681318176445e-17 5.66553034569645e-11 -6.2174616328027e-17 6.5953914599729e-12 -1.176987222085745e-06 3.130402406957045e-17 3.842655766599305e-11 7.13038013619495e-17 -9.1912575994747e-10 -7.7374878499219e-19 2.619262921647155e-07 6.4957211515618e-18 7.7902571766103e-12 1.352745707226445e-17 -6.551081060934e-09 1.01585562703718e-17 8.4569935318704e-19 -2.450573266423265e-07 -1.229016615090945e-17 -1.35401755344008e-11 -5.3089734876177e-17 1.18349297920919e-08 -8.04198829771465e-18 -5.37260486454345e-19 2.011160859945755e-07 3.701552973900855e-18 1.570343147853175e-11 7.0341262123248e-17 -6.3685891122683e-09 1.802858002983985e-18 7.0368298495533e-14 4.47907462598978e-19 -1.749975516785685e-08 -6.52996316084765e-18 -1.010547553754535e-11 -1.24896786885726e-17 1.876508755578305e-09 7.43263872406065e-19 2.692779239226075e-14 -5.29329391299405e-15 -5.2417899391995e-19 8.456565776797e-08 1.81480641363804e-17 9.831516587946e-12 2.949006142710235e-17 -1.504767167884825e-09 -6.7036996364031e-19 -6.8859303283461e-14 -1.865424995185315e-22 4.408563851088315e-14 -4.064921249056695e-19 2.00019262890183e-08 -7.41152333510635e-18 1.937707950014285e-12 -9.28028398821745e-18 -1.04390061177243e-09 6.02736926967375e-19 -4.218931533461795e-14 -3.01915018231524e-22 -2.51314766997001e-11 -6.45869359306705e-11 -1.32550158483369e-10 -9.57254659400165e-11 2.19771420487776e-10 8.8263996815303e-17 -2.31707317006145e-17 -8.11171689919325e-14 -1.10825853367511e-16 3.32121269212417e-17 -6.26722080616135e-13 1.02906793075255e-16 -2.66821127837801e-17 -1.05575155809145e-11 9.01994043371745e-17 5.44517211722955e-17 9.5280797839987e-12 1.08044374969682e-08 2.610712912711375e-18 -4.264717852417685e-13 -4.88328884420119e-20 1.62275382755622e-09 -3.19280157646625e-08 -2.80218788499083e-18 1.912162366050415e-12 -7.33732352132435e-18 -3.669363670652765e-09 1.475599975630455e-07 2.27407695461343e-17 -6.53962364512385e-12 1.291091524768415e-17 4.60755080592547e-10 -2.216496531065255e-18 2.953146843099485e-09 7.29185284084405e-18 -6.5100412823666e-13 -2.70334269303352e-17 1.108263475733375e-09 9.70496263641325e-18 1.04391148883367e-18 -2.97543868266801e-08 -5.19215883568645e-18 -5.9587057513245e-13 8.969897826922e-18 1.15731976593977e-10 -4.876787059299655e-18 8.20950631210545e-17 -2.28807042711162e-18 6.08978124750455e-10 1.491208059541295e-17 8.46555331425685e-14 -7.61886527362715e-17 -2.73538216926295e-10 4.19264446991103e-18 1.844430789890845e-16
6.81482902537085e-15 -1.096093285383335e-15 4.00258526402365e-15 5.03689681805105e-15 8.77265307824475e-15 4.040575032609785e-15 3.050248334159215e-08 5.28430297749285e-06 4.346246497464485e-15 7.3990718052166e-08 -8.1574477118505e-06 7.21698830709965e-15 -1.631579138166695e-07 1.667267957372445e-05 -1.74705920696697e-14 5.4795675603365e-08 -4.145851072750305e-06 1.056794471384265e-14 3.39308158644351e-08 -3.584518628586995e-06 3.23524437230884e-15 7.0886088589831e-19 8.70543936901865e-06 3.817805962946515e-17 -1.53675349040274e-11 2.081074361447285e-18 -1.16506670889637e-17 -6.8747227111019e-06 -5.4511379043268e-17 2.69236347814638e-09 1.51655778735171e-17 2.570170584243755e-17 5.8076504112012e-06 -2.488081719191535e-16 5.1451511102399e-10 -2.397611615373805e-17 -7.84765376958105e-18 -5.87649539247935e-07 1.138486470815325e-15 -2.4780602802583e-09 1.014968262489175e-17 -7.9836058384836e-12 -1.66525484142361e-17 3.42536107200646e-07 4.102442752117065e-16 2.904456592153195e-09 3.406250832257745e-17 -4.79341261342763e-12 5.2158663770265e-12 2.475866400005715e-17 -1.4288837403863e-07 -6.9291268180115e-16 4.458769981455155e-10 -4.62037154239323e-17 2.566567772325045e-12 1.83455944404508e-12 -6.29672285755075e-18 1.45163284703188e-06 3.250183968916075e-16 -2.913750781377375e-09 2.37192901915393e-17 -3.20836548457392e-12 1.34237296885969e-22 -1.384332812550685e-12 5.17393551817405e-18 -2.035788940423805e-07 -7.20970763141615e-17 -3.48673919937066e-09 -8.4874673430254e-18 -3.012751601226455e-13 -6.5497356760689e-22 -3.551505584063645e-22 4.523552633746245e-12 5.8200322897918e-19 9.589698845161e-07 -5.6213359839473e-17 3.438044671887545e-09 7.2930432612498e-18 -2.611810578009105e-12 9.75512843042865e-22 8.9926119436635e-20 -1.59288816415612e-22 2.37516552117692e-12 2.193315355361905e-18 2.33926631288772e-07 -4.294169868533515e-17 -4.28541328071437e-09 -9.26414453193815e-19 -1.532248533232635e-12 2.70158465047143e-22 1.409562820961105e-19 -1.73099090919785e-16 -1.03508608765086e-15 2.056496548993315e-14 -1.247273836525075e-15 5.2309367303307e-15 -1.4804613802125e-09 -6.36952020940195e-09 -6.7621785988362e-17 2.21876026164143e-09 1.049946351456955e-07 1.59102073741046e-16 -1.314980755862025e-09 -3.89791915280115e-08 3.33187227688418e-17 -4.61736948468175e-10 1.8560885225717e-06 1.20185688196683e-16 1.52915134769204e-17 -5.95273890441295e-08 5.112689189011e-16 -4.057001361202835e-10 -1.45782732305809e-18 -1.70074166741502e-17 1.693968094471965e-07 -5.2798248284581e-16 -5.3712007659199e-10 -1.92129861349405e-18 1.00265067965161e-17 -1.21280239219779e-06 2.256482052156615e-16 -8.6016067678667e-10 -2.6056242304263e-18 -4.82272639250128e-13 -2.419144644439275e-17 -1.88145201968611e-08 3.052853752902895e-16 8.5036567890688e-10 3.372799148550215e-17 -8.5006586879695e-12 -5.50597689849475e-13 9.09496277723275e-18 1.273223417049185e-07 -1.62789604107079e-16 7.5753217603683e-10 -1.47091220894098e-17 5.96502231887515e-12 1.797967396641425e-18 1.12517404810793e-13 -6.38016132683955e-17 -2.679154074097335e-10 1.2392761388795e-16 1.14419867524508e-09 6.14618275314745e-17 1.90857811720062e-12 -4.543217591843055e-18
-0.0003661728676913255 -1.021302087336075e-05 2.15774231691362e-05 6.53190267668505e-05 -5.14095031561485e-05 1.18658870641613e-05 -1.706108524381105e-15 8.19720677899585e-15 -9.9660664946814e-05 -2.25796486672999e-15 1.21498938378981e-14 -0.0001461190133805245 7.3361410134963e-15 -3.782050233949725e-14 0.00051658405408329 -3.61886695923049e-15 1.818221354062605e-14 -0.000234703298677364 -9.9134009892554e-16 5.2473308677847e-15 -7.70456794486675e-05 3.307441918889405e-11 3.81780596294651e-17 1.07547567134082e-05 -1.29392021197371e-16 -1.400285746035415e-11 -5.748134252792e-11 2.189049470871185e-16 -1.16511562703895e-05 4.95601601943812e-16 2.634569647262215e-11 4.50572204230541e-11 -2.07285408429129e-16 1.522479572047245e-05 -6.3380347618404e-16 -2.320582435095955e-11 -9.0610016599319e-12 2.720701478336805e-16 4.898418972953145e-06 2.39852157372468e-16 2.26026284355333e-12 -3.60852112808823e-17 1.11029768367294e-11 2.43320298595751e-16 -2.342664923801255e-07 6.70261332754335e-17 -7.8381916362703e-12 -4.814452680130085e-17 2.575819898021785e-17 1.452507077700015e-11 -1.70197745262315e-16 1.910656477441605e-07 -2.318899341744545e-16 -7.69217765615205e-12 3.87401898884461e-17 -6.01553994604575e-18 -1.59801079246563e-12 3.833451744206765e-17 7.44837334540075e-06 2.977432288543635e-16 -4.96925409214809e-13 -1.173852191546945e-17 1.17010999606004e-15 -6.82231319634755e-18 8.6065599749231e-12 -1.135637395143385e-17 -1.346523883425755e-06 -1.356048473547585e-17 -4.634851406612815e-12 -5.98919379824815e-18 1.93262826488207e-15 4.719623703146075e-16 5.61578075826925e-18 1.0864326086337e-11 1.595580893143775e-16 4.31996665518011e-06 3.854025546806545e-17 -8.18779991620055e-12 5.5378899252222e-18 3.56748217538882e-16 -3.192949666645095e-25 1.19972255013252e-15 -1.29562029243914e-18 1.20794922524004e-11 -6.93906669883395e-17 8.1455880825675e-07 -3.260015511358205e-17 -7.6462019511464e-12 -9.93987158597785e-19 1.74241008134091e-15 3.56171396173838e-25 -1.040002194875355e-06 1.51585805034567e-06 4.22000141555652e-05 -7.8532966199685e-06 -1.153580225465815e-05 1.16978252467862e-15 4.989639338525785e-16 -1.88698522374415e-07 -1.68089647509451e-15 -6.5354646132515e-16 8.8459852968218e-08 1.277965325153095e-15 4.375554483538185e-16 -3.96203374245146e-06 -9.86767367821635e-16 1.1292179994196e-16 -4.843354428225565e-06 -8.40851052988445e-12 -6.8163262112015e-16 -7.11772588919265e-08 -1.076028122383495e-16 1.69318957084661e-11 -7.02315152422165e-12 7.92234510795175e-16 3.102897881233105e-07 1.589215949369535e-17 -9.82664304061035e-12 2.0124464732558e-11 -4.29566272256117e-16 -4.253864607237805e-07 1.791343213865345e-16 -1.272563035679615e-11 -7.0516832596417e-17 1.33232467355364e-12 7.28061922184275e-17 6.19676342655235e-09 -2.423137854220475e-16 -7.52904977869125e-13 -1.66801023730591e-17 3.620548472240525e-17 -7.15307082527275e-12 -2.28079286112264e-17 9.15456368768335e-08 8.51137514550245e-17 4.291516203137185e-12 1.312376371511405e-17 6.24400792057135e-15 -1.735732400833555e-17 1.62115960902282e-13 -4.653610907613325e-16 -6.9140510494134e-09 -8.5398248052681e-16 -1.60712518339286e-13 1.241026129324115e-16 -1.3108965198858e-15
-4.37738186898124e-14 -6.0267227727412e-15 2.99025544440113e-14 5.78529589741435e-14 -1.24906604142541e-13 2.154218608965585e-14 5.28218803153875e-06 -2.968847398797075e-08 2.29615722716114e-15 -8.16112655684945e-06 -7.2653631989306e-08 2.51132557269244e-15 1.6683347842341e-05 1.58727722407859e-07 -1.907680048527395e-14 -4.15072961677392e-06 -5.24796092015345e-08 6.53203087831725e-15 -3.58609415558396e-06 -3.32811127244928e-08 1.85644514281775e-15 2.94715170663826e-19 -1.536753490495935e-11 -1.293920211973715e-16 8.70540009272855e-06 6.07171838813295e-18 -3.134810867362175e-17 -2.626653406411445e-09 8.63219509876975e-18 -6.87467076344145e-06 -4.70084854839908e-17 5.11567665552835e-17 -6.35713115069085e-10 -5.48673120750115e-16 5.80756752952195e-06 8.8013395094191e-17 -1.89724477645806e-17 2.60415343853426e-09 -1.234764152348765e-15 -5.87704892487005e-07 -3.253596106572755e-17 -3.781944774748265e-12 -5.2092023930253e-17 -2.970321976137385e-09 -1.644218298102485e-16 3.425240876761315e-07 -8.0012092005291e-17 1.124507338763575e-11 3.911799303894185e-12 7.89410714771315e-17 -3.15722053626611e-10 1.29634586894108e-16 -1.42978482666025e-07 1.132089584838505e-16 -6.6487444120784e-12 -1.536633513096195e-12 -3.881907412087195e-17 2.799090642833615e-09 -4.343733918894865e-16 1.45180395002805e-06 -4.21673753592801e-17 -6.7947724728766e-13 -6.1580786983647e-22 1.140552957226535e-13 2.02292473394975e-17 3.51167049817338e-09 5.3550421605682e-17 -2.0355309676661e-07 1.905699949919755e-17 1.822977488033015e-12 1.502309507241875e-21 9.1401802972192e-22 5.107780973538e-13 -1.619192722602475e-17 -3.53325781306153e-09 -2.462998964131055e-16 9.5902510675634e-07 -1.79116503545212e-18 -2.749170083332385e-12 -1.866209817910855e-21 -3.92499055870814e-19 1.93202141215587e-22 5.6366914482904e-13 1.01642003755204e-18 4.276266349017955e-09 -9.15258325631395e-17 2.34099668137027e-07 7.93091606751655e-18 -9.4282360427438e-13 -3.54755227394658e-22 1.4524582415898e-20 6.0384713060827e-16 1.31955640929193e-15 -4.588372325774515e-14 2.806453323682195e-15 -5.80448551869245e-15 -6.376664932797e-09 1.469137969411485e-09 -1.134282545467675e-16 1.050583039607885e-07 -2.160038154854735e-09 1.94635349385196e-16 -3.892878114574515e-08 1.166666346837795e-09 -1.09894482384946e-16 1.856009587093255e-06 6.47561454754e-10 2.55941662850376e-16 1.683592821447535e-17 3.52157124103504e-10 -1.27193545179908e-16 -5.95494898795635e-08 2.4153838712774e-20 -5.73594881081535e-18 5.51993033357885e-10 1.954111322166835e-16 1.694236035834065e-07 -7.7986274121665e-18 1.29980988928062e-17 9.4896927615345e-10 -2.43663459747998e-16 -1.212898657755735e-06 1.567121718669355e-17 -1.144729920664185e-11 -5.19183549183555e-17 -8.56903043114975e-10 3.162011318352885e-17 -1.88287627862311e-08 -1.008566419488765e-16 -3.41778291950256e-12 6.50793787315825e-12 2.02251585274705e-17 -6.7603972271987e-10 4.741549581075705e-17 1.273309126722765e-07 4.17420426641407e-17 2.621086542288305e-12 -3.85808918630488e-18 2.5405897068848e-12 -1.268962843969805e-16 -1.15227679771781e-09 4.35269134635852e-16 -2.844012710394865e-10 -2.273037077620545e-16 8.1256909936408e-13 7.2485720330826e-18
-2.10527214229745e-10 6.07826236823715e-12 2.268644781400985e-11 1.565108903783845e-10 -8.5184431593006e-10 1.454026117762535e-11 1.57451966236757e-16 -5.9256446156984e-16 6.7003056208404e-11 2.59375700903955e-17 -8.6934529770497e-16 1.534688806328065e-10 -4.071684507703755e-16 2.78482182784874e-15 -6.93594816595195e-10 2.84753498176621e-16 -1.311429344155675e-15 2.543589593034845e-10 2.96029934039805e-17 -4.157486957537625e-16 8.40407719206175e-11 -2.313523695753905e-10 2.081074361447275e-18 -1.400285746035425e-11 6.07171838813295e-18 6.5396104449769e-06 1.695714991287185e-09 -2.740316638597545e-17 1.235101969142655e-11 2.04566749984492e-17 -5.35503627111105e-06 -1.01357417124056e-09 5.16668945876575e-17 -2.66551458394706e-11 -8.0215452636183e-17 3.51620927087433e-06 1.5840034905231e-09 -3.68697041058676e-17 -2.556855976800375e-11 6.13771389362245e-17 -1.176821465110665e-06 -1.71019622551832e-18 6.97137376745715e-09 -2.961025006437785e-18 -6.2411855603634e-12 1.291777095915865e-17 2.618621650105195e-07 1.25711451127635e-17 2.52084176053048e-18 -1.23328839139018e-08 2.044523284847285e-17 8.4879180766411e-12 -3.61922073554828e-17 -2.4473380615468e-07 -9.9827442890191e-18 -1.09245003539869e-18 6.36661872656195e-09 -3.48518469201947e-17 -9.14038666928365e-12 3.059413122513915e-17 2.00709938421509e-07 9.40282056216275e-19 9.0803397571095e-14 5.53155001530145e-19 -1.251499850521935e-09 2.802042417533095e-18 4.668454113729735e-12 -8.5483073861322e-18 -1.78340383742049e-08 1.136301299130365e-18 -4.97896285543473e-14 1.32174670181494e-13 1.468468527054805e-19 1.06033484203973e-09 -8.5924089605267e-18 -8.47654517710095e-12 1.29673308557092e-17 8.47347629139005e-08 -2.288309593206725e-18 -1.072333941533995e-13 -2.654171771863865e-22 1.912268097241305e-13 9.47501975011575e-20 1.312290156591805e-09 6.24009215555605e-18 -3.53430316167839e-12 -1.83670264445969e-17 2.00490667443277e-08 2.16225326309556e-19 -1.348592222711605e-13 -9.79673705123455e-23 2.068541041373025e-11 4.51139380128247e-11 5.7824724118363e-10 4.491692113976455e-11 -1.55199569684147e-10 1.877378675696665e-18 -4.525602805520225e-17 -4.38669838291451e-13 5.27200552293305e-18 5.28981445351945e-17 2.043469709567095e-13 4.53800510877018e-18 -5.95158670085145e-17 -1.717984922490365e-12 1.125526080929575e-16 -4.91807616702462e-17 1.757890846679255e-11 -1.11559603452068e-09 1.87451616575179e-17 1.521214041669125e-12 -2.88794558430555e-18 1.05522355840108e-08 3.06732405313813e-09 -1.54084990770644e-17 -1.097254470453955e-12 -2.64002062695101e-19 -3.20626445672576e-08 -1.814667360115575e-10 2.146878091922945e-17 -3.320127157776215e-12 3.168472257126575e-17 1.477560931137875e-07 5.2237147700038e-18 -1.11182142274902e-09 2.23927047455117e-17 7.05664557777685e-13 -6.61846255448735e-18 2.994982693031125e-09 9.6768604518696e-18 -2.9210640614207e-18 -1.334005710149455e-10 -1.17145844707716e-17 1.55849249077573e-12 7.97068256797745e-20 -2.98007884080256e-08 -5.99106850465275e-18 7.56239568517405e-16 8.47481757362995e-18 2.712805264990135e-10 2.410719951225045e-17 -4.29620671624968e-13 1.95243260011379e-18 6.11849129582575e-10 -1.699447837293085e-17 9.75468593323535e-16
-2.84380417290112e-10 2.821605504781285e-11 2.264726722045875e-10 8.63630216013665e-10 -6.23727949585125e-09 1.417646866791115e-10 -1.13851183798112e-15 1.271477409202405e-15 2.32477606395847e-10 -1.374314695757035e-15 2.21565204948204e-15 2.714139021406855e-10 4.64622813349261e-15 -6.5510372026501e-15 -2.88653270478986e-09 -2.348027519627925e-15 2.893927272374835e-15 8.4796604644542e-10 -6.61380425823965e-16 1.032871493078575e-15 2.76668625718012e-10 -5.3546868053878e-06 -1.165066708896365e-17 -5.748134252792e-11 -3.13481086736218e-17 1.695714991286745e-09 5.1632440702486e-06 1.327472543623155e-17 8.79343909642275e-11 -2.18170197173546e-17 -8.2179320176645e-10 -3.261170047346595e-06 6.33607584018545e-17 -1.64895398213322e-10 1.077230688132115e-16 -2.265993512067065e-09 9.5693135350334e-07 -1.012085356539925e-16 -2.322205248687975e-10 -1.89290600501801e-16 4.574564925048175e-09 -2.932166389033565e-18 -1.033177915674015e-09 -3.541072575127595e-17 -2.301892031215505e-11 -6.6194647485882e-17 5.95172876756135e-09 -3.226579786391185e-19 2.50957187470778e-18 1.05761014140069e-07 7.3906293703637e-17 2.88757968247299e-11 1.70707085347571e-16 -8.09352235849435e-09 -4.80608869434036e-19 -3.46302004973106e-19 -4.284594377776925e-07 -5.79564473543065e-17 -7.1351753583314e-11 -1.969806025104945e-16 2.19821349753732e-09 -3.89342760848981e-19 -1.382412616350025e-13 -1.221518964843315e-18 1.48655000164312e-07 1.249814712968595e-17 2.307394566450785e-11 1.42975037861682e-17 -2.01397413397737e-09 1.22799490385786e-18 4.09642024812408e-15 -3.463104631619205e-14 1.953409445754105e-18 -3.978798108056485e-07 -2.91073158387408e-17 -2.63754699233351e-11 -3.80355695664017e-17 2.07456346617552e-09 -3.26776636476497e-18 1.20570782641506e-13 1.714616405856315e-22 -1.311710599694245e-13 1.032424981726955e-18 -8.59700768555595e-08 2.537304446222495e-17 -2.300811563149165e-12 1.577973088006335e-17 1.68817347126983e-09 -2.027224346308055e-18 1.109346199384665e-13 1.63712770405558e-22 8.28679622193755e-11 2.809126808887295e-10 6.4276924643631e-10 3.677504733765755e-10 -1.19768258890533e-09 4.4417744528705e-17 3.255758457344195e-17 8.4626952225706e-13 -1.097221238196785e-16 -5.0716555373313e-17 -1.450774143613035e-12 2.559120578544285e-18 4.84270479362328e-17 3.68179642839145e-11 -5.4176942265971e-16 -1.889747621165245e-16 2.31536276095467e-11 -4.468175653643695e-08 -6.9731216322667e-18 1.606769587481435e-13 2.85401130375889e-18 -1.16072002525034e-09 1.44480791595116e-07 8.07771727883575e-18 -5.9681032678263e-12 -4.01629528821006e-19 2.88661302587631e-09 -6.1431268433888e-07 -8.643703055191e-17 1.52168922584734e-11 -8.74240740189275e-18 1.40112210672464e-09 -4.206708185406285e-18 -2.05992598594337e-08 -1.42092096955078e-17 2.025127040280905e-12 -1.26693149584426e-17 -1.971595226095595e-10 2.51602449048887e-18 2.190553026190915e-18 1.41523921938696e-07 1.23546957735942e-17 9.7572533258503e-13 9.83591654093035e-18 -6.35707225970925e-10 -9.4235844726371e-19 2.308791033727065e-16 -1.04316160614934e-17 -4.7304023524653e-09 -2.294652933310625e-17 1.5629129009092e-13 -3.139643703532985e-17 -1.73684286320785e-10 1.78784942035639e-17 -8.4559261381629e-16
-1.366906287555995e-14 4.897722394265035e-15 -2.019050619112335e-14 -3.19989639656625e-14 1.94833441605045e-14 -1.59338339526207e-14 -5.7585432119637e-08 8.4892746067144e-06 -1.70804041294609e-14 -1.332272201252015e-07 7.52050683847225e-06 -2.69061194149126e-14 3.47723459135558e-07 -3.997323429953085e-05 7.7180384457893e-14 -1.45433444037645e-07 1.776657808763325e-05 -4.005998898615985e-14 -5.99470827424895e-08 5.9646669858599e-06 -1.297752721751845e-14 2.923717132460815e-18 -6.8747227111019e-06 2.18904947087118e-16 -2.626653406413185e-09 -2.74031663859754e-17 1.327472543623155e-17 8.7638515171701e-06 -5.3645948926817e-16 -4.67157395700349e-11 2.998487676731455e-17 -3.917736487061785e-17 -9.3149658555096e-06 1.10790317516971e-15 8.4860196262878e-09 -5.35517667834285e-17 -2.45802268164536e-18 -9.99838968375855e-07 -7.62679130819935e-16 -2.16375253608627e-09 3.165692281580235e-17 1.8874627432872e-11 1.066140683959405e-17 1.134677868514715e-06 1.04780677188585e-15 -2.487233684005375e-09 7.4674858904363e-17 -1.50026450937119e-11 -1.41018449247387e-11 -1.87769803981105e-17 -1.909538471079825e-06 -2.40288345977023e-15 -7.31075565663015e-09 -1.04978225747756e-16 1.36103573954847e-11 6.5154924191614e-12 -1.608795131606515e-17 -3.892906645011265e-06 2.47658314513355e-15 8.26048839276655e-09 5.5756082618535e-17 3.560855554923435e-12 -8.80910944947755e-22 1.952398157007535e-13 -2.01534176571956e-18 9.19363384056275e-07 -4.42731986644318e-16 -5.31227082653885e-10 -1.09875458453148e-17 -3.48353052247008e-12 -2.74369517999686e-21 1.15913059211335e-21 2.91296072161609e-12 -1.474447815107145e-17 -3.76702046706923e-06 1.14947543605633e-15 -1.140737447707175e-09 4.92099168718327e-18 1.06552770699308e-11 3.70544176533887e-21 -2.98355160111462e-19 2.90411723647663e-22 1.60394863278902e-12 -4.07357038850285e-18 -9.38504635889255e-07 1.382434083097895e-16 5.7355980501237e-09 -5.25260522963285e-18 2.79607914365022e-12 6.52058319923715e-22 -4.86937705645536e-19 4.75674201809769e-17 1.35574021402827e-15 -3.649573870026025e-14 1.756862148337655e-15 -1.427933389295435e-14 7.8162404145348e-10 -1.914049010484695e-08 -2.32431124244889e-16 -1.249318567679205e-09 -2.17086989223e-07 2.61617489518781e-16 1.076345710696995e-09 -4.964563821796585e-07 -8.85185613602125e-16 4.97241253307747e-09 -6.01480435109275e-06 6.583718354272e-17 2.871712640809135e-17 2.830895445749745e-07 1.104304236652655e-15 6.23831078988365e-10 1.391689562867135e-17 -3.393693771933255e-17 -8.04444508297595e-07 -1.45740650898917e-15 -1.248571048961805e-09 1.869440608735625e-17 1.005727563994525e-17 5.2773844174345e-06 1.0228152196608e-15 2.70890906417208e-09 -1.157679947403335e-17 1.157953849377905e-12 -5.6871079367358e-18 1.15850296832893e-07 4.627658265827565e-16 -6.28139552242535e-10 7.5335587018111e-17 2.838073924216225e-11 8.87941575824995e-13 3.56771903121031e-18 -7.1931838910207e-07 -3.949749723357775e-16 -1.929649058264805e-09 -3.950766258912395e-17 -1.815029514675935e-11 -4.45781943387673e-18 -4.732181855285845e-13 -5.6816281528699e-17 1.65701245363768e-08 -1.016559777115195e-16 -6.73655490162335e-10 9.8878536515503e-17 -6.477699037795e-12 -1.667720390277655e-17
0.0002767142029298865 3.73417705081944e-05 -8.05460755242065e-05 -0.000325358518368591 0.00153673817198666 -2.92211748755798e-05 1.02600033745385e-14 -2.445880407226665e-14 0.000337707158254301 1.57558703459716e-14 -3.69680078526473e-14 0.0004108412945078135 -4.81598937168489e-14 1.155403334220595e-13 -0.00115777498468285 2.257315461665145e-14 -5.5516205450353e-14 0.00066030666054269 6.85884152892235e-15 -1.61410328922762e-14 0.0002138820156421645 -4.209243296250685e-11 -5.4511379043268e-17 -1.16511562703895e-05 8.6321950987699e-18 1.235101969142655e-11 8.79343909642275e-11 -5.36459489268175e-16 3.266810658152855e-05 -1.57968379072367e-16 -3.472945923407415e-11 -1.037840186210315e-11 3.688719336961285e-16 -3.925162739290695e-05 6.7432116985516e-17 2.5168789036259e-11 -6.11345578241555e-11 -7.8918493704176e-16 3.308378201867995e-05 3.16106879807746e-16 7.47592070580905e-12 4.62686023248645e-17 -1.88096301681125e-11 -1.514620732399905e-16 4.400003254527125e-06 -5.29841302431195e-16 4.30017822139105e-12 5.6413068813217e-17 -3.179792052892665e-17 -3.281390798986575e-11 -6.4183300376385e-17 -2.737103821730475e-06 6.3731495759949e-16 5.0789580643641e-11 -4.16337790260804e-17 1.05325644995892e-17 6.38016127957775e-11 3.34715124404327e-16 -1.788389127550405e-05 -7.66291080808655e-18 -4.871814889633885e-11 1.54193647498834e-17 2.457371685283415e-14 9.92860775243545e-18 -3.05399616052691e-11 1.947633828206085e-16 5.07751142162295e-06 -1.28223104398277e-16 1.145881248616535e-11 1.072661300701445e-17 4.115521054578065e-14 1.0004688372821e-14 -5.86783575164215e-18 2.51850762541728e-11 -5.75849253130005e-16 -1.478530546195455e-05 2.931121496082555e-16 -1.34042343127909e-12 -6.72886909884465e-18 7.63109147231975e-15 3.1496855237624e-26 2.525850960358495e-14 2.579265267559995e-18 -1.05084414435862e-11 -6.52030719720635e-17 -2.982221513005245e-06 2.555245797239395e-16 6.37902303373865e-12 1.80097856327255e-18 3.712895680604245e-14 2.83781910755771e-25 -1.22475088084607e-05 -6.15601562809005e-05 0.00135565152309108 -7.5174013041318e-05 0.0003756349036689095 -2.92115634030449e-16 -3.62560609097452e-16 8.50174156950615e-07 4.53073777022728e-16 4.587493607583585e-16 -1.31154627090454e-06 -3.739117325516955e-16 -2.95687532633133e-16 2.04430858444058e-05 1.27790424501124e-15 -6.00640969903995e-16 2.055604190461905e-05 -3.295993551229575e-12 1.99891228952639e-15 1.14069008376289e-07 5.4312709607151e-16 -1.97236720168085e-11 1.06928729998256e-11 -2.23145692989797e-15 -7.0083556039592e-07 -5.07000234075545e-16 1.46551804538584e-11 2.41921517674797e-12 1.134714201636285e-15 -1.498796032296135e-06 -1.736856234039035e-16 -1.7751870805409e-11 1.22932525461546e-16 -3.555985077087625e-12 -1.435154858409055e-16 -1.12120193395385e-07 2.082599012844295e-16 -3.081441999452225e-13 7.60614374144735e-17 -6.29170000855205e-17 -1.124696052048725e-12 1.380102865074635e-17 2.39297965154651e-07 -1.009032059784195e-16 1.72934518805381e-12 -4.493919183743145e-17 3.31111259586059e-14 1.281439397622485e-18 -8.47995875456845e-13 2.471779966506455e-16 2.2900071972404e-09 5.23075303804605e-16 3.27576584818256e-13 -1.055224521995345e-16 6.56930688722695e-14
1.531725682322415e-13 2.05159100745923e-14 -1.019882148757175e-13 -1.98760125066204e-13 4.32289545374454e-13 -7.3286131895936e-14 8.49876414128025e-06 5.5239666302254e-08 -7.9465124082772e-15 7.5369994283505e-06 1.28669102374898e-07 -8.48957551936215e-15 -4.00213420049931e-05 -3.34506194247216e-07 6.71459054432245e-14 1.778863364617565e-05 1.393281197468415e-07 -2.288537115033575e-14 5.9718281056205e-06 5.79263628700145e-08 -6.3367669726568e-15 3.22885517676947e-17 2.69236347814558e-09 4.956016019438125e-16 -6.87467076344145e-06 2.04566749984492e-17 -2.181701971735465e-17 -4.67157395699302e-11 -1.57968379072366e-16 8.7640576699217e-06 -7.7995126573339e-18 1.590244127303875e-17 -8.3714694677277e-09 2.19858499781871e-15 -9.3150873975186e-06 -2.248303486614145e-17 -2.5125816118453e-17 1.988643327228105e-09 4.41038204812349e-15 -9.99628516657575e-07 -3.33400177913922e-17 -2.74205032111504e-11 -3.11314649979931e-17 2.571657682019555e-09 2.409240598363215e-16 1.13460418923476e-06 -8.3235106353254e-17 -3.25500960683339e-11 2.20268342715269e-11 5.24188558765955e-17 7.17378252750175e-09 2.023835566432955e-16 -1.909150820852845e-06 1.01899136086876e-16 2.97978629432423e-11 -6.35482450036715e-13 -4.766058825356585e-17 -8.19184647054625e-09 1.156452285300235e-15 -3.89315879944671e-06 -1.094693729233175e-16 -2.696940458232465e-12 -3.54894433308168e-22 -5.06602227683655e-12 7.0272091039936e-18 4.540858953043485e-10 -1.29075245001706e-16 9.1933520452768e-07 1.38509236366757e-17 -2.49375109231667e-12 4.973887753494565e-21 -2.585021748448565e-22 8.7755402663411e-12 -7.60203514453855e-18 1.267938626362365e-09 5.74603137052555e-16 -3.767078956837845e-06 -4.859755703652225e-17 1.07230117461621e-11 -6.33100526912935e-21 1.38307523595417e-18 -3.50540303071094e-22 8.0283588829402e-13 7.00865285603405e-18 -5.69899316004695e-09 2.73153077131253e-16 -9.38679466067785e-07 -7.08379102460755e-18 3.589647990139085e-12 -9.3407263884438e-22 5.03019684277125e-19 -7.6374108916564e-16 -3.70623552909334e-15 1.5655005456653e-13 -6.6888264441082e-15 2.129592766891895e-14 -1.914306035199855e-08 -7.5965998632668e-10 -5.86562698713825e-16 -2.17144219846087e-07 1.156129208321555e-09 6.8263966091711e-16 -4.964825759293305e-07 -9.74653763510485e-10 -6.3821522717836e-16 -6.0147310160096e-06 -5.2797707419118e-09 -4.45266901173964e-16 2.887156978125695e-18 -5.6838862816579e-10 2.90284453857707e-16 2.831166343183875e-07 -7.6398498880255e-18 -7.7575639117915e-17 1.20652968612677e-09 -4.997455204701745e-16 -8.04476497627715e-07 -3.07738156455022e-18 1.865495666345985e-17 -2.739979599503375e-09 7.38075400935585e-16 5.27742233670985e-06 -1.38655942948349e-17 3.96729758150063e-11 -6.3500788421833e-17 6.3777220735037e-10 1.986215820731415e-16 1.15875433516518e-07 -9.48391538440795e-17 1.035877207150725e-11 -2.33266386837437e-11 3.46215976245686e-17 1.886447406873455e-09 -2.38365310152589e-16 -7.19303489271215e-07 5.437859264713e-17 -8.2110237872202e-12 1.3951448439067e-18 -8.84574214675155e-12 -1.390414033042855e-16 6.8215491269071e-10 4.14408390215546e-16 1.65826735524459e-08 -1.77446711420992e-16 -2.3235198261366e-12 2.844750835307875e-17
5.2178582038254e-10 -4.11439776338685e-12 -1.14631856098105e-10 -4.52624028244896e-10 3.356597305720665e-09 -8.3401644506567e-11 -7.09432620831515e-16 2.708636051655915e-15 -1.655448894884915e-10 -2.55497594221663e-16 3.949634508369465e-15 -2.667503109426865e-10 1.980719691442375e-15 -1.266462204507755e-14 1.86198058689034e-09 -1.240830115812225e-15 5.9655202591708e-15 -5.82557973459605e-10 -2.09523371467659e-16 1.886159569192895e-15 -1.998345992391865e-10 -1.13030234063724e-09 1.51655778735171e-17 2.63456964726222e-11 -4.70084854839908e-17 -5.35503627111105e-06 -8.21793201766815e-10 2.99848767673145e-17 -3.47294592340742e-11 -7.7995126573339e-18 5.16308723373065e-06 3.93209049538743e-09 -8.6733236227334e-17 7.70766036645125e-11 2.16955474745179e-16 -3.26085092237727e-06 -5.82947775621425e-09 7.806530532007e-17 1.28248620738003e-10 -1.94980148108723e-16 9.56356898187805e-07 3.588160385670895e-19 -6.46268624465905e-09 2.634359229643955e-17 1.24809575378273e-11 -8.9387061649249e-17 -1.03704388859595e-09 1.067319663071625e-17 -1.628111805989405e-18 9.44647960160265e-09 -7.9102809395793e-17 -1.753850012922165e-11 2.037781175841755e-16 1.062174669457275e-07 -8.9310667252086e-18 6.03874979488645e-19 -3.106849626226895e-09 1.09489412273246e-16 4.00135393694033e-11 -1.56537596320379e-16 -4.28788793074322e-07 6.25768463034535e-18 -3.87710024611669e-13 -5.7393105688288e-19 1.680597668912115e-09 4.66893026938138e-18 -1.16506806391854e-11 9.53221495779305e-18 1.492379206944945e-07 2.451959425092215e-18 2.390102488333325e-13 -2.914136553949765e-13 -7.2376007172186e-19 -1.742521250108355e-09 -9.13332079329425e-19 1.78540103693137e-11 -6.42838129795265e-18 -3.981052001211845e-07 -4.814425859084065e-19 2.394557803254185e-13 2.153482526355595e-22 -5.6090825960357e-13 -3.00072280363172e-19 -1.68072835274952e-09 1.295422956190585e-18 3.400275111782515e-12 4.92655492607353e-17 -8.57476161095505e-08 -3.105257806482645e-19 3.848886322910505e-13 4.679374963490145e-23 -5.01189135496135e-11 -1.56891070768403e-10 -2.49927294143468e-09 -1.55137366805474e-10 6.70176905935875e-10 1.00065836645495e-16 -4.089938000089795e-17 -4.361918499966505e-13 -1.72383267261968e-16 9.7716351794512e-17 6.79585095531015e-13 8.9767540189374e-17 7.02019032243425e-18 -9.24408895726455e-12 -5.16012967747105e-16 2.973129164557925e-16 -3.20817021383373e-11 6.33428376958645e-10 -1.052470693141625e-17 -1.173018938648735e-12 -2.4298935256876e-18 -4.44631535845302e-08 -2.287111720464525e-09 7.14982913398275e-18 3.52507321629886e-12 6.6681711287834e-18 1.445677255633685e-07 -1.86398223640061e-09 -7.7151168188468e-17 4.335372075965175e-13 -1.165930879702395e-16 -6.1444915877789e-07 -1.17633221192659e-19 2.601909454785485e-10 7.81281317322695e-18 -8.4646864065161e-13 -3.71469990635481e-17 -2.059073638248355e-08 3.214697407325475e-18 1.279298340551045e-18 6.8428737928196e-10 -9.28125035879405e-20 -3.88096639987686e-12 2.850369310155265e-17 1.416164974497295e-07 -4.48822428604353e-19 -1.019846184188775e-15 9.6112333638772e-19 1.747350466504115e-10 2.996824613744295e-17 2.590335584575935e-13 -8.42255474217275e-17 -4.72788482929992e-09 3.8932315924171e-20 -2.01381269315166e-15
8.61590831996235e-10 -3.08486898678284e-11 -2.22070637893219e-10 -1.05565258830691e-09 1.53548739667076e-08 -1.721860113427965e-10 1.83161040326898e-15 -1.967130323521205e-15 -3.12328832935601e-10 2.239239089000705e-15 -3.45039398366202e-15 -1.855882280303495e-10 -7.5604625141578e-15 1.020007519469785e-14 5.86009743594165e-09 3.80483317881194e-15 -4.525887775194405e-15 -1.300402031822685e-09 1.072480296203355e-15 -1.5940687985563e-15 -4.34835767024073e-10 3.5161588390322e-06 2.570170584243755e-17 4.505722042305405e-11 5.11567665552835e-17 -1.013574171240545e-09 -3.261170047346595e-06 -3.91773648706178e-17 -1.037840186210315e-11 1.590244127303875e-17 3.932090495387465e-09 2.593795635985525e-06 -7.65464387294835e-17 1.829654357526335e-10 -1.368307863498765e-16 -6.19985191437185e-10 -3.356211906016795e-07 1.351949434080865e-16 6.79195820232265e-10 2.641202179586965e-16 -1.97822867068868e-09 4.3733516228038e-18 1.444805193849225e-08 5.9987311470017e-17 1.422634897247425e-11 1.012748255655075e-16 -1.9820318997856e-09 5.33177149896645e-18 -4.15400883765628e-18 5.0698640934503e-08 -1.193819238351705e-16 -1.34789045535621e-11 -2.471338705916335e-16 5.32102107532585e-09 -3.67240423329918e-18 5.64414321505715e-19 1.016712594234805e-06 8.7448778173117e-17 1.675408752690055e-10 2.78473455701497e-16 -4.284256514274655e-09 3.437384519013815e-18 4.489585132415305e-14 1.41830397194419e-18 -2.7730481100893e-07 -1.13075772371648e-17 -1.63450157406425e-11 -1.64187594641663e-17 1.69224022941374e-09 -7.0806689500731e-19 1.21217159872441e-13 2.26984246921292e-14 -3.064629860838185e-18 1.095297435823715e-06 2.393041253268075e-17 4.88043081307004e-11 4.7558079005481e-17 -2.252797095383145e-09 4.20281702285724e-18 -1.152558415446425e-13 -1.238314695501495e-22 4.76261652218218e-14 -1.45452400243432e-18 3.159468351198135e-07 -3.539376786518845e-17 6.68727446388945e-12 -1.886068592447485e-17 -1.124051869005585e-09 2.606578758145325e-18 -1.96270758956067e-14 -4.84887418616417e-23 -1.934060921943235e-10 -6.5856279437301e-10 -4.062652444402205e-09 -9.1844039298834e-10 3.40789593023611e-09 -1.37950603115858e-16 -8.6489009454799e-17 -4.095161988384415e-12 2.63750631641362e-16 1.29564010069592e-16 -1.63943435777213e-11 -7.9016388058516e-17 -1.093797916481335e-16 -3.978308819176295e-11 8.3835128443018e-16 3.05451246277308e-16 -1.76365426862095e-10 9.8600682064397e-08 1.009020184764745e-17 1.05032448089369e-12 -1.31641077635539e-17 5.3201240457851e-10 -3.42128987017648e-07 -9.3042445232066e-18 3.353274900025655e-12 1.496350096478685e-17 -1.18579318221385e-09 1.272920072204805e-06 1.265828065877545e-16 -5.3598151416066e-12 -4.12679347275329e-18 -4.184581558451915e-09 1.04406445184327e-17 5.19129559545975e-08 3.651974759787045e-17 -9.4838797067366e-13 3.941002781173345e-17 -1.197300874391955e-12 -1.38761240118161e-17 -4.506943177111555e-18 -3.191667879338855e-07 -2.486405247417445e-17 -2.33792750021098e-12 -2.22462889975402e-17 -3.38038234334879e-10 6.52924029434205e-18 -1.18496574976741e-15 3.079276778739785e-17 1.14550375289771e-08 6.50708456674415e-17 1.94422076356304e-13 9.8428882397133e-17 -1.96048035854654e-10 -5.10265528466455e-17 1.653578850985565e-15
1.83895940254957e-14 -5.6835234837264e-15 2.628627988540175e-14 4.46581646949216e-14 -7.0993435166451e-14 2.184459411337605e-14 6.7855799872546e-08 4.359097668737615e-07 2.4737070402202e-14 2.316227990838945e-07 2.952088139829945e-05 3.86929144450145e-14 -6.3216947398912e-07 1.636358410900375e-05 -1.2728642971095e-13 2.62557646090658e-07 5.2985238903813e-06 6.0903878000034e-14 1.039095200170715e-07 -3.110871324753745e-06 1.94153573489509e-14 -2.315681318176445e-17 5.80765041120125e-06 -2.072854084291285e-16 -6.3571311506788e-10 5.16668945876575e-17 6.33607584018545e-17 -9.3149658555096e-06 3.688719336961275e-16 -8.3714694677289e-09 -8.6733236227334e-17 -7.65464387294835e-17 2.615167695546495e-05 -2.309325803967095e-15 -8.64212402462105e-11 1.1326824500202e-16 6.2058833995744e-17 2.569850972447885e-05 -6.03926502517105e-17 -1.278978738971475e-08 -4.945540233322135e-17 -6.4300837076486e-11 1.44409905013669e-16 -6.7379050104281e-07 3.181646580286795e-16 2.4556351464934e-09 -5.5380969820783e-17 -6.4328025909717e-11 5.7628471436539e-11 -1.937346558926425e-16 9.61422840116815e-07 -3.258682035176795e-16 2.27914396623672e-09 1.114800893473745e-16 5.23468040900125e-11 -1.323261595892365e-11 1.31047577069633e-16 3.158297883372725e-05 -1.41194843237459e-15 -1.026866532668915e-08 -6.9592048774984e-17 -2.436557137856475e-11 -2.23212813451529e-21 -3.66010860601954e-12 -3.06320355945375e-17 -4.234287249201365e-06 1.89865687884966e-16 2.6949758612049e-09 4.10662554972452e-17 -4.43389876474929e-12 -3.83598832802808e-21 3.160481965664475e-21 1.331119568162385e-11 4.256379218904345e-17 2.01471206851864e-05 -8.96564509601655e-16 -3.686538864299325e-09 -4.01553472633473e-17 -2.410845868135625e-12 5.1783159085036e-21 1.704368166408025e-19 6.2663232273588e-22 3.198309524152555e-12 -1.45312333867351e-18 4.64776460302206e-06 -9.51993287996025e-17 -7.40566313482255e-10 -1.366001398880275e-18 -7.91016528117885e-12 1.062997906544315e-21 5.31491704032955e-19 -5.4717773022744e-16 -1.03734778210764e-15 1.774860748949835e-14 -2.099418787463455e-15 7.46497095542755e-15 -9.7767200726548e-11 -1.58483677703116e-07 8.56883754067395e-16 -1.67046011708947e-09 4.521561925922495e-06 -8.91876207482485e-16 -1.83465465858294e-09 4.06065806004153e-06 1.57763514183891e-15 -1.8790314446512e-08 7.2524461498302e-05 7.2919028504703e-16 4.46996931083876e-17 -1.1626244470868e-06 5.18598492754825e-16 -9.96804746200735e-11 4.905570066456905e-17 -2.873054587590095e-17 3.64691464496073e-06 -3.16178234877758e-16 -5.97319356622655e-10 -1.01051747635295e-16 5.6398817639552e-18 -1.99981622323949e-05 -2.963030349803445e-16 -8.50018109346075e-10 5.2265109125428e-17 8.9381341661722e-13 1.85258071657217e-16 -4.493644361736845e-07 -2.15217215534591e-16 2.018822625858825e-10 -1.116750743118735e-16 -1.312601442582225e-11 -3.265854278815995e-12 -8.6052983567633e-17 2.67749436235277e-06 1.306935760735555e-16 1.787763705800475e-10 4.40588152645928e-17 8.2520596075291e-12 -1.491240794609405e-17 3.87402564426966e-14 4.28896125869628e-16 -7.51183149671445e-08 -1.73149217807906e-15 4.062327905092275e-10 -3.82209887095943e-16 2.92308500043567e-12 -2.267339925097045e-17
-0.0003469532518452295 -0.0001099038909907445 0.000256921421414003 0.000627897004930365 0.00217076045706908 7.84954496663955e-06 -2.74438584524574e-14 8.64255145319425e-15 -0.0004555175199673245 -4.00323378852263e-14 1.532324884296535e-14 -0.000184599366109349 1.30581969693545e-13 -4.90540380655647e-14 0.00296217558891005 -6.2655626897891e-14 2.65938949287009e-14 -0.00113837338933335 -1.872938197015905e-14 4.064008667949595e-15 -0.000352258205349177 5.6655303456965e-11 -2.48808171919154e-16 1.522479572047245e-05 -5.4867312075011e-16 -2.66551458394707e-11 -1.64895398213322e-10 1.10790317516971e-15 -3.92516273929069e-05 2.19858499781871e-15 7.70766036645125e-11 1.829654357526335e-10 -2.309325803967095e-15 0.0002491418350469615 -2.823068088661785e-15 -5.8915125003201e-11 -1.77064443422687e-10 1.849671234829065e-15 0.0002066275475204685 1.68756221880969e-15 -4.69004824861272e-12 -1.283862954671785e-16 1.16922449763577e-11 2.554612693596425e-15 -1.20075628140482e-05 1.03079719030975e-15 -6.1942788473454e-11 -1.628287957368345e-16 7.9074589248492e-17 3.55879100494385e-11 -2.083932183283155e-15 5.7409550067547e-05 -2.187609148067285e-15 5.44157735714145e-11 1.15422381516088e-16 -2.189672958882205e-17 -1.295797369775465e-11 -1.25341123009311e-15 0.0001185876118819965 2.04398715418252e-15 -3.456092956538565e-11 -4.42626010793018e-17 1.82447525272041e-13 -3.072966525703835e-17 6.37466419210515e-11 -7.34999985777055e-17 -6.00936478063875e-06 -4.811779606293165e-17 -3.38281446996674e-11 -2.89728798703178e-17 3.048830959016775e-13 7.42466154481485e-14 1.49652707782034e-17 -8.29664672202755e-11 1.22295835369742e-15 6.33847281865115e-05 -1.11187895881692e-16 9.95629850344695e-12 1.045388336922265e-17 5.6551979195988e-14 -7.82544844379015e-25 1.875140975927975e-13 -1.156381435326755e-17 3.103414708453745e-12 -1.25781216649656e-15 1.384448788623395e-05 8.393782656159e-18 -2.201457678130605e-11 -1.208677255278475e-17 2.750754733639585e-13 4.90107029659741e-25 -3.79306956797824e-05 -0.0001005568754324325 0.002116303854061215 -0.0001417053601841785 0.000136515826387771 3.36731479068911e-15 2.127596354271905e-15 -3.428978280026455e-06 -4.87294570242306e-15 -2.740703865577575e-15 -1.064460128141295e-05 4.15024062197872e-15 1.565398366281795e-15 -8.71990716287065e-05 -2.817816130807295e-15 -3.763820536501395e-16 -0.000311728059756317 4.01095795564597e-12 -7.16810407585475e-15 2.54269948584152e-06 -1.939672166404695e-15 7.230014811339e-11 -1.459719906482185e-11 8.0672267024059e-15 -7.3749243084164e-06 1.73114797417005e-15 -8.22521850898465e-11 8.1471476023375e-12 -3.794501655212075e-15 5.1824853130746e-05 -4.849600186507775e-17 6.95343371445315e-12 -4.59673944034626e-16 1.106867666859165e-12 -7.9602147998603e-17 1.045001244184095e-06 -1.51879410294658e-15 8.5282612340661e-12 -2.014484982174965e-16 2.38480089270684e-16 6.54306410380045e-12 3.15721563211545e-16 -5.72893709320455e-06 7.1272594567196e-16 -5.65572964878145e-12 1.310096197367775e-16 6.70473488744085e-14 -8.5719599572096e-17 5.28044466498265e-13 -1.642208286561505e-15 1.35721079596361e-07 -3.46254614438211e-15 -1.297303371034345e-12 6.38682519727785e-16 1.660599107968615e-13
-1.95929506281015e-13 -2.604386503248125e-14 1.291717361497645e-13 2.526530048597575e-13 -5.58123440714755e-13 9.2841855663934e-14 4.20594990237502e-07 -6.573886702068e-08 1.04765128480281e-14 2.949458665244425e-05 -2.271528470345895e-07 1.156285130937525e-14 1.644074446381685e-05 6.19302293657205e-07 -9.11476186700905e-14 5.26314028756535e-06 -2.565966616214935e-07 3.07961220225658e-14 -3.122588178804765e-06 -1.017708507678445e-07 8.60384366604455e-15 -6.2174616328027e-17 5.1451511102491e-10 -6.3380347618404e-16 5.80756752952195e-06 -8.0215452636183e-17 1.077230688132115e-16 8.4860196262885e-09 6.7432116985515e-17 -9.31508739751865e-06 2.16955474745179e-16 -1.368307863498765e-16 -8.6421240249444e-11 -2.823068088661785e-15 2.615134709726775e-05 -2.74563883210347e-16 8.36924743287225e-17 1.29071026567375e-08 -6.14842108474215e-15 2.56985056633714e-05 1.802160650456595e-16 -5.76660645743785e-11 1.65949085280546e-16 -2.348311510034725e-09 -5.63125643971065e-16 -6.73822585794355e-07 3.76768053505619e-16 6.9597922807915e-11 5.277993506844e-11 -2.60994161095759e-16 -2.37559043387774e-09 6.48540414923255e-17 9.61384025666855e-07 -5.31348247708655e-16 -5.93526148976925e-11 -1.98598849880799e-11 1.674534918080175e-16 1.035107680249195e-08 -1.686898539295885e-15 3.158298046982755e-05 3.55481538712907e-16 1.466810972434515e-11 -1.12589104929999e-21 -6.5026836035157e-13 -6.55406951549635e-17 -2.642363353802005e-09 1.582133947332385e-16 -4.23426460327353e-06 -1.09885671736661e-16 4.13492465558528e-12 -1.993143343440955e-20 2.537520786111275e-21 -2.93099508524976e-12 5.9994620164273e-17 3.649617802972565e-09 -6.80533700643495e-16 2.01471091873579e-05 1.41744167174451e-16 -6.02764411119345e-12 2.649522817104505e-20 -1.80871978048857e-18 1.059922053204155e-21 -2.0650418776035e-13 -1.143181303562025e-17 7.59900755746985e-10 -2.13852570278104e-16 4.64780665888741e-06 1.87288123401784e-18 -1.4356937466024e-12 4.937563232490355e-21 -1.34410483262056e-18 1.164588305097085e-15 5.38241927191935e-15 -2.04461327814536e-13 8.97022423459145e-15 -2.884185287935105e-14 -1.58502955499801e-07 7.85713960180145e-11 1.07567708033583e-15 4.521621282773315e-06 1.743650281939065e-09 -1.28362136428711e-15 4.060678051312735e-06 1.77231936390673e-09 1.08041503016152e-15 7.2524329438603e-05 1.912349158557055e-08 8.0388939542049e-16 -7.5408247874651e-17 8.37296669474945e-11 -5.76934340990515e-16 -1.162650837105745e-06 2.627588166087475e-18 1.98619223436967e-16 5.9789691961868e-10 8.12810340493675e-16 3.64694710586861e-06 4.772411866949345e-17 -8.16289241477145e-17 9.0605195172173e-10 -1.07157091543924e-15 -1.999819282915305e-05 -2.84199958573345e-17 -1.924126091104035e-11 2.57609252250874e-16 -2.0742985366919e-10 -1.134411624609535e-15 -4.493761681418265e-07 5.04293406256405e-16 -7.31517426889555e-12 1.06816342345969e-11 -1.14563183487772e-16 -1.72090873380079e-10 6.98267949845505e-16 2.677497303902205e-06 -2.263716078844705e-16 7.2500004422405e-12 -1.14269132554338e-17 3.844113158981515e-12 6.89704590481625e-16 -4.120393452890005e-10 -2.265003935088785e-15 -7.51304823048615e-08 1.317169109107525e-15 1.459320923355895e-12 -1.18132268981996e-16
-1.525791650699535e-10 9.1945979040237e-12 1.429994834730605e-10 5.09410292619595e-10 -4.095215407035485e-09 1.27344530934874e-10 1.25617760563443e-15 -4.95436609784756e-15 1.10784558112476e-10 5.92324116682255e-16 -7.23491332005295e-15 1.423659149328325e-10 -3.638280034146455e-15 2.31348990687812e-14 -1.68128546478839e-09 2.19176575999677e-15 -1.09092778535711e-14 4.319111247748845e-10 4.124895360515715e-16 -3.42393649513747e-15 1.55356974806677e-10 6.5953914598823e-12 -2.39761161537381e-17 -2.320582435095955e-11 8.8013395094191e-17 3.51620927087433e-06 -2.26599351206683e-09 -5.35517667834285e-17 2.5168789036259e-11 -2.24830348661415e-17 -3.26085092237727e-06 -6.1998519143715e-10 1.1326824500202e-16 -5.8915125003201e-11 -2.74563883210347e-16 2.59363952987199e-06 2.78663033172615e-09 -1.10461220596412e-16 -1.577253099944345e-10 2.839306480874635e-16 -3.354258838537355e-07 -1.30507418473606e-18 2.36044543227354e-09 -4.08439812463373e-17 -6.75340355864405e-12 1.59090751173945e-16 1.44565368685885e-08 -6.52030922321185e-18 2.158209429056905e-18 -5.9709758729715e-09 1.081458914733565e-16 1.112771452032235e-11 -3.358565707783595e-16 5.0658655904682e-08 5.29053323961455e-18 -6.13223351018565e-19 4.782095117876335e-09 -1.477788376492485e-16 -3.73376720425383e-11 2.48238310456285e-16 1.016645730918105e-06 -4.240247486240815e-18 5.35815251959805e-14 1.850641242535775e-19 -1.38271515378723e-09 -6.0571314817124e-18 8.39611607923585e-12 -2.001967794161295e-18 -2.775581666264075e-07 -1.71389738821937e-18 -7.6915030675231e-14 1.65282188986077e-13 1.03450948999081e-18 2.153315428052645e-09 -3.007140530646015e-18 -1.316677792013915e-11 -1.52789408837485e-17 1.095360653583075e-06 -1.565120101231005e-19 -8.5427979561011e-14 -1.916564150614425e-22 1.973191221046205e-13 4.53654927200959e-19 1.25844952639515e-09 -9.27652715327495e-18 -3.100655368293935e-12 -6.26365757838565e-17 3.158828637560375e-07 -1.2576483808013e-19 -1.35976186057001e-13 -6.49284013137795e-23 5.2357433236571e-11 1.599755622755365e-10 6.2885443357721e-09 2.14210896825713e-10 -8.31078802027895e-10 -2.82163227762099e-16 1.236078644257115e-16 1.786907802249195e-12 4.51318652565936e-16 -2.32286238318395e-16 2.397881721535925e-12 -2.66934769146307e-16 5.27496698932505e-17 4.532989876510445e-12 9.1808282606499e-16 -4.91840004735187e-16 3.662003346770345e-11 -1.95655161489582e-10 2.99739537193663e-17 -4.957974791629505e-13 -1.09741615768686e-17 9.84473251594495e-08 7.25719921099825e-10 -3.121193743570935e-17 7.2409611063019e-13 1.688762967890635e-17 -3.42149176596864e-07 4.739238638895535e-09 1.430386091934635e-16 -2.883939683694585e-12 1.514075224061965e-16 1.272895463226565e-06 -9.58741118743355e-19 -1.990435774042115e-11 -2.446233493419615e-17 3.299429475913255e-13 1.00303160626846e-16 5.1922299778096e-08 -2.224381913557315e-18 -3.67671034056761e-19 3.37846388320943e-10 4.17937839784236e-18 1.62324222698416e-12 -6.05206462770365e-17 -3.192428464479205e-07 2.449604424856205e-19 -6.9660013283171e-16 -3.61770456356828e-18 1.957192809590295e-10 -8.9684005341759e-17 1.27800469845915e-13 2.395843408073835e-16 1.14566896020157e-08 7.5387620998627e-19 -3.902056217492455e-16
-5.92237504845435e-11 6.5805267263752e-11 9.74799196981765e-11 1.324113295522595e-09 -2.419383208373415e-08 6.46142554411525e-12 -1.09806637806477e-15 7.97825722365475e-16 2.10011800130854e-10 -1.438819723563295e-15 1.466437288916365e-15 -2.51636692785892e-10 4.72211918227303e-15 -4.27740600148593e-15 -7.5089717203499e-09 -2.314848655682385e-15 1.869346076981345e-15 1.234778365606075e-09 -6.887261455258e-16 6.81438763119095e-16 3.631487438722515e-10 -1.176987222085745e-06 -7.84765376958105e-18 -9.06100165993185e-12 -1.89724477645806e-17 1.584003490523005e-09 9.5693135350334e-07 -2.458022681645365e-18 -6.11345578241555e-11 -2.5125816118453e-17 -5.82947775621425e-09 -3.356211906016795e-07 6.2058833995744e-17 -1.77064443422687e-10 8.36924743287225e-17 2.78663033172612e-09 7.4499379488658e-07 -7.96123946306675e-17 -1.05275381620568e-09 -1.32729754068222e-16 -2.57938058110726e-10 -2.495489915790475e-18 5.42838060585745e-08 -2.367090695923815e-17 -1.13473537835224e-11 -3.530162246790415e-17 -1.080430221964135e-09 -1.247445806630285e-18 2.76356557369632e-18 -3.403257076065865e-07 5.489698543692e-17 -5.70993146182885e-12 1.053637269715435e-16 1.0303381021604e-09 6.5024935009044e-19 -3.694238872285395e-19 1.207737957645235e-06 -4.50645985481945e-17 -1.99166736924742e-10 -1.428639450744205e-16 -1.500510274118775e-09 -2.32118422347957e-18 2.95129570744822e-14 -3.33027535136269e-19 -3.49831827658088e-07 1.25835163463406e-17 1.343595744581465e-11 1.175610753056155e-17 -1.708285040880795e-10 1.80305912113208e-19 3.274193137389695e-14 2.481938842636955e-14 1.527665268812155e-18 1.01128333687945e-06 -2.681621577461935e-17 -5.4766441513445e-11 -3.043621176623675e-17 9.7298099099133e-10 -2.40488891355421e-18 -4.844145674903855e-14 6.3949475000216e-23 4.186572910521255e-14 7.09095717640505e-19 2.203108122405905e-07 1.919032066957375e-17 -1.026618121051435e-11 9.7036268485002e-18 -1.21941005734601e-10 -1.244329708890665e-18 -2.078121713000915e-14 2.483850303400565e-23 3.146964945186745e-10 1.0307820264958e-09 1.22228202098859e-09 1.595606166459705e-09 -5.75754630097035e-09 -6.13312711550355e-18 4.158186428805075e-18 5.7840478443388e-12 -2.43660409702855e-17 -1.012181871766385e-17 1.53624421656351e-11 -3.44448160763658e-17 1.014847832236565e-17 1.86192693647533e-11 -3.50771206703408e-16 -1.349746858743055e-16 2.00852555689543e-10 1.543659837730805e-07 -2.40726554169263e-18 -1.573973210794365e-12 -1.62327717029522e-18 -2.3822229510248e-10 -4.4035572736742e-07 4.601521683722195e-18 -6.2019138922203e-13 5.28158683788795e-18 2.8919903662964e-10 2.44620285012456e-06 -5.95022560876175e-17 -8.05693205885105e-12 -1.74051377563746e-18 2.650353877147725e-10 -6.49061928525765e-19 4.70620340529482e-08 -2.208806997606775e-18 -5.78520711025175e-13 3.76617832059363e-20 -2.970783359365435e-10 3.2302261777299e-19 8.648888445284e-20 -2.42529441886855e-07 5.5941211352545e-18 5.9092472075047e-12 2.79705447144926e-18 9.94375472355215e-10 -8.2193477248379e-19 -4.06098294686984e-16 -1.26670681800929e-19 4.718714715751005e-09 -2.502418656067785e-18 -3.363123032118675e-13 4.77818091159709e-18 -5.97422665678325e-10 8.30254953464595e-20 -9.3713933195188e-16
-1.68270052522234e-14 3.195356178456965e-15 -1.546190661816575e-14 -2.50516701134574e-14 3.96251495709249e-14 -1.19925858259273e-14 6.113787374979e-08 -2.120323634776405e-05 -1.63986165330911e-14 -3.5878642196495e-08 6.5805031514284e-05 -2.46039040744427e-14 5.92583253290875e-08 9.3611523891127e-05 8.23923882011035e-14 3.55361100744615e-09 3.62234962708655e-05 -3.91392611099127e-14 -1.71750479203184e-08 -2.13799883736974e-05 -1.23076286849185e-14 3.130402406957045e-17 -5.87649539247935e-07 2.7207014783368e-16 2.604153438535095e-09 -3.68697041058676e-17 -1.012085356539925e-16 -9.99838968375855e-07 -7.8918493704176e-16 1.98864332722383e-09 7.806530532007e-17 1.351949434080865e-16 2.569850972447885e-05 1.849671234829065e-15 1.29071026567443e-08 -1.10461220596412e-16 -7.96123946306675e-17 0.0001362503169770445 6.8864775165106e-16 -2.071025760485485e-10 5.20026112359515e-17 -7.43489315280975e-11 -1.58593391358008e-16 1.594276778575685e-05 9.32126944749505e-16 2.454363554670275e-09 9.6967708858697e-17 -4.122420017439305e-11 5.8656323058048e-11 2.29734899776974e-16 -5.1683649760914e-05 -2.36019451679133e-15 -9.7814046587276e-09 -1.599360439198665e-16 2.859240424466815e-11 -1.51864745835909e-11 -1.438817995557305e-16 0.0001407374186133285 2.883989238253955e-15 1.413426783114075e-08 9.13494009375225e-17 -1.187530197322545e-11 -7.47917500311045e-21 -1.21091720158809e-11 4.618942837993295e-17 -1.57066295315778e-05 -4.20772701412109e-16 -1.19394062469426e-09 -4.57706130989585e-17 -7.5366325500638e-12 -1.737817905969925e-20 1.071941048152325e-20 2.2282226693675e-11 -4.961939318866295e-17 5.6443368760273e-05 1.19851153698794e-15 4.10543611035624e-09 3.801143020943235e-17 1.37254026339654e-11 2.45568811574984e-20 -7.92649973005795e-21 2.56956919009351e-21 1.11458815173219e-12 4.369316925714725e-18 8.08158146029975e-06 1.830745234099965e-16 6.4144745658515e-10 -4.789772352111875e-18 -9.8834162593246e-12 5.36690826839675e-21 -1.718806217908315e-19 3.42140474711483e-15 3.20680821338721e-15 -2.43301074264354e-14 7.4343395444798e-15 -4.14447049920618e-15 3.132039924279135e-11 -1.53919996832131e-06 -4.485426680664125e-16 9.854793568441e-10 2.5963391071602e-05 4.54158443655479e-16 3.471115565156285e-09 1.5968988541454e-05 -1.05300872698352e-15 1.9694799993087e-08 0.000362167346611717 -3.271385631349495e-17 5.10215278464375e-18 -1.87468592218905e-06 -8.0749073838568e-16 6.7676533567478e-11 -4.11526525745466e-17 -2.748287516091725e-17 6.611567826843e-06 6.7583246250378e-16 5.97696779813295e-10 8.34727486482785e-17 2.31692538927904e-17 -3.1901828175497e-05 4.36062192870248e-17 3.568609792673175e-10 -4.69272614431102e-17 -3.55338791559542e-13 -2.0981936784441e-16 -2.71981725630944e-07 1.613650699244295e-15 -1.186453604245965e-10 1.723779984768025e-16 8.72065885049305e-12 1.009056340693635e-12 9.31534339180875e-17 1.678546888155845e-06 -9.0254014301903e-16 -9.0956467282263e-10 -7.5956276390641e-17 -5.6660707020577e-12 -4.910218468076425e-17 -8.74513232961655e-14 -5.160976331777e-16 -2.265768708107515e-08 9.9097934474937e-16 -1.063003366389325e-10 3.919091660956905e-16 -1.98096536297621e-12 -1.12146254639429e-16
-4.652909261612965e-05 -2.69446975541143e-05 2.97606354201682e-05 -0.0002300473124627825 0.0126158708940917 1.12009661472587e-05 3.904996171150285e-14 4.346215510524435e-14 -0.0003474783504294425 6.40879868822995e-14 6.7370407999431e-14 -4.01111697018182e-05 -1.96663606862304e-13 -2.013753743405635e-13 0.0053363092513456 9.06033851023385e-14 9.3273919884669e-14 -0.001244719077750925 2.78137565969021e-14 2.904237993071125e-14 -0.00038395757366134 3.842655766599365e-11 1.138486470815325e-15 4.89841897295314e-06 -1.234764152348765e-15 -2.55685597680034e-11 -2.322205248687975e-10 -7.6267913081993e-16 3.308378201868e-05 4.410382048123485e-15 1.282486207380025e-10 6.79195820232265e-10 -6.03926502517095e-17 0.0002066275475204685 -6.14842108474215e-15 -1.57725309994434e-10 -1.05275381620568e-09 6.8864775165106e-16 0.00064195708806068 3.496562909804955e-15 2.945163717093905e-10 -5.60382734878935e-17 1.435215114641155e-11 6.19043336751505e-15 4.450513800414155e-06 1.1743013836706e-15 -1.616684978410145e-10 -6.36047863021025e-17 2.599010468571065e-17 -9.3548526492318e-11 -5.92691869568625e-15 2.192555516915905e-05 -2.695264553568365e-15 2.821373061165725e-10 2.83730173481388e-17 -6.7740594882059e-18 3.068731975989775e-10 1.723622947661215e-15 0.000188547353009956 2.98444689366915e-15 -2.369885485942405e-10 -2.389434888052915e-17 7.29454172283735e-13 -1.74891782766398e-17 1.287310255674425e-11 1.427243321229745e-15 -6.52631076145715e-06 7.7862818961322e-17 -1.01396312258645e-10 -1.131627892519855e-17 1.21923802213419e-12 2.968094799846705e-13 1.89012745829681e-18 -6.49922808875035e-11 -9.1069294022939e-16 5.951608955771e-05 -2.13562968295668e-16 1.005465293443145e-10 -2.36293594504115e-17 2.261787365523605e-13 -1.59707446988419e-24 7.49678413541775e-13 -9.5621018734144e-18 -5.31340427122465e-11 -2.00451761988154e-15 8.7980424220525e-06 1.33620231374516e-15 -3.738274324615905e-11 -2.20121014088924e-17 1.10005250633694e-12 2.23353080375553e-24 -0.0001579448944648745 -0.000551093251223615 0.00908439204626825 -0.00082103985921734 0.002697080022699895 -8.3738500293747e-16 7.99152293231125e-16 -1.622690565801325e-06 2.15394393259005e-16 -3.666695120109335e-16 -1.91717123029916e-05 4.403827566011785e-16 -8.1379085212786e-16 -3.127406801375355e-05 -1.180640311238555e-15 3.879390390962815e-15 -0.0002861083466339775 1.02773442325977e-11 -5.53551050640945e-15 1.29645736741964e-06 -2.054053386471605e-15 5.5799372885157e-11 -2.12231317351046e-11 7.29747259141505e-15 -3.86865621574824e-06 1.92741652992629e-15 -8.1592271270476e-11 -1.44961877403938e-11 -4.81501023354315e-15 2.193242229760895e-05 -6.8933211238212e-16 7.4378933123055e-11 -2.94638076286687e-16 -5.16728699128695e-12 6.00234177728405e-17 2.167585766781065e-07 -7.4575173140467e-16 5.34194559672655e-12 -2.041974859465205e-16 1.57852733384781e-16 1.066831256442265e-11 5.2653542423642e-16 -1.3044184889058e-06 4.91323091188401e-16 -1.23693142638285e-11 1.19466070341119e-16 5.68211169259355e-13 -1.036943917175045e-17 2.851233150575205e-13 -4.762423692961375e-16 2.13185425272769e-08 -1.29504819677836e-15 2.326173079213045e-12 2.697423391834535e-16 6.7031083538218e-13
1.179012722294555e-13 1.56806072045814e-14 -7.85443715337065e-14 -1.48310298302591e-13 3.328608311592725e-13 -5.72648557966715e-14 -2.119561431049635e-05 -6.2686885028446e-08 -6.46720908707555e-15 6.5818086050125e-05 3.303174196851405e-08 -6.396424129669e-15 9.35736493514945e-05 -5.1418967483622e-08 5.3977911112154e-14 3.624089360903605e-05 -7.4150701701079e-09 -1.81029098410786e-14 -2.13744666822e-05 1.652532334292815e-08 -5.18813349165675e-15 7.13038013619495e-17 -2.478060280258595e-09 2.39852157372468e-16 -5.87704892487005e-07 6.13771389362245e-17 -1.89290600501801e-16 -2.163752536086125e-09 3.161068798077465e-16 -9.99628516657575e-07 -1.94980148108723e-16 2.641202179586965e-16 -1.278978738973e-08 1.68756221880969e-15 2.569850566337135e-05 2.839306480874635e-16 -1.32729754068222e-16 -2.071025761077555e-10 3.49656290980496e-15 0.000136250601680682 -1.786285830307755e-16 -5.84396095145055e-11 -2.72394624337795e-16 -2.47353465267481e-09 -2.433521285072245e-16 1.594265245782e-05 -4.11153344608866e-16 6.92408331450575e-11 4.150403122078265e-11 4.259727543480115e-16 9.8307589685443e-09 8.7068452310909e-16 -5.16834586259215e-05 5.6275750407029e-16 -5.7560292705276e-11 -2.200946543256505e-11 -2.54372014894099e-16 -1.43124237701452e-08 9.1281976906501e-16 0.000140737415782972 -3.34214039730779e-16 2.1008832120794e-11 -4.46063804308241e-22 -1.7337093096668e-12 1.01105123443837e-16 1.18199529947331e-09 3.51720157263024e-17 -1.57066681033015e-05 1.01940938746123e-16 4.979813831542175e-12 3.05280470668044e-20 -1.25500313423568e-22 -3.520937160090665e-11 -9.311587805708e-17 -4.115307703364675e-09 5.1989186150385e-16 5.64434062837815e-05 -1.02146462224492e-16 7.9747835080051e-12 -4.124067039953125e-20 1.131115662588095e-18 -6.87849823477405e-23 -1.3277657359333e-11 1.136354264652565e-17 -6.4152521794587e-10 5.1234983952506e-17 8.08155761808665e-06 1.361667089411795e-17 1.01854595758876e-12 -8.0944775367649e-21 7.6088033106298e-19 -1.29654089555199e-15 -3.067184305982465e-15 1.24321129505872e-13 -7.1705455299533e-15 1.6931901353086e-14 -1.53918392623583e-06 -4.51380264978039e-12 -2.665159296070805e-15 2.59633967864866e-05 -1.03367477702163e-09 3.5209016230479e-15 1.5968953722562e-05 -3.415240456757545e-09 -2.73786401092423e-15 0.0003621676434712315 -2.01850150977208e-08 7.3232851413195e-16 1.5742642632249e-16 -5.60282815833705e-11 -4.360356540062695e-16 -1.87467169469803e-06 -2.75575319553384e-17 -2.65406331140871e-16 -5.97951459285485e-10 4.760465100553695e-16 6.61156039412275e-06 -1.912630127339885e-17 1.3354440975317e-16 -3.489707992718815e-10 5.27775311958635e-17 -3.19018214600711e-05 2.53845421418686e-17 1.350470210301925e-11 -3.366673592554165e-16 1.168220933225115e-10 1.095467119124425e-15 -2.719722728899095e-07 -5.7273688454136e-16 4.69504853865621e-12 -6.9258887468118e-12 1.452370451483585e-16 9.1588131131607e-10 -5.21642446236775e-16 1.678543148376855e-06 2.57717639686313e-16 -5.35694309629435e-12 2.203347578289885e-18 -2.72152214713012e-12 -8.60537064089445e-16 1.09472954712595e-10 2.79681984588581e-15 -2.265095231742125e-08 -1.3666035650547e-15 -8.06561293211815e-13 1.83455178568097e-16
-5.43930152633955e-10 -1.637344984090185e-12 -1.521823452069555e-10 -7.8781635824469e-10 7.4886082741515e-09 -5.66329718120995e-11 -6.3343002411069e-16 2.62040028306704e-15 9.7087070308378e-12 -3.299930469257765e-16 3.88586589021231e-15 1.175021141265455e-10 1.826068104642925e-15 -1.22922319696488e-14 1.69934823075127e-09 -1.091294787023015e-15 5.7504119001667e-15 -1.23313763033897e-10 -2.137932816666635e-16 1.844357074078305e-15 -4.71963321452323e-11 -9.19125759947555e-10 1.014968262489175e-17 2.260262843553345e-12 -3.25359610657276e-17 -1.176821465110665e-06 4.57456492504821e-09 3.16569228158024e-17 7.4759207058091e-12 -3.33400177913922e-17 9.56356898187805e-07 -1.97822867068872e-09 -4.945540233322135e-17 -4.690048248612825e-12 1.8021606504566e-16 -3.35425883853736e-07 -2.579380581107835e-10 5.20026112359515e-17 2.945163717093905e-10 -1.786285830307755e-16 7.44892691242595e-07 1.858496112014475e-20 8.5449335733424e-10 1.833841541886945e-17 9.3465517590713e-12 -6.5500952232353e-17 5.4243423288703e-08 -1.90797958959886e-18 1.535035705052205e-19 -7.8568866698477e-10 -5.9480825889061e-17 -2.00001059591588e-11 1.651400397683615e-16 -3.403068451708325e-07 1.838969644251675e-18 -2.27706221725351e-19 1.320925561804005e-09 9.6121412154754e-17 3.14976609126765e-11 -1.52515529127172e-16 1.20775353350238e-06 -1.142567819009895e-18 1.58024961759488e-13 2.814319110081945e-19 4.018667063511455e-11 4.618844115375455e-18 -6.6355398456328e-12 1.470233155127075e-17 -3.49762635037522e-07 -4.235823556440795e-19 -1.3116958635767e-13 5.07806404807685e-14 -3.10372959271252e-19 -9.84001088489775e-10 -3.880029556377705e-18 -1.27036677624108e-12 -2.32945973352569e-17 1.011288965002675e-06 5.4335902434383e-19 -2.00959243998914e-14 6.57778433409125e-23 1.634992272800425e-13 -2.154202204116545e-19 5.32943827673905e-11 7.05763301459235e-18 1.08606624071024e-12 3.719885727903205e-17 2.203346227849565e-07 4.618077524709195e-19 -1.061830671120625e-13 8.37654182407585e-23 -8.3201332924142e-11 -3.02916913244766e-10 -6.97165959543e-09 -5.15922094513555e-10 1.820315290396265e-09 7.91530087195005e-18 1.113001295283005e-18 -1.979532799690585e-12 -4.183679619543515e-17 2.69831220292401e-17 -2.22329058175518e-12 -8.2024563928078e-18 3.465394352692555e-17 3.86321406465714e-12 -4.12653773138149e-16 2.13139105278349e-16 1.05163654954092e-11 1.046981810260485e-10 -1.095434382982985e-17 1.649788640119925e-12 -2.190640120451665e-18 1.54423640098328e-07 -7.35459810632675e-11 9.2390411580216e-18 -8.0340102650035e-13 8.18740911267535e-18 -4.40374640798838e-07 -6.9992382283548e-10 -6.97934187851135e-17 -9.04781762806595e-12 -8.4990209656091e-17 2.446298587559185e-06 -3.619282937395615e-20 3.091906819880825e-10 -6.5236122698113e-18 2.41416573438876e-13 -4.87367439015714e-18 4.70610529695316e-08 2.263892076641415e-18 -3.69068456621453e-19 -1.039008661093615e-09 6.32857474068235e-18 -3.619395745412965e-12 1.234866141221735e-17 -2.42469975630704e-07 -1.38220034658363e-18 7.1761047632904e-16 -6.15021370938165e-19 5.97965022650785e-10 1.445196765488695e-18 -1.60206010323221e-13 -6.58921111848095e-18 4.717316130300595e-09 7.3048120318651e-19 -1.90427556087229e-16
-5.1471980934839e-15 -2.35526635278028e-16 7.2557782668723e-16 1.06225664551081e-15 -3.2888185489974e-15 5.5969880113283e-16 -5.46356746414605e-10 6.5371536583799e-10 5.97215654380545e-16 -8.10446555808685e-10 9.3979623486817e-10 1.085294988435665e-15 2.187382684052155e-09 -3.30355426108355e-09 -3.987461980312755e-15 -1.031611804256115e-09 1.52508757969291e-09 1.703611023288125e-15 -3.41123042006708e-10 4.805689105739495e-10 5.7801455756882e-16 -7.7374878499219e-19 -7.9836058384836e-12 -3.60852112808823e-17 -3.78194477474826e-12 -1.71019622551832e-18 -2.932166389033565e-18 1.887462743287205e-11 4.62686023248645e-17 -2.742050321115045e-11 3.588160385671105e-19 4.37335162280379e-18 -6.4300837076486e-11 -1.283862954671785e-16 -5.76660645743785e-11 -1.30507418473606e-18 -2.495489915790475e-18 -7.43489315280975e-11 -5.60382734878935e-17 -5.84396095145055e-11 1.858496112014305e-20 2.17187216609855e-07 -4.87133806342265e-18 8.8748218679374e-14 -3.93761627099256e-18 7.9464207043703e-12 -8.5911179121492e-19 -5.2376008757414e-13 -1.87273722767305e-07 7.610314924518e-18 -1.09074210593901e-12 1.9344202235763e-17 -9.95283386248425e-12 1.646561382745475e-19 -9.23063006666285e-10 7.3353440648659e-08 -5.38806282424895e-18 -8.4012317089689e-11 -8.0673492704817e-17 -9.16224574922585e-11 -9.5110653126707e-19 -1.4138231947638e-10 -5.2132540855961e-22 2.0820939280608e-08 1.87667333630897e-18 1.13740786537577e-11 2.537512932977765e-17 8.63817495724505e-12 -1.8642800524372e-19 -1.31928825556739e-10 -3.758996894713885e-22 -3.702207612426895e-22 -1.516061388736355e-08 -2.62221742685655e-18 -4.96000077263943e-11 -6.7697325333358e-17 -4.235656056651795e-11 -3.91356293858498e-19 4.400112264737595e-10 6.4088014426447e-22 4.497928932581175e-16 6.30055391460015e-22 -7.61422563330215e-10 -5.42707646220595e-19 -8.6124507375734e-12 -1.86475498350774e-17 -2.596869586459525e-11 -6.6937501051909e-21 -1.784762389665685e-10 4.246267663738365e-23 4.953857716401575e-16 4.5766760230537e-17 3.008345716120455e-17 1.74851047528199e-15 1.66513371057958e-16 -2.758229322676185e-16 2.11754532949829e-11 4.50772809713539e-14 -4.968598627934585e-18 -1.33554379936418e-11 5.7316190149438e-12 2.455709014147735e-18 7.62380075944355e-11 6.1784629087912e-11 2.069209702178225e-17 3.45613629256478e-11 -5.9040230253682e-11 5.8347594969868e-18 -5.69479415847785e-18 1.1180504537512e-11 1.877566318917685e-17 -5.45284169488115e-11 1.75383889018962e-18 5.46321070932925e-18 -1.782288374754145e-11 -3.176746664798265e-17 2.943045928482595e-11 8.48288163024025e-20 -4.97476615729408e-18 4.217310047506925e-11 2.230668552571565e-17 2.31130495583439e-11 -2.32818186548917e-18 1.085306487137205e-10 -5.6593245138571e-18 8.83565487422605e-12 1.076670958182665e-17 -2.37302976308871e-11 7.89815859035315e-19 2.715056197135985e-11 6.1263832526144e-09 4.233533859452545e-18 -4.43671240999471e-12 -5.2272701280264e-18 2.174706940750985e-12 1.03943956541727e-19 -1.311293040914995e-10 -4.31951322240134e-19 8.32208521066335e-10 -7.92876064231665e-18 3.32298923113245e-13 2.92610627327655e-18 9.61912734281165e-12 1.87585471601368e-18 -2.020739161680575e-10 -8.4719065716698e-20
-6.7025762816635e-12 3.806134142268605e-12 -1.30280837632576e-11 -1.939182551357095e-10 7.03914087101665e-10 3.426671383792765e-11 -2.41076895242794e-15 2.848898336149215e-15 -1.17606578444462e-11 -3.0132410556932e-15 4.798233133263415e-15 -1.391658106853835e-10 1.007063994080395e-14 -1.43561138630841e-14 4.70589761472985e-10 -4.960917223308725e-15 6.45892466702875e-15 -1.54844976178215e-10 -1.46420160604449e-15 2.2166633692217e-15 -5.5426116302788e-11 2.61926292164716e-07 -1.66525484142361e-17 1.11029768367294e-11 -5.2092023930253e-17 6.9713737674571e-09 -1.033177915674105e-09 1.06614068395941e-17 -1.880963016811255e-11 -3.113146499799305e-17 -6.462686244659e-09 1.444805193849215e-08 1.44409905013669e-16 1.16922449763577e-11 1.659490852805455e-16 2.360445432273515e-09 5.42838060585745e-08 -1.58593391358008e-16 1.435215114641145e-11 -2.72394624337795e-16 8.5449335733425e-10 -4.871338063422645e-18 3.313615691923935e-07 -5.51449572582625e-17 1.09739570278718e-11 -9.9785977581893e-17 -1.68683644881505e-11 -3.160835558664205e-18 6.3709732049316e-18 -3.70267006070257e-07 1.25109460418999e-16 -1.69692854739443e-11 2.52731362127177e-16 1.219073311690625e-09 1.58395606047574e-18 -1.679047970630905e-18 2.2237199353986e-07 -8.28133408008995e-17 1.46445130786456e-12 -3.05002057762366e-16 -6.8554037877602e-10 -7.7416514858931e-18 -2.881425699967655e-14 -9.55227356009125e-20 8.1941931465867e-09 2.36609337924887e-17 -5.0240859843318e-12 1.25746562258895e-17 -1.741715243650105e-10 -7.27229964252365e-19 1.66043627577967e-14 -1.10850638481128e-14 3.095221761365035e-18 1.35014964903934e-08 -4.511107744724155e-17 4.10552944184375e-13 -3.736402857826605e-17 1.04286489048551e-09 -5.5892835432946e-18 1.5051127378395e-14 7.65338758330025e-23 -3.15622180386777e-14 1.53992700315733e-18 -6.0378687403906e-09 5.2580415841864e-17 2.10028029702271e-12 2.170410951939725e-17 -5.69793176952445e-10 -2.405560830262885e-18 2.500563933017875e-14 -7.8705136501365e-23 -2.213671246046065e-11 -2.02436960676513e-11 6.06457170332705e-10 -8.13553805894605e-11 1.51621278276986e-10 9.21404865856885e-17 -1.76758937772644e-17 3.79828522730683e-12 -2.04244388921681e-16 1.789953837911735e-17 -1.14685106019605e-12 3.535935429505055e-17 -4.033485923063385e-18 8.9284023085798e-12 -8.1908683547523e-16 -2.204541342608395e-16 5.72978534102925e-11 2.64832213267636e-08 -8.63253661688005e-18 -1.48673802503887e-12 7.25462079948905e-21 1.448861036399555e-09 -5.3507356401421e-08 1.924987667730685e-17 4.364589062299e-12 1.91899676953138e-18 -2.88351684770846e-09 5.1664766268893e-07 -1.59319611890375e-16 -5.03649236498275e-12 -3.21967924460425e-18 6.7021328965203e-09 -2.237547019675085e-18 -1.31016882103602e-09 4.168019006450095e-18 -1.642624243369555e-13 -2.92707705388484e-17 -2.385157156397025e-10 2.69282448008167e-18 -3.708350934868725e-19 2.870417233592275e-08 8.95090973948615e-18 1.30047205323699e-12 1.84954233724432e-17 -1.279057308604465e-09 -3.061915910029445e-18 6.05426592318945e-17 -2.793604051553755e-18 -3.596108491200325e-09 1.18195915983896e-17 6.4718874875201e-13 -7.26741922466815e-17 -1.385211364719825e-10 5.70449796063125e-18 -4.48287635341133e-16
-3.073230990987025e-14 -4.88300547022582e-15 2.133635051515755e-14 3.448051094175505e-14 5.5845567759034e-14 1.510525292526775e-14 -1.88263322477992e-07 -2.09791071774311e-07 2.746100340342995e-16 -2.824282269332425e-07 4.09632144375417e-06 4.745878801046295e-16 8.47445545714865e-07 8.6195978785082e-06 4.479393689139005e-14 -3.992322188372385e-07 6.75035121033175e-06 -8.3446745159274e-15 -1.221865098719335e-07 -2.60758744985496e-06 -2.975166913603505e-15 6.4957211515618e-18 3.42536107200646e-07 2.433202985957505e-16 -2.97032197613691e-09 -2.96102500643778e-18 -3.541072575127595e-17 1.134677868514715e-06 -1.5146207323999e-16 2.57165768201891e-09 2.63435922964395e-17 5.9987311470017e-17 -6.7379050104281e-07 2.554612693596425e-15 -2.348311510034005e-09 -4.08439812463372e-17 -2.367090695923815e-17 1.594276778575685e-05 6.19043336751505e-15 -2.473534652671085e-09 1.833841541886945e-17 8.8748218679362e-14 -5.51449572582625e-17 3.20988255282572e-06 4.730471404959755e-16 5.00875488035535e-11 3.376692209188675e-17 1.204295121984095e-11 -1.34844375678469e-12 7.7032745847223e-17 -8.77848598181425e-06 -7.3300066443566e-16 -1.67144154077876e-09 -5.63889077146595e-17 -1.088990743926115e-11 -2.946876993378435e-12 -3.27281187138669e-17 1.5772699913262e-05 2.35100786549924e-15 -9.89341937540355e-10 3.406699760502195e-17 6.5069777821271e-13 -1.98013458659275e-22 5.96734841666455e-13 1.319926434939135e-17 -1.480458168627585e-06 -2.15867689621455e-16 -1.34508552650223e-09 -2.03371842027284e-17 3.0279466842708e-12 -2.00004570230267e-21 2.949366644607965e-22 -2.98474877519751e-12 -6.00904688598855e-18 4.58512641749987e-06 7.33840568344485e-16 6.3214151641363e-10 2.12312997421671e-17 -4.89471983707763e-12 2.972128808668535e-21 6.26038103139915e-19 1.07069300131611e-22 -9.3335620373182e-13 2.9041236415129e-18 2.876138138419455e-07 3.270894761547805e-17 -2.113916980879985e-12 1.72134485650717e-18 -2.15629380924098e-12 7.15405325622865e-22 5.91816333860205e-19 -4.18926789649909e-16 -5.1387121820218e-15 4.13155731932188e-14 -4.700454603124365e-15 2.64290964580149e-14 2.485123123717515e-10 -2.201814532119305e-07 -1.17048590359738e-16 -1.311547708556865e-09 3.14318606457778e-06 -1.50745792671011e-16 8.87577701719625e-10 1.34522930532525e-06 -4.246171927691385e-16 -1.04308100434027e-08 4.14463837627113e-05 -2.531581848403315e-15 -5.67137503895715e-18 -3.81803474997158e-08 -1.871424349802095e-16 -2.97957659414901e-10 -1.233774978867655e-17 5.72189444169025e-18 2.40554068002204e-07 1.351924264204e-16 -2.78337583750608e-10 8.65609861268655e-18 2.6676928091849e-18 -5.84204875792055e-07 1.97947840538979e-16 1.981973069221035e-09 -2.44703893529438e-18 -2.98316342012927e-12 -6.59514228200725e-17 6.72184526872195e-08 3.410763337091485e-16 9.8221973874472e-11 5.24985570936435e-17 4.313879067151375e-12 1.233411328662615e-12 2.759851994711555e-17 -4.373243307532675e-07 -2.457156237432845e-16 1.801168624165395e-10 -2.170645316988195e-17 -2.068382849448955e-12 -1.19865229806487e-18 8.22956985968165e-13 -1.53849606667178e-16 1.815103814485855e-08 4.80156620367637e-16 2.895655485404e-11 1.47675865965671e-16 -7.44676273081155e-13 -1.37439209810909e-17
8.55962980130395e-06 2.08419659585724e-05 -6.3418354517651e-05 -0.000121198895181593 0.000270505610606581 -3.61087543859526e-05 4.78803131540476e-14 6.2771489334188e-14 6.27352576039435e-05 7.5178974136159e-14 8.94809888877065e-14 6.9696076206714e-05 -2.40147304567473e-13 -2.7938372322823e-13 -0.000256797259335496 1.12451744168865e-13 1.316350166576595e-13 0.0001365668363993055 3.523532909001015e-14 4.130579942547935e-14 3.845145237191055e-05 7.79025717661035e-12 4.10244275211706e-16 -2.342664923801245e-07 -1.644218298102485e-16 -6.24118556036335e-12 -2.30189203121551e-11 1.04780677188585e-15 4.400003254527125e-06 2.40924059836322e-16 1.248095753782725e-11 1.42263489724743e-11 3.18164658028681e-16 -1.20075628140482e-05 -5.63125643971065e-16 -6.75340355864405e-12 -1.13473537835224e-11 9.32126944749505e-16 4.450513800414155e-06 -2.43352128507225e-16 9.34655175907125e-12 -3.93761627099254e-18 1.09739570278718e-11 4.73047140495976e-16 2.487528284392605e-06 1.81594072314261e-16 -9.70924763538685e-12 1.105151422819345e-17 1.028238092218575e-19 -9.2367350109219e-12 -8.0952249244269e-16 -5.99012567891615e-06 -8.7646356969001e-17 9.52293041091665e-13 -1.44002192001523e-17 -1.497296391312875e-18 3.512296103184235e-12 1.723901449369225e-15 -1.135190644958145e-06 -3.17575012814945e-16 6.7486988475e-12 4.03692789737401e-18 7.88555713375745e-15 -3.423741242196855e-18 -1.217603705369215e-12 -6.4009086279549e-17 6.09190693453235e-07 8.9348772345859e-17 -7.7916846175799e-12 -1.100656418020815e-18 1.31254704596493e-14 3.200142363937675e-15 -7.3203649963853e-19 2.439019442011325e-12 2.55939758027989e-16 -3.840067193377175e-06 -1.17348206141608e-16 8.47474654593625e-12 -4.117219059434655e-18 2.433786366697175e-15 -2.82981758376762e-25 8.09879802232165e-15 -1.43573754741385e-18 -1.647719237931545e-12 3.12263845531779e-16 -1.226896781093085e-06 -2.439685685114925e-18 -1.78543421752425e-12 -2.49905976895109e-18 1.18422659394733e-14 2.19003349588798e-25 -1.44033289268117e-07 -8.16064953293725e-06 5.56107598691315e-06 2.95870177098923e-06 3.42024138295489e-05 -8.2742281704989e-16 -5.90115922080755e-18 2.717181125754005e-07 8.2596451009078e-16 2.714982465575525e-16 -6.7102517387821e-07 -1.15146510721473e-15 -3.112502171445215e-16 4.90011944257546e-06 -4.971803728050245e-16 4.450891194141615e-15 1.35262286471741e-06 8.59347368138355e-12 -1.698378828737845e-15 -1.67401593501977e-07 -4.635667644970005e-16 4.065420326462085e-12 -1.047829060480955e-11 2.132476193450835e-15 3.773801280260925e-07 4.630578862324005e-16 -3.414496016779395e-12 2.060293175698995e-11 -1.867708479313175e-15 -3.995036643464095e-06 -2.428789268917855e-16 9.3835470031229e-12 -6.48133560082415e-17 -1.065187036648835e-12 -6.01753193748885e-17 -1.23146633913473e-07 6.8566993453343e-17 -5.76752633007915e-13 -8.6391096407531e-17 3.539671438232305e-17 -3.73457096758572e-12 9.78953921699195e-17 6.74153090940795e-07 2.83205489278262e-17 7.0674943673251e-13 4.41582334400966e-17 1.746549484820135e-14 2.949125888479505e-17 1.04877488519496e-13 4.19580885536363e-16 -1.92544868715268e-08 6.2877334363698e-16 9.4357455392424e-13 -4.655076521903155e-17 2.471764581470145e-15
-7.55819227180395e-14 -7.9020202152747e-15 3.57369531563676e-14 6.81961826959735e-14 -1.064803583042005e-13 2.564394075901835e-14 -2.186210752002225e-07 1.94699718397447e-07 -3.88595930571415e-15 4.080600629256815e-06 2.930126010762795e-07 -6.72857335292185e-15 8.66556831532975e-06 -8.79291058369135e-07 2.656290058748315e-14 6.729388425859e-06 4.14025112613435e-07 -1.05656653188126e-14 -2.61462809401828e-06 1.270111465557695e-07 -3.90900929852962e-15 1.352745707226445e-17 2.904456592153055e-09 6.70261332754335e-17 3.42524087676132e-07 1.29177709591587e-17 -6.6194647485882e-17 -2.48723368400528e-09 -5.29841302431195e-16 1.13460418923476e-06 -8.9387061649249e-17 1.012748255655075e-16 2.455635146492855e-09 1.03079719030975e-15 -6.7382258579436e-07 1.59090751173945e-16 -3.53016224679042e-17 2.45436355466753e-09 1.1743013836706e-15 1.594265245782e-05 -6.5500952232353e-17 7.9464207043703e-12 -9.9785977581893e-17 5.0087548803392e-11 1.815940723142605e-16 3.20984639640112e-06 -1.507088956231675e-16 -2.220244240026155e-12 -7.51426040817485e-12 1.47363561530897e-16 1.54051714345066e-09 -5.3150595589738e-16 -8.77836124624735e-06 2.15309238829481e-16 2.020589007032385e-12 -1.525400632412545e-12 -7.0466534785703e-17 1.145505107137635e-09 1.042210843130785e-15 1.577266953394545e-05 -9.3040560258877e-17 4.30661577571236e-13 -4.02148527208434e-22 3.95892472248676e-12 3.635657146583955e-17 1.31593458692411e-09 -1.710388868522655e-16 -1.480447002105175e-06 4.00530615285361e-17 -5.67401517695675e-13 7.59007971948905e-21 5.49337447625465e-22 -1.204892152627535e-11 -3.056146959638025e-17 -5.58129415507165e-10 3.47777507089119e-16 4.58517217013068e-06 -1.579010826183925e-17 2.143977614094235e-12 -1.02233489166931e-20 4.580305754817255e-19 2.44846020453116e-22 -3.348468375793745e-12 -7.43961818710525e-20 2.26804983529926e-11 -4.98511974819901e-17 2.876349191286785e-07 1.181668532938875e-17 -4.40521495819125e-13 -2.01355962050955e-21 1.606816822399905e-18 4.32002511716039e-17 -9.02142155288595e-16 -4.41557595066435e-14 7.4107713839224e-16 1.388161575939265e-16 -2.201915643318795e-07 -2.324341068629195e-10 -4.990929944397795e-16 3.14315472436606e-06 1.32868396075269e-09 6.4521561013518e-16 1.34533657945256e-06 -8.80806127757045e-10 -9.72504900593405e-16 4.14463241356892e-05 1.04505171624042e-08 -2.67000384776904e-16 3.04429315439973e-17 2.902307476437715e-10 -2.283957062304325e-16 -3.81844267612943e-08 -4.075307891742325e-18 -2.61095994614289e-17 3.18456823310389e-10 2.672114850653405e-16 2.406526891770795e-07 -1.10760211149432e-17 3.55838380841388e-17 -2.000084379285075e-09 -1.63884283054789e-16 -5.84317791304815e-07 2.42211766283412e-17 7.1482175559725e-12 -1.08339419885651e-16 -9.7327179507116e-11 3.145436914665195e-16 6.7242228820195e-08 -2.001722853079115e-16 3.99488517983112e-12 -3.44431406420121e-12 4.24080810607823e-17 -1.95138335990428e-10 -1.359538918683295e-16 -4.37554620554986e-07 8.35279268894595e-17 -2.066886616423595e-12 -1.30908545685646e-18 -1.11294412894108e-12 -2.759130767179295e-16 -2.02570163914117e-11 9.2316074182109e-16 1.816035933729035e-08 -4.75735520484539e-16 -6.44842835521045e-13 4.43918313475672e-17
-2.620444458380325e-11 3.32442287739327e-11 -1.925774327901445e-10 -3.192615632172645e-10 -2.45147942970831e-09 -1.392966421384855e-10 -1.598338160348335e-15 7.8928974593947e-15 2.40844649090679e-10 -9.5642286808755e-16 1.168085327687635e-14 3.147795531461905e-10 4.583776483918905e-15 -3.68343296476296e-14 -2.22280772222613e-09 -2.647737740159505e-15 1.722667583751415e-14 7.16967094773465e-10 -5.77439024328865e-16 5.5194950468658e-15 2.37242922125016e-10 -6.55108106093405e-09 3.406250832257745e-17 -7.83819163627025e-12 -8.00120920052915e-17 2.61862165010519e-07 5.95172876756135e-09 7.4674858904363e-17 4.30017822139103e-12 -8.3235106353254e-17 -1.03704388859571e-09 -1.982031899785625e-09 -5.5380969820783e-17 -6.1942788473454e-11 3.76768053505619e-16 1.44565368685885e-08 -1.080430221964155e-09 9.6967708858697e-17 -1.616684978410145e-10 -4.11153344608866e-16 5.4243423288703e-08 -8.59111791214925e-19 -1.686836448814685e-11 3.376692209188685e-17 -9.70924763538685e-12 -1.507088956231675e-16 3.31341471682723e-07 2.370179964211435e-18 2.04478122342974e-18 -9.8497176364946e-10 -1.150387682405915e-16 1.870663492212565e-11 3.84505604512882e-16 -3.699824872813525e-07 -1.293825921775305e-18 -1.216974841126335e-18 5.07868067111145e-10 2.28644643200417e-16 -6.98665083817735e-11 -3.790849577355225e-16 2.220715944987465e-07 -3.21911340300681e-18 -1.304279609102285e-13 1.416278450481475e-18 2.68982066181511e-10 1.70883611150381e-17 7.6581090342526e-12 3.15360794346676e-17 8.15102449660025e-09 -1.22401403373408e-18 7.7920615411465e-14 -5.3091602600984e-14 -8.7048662207765e-19 -1.02170023527681e-09 -2.34901403163511e-17 -2.85816807398746e-11 -4.763335510899355e-17 1.354249628659825e-08 2.1003387188964e-19 5.1246480466616e-14 -4.73007503129454e-23 -1.459158250064115e-13 -6.24081411923465e-19 6.13132198346065e-10 3.57691344630658e-17 -6.13639047454495e-12 7.2681533209405e-17 -5.95673809733915e-09 1.2973997669693e-18 9.9278675392232e-14 3.56015169230378e-23 5.1939393874063e-11 1.41013095344602e-10 -5.6459027736487e-10 2.031050459170205e-10 -6.8844968578973e-10 1.048796314957595e-17 -4.207909267653925e-17 -2.8951702875431e-12 -9.40753887349465e-17 1.20261991920615e-16 1.12087494874324e-11 -2.85825162365042e-17 2.434864689298575e-17 4.545810068300145e-12 -9.80391909983325e-16 5.5272030979369e-16 2.566601844080205e-11 -1.46378032994602e-09 8.93030685251995e-19 7.73674892152405e-12 -1.62398051852766e-17 2.64775076394236e-08 2.894464355573475e-09 3.28215163747874e-18 -8.9799486176318e-12 2.63663278038471e-17 -5.35092249196565e-08 -6.63742455898325e-09 -1.7330382948002e-16 5.47547870731835e-13 -1.83943366924168e-16 5.1660061937391e-07 3.187524056359355e-18 2.547043982335575e-10 1.64982218711948e-17 5.1332365558802e-13 -1.51556270637382e-17 -1.30192319717213e-09 5.04225211524995e-18 -2.784792215521675e-18 1.288274077399645e-09 -1.62367177689625e-18 -2.072066631418215e-12 3.111488425710015e-17 2.87031635766586e-08 -4.04976672666401e-18 1.83732768239985e-16 8.36260804759775e-18 1.42719771737967e-10 2.529634830005535e-17 -9.2275817003001e-13 -4.525459183517245e-18 -3.59120551380157e-09 -1.525470276057715e-17 -4.797204011776005e-16
-9.0749701101875e-15 -5.73717866828535e-16 2.23268818191009e-15 3.917580032673115e-15 -9.004788570526e-15 1.642786333840465e-15 -8.7519234448206e-10 -3.677182977597005e-10 6.1483542181849e-16 -1.273330508669095e-09 -5.44584877348015e-10 1.099793709363915e-15 4.31090795294656e-09 1.384832547408535e-09 -4.356679439094795e-15 -1.98594217344592e-09 -6.45638105115945e-10 1.824562562522775e-15 -6.40983863349435e-10 -2.25592580368187e-10 5.95590519434925e-16 1.01585562703718e-17 -4.79341261342762e-12 -4.81445268013009e-17 1.12450733876358e-11 1.257114511276345e-17 -3.226579786391165e-19 -1.50026450937119e-11 5.6413068813217e-17 -3.255009606833395e-11 1.067319663071625e-17 5.33177149896645e-18 -6.4328025909717e-11 -1.628287957368345e-16 6.95979228079155e-11 -6.52030922321185e-18 -1.24744580663028e-18 -4.122420017439305e-11 -6.36047863021025e-17 6.92408331450575e-11 -1.90797958959886e-18 -5.23760087579475e-13 -3.16083555866421e-18 1.204295121984095e-11 1.105151422819345e-17 -2.220244240026155e-12 2.370179964211395e-18 2.171873243161705e-07 9.23617505948085e-10 4.308742991288635e-18 -2.03088180074232e-11 -2.23054483546193e-17 6.1249510793046e-12 -2.26947856229623e-18 -1.87273039045662e-07 1.40618830332785e-10 1.327048014877005e-18 -7.25273224404335e-11 -5.67632639294725e-17 7.25559062961145e-11 3.455016401048485e-18 7.33547491343445e-08 -2.86738046885563e-22 1.31921126174932e-10 7.5421397854296e-19 7.804499787747e-12 2.39469366042317e-17 -1.27486649116476e-11 -1.59458205936508e-18 2.082075068637475e-08 8.5733880191491e-22 -8.68627025383705e-22 -4.408882339699245e-10 1.87286075413201e-18 -3.869459049622255e-11 -6.8982108274096e-17 5.2932539194377e-11 4.91173726295827e-18 -1.51581010660961e-08 -3.80939156178926e-22 -4.95177230874759e-16 7.82648166035785e-22 1.77991636517253e-10 9.43226913221155e-19 -2.269276227250385e-11 -2.171353438012015e-17 6.020219344244e-12 2.02745597713207e-18 -7.6021684917817e-10 -6.79798175986865e-22 4.49636304732979e-16 6.29733824632135e-17 4.839276274640915e-17 -1.30943129278188e-16 2.677398747544575e-16 -5.22261860310975e-16 6.3616274162672e-12 1.759589657983305e-11 1.69830147479834e-18 -1.30864587910004e-11 -9.33281711353415e-12 -8.90635683574075e-18 -6.1570634668357e-11 7.73687650813435e-11 2.417234961876015e-17 6.8198672710882e-11 4.151161467423425e-11 -6.4084862514694e-18 7.83086721757565e-18 -3.96028819045039e-11 2.96822046728596e-17 -3.21290829666493e-11 2.94404090054091e-17 -7.8221655472608e-18 1.767968203890635e-11 -4.91751871066904e-17 3.072651540360755e-11 -3.23824247475527e-17 4.302065852192955e-18 2.83052889126339e-11 3.47117747840112e-17 -4.51785935876718e-11 2.88863018298395e-17 -2.712887884914985e-11 -1.65348954263957e-18 -1.51798675683074e-11 3.77315421478889e-18 -1.659759921240195e-11 6.8820612927953e-19 1.083726056493695e-10 1.31184104345857e-10 -7.58751439564645e-19 1.054314537497315e-12 -2.37302256058999e-18 6.3696414105679e-12 -4.451883565579565e-18 6.1264277002944e-09 2.161368088409695e-18 2.020700234220275e-10 1.080147534048035e-17 5.72889422887965e-12 -1.83968493331682e-17 3.61200220379576e-12 -2.758779573351725e-19 8.3221954742066e-10 1.28084699947187e-18
4.482314456438905e-15 2.13238831025977e-16 -7.2001757611247e-16 -1.13949998370734e-15 2.884838973786265e-15 -5.3015173453578e-16 4.340398620303405e-10 -1.04094043245159e-09 -3.13979716609872e-16 6.50835751983835e-10 -1.498630622753585e-09 -5.87877641040355e-16 -1.735651479074235e-09 5.0862661124931e-09 2.177492588120055e-15 8.11915901181105e-10 -2.37874603285564e-09 -9.20966312929305e-16 2.772448030882855e-10 -7.3789740336807e-10 -3.130463448644685e-16 8.4569935318704e-19 5.2158663770265e-12 2.575819898021785e-17 3.911799303894185e-12 2.52084176053048e-18 2.509571874707785e-18 -1.41018449247387e-11 -3.179792052892665e-17 2.20268342715269e-11 -1.628111805989425e-18 -4.154008837656285e-18 5.7628471436539e-11 7.9074589248492e-17 5.277993506844e-11 2.15820942905691e-18 2.763565573696315e-18 5.8656323058048e-11 2.599010468571055e-17 4.15040312207826e-11 1.535035705052225e-19 -1.87273722767305e-07 6.3709732049316e-18 -1.348443756784695e-12 1.028238092218475e-19 -7.51426040817485e-12 2.044781223429745e-18 9.2361750594808e-10 1.830651012477475e-07 -9.30732665674585e-18 5.23034503721655e-12 -6.72082784252085e-18 1.073049513162555e-11 -1.43255339800358e-18 -2.50381540010285e-13 -6.10566643882125e-08 6.2652223107276e-18 6.8410281129273e-11 4.27492775538617e-17 7.27082072241665e-11 1.7108315890401e-18 4.476315975803945e-10 1.844245441568105e-22 -1.198388094740985e-08 -1.78891013800667e-18 -9.5076414486994e-12 -1.671340752259865e-17 -6.6034361088662e-12 4.09628805150465e-19 2.234620180597645e-11 5.9111325641407e-22 3.552082986084855e-22 3.20320733541038e-08 2.30501106952744e-18 4.209869471087315e-11 4.4511580326469e-17 3.16840913460684e-11 -9.28266197515185e-20 -2.621159396735275e-10 -7.07937699096465e-22 -3.08744827307625e-15 -5.1656501694478e-22 1.540219866481465e-08 2.08061740091146e-19 9.35828141823845e-12 1.44922427217362e-17 2.216002512556695e-11 -3.70328015931842e-19 -5.6337218520836e-12 -1.03253678010087e-22 -3.0304606537952e-15 -3.6965379619552e-17 -1.350909214909995e-17 -9.34647349542565e-16 -1.38520341890435e-16 2.102844325081935e-16 -1.719740854591965e-11 9.77426813952225e-14 5.72672760880835e-18 9.4721534833432e-12 -5.981612724799e-12 -2.315370676104745e-18 -6.2702520458618e-11 -5.50740599836915e-11 -7.4176024962528e-18 -4.117243781522655e-11 3.73130983193042e-11 1.259341500374215e-17 3.72054793047208e-18 -7.08710299720315e-12 -1.79786783560137e-17 4.400496592235745e-11 -5.6103778764239e-18 -3.1984527232405e-18 1.120620198652445e-11 2.97161115505776e-17 -2.36025835227618e-11 4.060608806136305e-18 3.409668163794315e-18 -3.429853841851665e-11 -2.271203088983465e-17 -1.777826153473375e-11 7.69258807388485e-19 8.19683629105495e-10 6.55927808960175e-18 -6.58831700945445e-12 -1.04988739362994e-17 1.911548057031875e-11 -9.52120472515125e-19 -2.174757702327815e-10 -2.51475812383338e-08 -4.52735183100319e-18 2.141412810131765e-12 5.9638510628036e-18 -1.0074192823228e-12 -1.76640290642011e-19 2.615062357971575e-10 5.032484376316e-19 -4.387978125945665e-10 9.11337049977785e-18 -6.30972331537e-13 -4.278626480636885e-18 -7.81275736071975e-12 -2.269001426224505e-18 2.70858983591725e-10 9.8124596807884e-20
-6.07537276269505e-10 -9.10223428986335e-11 -4.385088713062745e-10 -5.80812129994405e-10 -1.258470858925725e-09 -3.719686474380825e-10 3.647059748742215e-15 -4.019780407832675e-15 -8.7477269993849e-11 4.580866534289375e-15 -6.82409628114845e-15 6.64835435310705e-11 -1.52941172086189e-14 2.04064565966189e-14 -7.500372988332e-10 7.5484388993729e-15 -9.161249960576e-15 9.6957223798785e-11 2.21569681326487e-15 -3.16057285510279e-15 1.23937627199275e-11 -2.450573266423265e-07 2.475866400005715e-17 1.452507077700015e-11 7.89410714771315e-17 -1.23328839139018e-08 1.05761014140069e-07 -1.87769803981105e-17 -3.281390798986565e-11 5.24188558765955e-17 9.4464796016026e-09 5.0698640934503e-08 -1.937346558926425e-16 3.558791004943845e-11 -2.609941610957585e-16 -5.9709758729714e-09 -3.403257076065865e-07 2.29734899776974e-16 -9.35485264923175e-11 4.259727543480115e-16 -7.8568866698477e-10 7.610314924518e-18 -3.70267006070257e-07 7.7032745847223e-17 -9.2367350109219e-12 1.47363561530897e-16 -9.8497176364948e-10 4.308742991288665e-18 -9.30732665674585e-18 8.1872561898588e-07 -1.741085922034775e-16 1.540811132549085e-11 -3.833680436722515e-16 -6.5304517971578e-11 -2.233912828684965e-18 2.178477245883875e-18 -8.4530966060954e-07 1.198498768704765e-16 -1.783566394859875e-11 4.667758196210275e-16 -1.38201019009478e-09 9.94486386612075e-18 -5.8918612550838e-14 4.59496498437161e-19 2.16430834986393e-07 -3.473831028365665e-17 -3.952178460043315e-12 -2.500848274023505e-17 1.283280837734415e-09 5.5451771562514e-19 5.38573857064125e-14 -1.00794257616734e-14 -4.6059268462824e-18 -3.594750557031185e-07 6.7607379086813e-17 7.7343370414671e-12 6.83444627580615e-17 -3.860789144042365e-09 7.8766104571399e-18 1.574717286313685e-14 -7.95610525311655e-23 -5.2954125954291e-14 -2.227558485130685e-18 4.829848556044965e-09 -7.1289701708686e-17 1.885850736282855e-12 -3.33306383007805e-17 1.48172969267887e-11 3.58863957386458e-18 5.07316814441165e-14 1.62690599408598e-22 5.7333035018942e-11 5.8646232292276e-11 -3.685935878389365e-10 3.100511968789725e-10 -6.7327104439733e-10 -1.187089975006645e-16 6.5907534159807e-18 -1.072422579800595e-11 2.79610232231934e-16 -1.23224298006635e-18 1.556884399888105e-11 -3.178793556100955e-17 -1.85303479502858e-17 -1.76534523879842e-11 1.255162827878865e-15 3.373516261323795e-16 -6.20063811959235e-11 -1.248107894353585e-07 1.502272522373165e-17 1.55984784388074e-12 -2.1146552978554e-18 -1.57035042606474e-09 2.977015335948185e-07 -2.681025960524785e-17 3.141142877631105e-12 -1.54396103670865e-18 3.14913846357137e-09 -2.25715358464147e-06 2.28073863047172e-16 -1.346024428887155e-11 9.946428494223e-18 -1.285573653578395e-08 4.14588366427356e-18 -1.729964949039025e-08 3.878683085714785e-18 1.313748724647315e-12 3.901685646802235e-17 1.18986687838496e-10 -6.9320856470465e-18 -2.36169404211003e-19 6.2729719959544e-08 -1.768265509296765e-17 -8.6455152297176e-12 -2.63388885611301e-17 2.61861551498515e-09 5.68163024738265e-18 -5.5137225257812e-16 7.4824348035315e-18 4.82078257528488e-09 -4.311735502730675e-18 8.2663169696235e-14 9.3959615871161e-17 4.58303059420062e-10 -1.319361937438495e-17 2.30178949446866e-15
3.16678340624699e-14 4.814086555899135e-15 -2.16378440492655e-14 -3.60764317407332e-14 -4.538760408919975e-14 -1.54437627884288e-14 4.22042379157568e-07 1.474091120748035e-05 -1.543534708842565e-15 6.76690259578335e-07 -2.917110153926535e-06 -1.851306914326195e-15 -1.9987677787712e-06 -7.02129099460455e-05 -3.62839462495633e-14 9.2484309021838e-07 -3.15190523136934e-07 4.96218814648097e-15 2.97153246296421e-07 1.41422289374103e-05 1.94593033337832e-15 -1.229016615090945e-17 -1.4288837403863e-07 -1.701977452623145e-16 -3.15722053627162e-10 2.04452328484729e-17 7.3906293703637e-17 -1.909538471079825e-06 -6.41833003763855e-17 7.1737825275029e-09 -7.9102809395793e-17 -1.1938192383517e-16 9.61422840116815e-07 -2.083932183283155e-15 -2.37559043387942e-09 1.081458914733565e-16 5.489698543692e-17 -5.1683649760914e-05 -5.92691869568625e-15 9.83075896853405e-09 -5.94808258890615e-17 -1.090742105938995e-12 1.25109460418999e-16 -8.7784859818143e-06 -8.0952249244269e-16 1.5405171434508e-09 -1.150387682405915e-16 -2.03088180074232e-11 5.23034503721655e-12 -1.74108592203477e-16 2.712237940554985e-05 1.5428261448911e-15 9.1259141454876e-11 1.802090130933585e-16 1.88276327004747e-11 6.9675100124372e-12 8.6850731376558e-17 -5.1470934568061e-05 -2.77777094039887e-15 1.96958134177709e-09 -1.163001176381615e-16 -8.08459017953255e-13 2.923761977707155e-22 -5.7653081389291e-13 -3.076325873334715e-17 5.4033861116105e-06 2.234626878072045e-16 1.362867005750265e-09 5.3758838998382e-17 -3.822170906130585e-12 6.07868915415905e-21 -6.4327088984905e-22 7.2934232226296e-12 2.235949471388085e-17 -1.592043204662315e-05 -7.33044740072945e-16 -2.035949347165385e-09 -5.81465572127405e-17 3.89883753155376e-12 -8.9280142960728e-21 -6.3059074889674e-19 -3.35597504300783e-22 3.71371575815393e-12 -4.89196228294493e-18 -1.071674084771755e-06 3.98616255028218e-18 9.60067772316915e-10 -6.26880820805295e-19 3.178324447090905e-12 -2.087596929438655e-21 -5.06338670815765e-19 -7.47241431336575e-16 3.93376293545393e-15 -3.10787195465404e-14 1.954203042064885e-15 -2.501071579978365e-14 6.5586034066465e-12 6.89229939119635e-07 2.646532035968255e-16 1.106651143107345e-09 -1.005227652631235e-05 -7.3271366524573e-17 -1.10959820097239e-09 -4.5802574613172e-06 4.974559545099305e-16 1.586906280660705e-08 -0.000133956397930635 2.35293070239299e-15 1.73607590691033e-17 2.364328300925385e-07 2.095684745876165e-16 2.221628374813765e-10 3.47412054678071e-17 -2.465684719471755e-17 -1.06319091096315e-06 -1.5934916092858e-16 3.3735447613214e-11 -5.1943800479121e-17 2.666349560055135e-18 4.09534039653424e-06 -2.1517393328327e-16 -2.772930203740715e-09 2.13277201101457e-17 4.94064649815817e-12 1.517744552018135e-16 -1.708935345376035e-07 -1.048840110065575e-15 -1.26547303959618e-10 -1.84988057734118e-16 -3.333533540192205e-12 -2.46013696235752e-12 -6.6057822125205e-17 1.063370853909995e-06 6.00962504940425e-16 -5.5167760850308e-10 8.0327766852543e-17 1.562622530131025e-12 2.8233466997484e-18 -1.251479386124065e-12 3.49910430664705e-16 -5.12691537754485e-08 -9.9215983017535e-16 -5.8037952260235e-11 -4.80952796020394e-16 4.413614617198715e-13 4.17440068541194e-17
-5.69611725968185e-05 -5.3125396294902e-05 0.0001667483851706745 0.0002415840032977865 0.000166192239720046 6.81754386243965e-05 -1.057941496500845e-13 -1.23609304916381e-13 8.1793991979645e-06 -1.64135205067717e-13 -1.736589218462725e-13 9.3998730479785e-05 5.2424222387258e-13 5.44918155671165e-13 0.000168820489173114 -2.45914028217466e-13 -2.577634837461365e-13 -5.3533122309157e-05 -7.68144961559125e-14 -8.02498098455525e-14 -1.15765944287537e-07 -1.354017553440055e-11 -6.9291268180115e-16 1.910656477441585e-07 1.296345868941085e-16 8.48791807664095e-12 2.887579682472965e-11 -2.402883459770235e-15 -2.737103821730475e-06 2.02383556643295e-16 -1.753850012922155e-11 -1.34789045535619e-11 -3.258682035176815e-16 5.7409550067547e-05 6.48540414923245e-17 1.112771452032225e-11 -5.709931461829e-12 -2.360194516791325e-15 2.1925555169159e-05 8.7068452310909e-16 -2.000010595915875e-11 1.934420223576295e-17 -1.696928547394425e-11 -7.3300066443566e-16 -5.99012567891615e-06 -5.3150595589738e-16 1.870663492212565e-11 -2.230544835461935e-17 -6.7208278425209e-18 1.540811132549085e-11 1.5428261448911e-15 2.785966502563035e-05 1.81655628724853e-16 -2.139567297213075e-12 3.212823880459325e-17 4.701802238437205e-18 -3.45204371329649e-12 -3.47631913373969e-15 7.51141335082925e-06 7.62930547535145e-16 -9.8708702040121e-12 -9.761441964785e-18 -1.09500947812054e-14 1.05887161319437e-17 9.82659802984465e-12 2.54638508744483e-16 1.51781106522674e-06 -2.27810235085547e-16 9.5429101425615e-12 4.314247637595445e-18 -1.821843234566225e-14 -4.4381553162833e-15 -4.559801143246955e-19 -1.338627086826145e-11 -7.736808693709e-16 1.14712766452614e-05 3.26740126714302e-16 -2.14576502445654e-11 7.02618546621355e-18 -3.38271947799627e-15 3.05150737188991e-25 -1.12420364520049e-14 3.771398273858445e-18 5.7189949305579e-12 -8.2092641220192e-16 4.15782784899812e-06 1.428151405137075e-17 -6.53944338394065e-12 6.1775008980582e-18 -1.64405579375092e-14 1.82251678731765e-25 -7.6944021381598e-06 -1.30475309851696e-05 0.0010137467945874 -4.381383005459395e-05 3.70031398175436e-05 2.970769534532545e-15 3.134848377820565e-16 -8.61778640404905e-07 -3.5786019095272e-15 -8.84658822587935e-16 -9.02341402874195e-07 3.89831004641974e-15 7.04513369940325e-16 -1.86915165659434e-05 -4.09775848884256e-16 -9.5522968035051e-15 -5.40941795586625e-05 -1.29522373382735e-11 4.75977212917579e-15 1.153307728476845e-06 1.378014818164405e-15 -1.749736080843485e-11 1.49636234194865e-11 -5.7039037087251e-15 -3.359426996799005e-06 -1.57624108703917e-15 1.594598686429655e-11 -1.968818836352075e-11 4.426148952110055e-15 2.224361867749415e-05 1.10433391178493e-15 -3.27356774700212e-11 1.88778839898032e-16 1.69683264903646e-12 1.99371418855979e-16 5.15457897745165e-07 -2.33288186670477e-16 2.624662951910435e-13 2.581501863945515e-16 -1.029554357797915e-16 1.17763547549292e-12 -2.43600071011383e-16 -3.10066004721314e-06 -8.31649628641215e-17 -1.326522934713965e-13 -1.313540907546985e-16 -4.46857835225393e-14 -9.43484641990385e-17 -1.91883456636918e-13 -1.335603297452055e-15 8.89811653038735e-08 -2.03025019827065e-15 -2.410629402234375e-12 1.67088134867734e-16 1.97765831210513e-14
3.708195367743035e-14 1.41585259237784e-15 -2.786588822575255e-15 -5.75997764996175e-15 -3.33676554105723e-14 -1.40364997612266e-15 1.47607000111358e-05 -4.317745135814445e-07 1.00929460697902e-14 -2.881737019810995e-06 -6.935402177139e-07 1.525767765161475e-14 -7.03162190109795e-05 2.04885412458355e-06 -6.82531478189485e-14 -2.680178449477005e-07 -9.47923569132305e-07 2.70250435969324e-14 1.41579531591735e-05 -3.048243297524125e-07 8.9766675194588e-15 -5.3089734876177e-17 4.458769981447465e-10 -2.31889934174454e-16 -1.42978482666025e-07 -3.619220735548285e-17 1.70707085347571e-16 -7.3107556566292e-09 6.3731495759949e-16 -1.90915082085285e-06 2.037781175841755e-16 -2.471338705916335e-16 2.27914396623721e-09 -2.187609148067285e-15 9.6138402566686e-07 -3.358565707783595e-16 1.05363726971544e-16 -9.7814046587188e-09 -2.69526455356837e-15 -5.16834586259215e-05 1.651400397683615e-16 -9.95283386248425e-12 2.527313621271775e-16 -1.67144154077787e-09 -8.7646356969001e-17 -8.77836124624735e-06 3.845056045128825e-16 6.1249510793046e-12 1.073049513162555e-11 -3.833680436722515e-16 9.12591414544085e-11 1.816556287248535e-16 2.71221731977999e-05 -5.36826583601435e-16 -4.552355335079535e-12 3.121117753919515e-12 2.08372434930352e-16 -2.136065626683385e-09 -1.571335029202585e-15 -5.1470846751305e-05 2.732677347716205e-16 -2.02057981492341e-12 9.8840916523391e-22 -5.17381480604365e-12 -9.2652340489204e-17 -1.36600706643226e-09 2.22909266050607e-16 5.40338156652805e-06 -9.87883947184505e-17 1.94827504964012e-12 -1.88641695144459e-20 -1.135482877890405e-21 2.261300925129775e-11 8.38082218580395e-17 1.978506904437725e-09 -6.4455933587769e-16 -1.59204862681719e-05 6.7802021874065e-17 -7.4838860654489e-12 2.53451118837579e-20 -7.3489342548234e-19 -3.37675299362737e-22 6.0627240119146e-12 -3.984377200150895e-18 -1.02036775165899e-09 5.15663861811325e-17 -1.07170339353295e-06 -2.130891189971825e-17 -6.9142353176312e-15 4.92799132795074e-21 -1.667294242703215e-18 5.56003191886395e-16 2.404828496166695e-15 -1.26222696831454e-15 2.080705659356185e-15 -6.4656558202837e-15 6.89224732060305e-07 -2.4652282567793e-11 1.36095563413976e-15 -1.00522121506762e-05 -1.11941473712612e-09 -1.72854584077208e-15 -4.580377873772165e-06 1.094970040144765e-09 1.974964597393445e-15 -0.0001339562618450665 -1.580623339838245e-08 3.53603416341175e-16 -1.08171841087555e-16 -2.079009536148235e-10 4.362339058515735e-16 2.36428935700982e-07 1.859009086397845e-17 1.51844118282677e-16 -8.16018046045045e-11 -4.483250625558595e-16 -1.06326826534518e-06 1.683611637933635e-17 -1.11521219508959e-16 2.79559866300475e-09 6.53005912213245e-17 4.095435246681585e-06 -4.14071420535317e-17 -7.4654645231824e-12 2.952302745842875e-16 1.302995128907185e-10 -9.01208582062865e-16 -1.709205913426925e-07 5.1548583453935e-16 -6.03914677902855e-12 3.31746207845337e-12 -1.219429348441355e-16 5.58734529454305e-10 4.303281705471985e-16 1.06359690439873e-06 -2.223002340313995e-16 3.65199017797589e-12 3.11348508835858e-18 9.7542013019698e-13 7.58638979149595e-16 5.18234651637035e-11 -2.52288815030723e-15 -5.1279815815783e-08 1.23679099143076e-15 1.00809145140385e-12 -1.11065345569694e-16
6.644855844052e-10 -2.039110668980695e-11 5.30630030190015e-10 9.634039780014e-10 4.24168162301751e-09 3.791775945952465e-10 2.08385765250698e-15 -1.04526495335256e-14 -2.819123136429355e-10 1.092544068835155e-15 -1.542365344192715e-14 -3.815926839953205e-10 -5.77664576056145e-15 4.874955642784495e-14 3.43675248898515e-09 3.42766321965254e-15 -2.28299719079986e-14 -1.00831622523894e-09 6.9903903857029e-16 -7.2954889288656e-15 -3.019557263994145e-10 1.183492979209185e-08 -4.620371542393225e-17 -7.69217765615205e-12 1.132089584838505e-16 -2.4473380615468e-07 -8.0935223584943e-09 -1.04978225747756e-16 5.0789580643641e-11 1.01899136086876e-16 1.06217466945728e-07 5.32102107532585e-09 1.114800893473745e-16 5.44157735714145e-11 -5.31348247708655e-16 5.06586559046815e-08 1.030338102160515e-09 -1.59936043919866e-16 2.82137306116572e-10 5.6275750407029e-16 -3.40306845170832e-07 1.646561382745425e-19 1.219073311690615e-09 -5.63889077146595e-17 9.52293041091675e-13 2.15309238829481e-16 -3.699824872813525e-07 -2.26947856229625e-18 -1.432553398003575e-18 -6.5304517971634e-11 1.802090130933585e-16 -2.13956729721308e-12 -5.36826583601435e-16 8.18434511262395e-07 1.007590586833695e-18 1.291655120324015e-18 1.319010110241995e-09 -3.255085753713705e-16 9.67638190091085e-11 5.07283783855415e-16 -8.4506250102076e-07 3.16974560456507e-18 -2.50282378110727e-13 -1.701378624186385e-18 -1.252145437916225e-09 -1.997217518924435e-17 -1.544559564044785e-13 -4.115993572339185e-17 2.165796712360005e-07 1.499093311412545e-18 1.517137710039145e-13 -4.724775960520645e-14 1.483044370916825e-18 3.73662575418274e-09 2.28827880274141e-17 3.55620258051288e-11 5.90950612184065e-17 -3.595316928865805e-07 -9.96767976367885e-19 5.52886794431e-14 1.663092186934885e-23 -2.26394527065737e-13 9.3089295110774e-19 3.549997514889385e-12 -4.05038483214716e-17 4.43708442731978e-12 -1.06219414361422e-16 4.81481460219404e-09 -1.79235551466338e-18 1.499243487284475e-13 -9.6999171252332e-23 -9.2298020658208e-11 -2.330611500776715e-10 4.95698568413993e-09 -4.728868683744465e-10 1.378406279597245e-09 -5.1331233320197e-17 6.37297947150685e-17 5.3615678682871e-12 1.775010236281565e-16 -1.79582855776199e-16 -1.53677046126312e-11 -2.16700561680719e-18 -3.53035312227735e-17 4.159282017313625e-12 1.36044818548367e-15 -7.98578535360035e-16 -4.612624727299655e-11 1.563701966841695e-09 1.22352185467677e-17 -8.47391006202975e-12 1.521588909755725e-17 -1.248052607106465e-07 -3.147023024893785e-09 -1.584412456690185e-17 9.17139221221525e-12 -2.825260225477675e-17 2.97708228438662e-07 1.258139762647105e-08 2.37912069714537e-16 8.76200355985065e-12 2.643443698940305e-16 -2.257038591602085e-06 -4.15914007417882e-18 -1.355003382460195e-10 -1.64336941339082e-17 -9.4288916916367e-13 3.164298451459715e-17 -1.73035876414642e-08 -6.67165816058085e-18 3.416436648159275e-18 -2.683903262533715e-09 -1.40414475927592e-18 5.36829741881135e-12 -4.763583879640025e-17 6.27407840704005e-08 4.915414699948155e-18 -2.1105379171791e-15 -9.6820342124535e-18 -4.54893272669741e-10 -4.238247638900105e-17 1.12209915187805e-12 4.006479077214025e-17 4.815778394660205e-09 1.707483671600045e-17 -1.038696532148065e-15
8.5492642396902e-15 5.87481818175825e-16 -2.38348369452084e-15 -4.25972966722588e-15 8.8852491691923e-15 -1.7340569292979e-15 1.423936380262235e-09 2.01013383388152e-10 -4.375550044675915e-16 2.08003447680382e-09 2.86099808270892e-10 -7.8803147764993e-16 -6.84628116739325e-09 -6.33174050541185e-10 3.06756665227284e-15 3.18886615605561e-09 2.869887110811395e-10 -1.300110156308825e-15 1.008584369557005e-09 1.138681036629065e-10 -4.16872362833283e-16 -8.04198829771465e-18 2.566567772325045e-12 3.874018988844615e-17 -6.6487444120784e-12 -9.9827442890191e-18 -4.806088694340425e-19 1.361035739548475e-11 -4.16337790260804e-17 2.97978629432423e-11 -8.9310667252086e-18 -3.67240423329918e-18 5.23468040900125e-11 1.15422381516088e-16 -5.93526148976925e-11 5.29053323961455e-18 6.5024935009044e-19 2.85924042446681e-11 2.83730173481387e-17 -5.7560292705276e-11 1.838969644251675e-18 -9.23063006666305e-10 1.583956060475775e-18 -1.088990743926115e-11 -1.440021920015235e-17 2.020589007032375e-12 -1.29382592177527e-18 -1.87273039045662e-07 -2.503815399930655e-13 -2.233912828684965e-18 1.882763270047465e-11 3.21282388045933e-17 -4.552355335079505e-12 1.007590586833675e-18 1.830656486942895e-07 -4.472184998750375e-10 -1.93970279865946e-18 5.64319427610135e-11 2.342722696773235e-17 -6.1959043110127e-11 -2.168541831443385e-18 -6.1056567081948e-08 1.290546944573295e-22 -2.237604136094835e-11 -3.82574749330011e-19 -5.4664047720671e-12 -1.6285663000353e-17 1.14182558258122e-11 1.19313014291744e-18 -1.198363909252585e-08 -8.88573484008115e-22 8.58124448130225e-22 2.625023121311135e-10 -1.942975971719515e-18 2.78273502604086e-11 4.778812895113625e-17 -4.633523291912735e-11 -3.953856620784465e-18 3.20324578004231e-08 4.57594262517166e-22 3.030249997820805e-15 -5.9419625505439e-22 5.8529346673522e-12 -8.437704069487e-19 1.9420128172385e-11 1.751161347777025e-17 -4.19017630170452e-12 -1.79117395433629e-18 1.540243610023965e-08 6.08997080408965e-22 -3.087237693166385e-15 -4.772491498184835e-17 -2.087800452719605e-17 6.23413871563725e-16 -2.12249087231908e-16 3.96947607296561e-16 -5.1419248600881e-12 -1.427222083382985e-11 -3.44825511757016e-18 1.173504603914835e-11 6.0480510108183e-12 1.245130654180185e-17 5.62202152516515e-11 -6.437743969526e-11 -1.54510110911234e-17 -5.02395922857815e-11 -5.07260663329545e-11 2.342998863843185e-17 -7.66814199872435e-18 3.177013553012615e-11 -2.29410491290037e-17 2.362019627300625e-11 -2.55468871401469e-17 7.6461285034903e-18 -1.436119694924575e-11 4.01506628274065e-17 -2.02398607110102e-11 2.81572143402136e-17 -4.261335770548705e-18 -2.176458252284665e-11 -3.003684128880825e-17 3.3793613640793e-11 -2.39254583558891e-17 2.174224922887645e-10 -4.887539888513465e-20 1.23163321807151e-11 -4.02333671851792e-19 1.255623091121665e-11 -4.668436375043705e-19 8.19688312790045e-10 -2.61568684118176e-10 1.224888863181735e-18 -6.54022443502185e-13 9.78912512004575e-19 -3.010577266482695e-12 3.401279381310735e-18 -2.51473848429062e-08 -2.45473803661638e-18 -2.70842905044089e-10 -1.207934257307145e-17 -4.674929308438555e-12 1.912483099141405e-17 -2.507532625462105e-12 6.27434329893095e-19 -4.388245507128e-10 -1.433629211758415e-18
-1.00042003960603e-15 -5.51469293272165e-17 2.153735363829425e-16 3.49166839712613e-16 -8.4020363667623e-16 1.53806207787684e-16 -5.12146353828265e-11 7.87477049358125e-10 4.8039356249026e-17 -7.6145199669668e-11 1.14678528783697e-09 7.77978428931905e-17 1.24411357100617e-10 -3.722774060131315e-09 -3.449631632743175e-16 -5.72011959778715e-11 1.75496223988711e-09 1.388298456642995e-16 -2.600468606191585e-11 5.3954218429959e-10 4.69967376321668e-17 -5.37260486454345e-19 1.83455944404508e-12 -6.01553994604575e-18 -1.536633513096195e-12 -1.09245003539869e-18 -3.46302004973107e-19 6.5154924191614e-12 1.05325644995892e-17 -6.3548245003672e-13 6.03874979488645e-19 5.64414321505715e-19 -1.323261595892365e-11 -2.189672958882205e-17 -1.98598849880799e-11 -6.13223351018565e-19 -3.694238872285395e-19 -1.51864745835909e-11 -6.7740594882059e-18 -2.20094654325651e-11 -2.277062217253515e-19 7.3353440648659e-08 -1.679047970630905e-18 -2.94687699337843e-12 -1.497296391312875e-18 -1.525400632412545e-12 -1.216974841126335e-18 1.406188303327915e-10 -6.10566643882125e-08 2.178477245883875e-18 6.9675100124372e-12 4.70180223843719e-18 3.121117753919515e-12 1.291655120324015e-18 -4.47218499875034e-10 5.18416538551125e-08 -1.37396518318355e-18 -2.311726106759265e-11 -1.39310090252621e-17 -3.63158917546041e-11 -1.10239929860879e-18 -2.836188412010915e-15 1.699001243668925e-22 -4.12101745047257e-09 1.309893622088885e-19 2.820685966066665e-12 5.009531481309e-18 1.792223567160075e-13 4.07130332074006e-20 2.063765642611115e-11 -3.651852802484725e-22 -2.329997995752235e-22 3.610145081445145e-08 -3.225416427645235e-19 -9.8885046374466e-12 -1.42828539980865e-17 -6.99006900564205e-12 -4.10202658380922e-20 1.106763211796385e-10 3.49625067810644e-22 -2.834743482328885e-15 1.793636069199025e-22 1.267685634602555e-08 -1.136059232641915e-19 -2.495500441574125e-13 -4.99175365759713e-18 -7.33773029313595e-12 2.61630260234678e-19 -3.377624051003285e-11 5.35336679095025e-23 -2.71728570878179e-15 1.484215445995515e-17 4.344616291966505e-18 2.6112818014031e-17 5.62151698831065e-17 -5.3027284904468e-17 4.67459958119661e-12 5.073563889947e-13 -2.790399514870915e-18 -4.88869125360922e-12 9.3049426533962e-13 2.099393997404685e-18 1.60569291854605e-11 1.33180831769225e-11 1.58958853506955e-18 -2.33592397420754e-11 -1.17314748039239e-11 -1.009556249586625e-17 -3.353858647368885e-18 1.650524800481015e-12 1.301293988698695e-17 -1.454389494238275e-11 3.786621579696125e-18 3.42740275124111e-18 1.45785426490615e-12 -1.6758912841871e-17 8.97799625623965e-12 -3.635023702288225e-18 -2.00650590063366e-18 3.050363417620775e-12 1.088441407049625e-17 4.81221590673649e-12 6.1825529631165e-19 -5.46138608445205e-09 -8.47170226183535e-19 1.48583829365676e-12 4.91175607546509e-18 -6.3678121900783e-12 -1.258506001964675e-19 1.727411086416805e-10 5.76630587604145e-08 9.9646881913656e-19 8.1050297067003e-13 -3.428674759122325e-18 9.217622767044e-13 2.940070083004015e-19 -6.53232257639605e-11 -8.34346812763285e-20 -1.474463359878475e-09 2.87794343302454e-18 -2.58286818593488e-13 -4.12651230533765e-18 3.03585972627551e-12 -6.7363859168804e-19 -9.90134460184385e-11 -1.38495051750898e-19
6.3563284679144e-10 7.05466375671325e-11 4.90320763342639e-10 5.53364451081675e-10 5.79555537415215e-09 3.55543613681664e-10 -2.023438127522615e-15 2.11411698939287e-15 1.91905601942032e-11 -2.58080697534676e-15 3.61990888618221e-15 -1.653415481751805e-10 8.53963318588245e-15 -1.08166256778404e-14 2.672952089932645e-09 -4.19559414561389e-15 4.836114794958275e-15 -5.19430428220495e-10 -1.250092510663115e-15 1.68647906428503e-15 -1.47956444858395e-10 2.011160859945755e-07 -6.29672285755075e-18 -1.59801079246559e-12 -3.881907412087195e-17 6.3666187265619e-09 -4.28459437777693e-07 -1.608795131606515e-17 6.38016127957775e-11 -4.76605882535659e-17 -3.10684962622698e-09 1.016712594234805e-06 1.31047577069633e-16 -1.29579736977546e-11 1.674534918080175e-16 4.782095117876175e-09 1.207737957645235e-06 -1.43881799555731e-16 3.068731975989775e-10 -2.543720148940985e-16 1.320925561803985e-09 -5.38806282424895e-18 2.223719935398605e-07 -3.27281187138669e-17 3.51229610318423e-12 -7.0466534785703e-17 5.0786806711115e-10 1.32704801487701e-18 6.2652223107276e-18 -8.4530966060954e-07 8.68507313765585e-17 -3.452043713296465e-12 2.08372434930352e-16 1.319010110241855e-09 -1.93970279865948e-18 -1.373965183183555e-18 3.06261015368115e-06 -6.9090500062688e-17 6.4674661041673e-11 -2.79788822069966e-16 1.76458457553348e-10 -4.52280127857379e-18 1.16171060304184e-13 -2.260568770483935e-19 -8.803515476909e-07 2.883559472420485e-17 8.77998702371735e-12 1.9753956166332e-17 -7.75722586890815e-10 1.272072962317245e-19 1.004896508452525e-13 6.30022923542795e-14 2.613992307899255e-18 2.6301778758985e-06 -5.93083689858525e-17 -2.674768414407085e-14 -4.93217436582507e-17 5.1645942105319e-09 -4.869983650516685e-18 -1.65636112761604e-13 4.879043857575595e-23 1.349645707246515e-13 1.24248947817323e-18 6.01581518670455e-07 4.137307230050495e-17 -3.02486979451423e-12 2.111964557718955e-17 3.23424665857876e-11 -2.115845637963055e-18 -7.86121302037815e-14 -9.1435809814017e-23 -9.634429257504e-11 -2.6318679941971e-10 -1.6461085115419e-09 -6.2325236157921e-10 1.76877459535623e-09 -1.952917950675285e-17 -6.2219957616444e-17 6.9460830797516e-12 -3.602360469171245e-17 8.33984354558545e-17 -2.127954735755935e-11 -6.95867006584685e-17 -5.10776532953835e-17 1.57552226674754e-12 -6.67024879560755e-16 -1.54353512550565e-16 -3.903217564514085e-11 3.8784580958434e-07 -1.015598588573415e-17 3.893097600842525e-14 -8.21262771987185e-18 1.07661786003225e-09 -1.11795361368003e-06 2.00820439839874e-17 -5.8760061507284e-12 1.567640713625005e-17 -2.43244314031078e-09 6.10630154961125e-06 -1.27720338530708e-16 2.2431402399307e-11 -1.66243463187754e-17 1.275486762277455e-08 3.09160371648457e-18 1.29149016636911e-07 1.794136640159635e-17 -1.03012897637427e-12 -4.24644755020625e-19 -3.80965656023772e-10 -5.18286900582065e-18 -2.013066204379915e-18 -7.10391854678605e-07 1.75890734907789e-18 7.0172252169511e-12 6.37819519066795e-18 -2.22527003528426e-09 6.16415588800425e-19 -9.67850508645735e-16 1.64260614553806e-17 1.59290524812632e-08 4.870953594691615e-17 -2.84851270971023e-13 3.86076318858228e-18 -1.30517514571725e-09 -2.61788230407309e-17 -2.146441479063935e-15
6.3640581332636e-14 4.524691252791515e-15 -2.15374288045481e-14 -4.19443696501658e-14 9.6731377591838e-14 -1.31814309814923e-14 -2.467300404232335e-07 -3.32640919725393e-05 1.150204412297015e-14 -3.957228452494865e-07 5.36535704926395e-05 1.907455077844535e-14 1.15991232990996e-06 0.000153719731620697 -5.3870655491001e-14 -5.3477711230536e-07 1.02513417143582e-05 2.816984148115145e-14 -1.719329649509715e-07 -3.03394974491786e-05 9.40934138363025e-15 3.70155297390088e-18 1.45163284703188e-06 3.833451744206785e-17 2.7990906428344e-09 -3.485184692019465e-17 -5.79564473543065e-17 -3.892906645011265e-06 3.34715124404327e-16 -8.19184647055065e-09 1.09489412273246e-16 8.74487781731165e-17 3.15829788337273e-05 -1.25341123009311e-15 1.03510768025015e-08 -1.477788376492485e-16 -4.50645985481945e-17 0.0001407374186133285 1.723622947661215e-15 -1.431242377004875e-08 9.6121412154754e-17 -8.40123170896895e-11 -8.28133408008995e-17 1.577269991326205e-05 1.723901449369225e-15 1.14550510714476e-09 2.28644643200417e-16 -7.25273224404335e-11 6.8410281129273e-11 1.198498768704765e-16 -5.1470934568061e-05 -3.47631913373969e-15 -2.136065626707205e-09 -3.255085753713705e-16 5.64319427610135e-11 -2.311726106759265e-11 -6.90905000626885e-17 0.000146882406230032 1.935583673016155e-15 6.45432466967155e-11 2.049643856763295e-16 -2.69197980801166e-11 -6.28052837750145e-21 -8.93715440418565e-12 2.67362718618742e-17 -1.66464080435889e-05 -1.450279175309345e-16 1.55258040296577e-12 -6.72414498447375e-17 -6.83808294919555e-12 -2.135654411199415e-20 9.49581677378715e-21 1.6907568319477e-11 -2.596044037229325e-17 6.05186253373925e-05 2.248872353279915e-16 2.139807041192625e-09 7.0849601883722e-17 9.09802557050725e-12 2.987729754032925e-20 3.397499482618545e-19 2.513900094831965e-21 -3.234188852693175e-14 1.918528971933115e-18 8.97997641882925e-06 5.57991138517645e-17 -2.90204499353986e-10 -7.90288731643955e-18 -1.19015841594389e-11 6.38620463072015e-21 -1.490027011043205e-19 2.973417539471355e-15 1.32715069024299e-15 4.00946784936633e-14 4.162203035076815e-15 9.5831681591005e-15 1.216942841012745e-10 -1.57289693137232e-06 -1.11381566059517e-16 -9.06010732995575e-10 2.666034203976105e-05 2.93524891247036e-16 1.67200296395986e-09 1.61338452470335e-05 3.607259012112975e-16 -5.6202026967497e-09 0.0003739634356983895 8.3100266029718e-16 1.718380804007755e-17 -2.13375903519466e-06 5.8164794670644e-16 -8.44898139555415e-11 -2.37267167659342e-17 3.902391663196805e-18 7.3814130852449e-06 -6.16773265956855e-16 7.93437610369035e-11 6.8799331100619e-17 2.46549545355621e-18 -3.65062928729471e-05 3.540520258170965e-16 1.390555903150225e-09 -3.55844681028566e-17 -1.625503357678775e-12 -1.114171515459435e-16 -3.527547725401575e-07 2.13566420347667e-15 -5.8602429699646e-11 3.242036484494145e-16 1.41368306785056e-12 -1.21089078099676e-12 4.799744027647695e-17 2.108233774439525e-06 -1.200699611843265e-15 1.328674903268405e-10 -1.50693715205192e-16 -1.33822780226851e-12 -4.37061167756121e-17 4.459964081689685e-13 -2.844595766488975e-16 -2.956515331594075e-08 -8.9895865536329e-17 2.73252933821593e-11 6.6913182817954e-16 -2.947437060954395e-13 -1.36246513261023e-16
-0.0001078483602756565 -1.711265847641585e-05 -1.061314025336155e-05 0.00013232437212138 0.00270678606302139 -5.84423147407345e-05 7.83409123128875e-14 8.89722104563195e-14 -0.0004385660971779645 1.225707649366435e-13 1.24678429289519e-13 -0.000358705110873456 -3.87252032380128e-13 -3.935678675064665e-13 0.00277843057446446 1.80921380277836e-13 1.88501765503249e-13 -0.00101686729340637 5.68200735376285e-14 5.6008430761945e-14 -0.000333219192778347 1.570343147853185e-11 3.25018396891607e-16 7.44837334540075e-06 -4.34373391889487e-16 -9.14038666928355e-12 -7.1351753583314e-11 2.47658314513355e-15 -1.788389127550405e-05 1.156452285300235e-15 4.001353936940325e-11 1.675408752690055e-10 -1.41194843237459e-15 0.0001185876118819965 -1.686898539295885e-15 -3.73376720425383e-11 -1.99166736924742e-10 2.883989238253955e-15 0.000188547353009956 9.1281976906501e-16 3.149766091267655e-11 -8.0673492704817e-17 1.464451307864555e-12 2.351007865499235e-15 -1.13519064495815e-06 1.042210843130785e-15 -6.98665083817735e-11 -5.67632639294725e-17 4.274927755386165e-17 -1.783566394859875e-11 -2.77777094039887e-15 7.5114133508293e-06 -1.571335029202585e-15 9.67638190091085e-11 2.34272269677323e-17 -1.39310090252621e-17 6.4674661041673e-11 1.935583673016155e-15 9.32940622609475e-05 1.20164771522485e-15 -6.90139518638475e-11 -1.30264635219086e-17 2.27304561609263e-13 -2.574878643454575e-17 7.59072534096905e-12 -1.74097521427297e-16 -7.43568523643715e-06 5.0275534851216e-17 -2.65567872302872e-11 -1.821534467150055e-17 3.79871592048657e-13 9.2484710165645e-14 7.83352302654435e-18 -2.97140297546867e-11 1.302081513007295e-15 3.755819228761075e-05 -5.9335636104183e-17 3.557756382625795e-11 -3.46248562418087e-18 7.04761594375385e-14 -3.44047079844205e-25 2.33604280355383e-13 -1.00814866613904e-17 -2.307471229931635e-11 -2.72277915994698e-16 6.00405284694395e-06 1.78306658080945e-16 2.08782679105855e-14 -1.31493938856177e-17 3.42743052682169e-13 -4.000322830691655e-25 -3.641708469157285e-05 -0.00011651987672048 0.00121955890594323 -0.000148251884374284 0.0003911517253747395 -9.90876694364105e-16 7.38782787662975e-16 -1.531983834568055e-06 8.99201611233025e-16 -6.14831217315755e-16 -7.3197413396502e-06 -1.270650347512455e-15 1.582625043429315e-16 -3.927039901634595e-05 4.58667604471236e-16 6.9464556491412e-15 -0.000162792404018663 1.535024761833815e-11 -8.24960148048845e-15 3.65857800238717e-07 -2.419277866492555e-15 5.62272413991525e-11 -2.17459625517487e-11 9.5996533357958e-15 -9.471583194785e-07 2.56695097676692e-15 -6.6389791591425e-11 3.912060560643725e-12 -5.8579937463238e-15 9.08875364979135e-06 -1.420885030703555e-15 4.156015652711585e-11 -4.374251994876195e-16 -3.43801046923179e-12 -6.27555475406495e-16 1.67316405452053e-07 -9.674735879034e-16 6.9780601637726e-12 -3.25189839364451e-16 2.31444308317457e-16 1.08682030074894e-11 6.17615940824025e-16 -5.8746987872818e-07 6.6782063230891e-16 -7.2941014384714e-12 1.82870484923366e-16 1.686420289217285e-13 1.501110591066875e-17 -1.546800987542825e-13 2.211699540514345e-16 5.55822495011035e-09 -4.026548808372885e-16 2.10237837634868e-12 2.70573557772894e-16 1.629238496245075e-13
9.40747870997915e-14 1.412826857634385e-14 -7.10173163573235e-14 -1.313346588044465e-13 2.919828048510945e-13 -5.22044097081935e-14 -3.32743169945457e-05 2.50473125425026e-07 -1.1711951307665e-14 5.36352229332455e-05 4.01887565712189e-07 -1.549439537390585e-14 0.000153773434721027 -1.17848560569778e-06 7.81116379792815e-14 1.022679507144995e-05 5.43259427268525e-07 -3.04835821233471e-14 -3.03478306786838e-05 1.75259354364814e-07 -9.39095142259875e-15 7.03412621232475e-17 -2.913750781376105e-09 2.97743228854364e-16 1.45180395002805e-06 3.059413122513915e-17 -1.969806025104945e-16 8.26048839276575e-09 -7.6629108080863e-18 -3.893158799446705e-06 -1.56537596320379e-16 2.784734557014965e-16 -1.026866532669665e-08 2.043987154182525e-15 3.15829804698276e-05 2.48238310456285e-16 -1.428639450744205e-16 1.41342678311273e-08 2.98444689366915e-15 0.000140737415782972 -1.52515529127172e-16 -9.16224574922585e-11 -3.05002057762366e-16 -9.89341937539465e-10 -3.175750128149455e-16 1.577266953394545e-05 -3.790849577355225e-16 7.25559062961145e-11 7.27082072241665e-11 4.667758196210275e-16 1.969581341770195e-09 7.62930547535145e-16 -5.1470846751305e-05 5.07283783855415e-16 -6.1959043110127e-11 -3.63158917546041e-11 -2.79788822069966e-16 6.45432466389425e-11 1.20164771522485e-15 0.0001468823379229055 -2.84384827038448e-16 2.283547142973985e-11 -1.45512993117667e-21 -6.01983507821385e-13 1.056953586192825e-16 1.85334276289383e-11 -6.6244560486646e-17 -1.66464061587481e-05 8.38188692696475e-17 3.006883351242935e-12 2.42999789641671e-20 1.537248925225685e-21 -3.872467160320915e-11 -1.0155827232519e-16 -2.09045630696238e-09 7.22040290167185e-16 6.05186352782905e-05 -7.25772941363565e-17 9.2701781246908e-12 -3.2836139692132e-20 4.836750773927895e-19 4.45411627015745e-22 -1.340464918640835e-11 1.0436321673392e-17 3.399230862012125e-10 2.931976578712985e-17 8.9799735449505e-06 1.77838071800766e-17 6.9266670034854e-13 -6.48353747689025e-21 5.07045346037835e-19 -1.40012866606914e-15 -2.82191662535654e-15 9.80483552955755e-14 -6.55690198582665e-15 1.26139449600599e-14 -1.57288957972686e-06 -1.059925338588425e-10 -2.58767103322488e-15 2.66603082791303e-05 9.054367306206e-10 3.408163121047745e-15 1.613386429111355e-05 -1.6733329105012e-09 -2.885629347846355e-15 0.000373963337043096 5.5433462278954e-09 6.65139467640775e-16 1.8058033281371e-16 8.04863939004515e-11 -3.668060545211365e-16 -2.13375188127404e-06 -3.815932270596585e-17 -2.735544938212785e-16 -5.4331008042638e-11 3.53333421250856e-16 7.38143735023525e-06 1.263495333348595e-17 1.497087483439805e-16 -1.41360598445074e-09 1.009240951157455e-16 -3.650631070979175e-05 1.301617688400035e-17 4.18267039381035e-12 -3.612981685216705e-16 5.2611395934605e-11 1.075646233101705e-15 -3.527395825994975e-07 -5.14673760449045e-16 2.143975894386125e-12 -1.76979897807888e-12 1.56913114184906e-16 -1.23536655908865e-10 -5.40369189083715e-16 2.108143932429995e-06 2.314391220874625e-16 -6.47159185009785e-13 -4.861142304598045e-18 -6.71981980582525e-13 -9.0419986897972e-16 -2.598644281096e-11 2.911393766275475e-15 -2.956035032572825e-08 -1.17325917482289e-15 -3.57340134383621e-13 1.455315274439645e-16
-6.7692116130941e-10 2.046764431668255e-11 -4.67665612174679e-10 -8.4577534537192e-10 -3.986560712386075e-09 -2.93385278355142e-10 -1.05693642330195e-15 5.3036674741028e-15 1.521412789667005e-10 -5.43200309881125e-16 7.84933182069735e-15 2.23664163711368e-10 2.92597191330761e-15 -2.475344080436875e-14 -2.68577582726712e-09 -1.74594612752096e-15 1.1553714476153e-14 7.1457117537584e-10 -3.52044817604717e-16 3.73302184560272e-15 2.0446240047854e-10 -6.3685891122683e-09 2.37192901915393e-17 -4.96925409214825e-13 -4.21673753592801e-17 2.00709938421509e-07 2.19821349753736e-09 5.5756082618535e-17 -4.87181488963388e-11 -1.09469372923318e-16 -4.28788793074322e-07 -4.284256514274565e-09 -6.9592048774984e-17 -3.45609295653857e-11 3.55481538712907e-16 1.016645730918105e-06 -1.50051027411893e-09 9.13494009375225e-17 -2.3698854859424e-10 -3.34214039730779e-16 1.207753533502375e-06 -9.5110653126707e-19 -6.8554037877601e-10 3.406699760502205e-17 6.74869884750005e-12 -9.3040560258877e-17 2.220715944987465e-07 3.45501640104849e-18 1.7108315890401e-18 -1.38201019009481e-09 -1.163001176381615e-16 -9.8708702040122e-12 2.732677347716205e-16 -8.4506250102076e-07 -2.168541831443385e-18 -1.10239929860879e-18 1.764584575534875e-10 2.049643856763295e-16 -6.90139518638475e-11 -2.84384827038448e-16 3.06236433759641e-06 -1.555712257664885e-18 4.602603181986885e-13 9.835175956875e-19 7.383543664782e-10 1.309247143451445e-17 -4.828840940223305e-12 3.90291507924137e-17 -8.8044226041008e-07 -6.45497581481315e-19 -3.6781422097804e-13 2.22508488226361e-13 -7.55403969551215e-19 -5.0029729769748e-09 -2.008960612885365e-17 -2.269582953163975e-11 -6.7712694064642e-17 2.63017263661446e-06 3.16005939448683e-19 -1.241181136294155e-13 -4.34230402896389e-23 5.47304862453955e-13 -5.25040646829375e-19 -2.55838278978256e-11 1.84318676739613e-17 -6.52996992838685e-13 6.9501617233749e-17 6.0156516435087e-07 1.14896730246532e-18 -3.624865408404145e-13 1.11935462219996e-22 8.13300241102265e-11 2.095853224383235e-10 -4.66675660888046e-10 4.548313043295855e-10 -1.278317469345645e-09 -1.56657278404193e-16 4.14474515704057e-17 -3.72326379664529e-12 1.663635169647665e-16 -8.14686589694825e-18 9.13772869249695e-12 -1.890530191439075e-16 9.4322317295622e-17 -2.27306432717633e-11 -6.0062937888525e-16 3.90622703164699e-16 2.46203540561546e-11 -1.05338094863927e-09 -2.362905330475165e-18 4.127092288725e-12 -1.91254546202716e-17 3.878358310924765e-07 2.37361955350078e-09 -5.10734665152945e-19 -3.606299272396235e-12 4.03170109811474e-17 -1.11794891254378e-06 -1.24030124566352e-08 -1.1475710166423e-16 -1.582400498516925e-11 -1.66281345610671e-16 6.10617597541735e-06 2.499009778242805e-18 3.939854318263295e-10 -1.566449398353585e-17 6.891726670986e-13 4.474723081605185e-17 1.29151141621356e-07 7.908351273116e-18 -2.17709961747299e-18 2.283918172532295e-09 1.17128053397166e-17 -6.7318839220802e-12 1.271834136616475e-18 -7.10395764059185e-07 -5.14919421726415e-18 2.26902089668591e-15 4.10435304439129e-18 1.299616941900805e-09 -2.8807118431365e-17 -3.48474936206906e-13 1.32423612797303e-16 1.593279979245e-08 -1.179268286114345e-17 2.380741476918615e-16
-2.335595264101815e-15 -1.649480297137775e-16 6.97779667961305e-16 1.266056808597435e-15 -2.944561705003035e-15 5.0697741456044e-16 -6.46836804383385e-10 -8.88929503032355e-11 1.16978798833454e-16 -9.22116949199495e-10 -1.49134262105945e-10 1.93654580175537e-16 3.050486527341355e-09 3.63141269851321e-10 -9.24568128730465e-16 -1.432286780692095e-09 -1.64414770996612e-10 3.62228535797187e-16 -4.46571578925928e-10 -6.524172610183e-11 1.153799890115675e-16 1.80285800298398e-18 -3.20836548457392e-12 -1.173852191546945e-17 -6.79477247287655e-13 9.4028205621627e-19 -3.89342760848979e-19 3.56085555492343e-12 1.54193647498834e-17 -2.69694045823247e-12 6.25768463034535e-18 3.437384519013815e-18 -2.436557137856475e-11 -4.426260107930185e-17 1.466810972434515e-11 -4.24024748624082e-18 -2.32118422347957e-18 -1.187530197322545e-11 -2.389434888052915e-17 2.1008832120794e-11 -1.142567819009895e-18 -1.4138231947638e-10 -7.7416514858931e-18 6.50697778212705e-13 4.03692789737401e-18 4.306615775712335e-13 -3.21911340300682e-18 7.33547491343445e-08 4.47631597580406e-10 9.94486386612075e-18 -8.0845901795325e-13 -9.76144196478495e-18 -2.020579814923405e-12 3.16974560456507e-18 -6.1056567081948e-08 -2.836188411537925e-15 -4.52280127857379e-18 -2.69197980801166e-11 -1.30264635219086e-17 2.283547142973985e-11 -1.55571225766489e-18 5.1841531121955e-08 -1.89354560695899e-22 -2.0821721793501e-11 8.2668349684484e-19 9.2690073940818e-13 5.80994009058065e-18 -4.540744821238835e-12 -1.15642244291952e-18 -4.12048994767539e-09 1.336217014067165e-22 -1.594939196960035e-23 -1.104516259843515e-10 4.96201034066043e-19 -6.72088166940935e-12 -1.855000593393885e-17 1.56848649104435e-11 2.66415181751625e-18 3.610125706814415e-08 6.6222832765668e-23 2.71698242754818e-15 3.245207489722505e-22 3.377079081213625e-11 1.1159904085639e-18 -6.18343848431445e-12 -6.97067416791315e-18 2.79602147985783e-12 1.695428873165015e-18 1.26769794235116e-08 -2.295810343085445e-22 -2.8344910936165e-15 2.54985088279758e-17 2.430369235991225e-17 -4.806330630710495e-16 1.05106754454286e-16 -1.8476794663341e-16 9.2902315289718e-13 3.795775012867735e-12 -4.301851391435505e-18 -1.803248041090135e-12 -3.171752040238455e-12 4.38213341629417e-18 -1.25018352060707e-11 1.61648171659206e-11 1.259066652154e-18 2.39927200125321e-11 -1.300673709124555e-11 -3.241843817121245e-18 6.1185108170325e-18 -1.068938961882885e-11 1.58524683553083e-17 -7.1186712468656e-12 1.912598854636345e-17 -6.8858074952634e-18 5.38428500975055e-12 -2.147510077091145e-17 3.110600886846095e-12 -2.03797632691279e-17 3.835340448032595e-18 6.53596804899125e-12 1.32622857153351e-17 -8.22801990989595e-12 1.143604489010565e-17 -1.72800058113192e-10 -5.4579766086103e-18 -4.02985652666676e-12 7.18057331699905e-18 -3.573952923914955e-12 6.3179411390994e-19 -5.4614333373879e-09 6.5400209725218e-11 2.465650661754415e-18 2.932598883283585e-13 -3.925708043643185e-18 6.31079453091645e-14 -8.45493760962115e-19 5.7662960563211e-08 -8.0645224474047e-19 9.9018150485693e-11 -3.61611792391455e-18 2.02106984953955e-12 3.15042038950031e-18 1.227072442618345e-12 1.16658691029817e-18 -1.47443484691929e-09 -4.235987574535415e-19
-1.03776442230111e-13 -4.88566245672941e-14 2.24532633508394e-13 1.99348933595103e-13 1.3072809158758e-11 1.867942574217215e-14 4.000908683980685e-20 -6.63020059969105e-20 -1.2046703917203e-13 5.90357554524935e-20 -9.64980899840265e-20 4.6844252734926e-13 -2.00032235226728e-19 2.930443462648625e-19 4.205624292899155e-12 9.5871786585353e-20 -1.44224384219404e-19 -5.7323332449747e-13 2.81473156366365e-20 -4.105194683820385e-20 -2.3786548422221e-13 7.0368298495533e-14 1.342372968859685e-22 1.17010999606004e-15 -6.1580786983647e-22 9.0803397571095e-14 -1.382412616350025e-13 -8.80910944947755e-22 2.457371685283415e-14 -3.54894433308169e-22 -3.877100246116685e-13 4.489585132415305e-14 -2.232128134515295e-21 1.82447525272041e-13 -1.125891049299985e-21 5.35815251959805e-14 2.95129570744822e-14 -7.47917500311045e-21 7.29454172283735e-13 -4.460638043082365e-22 1.58024961759488e-13 -5.2132540855961e-22 -2.881425699967655e-14 -1.98013458659276e-22 7.88555713375745e-15 -4.02148527208432e-22 -1.304279609102285e-13 -2.86738046885563e-22 1.844245441568105e-22 -5.8918612550838e-14 2.92376197770716e-22 -1.09500947812054e-14 9.8840916523391e-22 -2.50282378110727e-13 1.290546944573295e-22 1.699001243668925e-22 1.16171060304184e-13 -6.28052837750145e-21 2.273045616092635e-13 -1.455129931176665e-21 4.602603181986885e-13 -1.89354560695899e-22 1.03945293118169e-08 1.699289226238345e-22 -6.1270788521602e-14 1.130754764118015e-21 -9.47000140591945e-15 -1.32446756594668e-22 -2.56383748512797e-13 2.098942718681525e-22 -1.658801165951135e-18 -4.14792278238314e-09 -2.764323887986785e-22 9.4323087646055e-14 -5.2367484209889e-21 6.2134815980714e-14 5.54460547132265e-22 3.644769739191545e-13 -7.03437541293455e-22 -3.56745959625877e-11 3.850552873327025e-23 1.803913075288655e-09 -2.023354031808475e-23 6.26901626775755e-15 -7.5662761885584e-22 7.2762860434026e-15 -4.200599086666505e-22 1.020179404927575e-14 -2.98278878160501e-22 3.31343694059594e-11 -1.537071966849465e-23 -2.11012246766293e-13 -7.32588385176575e-13 -1.41764726777516e-11 -4.65119659300339e-13 3.32114542401137e-12 -9.3024850586936e-22 2.19683290370264e-22 -6.01939657645335e-16 5.6478988222369e-22 -2.09763163480261e-21 -2.18994305610712e-14 -9.46593091475235e-22 -1.68894515160469e-23 -6.62607452856535e-15 -2.76581076403915e-21 -1.522742831650745e-20 -3.006465552155235e-13 1.388185457734445e-14 -1.28519505317833e-21 9.3236078795424e-16 -1.98452173374883e-22 5.9695519229696e-14 -2.971428739609125e-14 8.2280200676705e-22 -1.867516070050435e-15 -1.24567333564782e-22 -6.53678277092505e-14 1.512034550150505e-14 2.576745873673255e-21 1.927329926792225e-14 -1.2014236430587e-22 -3.00668382460359e-14 -1.06363671528343e-22 4.20758991112196e-15 -3.992423780788415e-23 7.15195594300615e-17 3.919148687944255e-22 1.59063041247082e-14 -1.92912039434323e-22 2.06877314151474e-22 -2.51418378202058e-15 -4.558119544726935e-22 -8.96366524099215e-16 6.2616512824911e-24 4.37520167485012e-16 -3.311957578532425e-23 6.01515224943815e-12 -3.24425509686861e-23 3.53861017854465e-17 -4.75891896778164e-22 1.30961606048404e-17 1.05511114865625e-21 -1.59492470183336e-15 -3.31693248208335e-23 2.43617349520149e-16
-5.256409281558e-16 -1.744598700719445e-17 1.53938832030615e-17 -3.676699800580795e-17 -2.53751379221961e-16 2.47863782623218e-17 -8.2690169690605e-11 -1.13756281334664e-10 1.6973371527395e-16 -1.181979539423225e-10 -1.65029676870337e-10 2.973914899414955e-16 3.61705054499534e-10 5.0236584832368e-10 -1.078914807350855e-15 -1.72257930809914e-10 -2.473737476710285e-10 4.668388876758625e-16 -5.14680580654845e-11 -7.0341257869234e-11 1.586729442623175e-16 4.47907462598979e-19 -1.384332812550685e-12 -6.82231319634755e-18 1.140552957226525e-13 5.53155001530145e-19 -1.221518964843315e-18 1.95239815700752e-13 9.92860775243545e-18 -5.06602227683655e-12 -5.7393105688288e-19 1.41830397194419e-18 -3.66010860601954e-12 -3.072966525703835e-17 -6.5026836035157e-13 1.8506412425358e-19 -3.330275351362685e-19 -1.21091720158809e-11 -1.748917827663975e-17 -1.733709309666795e-12 2.814319110081955e-19 2.0820939280608e-08 -9.55227356009115e-20 5.96734841666455e-13 -3.42374124219685e-18 3.95892472248676e-12 1.41627845048148e-18 1.31921126174933e-10 -1.198388094740985e-08 4.594964984371575e-19 -5.7653081389291e-13 1.05887161319437e-17 -5.17381480604365e-12 -1.701378624186385e-18 -2.237604136094e-11 -4.121017450472575e-09 -2.260568770483915e-19 -8.93715440418565e-12 -2.574878643454575e-17 -6.0198350782139e-13 9.835175956875e-19 -2.082172179350185e-11 1.699289226238345e-22 2.04329500468488e-08 3.98055997963665e-19 1.876511436974235e-12 6.14631566020905e-18 1.91078220889702e-12 4.575873759020155e-21 2.880939623950325e-14 -2.784646695485785e-23 -1.982394610949745e-22 -1.812424688272735e-08 -5.43997327706545e-19 -6.74998612356915e-12 -1.64589756979608e-17 -6.8986778503044e-12 -2.01502818228128e-19 -7.659671244969e-11 3.766813410705535e-24 2.784570523987375e-16 1.958184947089475e-22 1.71146442580607e-09 -2.546023073204095e-19 -4.58909098820282e-13 -3.42512744274533e-18 -1.985854043104905e-12 -2.85507493350237e-19 -1.412380333564255e-10 -1.50638276579944e-23 2.701708839097345e-16 7.14845289104195e-18 8.49106301613235e-18 5.0982961414467e-16 2.41428616605494e-17 -3.83447211783929e-17 4.160516431213205e-12 -1.919102658319045e-13 -6.31732659677915e-19 -3.11977479666253e-12 -1.37454806293931e-14 1.103559728182665e-18 1.11374577917247e-11 2.33510486223202e-12 7.3791280690441e-18 2.12977556152226e-11 -1.661936862108075e-11 7.95470589101245e-18 -2.44161977105674e-18 2.84518383374555e-12 1.8417681298761e-18 -1.264796088898515e-11 -2.680315513745085e-18 2.525220437227545e-18 -6.44223344009925e-12 -3.098689701725545e-18 1.055693514167405e-11 3.016284489844425e-18 -1.340898156709745e-18 6.5857820069965e-12 1.340822652457135e-18 -4.141079755084805e-13 -1.11569688000979e-18 3.08697783956724e-09 -1.014425147553455e-18 2.295212535322765e-12 1.65795508681343e-18 -5.57354116248355e-12 3.029987173788385e-19 1.158755886076185e-10 -3.42801591449315e-08 5.0788685277598e-19 -2.88145110305208e-12 -4.44461160605538e-19 2.779452185823875e-12 -2.61603048318631e-19 -6.7128050266977e-11 1.65353286898911e-19 1.1438448094198e-09 -2.677186134219825e-18 -1.604103369207025e-13 4.72045508039952e-19 2.074286059731135e-12 6.55940508547985e-19 2.833056534392765e-11 1.91062257492969e-19
-2.472537522959025e-10 -4.28544531899804e-11 -1.71291220686122e-10 -3.42227507839388e-10 6.4951148279547e-10 -1.44096536284191e-10 7.8296814271917e-16 -6.29308675926025e-16 -6.6205125328151e-11 9.5515119529021e-16 -1.11885294980554e-15 3.93553020356364e-11 -3.267408809486695e-15 3.32249404142121e-15 1.884990848930395e-10 1.634899013249375e-15 -1.47429142657689e-15 -9.7365525206132e-11 4.65574717516119e-16 -5.2002562895954e-16 -3.48182567356486e-11 -1.74997551678567e-08 5.17393551817405e-18 8.60655997492305e-12 2.02292473394975e-17 -1.251499850521945e-09 1.48655000164312e-07 -2.01534176571957e-18 -3.053996160526905e-11 7.0272091039936e-18 1.68059766891219e-09 -2.773048110089295e-07 -3.06320355945375e-17 6.3746641921052e-11 -6.55406951549635e-17 -1.382715153787245e-09 -3.49831827658088e-07 4.6189428379933e-17 1.28731025567445e-11 1.01105123443837e-16 4.01866706350427e-11 1.876673336308975e-18 8.19419314658675e-09 1.319926434939135e-17 -1.21760370536921e-12 3.635657146583955e-17 2.689820661814885e-10 7.5421397854296e-19 -1.78891013800667e-18 2.164308349863925e-07 -3.076325873334715e-17 9.82659802984465e-12 -9.2652340489204e-17 -1.252145437916115e-09 -3.825747493300095e-19 1.309893622088885e-19 -8.803515476909e-07 2.67362718618742e-17 7.590725340969e-12 1.056953586192825e-16 7.3835436647804e-10 8.2668349684484e-19 -6.1270788521602e-14 3.98055997963665e-19 2.985013049371295e-07 -7.61529716186065e-18 -6.2046947124316e-12 -5.74037167555555e-18 5.84701917795105e-12 -3.400451126747895e-19 -4.552704221249015e-15 -2.439551829471435e-14 -1.04468300188394e-18 -7.8519341782702e-07 1.50814239123976e-17 1.276769526250865e-11 1.49264774774633e-17 -9.29930001608755e-10 1.477848205968545e-18 5.5609030334562e-14 1.268296842320685e-23 -6.53798394187275e-14 -4.72050965373541e-19 -1.64565005365427e-07 -1.200611901754205e-17 4.278519499524545e-12 -9.31451523779965e-18 -1.813851606368995e-10 9.2380923110543e-19 4.638722266840825e-14 1.47916543538037e-23 1.66940508888423e-12 1.96440819710636e-11 5.45591287072165e-10 -1.509541441059215e-11 -1.31039924906307e-10 -3.953970039815575e-17 6.76099892322e-18 -2.989625891427415e-12 8.0526593328045e-17 -1.019061593473565e-17 9.121990199118e-13 -1.957872530008855e-17 -3.23528720409599e-18 -3.52745055427205e-11 3.07077807494356e-16 6.6217296580465e-17 -6.0267846354169e-11 -1.168906162017705e-07 6.0767441540075e-18 3.120381727508105e-13 -2.778334649549965e-18 -1.50201058792021e-10 3.37563950242515e-07 -7.0336963455568e-18 2.28944992890797e-12 2.52181676721568e-18 2.359655570891135e-10 -1.857896774777425e-06 4.840004132896195e-17 1.418750926709445e-12 7.23243087531175e-18 -1.37897465126787e-09 1.11128131687805e-18 -4.34279293220324e-08 1.63020694224864e-18 5.4489503630998e-13 1.46688506308921e-17 6.64368123958305e-11 -1.41026086591069e-18 -5.85783903135115e-19 2.65070675646845e-07 -4.407575265898235e-18 -3.97761459117086e-12 -8.8342475013743e-18 -3.66796784099405e-10 9.2785352029451e-19 -2.474755962450625e-16 1.758816239026315e-18 -7.09338762386295e-09 -5.52722745967185e-18 4.889952951482835e-13 3.393902132969105e-17 4.78705927720401e-10 -3.60257531870623e-18 1.441240878507995e-15
-2.08170530742201e-15 -3.095566711373195e-15 1.468250411172275e-14 2.51368606486739e-14 -1.21036073302557e-14 1.10015755511755e-14 -1.91743973645203e-07 1.135239522571135e-05 6.0185121884163e-15 -3.449802726009325e-07 3.777855922429555e-06 9.22571653065625e-15 9.99522821036355e-07 -5.09407843083125e-05 -1.884662844493455e-14 -4.560057276138005e-07 1.503657885619415e-05 1.22340930599994e-14 -1.508438959603115e-07 8.25246748854455e-06 3.89449299902689e-15 -6.52996316084765e-18 -2.035788940423805e-07 -1.135637395143375e-17 3.51167049817317e-09 2.802042417533095e-18 1.24981471296859e-17 9.19363384056275e-07 1.947633828206085e-16 4.540858953047645e-10 4.668930269381385e-18 -1.13075772371648e-17 -4.234287249201365e-06 -7.3499998577706e-17 -2.64236335380187e-09 -6.0571314817124e-18 1.25835163463406e-17 -1.570662953157785e-05 1.427243321229745e-15 1.181995299468535e-09 4.618844115375465e-18 1.13740786537577e-11 2.36609337924887e-17 -1.480458168627585e-06 -6.4009086279549e-17 1.31593458692417e-09 1.708836111503815e-17 7.804499787747e-12 -9.50764144869945e-12 -3.47383102836566e-17 5.4033861116105e-06 2.54638508744483e-16 -1.36600706643203e-09 -1.997217518924435e-17 -5.4664047720671e-12 2.820685966066665e-12 2.883559472420485e-17 -1.66464080435889e-05 -1.74097521427297e-16 1.853342762865075e-11 1.309247143451445e-17 9.2690073940818e-13 1.130754764118015e-21 1.876511436974235e-12 -7.6152971618606e-18 2.036793650886925e-06 7.97985138660155e-17 -1.40267569820284e-11 -1.878335524286325e-18 2.225839470425365e-12 1.408081976521705e-21 -1.613159496536545e-21 -3.05027185918145e-12 1.198073446988495e-17 -7.17640287045065e-06 -2.027075304539715e-16 -4.088796205495505e-10 4.766990918157515e-18 -3.50352772596958e-12 -2.061620952340055e-21 2.46144727321771e-19 -3.59055555188323e-22 1.678728587712615e-13 7.29872925457105e-21 -1.073637379803835e-06 -4.739826169768165e-17 -1.65059769182933e-10 9.7301737865149e-19 1.05915159727929e-12 -4.769975028356565e-22 3.430946800301235e-20 -4.872081372857705e-16 -1.869428968893505e-15 1.386737881084215e-14 -2.04886044983858e-15 8.73562176544665e-15 4.26026881509021e-11 1.66676910985312e-07 1.000910722457695e-16 -5.07768574895885e-11 -2.928361834347395e-06 -1.724142074734685e-16 5.13367190268695e-10 -1.836032836160375e-06 2.948683053895965e-16 9.94090872958325e-10 -4.15805615673315e-05 -5.79786401215975e-16 -1.518653552389695e-18 2.80093126139005e-07 2.22437845570981e-16 -1.50911308589957e-11 6.5102010506148e-18 1.07883114326649e-17 -9.3243667552647e-07 -2.073091236424125e-16 -1.63308221646149e-10 -1.420282059812455e-17 -2.356363315134495e-18 4.903546528209935e-06 3.63559135204483e-17 1.501309424167655e-10 6.61257415670985e-18 8.7027146150025e-13 3.270719323716355e-17 5.3941985169694e-08 -2.2973489352762e-16 2.157285475638425e-12 8.38018322572375e-18 8.0345103302634e-13 -1.144078619945685e-12 -1.581786596205325e-17 -3.26258350251487e-07 1.097214461466985e-16 -3.124137330815085e-11 -3.85786472453227e-18 -4.953081868417155e-13 7.483034996584e-18 -1.294702133194785e-13 8.0167500414978e-17 3.9954030235616e-09 -1.678374875856455e-16 4.237679901926005e-12 2.442632251302245e-17 -1.630548680451435e-13 9.6052485201836e-18
2.94606828646357e-05 2.11545888133441e-06 1.319653342338215e-06 -3.168296542950495e-05 2.497450753636555e-06 -1.52056921718281e-06 -8.91743227401975e-15 -1.82945072711859e-14 0.000123187484290173 -1.404427570352405e-14 -2.61740211745519e-14 0.0001613370313057765 4.4795386079246e-14 8.2289254178988e-14 -0.00056083344978458 -2.088636511775715e-14 -3.91981347204361e-14 0.000258692665797444 -6.62748337850915e-15 -1.18033509890685e-14 8.2444527315936e-05 -1.01054755375453e-11 -7.20970763141615e-17 -1.346523883425755e-06 5.3550421605682e-17 4.668454113729725e-12 2.30739456645078e-11 -4.42731986644318e-16 5.07751142162295e-06 -1.29075245001706e-16 -1.16506806391854e-11 -1.634501574064245e-11 1.898656878849655e-16 -6.00936478063875e-06 1.582133947332385e-16 8.3961160792358e-12 1.343595744581465e-11 -4.20772701412109e-16 -6.52631076145715e-06 3.517201572630265e-17 -6.6355398456328e-12 2.537512932977765e-17 -5.0240859843318e-12 -2.15867689621455e-16 6.09190693453235e-07 -1.710388868522655e-16 7.6581090342526e-12 2.394693660423175e-17 -1.671340752259865e-17 -3.952178460043305e-12 2.234626878072045e-16 1.51781106522674e-06 2.22909266050607e-16 -1.544559564044805e-13 -1.628566300035305e-17 5.009531481309e-18 8.77998702371735e-12 -1.450279175309345e-16 -7.43568523643715e-06 -6.6244560486646e-17 -4.82884094022329e-12 5.8099400905806e-18 -9.47000140591945e-15 6.14631566020905e-18 -6.2046947124316e-12 7.97985138660155e-17 1.825990756638715e-06 -2.006388056167265e-17 6.0338070273032e-12 4.90320247637554e-18 -1.580718623994195e-14 -3.8505000128186e-15 -3.473837980391085e-18 7.3916975090143e-12 -2.492267400895135e-16 -4.197659942981245e-06 5.274185435858e-17 -7.7911756290113e-12 -2.07525648377675e-18 -2.93070380253263e-15 9.47519253544685e-27 -9.7307604273671e-15 1.555544821791935e-18 -2.33029602943961e-13 -1.24065284428899e-17 -6.74427424024785e-07 4.145894059255535e-17 -4.243590068456315e-13 1.71645084219617e-18 -1.426083297388575e-14 2.67740084393014e-25 1.304113664399465e-06 -1.227224621645765e-06 8.01775221923705e-05 8.3695407145378e-06 1.58081843674369e-06 9.55158833622745e-18 -1.698636892206565e-16 1.741836966332095e-07 4.953287929498645e-17 1.808897708883325e-16 -4.717400961333545e-07 7.93403818906375e-17 -7.9603219682179e-17 2.85635898499281e-06 2.63371816318947e-16 -8.98711400276905e-16 -2.838878379007455e-06 -1.27252874423698e-12 1.306548797512595e-15 1.51076195861706e-07 3.599958931517335e-16 -1.4113913192749e-11 -1.409621007884125e-13 -1.49769896392667e-15 -5.68140413629725e-07 -3.691287468681845e-16 1.544669561806615e-11 4.114625474896195e-12 9.15200891468405e-16 2.02164030785762e-06 1.43479437345978e-16 -1.912125956819095e-11 8.29293888520405e-17 2.529842397392275e-13 9.0330073663244e-17 7.17847211494285e-09 1.736479927129315e-16 -1.026149078654985e-12 5.61318224003375e-17 -4.32457829487552e-17 -4.579727424008955e-12 -8.7572342454358e-17 -1.838711271056535e-07 -1.0761695693354e-16 2.773958970224375e-12 -3.178644140629765e-17 -8.2214587649847e-15 -2.411701180593915e-18 -2.223453140519515e-13 1.20120877690093e-17 7.15291943877475e-09 1.485102271896565e-16 -2.420646158866005e-13 -5.5173324573551e-17 -7.74971994717185e-15
-3.371434973199775e-14 -5.11707782252325e-15 2.47609403311787e-14 4.607255458045605e-14 -8.11358822099065e-14 1.807485942527175e-14 1.13519492814605e-05 1.90596031946391e-07 2.080086129883955e-15 3.7770341758762e-06 3.42886895997176e-07 2.58324768222188e-15 -5.0938485176415e-05 -9.93484383722595e-07 -9.5054157119e-15 1.503557354478355e-05 4.53276270440426e-07 4.586298314367385e-15 8.2521260265365e-06 1.498833711021015e-07 1.28377635894493e-15 -1.24896786885726e-17 -3.48673919937071e-09 -1.35604847354759e-17 -2.035530967666105e-07 -8.5483073861322e-18 1.42975037861682e-17 -5.3122708265388e-10 -1.28223104398277e-16 9.1933520452768e-07 9.532214957793e-18 -1.64187594641663e-17 2.694975861206115e-09 -4.811779606293175e-17 -4.23426460327353e-06 -2.00196779416129e-18 1.175610753056155e-17 -1.193940624690555e-09 7.78628189613215e-17 -1.57066681033015e-05 1.470233155127075e-17 8.63817495724505e-12 1.25746562258895e-17 -1.3450855265022e-09 8.9348772345859e-17 -1.480447002105175e-06 3.153607943466755e-17 -1.27486649116476e-11 -6.6034361088662e-12 -2.500848274023505e-17 1.362867005750655e-09 -2.278102350855465e-16 5.40338156652805e-06 -4.11599357233918e-17 1.14182558258122e-11 1.792223567160085e-13 1.9753956166332e-17 1.5525804113481e-12 5.0275534851216e-17 -1.66464061587481e-05 3.902915079241365e-17 -4.540744821238835e-12 -1.32446756594668e-22 1.91078220889702e-12 -5.74037167555555e-18 -1.402675698214235e-11 -2.006388056167265e-17 2.0368071290967e-06 -8.3945036094274e-18 -8.96109767313595e-13 -3.67082055953841e-21 3.59204959354257e-22 -4.061720475512655e-13 5.38394804445255e-18 4.33298792161532e-10 -6.72721200688835e-17 -7.17639812275175e-06 1.825354432209225e-17 -6.69078417689e-13 4.936064157736005e-21 3.332487194919245e-20 1.23883830966181e-22 3.95410622412776e-13 -2.22059344305762e-18 1.51987693179911e-10 -3.198738854749175e-17 -1.07362471946686e-06 1.81735382980638e-18 -3.48043761477952e-13 9.56534405780985e-22 3.441361924812335e-19 1.487307835928535e-16 -1.384633036562595e-16 -2.48101932879046e-14 8.70463276406425e-16 -3.226982299186085e-16 1.666741606720815e-07 -3.75043682273241e-11 2.63906593800884e-16 -2.92836111555651e-06 5.22478673122395e-11 -3.54332225757288e-16 -1.836009066852785e-06 -4.96640878647545e-10 2.302925571684495e-16 -4.158055816932455e-05 -9.62208262439635e-10 -2.709571340447e-16 -2.31554472323246e-17 1.795711319870525e-11 6.5296818254698e-17 2.80095141956865e-07 3.33217948374008e-18 4.883406931399085e-17 1.609870522520975e-10 -4.99712492124192e-17 -9.324284112864e-07 3.21532458633493e-18 -1.94440239432609e-17 -1.47528927520121e-10 -5.35321780935385e-17 4.90353717759088e-06 1.556152783921185e-18 3.722036785054475e-13 2.05449036395979e-17 5.15001295492525e-13 -1.048373651348815e-16 5.394209830896e-08 5.19159773053495e-17 -1.11696987917128e-12 -6.0032445879916e-13 -9.8477543510957e-18 3.02437876129126e-11 5.8734822048114e-17 -3.2628023724753e-07 -2.54738761766066e-17 1.47197763127922e-12 -1.702101022705495e-18 -1.09710503703558e-14 5.7956784667488e-17 -2.199029255507475e-12 -1.888747699545915e-16 3.99544510326322e-09 1.29693713483879e-16 2.58102984854682e-13 -2.219668809207575e-17
3.201456316712355e-10 1.016043520667785e-11 9.80228312890615e-11 3.348183844547155e-10 -2.400106619995595e-09 4.4514122691347e-11 2.36465167913212e-16 -1.191215566279635e-15 5.72481144876395e-11 -1.06070047559092e-17 -1.733840472983185e-15 1.886873207332935e-11 -4.806848302363995e-16 5.558102117346e-15 -8.0586361680581e-10 3.70915522659969e-16 -2.620384840560715e-15 1.741363074067375e-10 3.29269300457085e-17 -8.31011406629835e-16 6.04501680050055e-11 1.8765087555783e-09 -8.4874673430254e-18 -4.63485140661281e-12 1.905699949919755e-17 -1.7834038374205e-08 -2.01397413397739e-09 -1.098754584531485e-17 1.145881248616535e-11 1.38509236366757e-17 1.492379206944945e-07 1.69224022941375e-09 4.10662554972452e-17 -3.382814469966735e-11 -1.09885671736661e-16 -2.775581666264075e-07 -1.70828504088011e-10 -4.577061309895845e-17 -1.01396312258645e-10 1.01940938746123e-16 -3.49762635037522e-07 -1.864280052437185e-19 -1.74171524365016e-10 -2.033718420272845e-17 -7.79168461757995e-12 4.00530615285361e-17 8.15102449660025e-09 -1.59458205936508e-18 4.09628805150464e-19 1.283280837734435e-09 5.37588389983815e-17 9.54291014256155e-12 -9.87883947184505e-17 2.165796712360005e-07 1.193130142917435e-18 4.07130332073999e-20 -7.7572258689078e-10 -6.72414498447375e-17 -2.65567872302872e-11 8.38188692696475e-17 -8.8044226041008e-07 -1.15642244291952e-18 -2.56383748512797e-13 4.57587375901981e-21 5.84701917788115e-12 -1.87833552428633e-18 6.0338070273032e-12 -8.3945036094274e-18 2.98516712400746e-07 -2.0219684640496e-19 1.78161296862083e-13 -9.46014956257535e-14 4.264207896795115e-19 9.10059155004915e-10 -3.7204343627844e-19 -9.5526557378228e-12 1.280865400319005e-17 -7.8519475418217e-07 -4.61616397305507e-19 7.12572893813165e-14 2.31495894834083e-23 -2.766954941864155e-13 2.005157406527355e-19 2.46309526655264e-10 2.437755725091365e-19 -3.25335334273322e-12 -2.442183310270885e-17 -1.645514963205185e-07 -2.30434336356285e-19 1.84491541393212e-13 2.795022928221545e-24 2.17767541995476e-11 9.203124818742e-11 -6.51870143859295e-10 1.565692795945225e-10 -4.692653653801925e-10 -3.94811106906723e-18 1.86143199730593e-17 6.1751653733303e-13 2.02597029714573e-17 -4.66391736607726e-17 3.14022781425418e-12 2.512480777021715e-18 -4.86041768067262e-18 1.007801676121085e-11 2.273498700058575e-16 -1.67484791640872e-16 1.574156541636705e-11 1.515610317588035e-10 1.12187351912887e-17 1.2633320661713e-12 3.0682914091363e-19 -1.16889804659088e-07 -2.5780496095004e-10 -9.8274438507914e-18 -1.70567883334607e-12 -4.63447735685489e-18 3.375802737431085e-07 1.43241009500592e-09 3.70754830348965e-17 3.712852974188075e-12 5.79275327565485e-17 -1.85792991387489e-06 -1.458197135896365e-18 -6.6304769956838e-11 6.7875554794127e-19 3.38803196687801e-14 3.38767135090686e-18 -4.342895139553e-08 1.64994673643791e-20 5.10614057618475e-19 4.020017809752325e-10 -2.560434734903785e-18 1.830223156880735e-12 -7.5867378366455e-18 2.65046332005375e-07 -1.019207371891955e-19 -1.513935809403025e-15 -3.80400538705768e-18 -4.783863904351265e-10 -1.60061989798657e-17 -2.59422513581882e-13 7.20207613952075e-18 -7.0908401479142e-09 6.15236069203875e-18 -9.4065902030257e-16
-4.82810613290277e-16 -2.04279391658766e-17 4.683821249135155e-17 3.51114983248303e-17 -3.213499760204215e-16 4.39421411870846e-17 8.64757647906385e-11 -6.84160311774415e-11 1.222827581410375e-16 1.16082919898315e-10 -1.002170267170245e-10 2.05895764255994e-16 -3.672235897358285e-10 2.870399469235305e-10 -7.7721728755849e-16 1.79932583787225e-10 -1.405254902823445e-10 3.36932218757771e-16 5.114678623874e-11 -4.04491620120351e-11 1.123964327427855e-16 7.43263872406065e-19 -3.012751601226445e-13 -5.98919379824815e-18 1.822977488033015e-12 1.136301299130365e-18 1.227994903857865e-18 -3.48353052247008e-12 1.072661300701445e-17 -2.49375109231667e-12 2.45195942509221e-18 -7.0806689500731e-19 -4.433898764749285e-12 -2.89728798703178e-17 4.13492465558528e-12 -1.713897388219375e-18 1.803059121132085e-19 -7.5366325500638e-12 -1.13162789251985e-17 4.97981383154217e-12 -4.23582355644079e-19 -1.31928825556739e-10 -7.27229964252365e-19 3.0279466842708e-12 -1.100656418020805e-18 -5.67401517695675e-13 -1.224014033734085e-18 2.082075068637475e-08 2.23462018059774e-11 5.54517715625135e-19 -3.822170906130585e-12 4.314247637595425e-18 1.948275049640115e-12 1.499093311412545e-18 -1.198363909252585e-08 2.06376564261108e-11 1.272072962317235e-19 -6.83808294919555e-12 -1.82153446715006e-17 3.00688335124294e-12 -6.45497581481315e-19 -4.12048994767539e-09 2.09894271868153e-22 2.88093962399041e-14 -3.4004511267479e-19 2.225839470425365e-12 4.90320247637554e-18 -8.96109767313595e-13 -2.0219684640496e-19 2.0432763488552e-08 1.424585512247645e-22 -3.704759831028005e-22 7.6305779292929e-11 7.0158287800089e-19 -8.8391345860607e-12 -1.383774147846025e-17 3.00503735471782e-12 8.5688055567016e-19 -1.81232678780795e-08 -9.0180059509154e-23 -2.70075946570773e-16 4.702104041760305e-23 1.41126806231806e-10 2.744680941421665e-19 -2.085550000776945e-12 -3.01286393518379e-18 -1.162047597882925e-14 6.1532875924202e-19 1.71186751274362e-09 -1.03132745132857e-22 2.78394209680027e-16 8.91580926358735e-18 6.45350050887955e-18 2.64898473943283e-16 3.127111755371655e-17 -3.39669883133086e-17 1.64315307937312e-12 3.570092331135635e-12 1.00188770829085e-18 -2.570156246342135e-12 -3.561758071389765e-12 -1.350752008919155e-18 -1.278486703137655e-12 1.06864268012326e-11 7.96815472223695e-18 5.49229410046955e-12 3.38070259914642e-12 1.874759952774875e-18 1.38425548357634e-18 -9.3847323780124e-12 9.0069029720341e-18 -7.68277352335445e-12 8.3681380181082e-18 -1.241151513903325e-18 7.3055266752034e-12 -1.12743648119252e-17 1.032961643466695e-11 -9.10427371397685e-18 1.392102192957905e-19 2.104249481932375e-12 6.28987298678115e-18 -6.6353138408671e-12 5.7078171174948e-18 -1.158641646571705e-10 8.9451361663149e-19 -3.65818552663899e-12 -2.86394271570252e-19 -4.18345726247343e-12 -1.662043925268325e-19 3.086932584612445e-09 6.71178326364725e-11 -3.243295113884705e-19 1.75884167163212e-12 -3.334654064692115e-19 3.74004550130052e-12 -4.78336027749961e-19 -3.42801199081717e-08 1.18705257385562e-18 -2.83300844109602e-11 7.0557434685547e-18 1.239428172975385e-12 -9.92599734901915e-18 1.082047789377235e-12 -8.65177871261155e-19 1.14384041679977e-09 6.6385674614634e-19
-1.731853462557015e-13 -8.16955227540345e-14 3.75412995884902e-13 3.333357559939475e-13 2.185098369952815e-11 3.114693934241245e-14 1.960511916444745e-19 -2.602777237916815e-19 -2.01325985040753e-13 2.36143117491598e-19 -3.9649090474365e-19 7.82999990715665e-13 -8.30089309457505e-19 1.20266735775023e-18 7.0296282986308e-12 4.264325084060895e-19 -5.6880527209625e-19 -9.58182503137735e-13 1.114538641991345e-19 -1.79222114010922e-19 -3.975696093596185e-13 2.69277923922608e-14 -6.5497356760689e-22 1.93262826488207e-15 1.50230950724188e-21 -4.978962855434715e-14 4.096420248124e-15 -2.743695179996865e-21 4.115521054578065e-14 4.97388775349457e-21 2.390102488333325e-13 1.21217159872441e-13 -3.835988328028085e-21 3.048830959016775e-13 -1.99314334344095e-20 -7.6915030675231e-14 3.274193137389695e-14 -1.737817905969925e-20 1.21923802213419e-12 3.05280470668044e-20 -1.3116958635767e-13 -3.758996894713885e-22 1.66043627577967e-14 -2.000045702302675e-21 1.31254704596493e-14 7.5900797194891e-21 7.7920615411465e-14 8.5733880191491e-22 5.9111325641407e-22 5.38573857064125e-14 6.07868915415905e-21 -1.821843234566225e-14 -1.88641695144459e-20 1.517137710039145e-13 -8.88573484008115e-22 -3.65185280248473e-22 1.004896508452525e-13 -2.135654411199415e-20 3.798715920486575e-13 2.42999789641671e-20 -3.6781422097804e-13 1.336217014067165e-22 -1.658801557978555e-18 -2.784646695485775e-23 -4.552704221249025e-15 1.408081976521705e-21 -1.580718623994195e-14 -3.67082055953841e-21 1.78161296862083e-13 1.424585512247645e-22 1.039452931005725e-08 3.567459497801715e-11 3.90595202598545e-23 1.26438797732826e-13 -8.79894608847855e-21 1.03822516481295e-13 1.09072923598913e-20 -3.1129572675629e-13 -2.53133050833106e-22 -4.14792278250729e-09 -1.22818050007737e-22 -3.3134372610487e-11 -7.6737771564849e-23 5.06628875483085e-14 -2.592169613523385e-21 1.21473289363398e-14 -4.39193003077054e-21 -3.200494544305465e-14 -2.316107605893965e-22 1.803913073808765e-09 1.052994542162835e-22 -3.52671899897733e-13 -1.224487967593115e-12 -2.36968073289738e-11 -7.77285675217555e-13 5.5513886644034e-12 1.58873890727961e-21 -1.125869694712255e-21 -1.014391930374015e-15 2.65684190745983e-21 -3.503160525147545e-21 -3.658710017837645e-14 3.17788462459092e-21 -6.7897409148572e-21 -1.10536408949685e-14 5.9783218212183e-20 -4.70427006099949e-20 -5.02582244623435e-13 5.8017455196451e-15 -7.9918322771868e-22 1.565133169562625e-15 8.93768926666225e-24 -4.553672839401755e-14 -6.2039918381249e-14 1.362986943818695e-23 -3.117958785508675e-15 -2.129257762915265e-21 7.75709461496805e-14 1.6997572351855e-13 1.120948721009785e-20 3.22259396604365e-14 5.93700869596965e-21 -1.23727628131654e-13 -4.20111829294275e-23 5.72777352862565e-15 4.797475773895575e-22 1.272814904999155e-16 2.41274688913154e-22 -1.40685724542873e-14 1.64947959178731e-24 -6.40393562088685e-23 -5.1069047996607e-14 -1.24382317214512e-21 -1.51589020676602e-15 -6.53246830561955e-22 2.75802094372035e-14 7.1922704724206e-24 -2.43607077932626e-16 7.60603604354325e-23 1.7418050039236e-15 2.21033487315903e-22 1.56393166687257e-17 -6.8063290391189e-22 6.189082155647e-17 -1.471682025846745e-23 6.0151522474539e-12
-4.02860145057144e-14 -1.987938811929475e-14 9.1439120642072e-14 8.12306699989525e-14 5.3191828703867e-12 7.58471764892575e-15 -5.6002178301965e-20 7.9872818816726e-20 -4.897353630033745e-14 -8.07641479092725e-20 1.161737637898395e-19 1.907396157955555e-13 2.75084795534408e-19 -3.497156603002385e-19 1.710996162503035e-12 -1.324174409337455e-19 1.731906567179175e-19 -2.331458207215575e-13 -3.855962334191715e-20 4.88804706936362e-20 -9.6749480307234e-14 -5.29329391299405e-15 -3.55150558406363e-22 4.71962370314607e-16 9.1401802972192e-22 1.32174670181494e-13 -3.463104631619205e-14 1.15913059211335e-21 1.0004688372821e-14 -2.58502174844856e-22 -2.914136553949765e-13 2.26984246921292e-14 3.160481965664475e-21 7.4246615448148e-14 2.53752078611127e-21 1.65282188986077e-13 2.481938842636955e-14 1.071941048152325e-20 2.9680947998467e-13 -1.25500313423574e-22 5.07806404807685e-14 -3.702207612426895e-22 -1.10850638481128e-14 2.949366644607955e-22 3.200142363937675e-15 5.49337447625465e-22 -5.3091602600984e-14 -8.68627025383705e-22 3.552082986084855e-22 -1.00794257616734e-14 -6.4327088984905e-22 -4.4381553162833e-15 -1.1354828778904e-21 -4.724775960520645e-14 8.58124448130225e-22 -2.329997995752235e-22 6.30022923542795e-14 9.49581677378715e-21 9.24847101656455e-14 1.53724892522568e-21 2.22508488226361e-13 -1.594939196960045e-23 -4.14792278238314e-09 -1.982394610949745e-22 -2.439551829471435e-14 -1.613159496536545e-21 -3.8505000128186e-15 3.59204959354257e-22 -9.46014956257535e-14 -3.704759831028005e-22 3.567459497801685e-11 4.908710307990595e-09 1.869611117031845e-22 6.0324988076488e-14 7.4259304396715e-21 2.52830719992465e-14 -1.10453610785921e-21 2.05589152323522e-13 8.644852871021e-22 -1.2546987452794e-19 -7.92865435116525e-24 1.81054016696213e-09 2.34149820471071e-23 1.183633256176235e-14 1.05691686629599e-21 2.96124763049588e-15 7.4498288718792e-22 3.34206415517947e-14 4.19085603260949e-22 2.0045840665156e-12 9.8326177362528e-24 -8.5854424908133e-14 -2.981040361841055e-13 -5.77297945605965e-12 -1.8924212243925e-13 1.35138671887853e-12 -4.046904104010555e-22 5.4384036331492e-22 -2.461173016608775e-16 1.3529667237161e-21 1.59817146661279e-21 -8.9122753000131e-15 -2.31531396642982e-22 1.124821845609285e-21 -2.70297908302346e-15 4.263138616823535e-21 2.135042786950685e-20 -1.22345828647545e-13 7.32484240168355e-15 1.75353675481742e-21 3.800682303517425e-16 2.489873659653625e-22 2.721247849544855e-14 -2.10258365775779e-14 -1.1110914593001e-21 -7.63408455044205e-16 4.88327119435089e-22 -6.17640175255295e-14 5.71247892465495e-14 -3.560034232947345e-21 7.83783616346865e-15 -1.65743300455387e-23 1.554968487644065e-13 1.105824373718095e-22 2.69765921900073e-15 -7.04878475282715e-23 3.00268626444001e-17 4.86582948577265e-23 9.24747340904855e-15 1.230019660598905e-22 -1.58058601020164e-22 -1.07982156841181e-14 6.6411953401262e-22 -3.66120532032227e-16 -1.662494040133895e-22 -3.152638759057535e-14 1.1513977982928e-22 -8.2815366866551e-12 -1.875337937191515e-23 3.623922421176755e-16 4.960014798317325e-23 4.36268956391818e-18 9.674858136721e-23 4.58551227518563e-16 5.85116060937695e-23 -1.61888816642269e-16
1.072334065336195e-15 5.55065578555495e-17 -1.91595970968534e-16 -3.066888247928335e-16 6.55007028365515e-16 -1.416650630969515e-16 3.064548771985935e-10 2.96716023911496e-11 -8.6556427431308e-17 4.47430167722277e-10 5.26677165218345e-11 -1.62169144540679e-16 -1.47022054861937e-09 -4.99199563707324e-11 5.48121424308705e-16 6.7487514398789e-10 3.98581252171775e-11 -2.42753266013041e-16 2.20169903674469e-10 3.881675905480535e-12 -8.1931152347043e-17 -5.2417899391995e-19 4.523552633746245e-12 5.61578075826925e-18 5.107780973538e-13 1.468468527054805e-19 1.953409445754105e-18 2.91296072161609e-12 -5.86783575164215e-18 8.7755402663411e-12 -7.2376007172186e-19 -3.064629860838185e-18 1.33111956816238e-11 1.49652707782034e-17 -2.93099508524976e-12 1.03450948999081e-18 1.527665268812155e-18 2.2282226693675e-11 1.8901274582968e-18 -3.520937160090665e-11 -3.103729592712525e-19 -1.51606138873635e-08 3.095221761365035e-18 -2.984748775197505e-12 -7.32036499638525e-19 -1.204892152627535e-11 -8.7048662207765e-19 -4.408882339699265e-10 3.20320733541038e-08 -4.6059268462824e-18 7.2934232226296e-12 -4.559801143247e-19 2.261300925129775e-11 1.483044370916825e-18 2.625023121311005e-10 3.610145081445145e-08 2.613992307899255e-18 1.6907568319477e-11 7.83352302654435e-18 -3.872467160320915e-11 -7.55403969551215e-19 -1.104516259843485e-10 -2.764323887986785e-22 -1.812424688272735e-08 -1.04468300188394e-18 -3.05027185918145e-12 -3.473837980391085e-18 -4.06172047551268e-13 4.26420789679511e-19 7.6305779292928e-11 3.905952025985455e-23 1.869611117031845e-22 7.9950832897691e-08 9.757955738809e-19 1.415145181390235e-11 9.13697983434825e-18 -3.119010297499905e-12 -3.33168764378872e-19 2.864542842129e-13 3.848126148117905e-23 -6.51638312524505e-15 -8.3350456651957e-23 3.1791109756358e-08 -3.120963993061035e-20 5.4859033427631e-12 3.072661936185115e-18 8.8357967004291e-13 2.62490067205717e-20 5.2096010058882e-11 1.052990219915355e-23 -6.28815065876065e-15 -5.85763682404405e-18 1.440855006247735e-18 -2.64246346506257e-16 -2.147850717719625e-17 2.829396037733785e-17 -4.833288356669765e-12 4.09442004994789e-13 1.662161531769655e-18 -1.59913232694494e-12 1.602387219527185e-13 -9.30320161610205e-19 -8.0964799170373e-12 -9.8547409484622e-12 -9.23818492847575e-19 -9.66378822135195e-11 2.769807138842795e-11 2.86650967239676e-18 4.063402827912625e-19 -1.628083047354935e-12 -1.27505082011611e-18 1.4848173783276e-11 1.310748925400525e-19 -2.583133572608115e-20 7.8707038184662e-12 3.61893550365508e-18 -1.341621664296475e-11 -6.32763615383925e-19 1.57743779028868e-19 -1.501467817899445e-11 -3.565405087590165e-18 6.5639708739091e-12 4.584689954306005e-19 -8.60971976183855e-09 4.22935895118977e-18 -2.42624024857028e-12 -2.98413396196609e-18 6.3953548534251e-12 -1.04910981183761e-18 -1.943427041564605e-11 8.06552429981235e-08 -2.023932802380995e-18 2.703733320143295e-12 1.378827288365265e-18 -2.52793678676391e-12 4.439046405297375e-19 -9.20504939779805e-11 -2.55557548882338e-19 -3.069903260693285e-09 9.9317073639603e-18 -4.448989142698695e-13 -5.11506336475865e-18 -2.186974893077945e-12 -2.649102424293085e-18 -3.660367190879625e-11 -4.66924138939563e-19
5.0343864353258e-10 1.309216380836195e-11 4.835769230742125e-12 2.299745647006735e-11 -8.3749293728119e-10 2.119682473967885e-11 -4.32755070440839e-16 5.2861048131321e-16 6.42161464659715e-11 -4.770109219903655e-16 9.2608603438378e-16 -1.93487921768242e-10 1.69248119461745e-15 -2.7651775213694e-15 -1.715062099651355e-10 -8.7291252151224e-16 1.22504595381676e-15 3.24192317012885e-11 -2.42951269901554e-16 4.34383019746152e-16 9.0513246666406e-12 8.45656577679695e-08 5.82003228979185e-19 1.086432608633705e-11 -1.619192722602475e-17 1.06033484203982e-09 -3.97879810805648e-07 -1.474447815107145e-17 2.518507625417275e-11 -7.6020351445385e-18 -1.742521250108545e-09 1.095297435823715e-06 4.256379218904345e-17 -8.29664672202755e-11 5.9994620164273e-17 2.153315428052615e-09 1.01128333687945e-06 -4.961939318866295e-17 -6.4992280887504e-11 -9.311587805708e-17 -9.84001088489785e-10 -2.62221742685655e-18 1.35014964903935e-08 -6.00904688598855e-18 2.43901944201131e-12 -3.05614695963802e-17 -1.021700235276785e-09 1.872860754132005e-18 2.30501106952744e-18 -3.59475055703119e-07 2.235949471388085e-17 -1.338627086826145e-11 8.38082218580395e-17 3.736625754182685e-09 -1.94297597171951e-18 -3.225416427645235e-19 2.6301778758985e-06 -2.596044037229325e-17 -2.97140297546867e-11 -1.0155827232519e-16 -5.00297297697485e-09 4.96201034066043e-19 9.4323087646055e-14 -5.43997327706545e-19 -7.8519341782702e-07 1.198073446988495e-17 7.3916975090143e-12 5.38394804445255e-18 9.1005915500487e-10 7.0158287800089e-19 1.26438797732826e-13 6.0324988076488e-14 9.757955738809e-19 2.52713429102001e-06 -2.56068219980675e-17 -2.134412234809675e-11 -1.341262326859055e-17 1.36322988665744e-11 -1.56747892244361e-18 -1.6328016453922e-13 3.64576792118733e-25 1.160594403077715e-13 4.671432481127075e-19 6.4623966638243e-07 1.340368676867065e-17 -6.18991933699945e-12 9.8960926316678e-18 -7.51182865424945e-10 -9.81693672210105e-19 -5.87959137007735e-14 -2.625210570901265e-23 9.45944384041315e-12 -2.46615429997142e-12 -2.196186570207285e-10 1.56350160526016e-10 5.78487291027365e-11 7.36775836208255e-18 -5.50995666707165e-17 -5.9239868644901e-13 -3.24952044567835e-17 7.8120434367104e-17 7.16513023263435e-12 -1.09287702334227e-17 -4.706128035743175e-17 3.75513593138394e-11 -2.607990895557165e-16 -2.259788715657845e-17 8.07760139707675e-11 3.320992936452945e-07 -7.6432344402184e-18 -4.941656052182475e-14 -2.082311959697615e-18 -1.06492666977231e-10 -9.91095597994795e-07 1.182030871847945e-17 -3.398957682848245e-13 4.27619869758163e-18 1.367459657795535e-10 5.09539742301505e-06 -4.713387962914885e-17 -8.49215947495025e-12 -1.37227914508807e-17 -2.59349748784052e-09 2.514336670731755e-18 1.32898786489029e-07 1.51318684839916e-17 5.26099777952715e-13 -8.56897016372345e-18 -4.560549330279345e-10 -5.42390978201975e-18 -7.52868329253225e-19 -7.86207550719755e-07 -2.954779705231135e-18 3.520228355202995e-13 6.45937589727745e-18 5.45476873656155e-10 2.254966752735135e-18 -8.8227634750101e-16 1.199245221301255e-17 2.33071893347674e-08 4.271200922572695e-17 -2.249587056403715e-13 -1.671595077824875e-17 -1.15279654012123e-09 -1.81496554189253e-17 -1.806507022491985e-15
-3.254847752832355e-15 6.1639820535844e-15 -3.10274256152552e-14 -5.46074484908e-14 6.58187941927385e-14 -2.34728579442907e-14 1.17220021142747e-07 -2.38067789549102e-05 -1.592563858100955e-14 2.033310251314415e-07 1.402806691848155e-05 -2.379485540287945e-14 -5.96491030585755e-07 0.0001090437473366535 6.98788462309155e-14 2.714129314556975e-07 -2.000647196828995e-05 -3.60040513773032e-14 9.1461327965094e-08 -1.85174899886095e-05 -1.13893430061521e-14 1.81480641363804e-17 9.589698845161e-07 1.595580893143775e-16 -3.533257813060815e-09 -8.5924089605267e-18 -2.91073158387408e-17 -3.76702046706923e-06 -5.75849253130005e-16 1.26793862636032e-09 -9.13332079329455e-19 2.393041253268075e-17 2.01471206851864e-05 1.22295835369742e-15 3.649617802976165e-09 -3.007140530645975e-18 -2.68162157746193e-17 5.6443368760273e-05 -9.1069294022939e-16 -4.115307703344855e-09 -3.88002955637771e-18 -4.96000077263943e-11 -4.51110774472415e-17 4.58512641749987e-06 2.559397580279895e-16 -5.58129415506705e-10 -2.349014031635115e-17 -3.869459049622255e-11 4.20986947108731e-11 6.7607379086813e-17 -1.592043204662315e-05 -7.736808693709e-16 1.978506904436055e-09 2.28827880274141e-17 2.782735026040855e-11 -9.8885046374466e-12 -5.93083689858525e-17 6.05186253373925e-05 1.302081513007295e-15 -2.090456306946955e-09 -2.00896061288537e-17 -6.72088166940935e-12 -5.2367484209889e-21 -6.74998612356915e-12 1.50814239123976e-17 -7.17640287045065e-06 -2.49226740089514e-16 4.332987921604315e-10 -3.72043436278431e-19 -8.8391345860607e-12 -8.79894608847855e-21 7.4259304396715e-21 1.415145181390235e-11 -2.56068219980675e-17 2.81118818353388e-05 8.0957725129234e-16 5.28531270350135e-14 -8.99400829176485e-18 1.141770098375455e-11 1.22977342759702e-20 -3.13442183173519e-19 1.656770844603055e-21 1.36467548210134e-12 -6.4338096777438e-19 4.92550577438602e-06 1.87108330008556e-16 1.86402048884258e-10 -3.576185389227195e-18 -5.6388316863243e-12 2.63786048844159e-21 5.4893495873841e-20 1.21271899690693e-15 2.55345766707958e-15 -1.34512684484984e-14 3.43239759519612e-15 -1.027503876795995e-14 1.178871044977615e-10 -5.6095993667742e-07 -1.313795374327445e-16 -4.7797014623731e-10 1.05225999926632e-05 1.28184349700653e-16 -1.181086126898965e-10 7.26018918373285e-06 -7.14696098893995e-16 -2.29615391068089e-09 0.0001520303392908795 4.387767072237175e-16 1.6690754159836e-18 -1.196756924051335e-06 -8.4553644577238e-16 4.111821174774295e-11 -1.514658282726255e-17 -2.49852454807689e-17 3.967027935644925e-06 7.97704010712635e-16 -1.37876731862881e-10 3.41345325295679e-17 6.6442728928789e-18 -2.05898061302842e-05 -1.171481673933385e-16 2.581081363060205e-10 -1.66695064181338e-17 -2.007333866393755e-12 -6.58918413391605e-17 -3.210631913971595e-07 5.56171454910955e-16 -5.2577551312399e-11 5.5606052175112e-18 -6.6632294490878e-14 2.621316460983225e-12 3.215106536343655e-17 1.93326186235844e-06 -3.09908810574035e-16 -6.09986699190285e-11 -2.319837751056785e-18 4.02280789144869e-13 -3.421500434802395e-17 4.036133884840475e-13 -1.634771947047905e-16 -4.702801094886975e-08 1.619815663331785e-16 -1.416279519220455e-11 -1.291442266094635e-17 -1.265214169407295e-13 -5.54286057149705e-17
-0.0001135351226022595 -2.73619100067383e-05 5.6461575955675e-05 0.0001774723946437265 0.0006022122534975 8.5594146613265e-06 1.763879064042865e-14 2.79857064209782e-14 -0.000327091714876531 2.93931878404679e-14 4.0056271629744e-14 -0.000345705229015647 -9.10253798285645e-14 -1.26698222214119e-13 0.00172733659600772 4.206040870373725e-14 6.1223070831579e-14 -0.000737408607624455 1.360679898167675e-14 1.7549489618839e-14 -0.000230282327746862 9.8315165879461e-12 -5.6213359839473e-17 4.31996665518011e-06 -2.46299896413105e-16 -8.47654517710095e-12 -2.637546992333515e-11 1.14947543605633e-15 -1.478530546195455e-05 5.74603137052555e-16 1.785401036931375e-11 4.88043081307004e-11 -8.96564509601655e-16 6.33847281865115e-05 -6.80533700643495e-16 -1.316677792013915e-11 -5.4766441513445e-11 1.198511536987935e-15 5.951608955771e-05 5.1989186150385e-16 -1.27036677624103e-12 -6.7697325333358e-17 4.10552944184375e-13 7.33840568344485e-16 -3.840067193377175e-06 3.477775070891185e-16 -2.85816807398746e-11 -6.8982108274096e-17 4.4511580326469e-17 7.7343370414671e-12 -7.33044740072945e-16 1.14712766452614e-05 -6.4455933587769e-16 3.55620258051288e-11 4.77881289511362e-17 -1.42828539980865e-17 -2.674768414409795e-14 2.248872353279915e-16 3.75581922876108e-05 7.22040290167185e-16 -2.26958295316397e-11 -1.855000593393885e-17 6.2134815980714e-14 -1.64589756979608e-17 1.276769526250865e-11 -2.02707530453972e-16 -4.197659942981245e-06 -6.72721200688835e-17 -9.55265573782285e-12 -1.383774147846025e-17 1.03822516481295e-13 2.52830719992465e-14 9.1369798343482e-18 -2.13441223480968e-11 8.0957725129234e-16 2.147918273523505e-05 1.482756987096525e-16 1.132988654026075e-11 5.05375061913145e-18 1.926084947155065e-14 -2.25099399030381e-26 6.38584606931265e-14 -4.31607546767784e-18 -4.123001860895245e-12 -1.90224314714807e-16 4.682215678152425e-06 -5.0757430880916e-17 1.395741869999145e-12 -4.66197328586983e-18 9.3674442964724e-14 -1.031211501200665e-24 -1.27887004983778e-05 -2.51113557348787e-05 0.0004307770264178465 -5.78579700802255e-05 7.2745434628865e-05 9.9403524766035e-16 7.2388822111035e-16 -1.070347661202835e-06 -1.51579492647279e-15 -8.8640046362141e-16 -1.104852862340235e-06 9.59785260448515e-16 5.41457203967765e-16 -2.311391344655155e-05 -5.48469655848815e-16 1.713977927683035e-15 -5.6199289335299e-05 6.82920807041585e-12 -3.46645203048992e-15 3.251688968986085e-07 -9.3590405537861e-16 3.301307533228005e-11 -9.78190302805345e-12 3.93168581507652e-15 -6.9460616547599e-07 9.29313530864615e-16 -3.75759904299182e-11 -9.77076728647105e-12 -2.248178287874375e-15 8.32040397153515e-06 -4.10056921500247e-16 2.337743448583005e-11 -2.30848102553153e-16 -9.9137999759449e-13 -3.60153477110193e-16 2.865219223504525e-07 -7.8953852083415e-16 4.64224408904117e-12 -1.107252807542535e-16 1.18884649829102e-16 9.13350517024e-12 2.81095094706751e-16 -1.364338107837445e-06 4.25306413399903e-16 -5.12171522223225e-12 6.8013833501892e-17 2.90076150807821e-14 -3.13389430940207e-17 2.122338059512515e-13 -4.8955411734944e-16 3.839304389911525e-08 -1.257494852802525e-15 6.08787690846695e-13 2.731435873980575e-16 4.2911126025376e-14
7.71105090984495e-14 1.075890756929755e-14 -5.1870014352061e-14 -9.6041460842568e-14 1.67075765223608e-13 -3.761658255721315e-14 -2.38081845788816e-05 -1.14357137185754e-07 -3.423227775126e-15 1.40255898391117e-05 -1.98332159278821e-07 -3.181951782016185e-15 0.0001090510722641025 5.8194886829769e-07 1.234289712046705e-14 -2.00098336921768e-05 -2.64838418070154e-07 -6.3782703763834e-15 -1.85186855025793e-05 -8.9020352777171e-08 -1.55823843106118e-15 2.949006142710235e-17 3.43804467188817e-09 3.85402554680656e-17 9.5902510675634e-07 1.29673308557092e-17 -3.80355695664017e-17 -1.140737447707815e-09 2.93112149608255e-16 -3.76707895683784e-06 -6.42838129795255e-18 4.7558079005481e-17 -3.68653886429948e-09 -1.111878958816915e-16 2.01471091873579e-05 -1.527894088374855e-17 -3.04362117662367e-17 4.105436110351355e-09 -2.135629682956665e-16 5.64434062837815e-05 -2.32945973352568e-17 -4.235656056651795e-11 -3.7364028578266e-17 6.32141516414425e-10 -1.17348206141608e-16 4.58517217013068e-06 -4.76333551089935e-17 5.2932539194377e-11 3.168409134606845e-11 6.8344462758061e-17 -2.03594934716726e-09 3.26740126714302e-16 -1.59204862681719e-05 5.90950612184065e-17 -4.63352329191274e-11 -6.99006900564205e-12 -4.932174365825065e-17 2.13980704117463e-09 -5.93356361041825e-17 6.05186352782905e-05 -6.7712694064642e-17 1.56848649104435e-11 5.5446054713226e-22 -6.8986778503044e-12 1.49264774774633e-17 -4.088796205502355e-10 5.274185435858e-17 -7.17639812275175e-06 1.280865400319005e-17 3.005037354717815e-12 1.090729235989125e-20 -1.104536107859205e-21 -3.11901029749989e-12 -1.34126232685905e-17 5.2853129974146e-14 1.48275698709653e-16 2.811187127335275e-05 -3.402263102642095e-17 7.27207273251005e-13 -1.48649133096778e-20 2.18886638033763e-20 -2.925033657713885e-22 -3.83427713302039e-12 5.17091346401195e-18 -1.7570630705645e-10 7.54391502356005e-17 4.92549773746723e-06 -4.1063540364034e-18 -1.14943869872015e-13 -2.99845982719412e-21 -1.95949677000104e-19 -3.42544941529814e-16 4.339854204762535e-16 5.78584957242065e-14 -2.05007117166833e-15 2.6698837503621e-16 -5.6096039599633e-07 -1.191564901707055e-10 -1.01485866881866e-15 1.05226016897248e-05 4.740540072710355e-10 1.4139584391621e-15 7.26016227954845e-06 9.04711846937735e-11 -9.0111354723788e-16 0.0001520302941308225 2.31651922123022e-09 1.111960287127035e-15 6.8868342857361e-17 -4.120612434914115e-11 -1.00455464217408e-16 -1.196758975719535e-06 -1.100920939254415e-17 -1.267040074858795e-16 1.39466969242429e-10 7.3135647916141e-17 3.967023766056005e-06 -3.25138905225742e-19 5.5294139716598e-17 -2.656028220359515e-10 9.4888756999794e-17 -2.058980320463515e-05 -9.21942482215585e-18 8.7158624503051e-13 -5.76020014019125e-17 5.0073120198924e-11 3.55850637457025e-16 -3.21064818044294e-07 -9.52436898915205e-17 2.893149416259e-12 1.04914419899821e-12 2.625538917708255e-17 6.4291405647503e-11 -1.864258290297935e-16 1.93328111825845e-06 4.74968751029168e-17 -3.845034340722685e-12 5.16539293646465e-18 -4.55802983783494e-13 -1.602891152793615e-16 1.28893723630647e-11 4.718168085613375e-16 -4.70293954398781e-08 -2.445004730242555e-16 -7.15354384942065e-13 6.70519312012785e-17
-2.44595585845567e-10 1.22941313504094e-11 4.50424005478054e-12 -5.9435668375225e-11 1.577695501268845e-09 3.647319838400685e-11 -1.63646108082485e-16 7.09056369208875e-16 -1.33862546334794e-10 9.7385672839733e-18 1.02981873846497e-15 -1.240595034821975e-10 3.73800440966455e-16 -3.306873904665125e-15 9.7829788713686e-10 -2.819782359990295e-16 1.539420607071805e-15 -2.81893414184679e-10 -2.63274276924127e-17 5.1259710703082e-16 -1.07305425436315e-10 -1.504767167884905e-09 7.2930432612498e-18 -8.1877999162006e-12 -1.791165035452145e-18 8.47347629139005e-08 2.07456346617562e-09 4.920991687183285e-18 -1.340423431279055e-12 -4.859755703652215e-17 -3.981052001211845e-07 -2.252797095383165e-09 -4.01553472633473e-17 9.9562985034469e-12 1.41744167174451e-16 1.095360653583075e-06 9.7298099099103e-10 3.80114302094324e-17 1.00546529344315e-10 -1.02146462224492e-16 1.011288965002675e-06 -3.913562938584995e-19 1.04286489048546e-09 2.12312997421671e-17 8.4747465459363e-12 -1.57901082618393e-17 1.354249628659815e-08 4.91173726295827e-18 -9.28266197515195e-20 -3.86078914404222e-09 -5.81465572127405e-17 -2.145765024456545e-11 6.7802021874065e-17 -3.5953169288658e-07 -3.953856620784465e-18 -4.1020265838091e-20 5.1645942105316e-09 7.0849601883722e-17 3.557756382625795e-11 -7.25772941363565e-17 2.630172636614455e-06 2.664151817516255e-18 3.644769739191545e-13 -2.015028182281265e-19 -9.29930001608495e-10 4.76699091815751e-18 -7.7911756290113e-12 1.825354432209225e-17 -7.8519475418217e-07 8.5688055567016e-19 -3.1129572675629e-13 2.05589152323522e-13 -3.33168764378872e-19 1.36322988663111e-11 -8.99400829176485e-18 1.132988654026075e-11 -3.40226310264209e-17 2.527132056137415e-06 7.0727659243527e-20 -1.02548439626672e-13 -5.17369630680775e-23 4.617530427778255e-13 -1.52343417800109e-19 7.23448775911115e-10 -3.128985302142375e-18 2.75742127296356e-12 2.93526206335355e-17 6.4623463180864e-07 4.810269185314335e-20 -3.05824920009724e-13 2.759945385995755e-23 -1.34433723936013e-11 -7.4581172295525e-11 -5.34720659193865e-10 -1.441685329252975e-10 3.96645703246045e-10 -1.295913062797335e-16 2.4952823938437e-17 5.15859000968895e-13 1.733473206922155e-16 -1.71761185079101e-17 -5.3407478512462e-12 -1.3789934801702e-16 4.329814096017075e-17 -1.935051222669285e-11 -7.89200549624055e-17 1.09241333972441e-16 -1.592402101959085e-11 1.011993224836595e-10 -8.42247444428775e-18 -2.61081901710281e-12 -8.1305334575248e-18 3.321005512114325e-07 -1.379675486767635e-10 4.706135129943385e-18 4.90089227610949e-12 2.211061156955885e-17 -9.9110801074e-07 2.471784267904475e-09 -2.11851576654245e-17 -1.42435819934591e-11 -6.63625478197665e-17 5.0954559508764e-06 2.17885610420791e-18 4.51979048710349e-10 -1.45249509818111e-17 -5.9338635972837e-13 4.12383078496706e-17 1.32900293366076e-07 1.004954520760865e-18 -5.9134719911215e-19 -5.6155137325873e-10 8.67160953951605e-18 -1.22732673389447e-12 -1.12573812789925e-17 -7.86198718185695e-07 -4.15536156951106e-19 1.998467044823995e-15 5.5907356536406e-18 1.15351661835859e-09 -1.267680750210445e-17 6.18854786091795e-13 1.024180600723235e-16 2.33056708165532e-08 -1.17699225419558e-17 1.22945268597129e-16
1.3277280026437e-15 1.014377333322365e-16 -3.96450362923572e-16 -6.67972470002795e-16 8.4784508368198e-16 -2.91092153884319e-16 4.26610615529394e-10 1.205964767782895e-10 -1.05171490854677e-16 6.7867760996104e-10 1.586955873506335e-10 -1.90466486408664e-16 -2.09775026878185e-09 -4.83062359648075e-10 4.769592083777045e-16 9.79965616362375e-10 2.391260963733145e-10 -2.60875780359155e-16 3.096107116057205e-10 6.47163754766395e-11 -8.28802902403785e-17 -6.7036996364031e-19 -2.611810578009105e-12 5.5378899252222e-18 -2.74917008333238e-12 -2.288309593206725e-18 -3.26776636476497e-18 1.06552770699308e-11 -6.72886909884465e-18 1.07230117461621e-11 -4.81442585908407e-19 4.202817022857235e-18 -2.41084586813563e-12 1.04538833692227e-17 -6.0276441111934e-12 -1.565120101230995e-19 -2.404888913554215e-18 1.372540263396535e-11 -2.362935945041155e-17 7.9747835080051e-12 5.4335902434383e-19 4.40011226473757e-10 -5.5892835432946e-18 -4.89471983707763e-12 -4.11721905943466e-18 2.143977614094235e-12 2.100338718896425e-19 -1.51581010660961e-08 -2.62115939673529e-10 7.8766104571399e-18 3.898837531553765e-12 7.0261854662136e-18 -7.4838860654489e-12 -9.96767976367885e-19 3.20324578004231e-08 1.106763211796385e-10 -4.86998365051668e-18 9.09802557050725e-12 -3.46248562418087e-18 9.2701781246908e-12 3.16005939448682e-19 3.610125706814415e-08 -7.03437541293455e-22 -7.659671244969e-11 1.47784820596854e-18 -3.50352772596958e-12 -2.075256483776745e-18 -6.69078417689e-13 -4.616163973055065e-19 -1.81232678780795e-08 -2.53133050833106e-22 8.644852871021e-22 2.86454284210505e-13 -1.56747892244361e-18 1.141770098375455e-11 5.05375061913145e-18 7.27207273251e-13 7.07276592435275e-20 7.995061660227e-08 4.01480128437483e-22 6.28750536136485e-15 1.561251329991485e-22 -5.19771240998395e-11 1.746884448207985e-19 2.75686104382044e-12 1.464419034976095e-18 2.744531587141075e-12 -1.285165943771275e-19 3.179137627656915e-08 8.42558074282895e-23 -6.515825025978e-15 3.27174771967481e-18 2.703857624340935e-17 -2.99261330333336e-16 1.32732099050892e-17 -7.288769583088e-17 -2.446096608422655e-12 -4.86979535506881e-12 -7.89332016520465e-18 6.29435373142375e-12 3.96784084453467e-12 1.31514534493496e-17 5.63749796930935e-12 -1.980811592484355e-11 -9.8523764340537e-18 2.361405287028245e-11 -1.95931758555662e-11 1.623879600222625e-17 -3.62556070042852e-19 1.035632462988085e-11 -4.75003781285764e-18 6.430460201025e-12 -3.978615566007395e-18 -4.48613665198477e-19 -9.04161321316545e-12 8.1249791973208e-18 -9.39814395638465e-12 4.776693768156055e-18 8.73180646492995e-19 -6.1457574628395e-13 -6.62279001279745e-18 4.595841705034205e-12 -4.3448659127211e-18 1.930379354069375e-11 -7.34280749699915e-18 4.409789564659095e-12 8.7995654182944e-18 4.164330869030615e-12 9.4302420009635e-19 -8.60977910674575e-09 9.21327119893235e-11 3.359816962216355e-18 -2.381324972242615e-12 -3.270408142610595e-18 -2.760699412482795e-12 2.69143895316262e-19 8.06552276681885e-08 -3.709492065597815e-18 3.66235241153606e-11 -2.010611847966995e-17 -1.19739588511463e-12 2.62707230671902e-17 -5.8262577369562e-13 2.906085630750965e-18 -3.06987670107906e-09 -2.06606948495621e-18
-2.97174506958187e-14 -1.5133373971799e-14 6.96530646830525e-14 6.19983482522155e-14 4.053040121106155e-12 5.76210030737355e-15 -2.657723559215275e-19 3.429340455306045e-19 -3.73173420442455e-14 -3.20719936969065e-19 5.22455200149555e-19 1.45370744835052e-13 1.126836581760435e-18 -1.582969775046355e-18 1.30364128614074e-12 -5.78846151053285e-19 7.4988084172451e-19 -1.775822848765875e-13 -1.512928469825305e-19 2.35694847671433e-19 -7.3715370507168e-14 -6.8859303283461e-14 9.7551284304287e-22 3.56748217538882e-16 -1.866209817910855e-21 -1.072333941533995e-13 1.20570782641506e-13 3.70544176533887e-21 7.63109147231975e-15 -6.33100526912935e-21 2.39455780325418e-13 -1.152558415446425e-13 5.1783159085036e-21 5.6551979195988e-14 2.649522817104505e-20 -8.5427979561011e-14 -4.844145674903855e-14 2.45568811574984e-20 2.261787365523605e-13 -4.124067039953125e-20 -2.00959243998914e-14 6.4088014426447e-22 1.5051127378395e-14 2.97212880866854e-21 2.433786366697175e-15 -1.02233489166931e-20 5.1246480466616e-14 -3.80939156178925e-22 -7.07937699096465e-22 1.574717286313685e-14 -8.9280142960728e-21 -3.382719477996265e-15 2.53451118837579e-20 5.52886794431e-14 4.575942625171655e-22 3.49625067810644e-22 -1.65636112761604e-13 2.987729754032925e-20 7.04761594375385e-14 -3.2836139692132e-20 -1.241181136294155e-13 6.6222832765668e-23 -3.567459596258785e-11 3.766813410705505e-24 5.5609030334562e-14 -2.061620952340055e-21 -2.93070380253263e-15 4.936064157736005e-21 7.12572893813165e-14 -9.0180059509154e-23 -4.14792278250729e-09 -1.254698558661595e-19 3.848126148117915e-23 -1.6328016453922e-13 1.22977342759702e-20 1.926084947155065e-14 -1.48649133096778e-20 -1.025484396266715e-13 4.01480128437483e-22 4.90871030806288e-09 6.17076412572045e-23 -2.004584995580905e-12 7.2012328931011e-23 -3.81753870686335e-14 3.4877048587363e-21 2.25285808741406e-15 5.88468515326895e-21 -2.68829790901376e-15 2.68058565083397e-22 1.81054016690737e-09 -5.19803174132595e-23 -6.5381347475246e-14 -2.27134560165165e-13 -4.40122270760396e-12 -1.44198352206702e-13 1.029748200070065e-12 -1.01523003059749e-21 9.2575198137948e-22 -1.92282082602593e-16 -5.04923326262755e-21 6.0880138968616e-21 -6.80400777441445e-15 -3.28015345973775e-21 8.5221690684666e-21 -2.06930174677463e-15 -8.2716790124461e-20 6.6413693239921e-20 -9.3242019138336e-14 -1.589648171728405e-14 1.05407895292368e-21 2.900736139366905e-16 -1.04662101846906e-22 -1.70744670939389e-14 8.05738905716665e-14 7.63357210480625e-23 -6.0122086039003e-16 2.669327169357585e-21 9.8292420388306e-15 -1.618067270281275e-13 -1.562335485656855e-20 5.97302773274005e-15 -8.15343760388335e-21 2.412475085962385e-14 5.1955597855689e-23 -8.00783857663095e-15 -4.24976249903909e-22 2.676172439584065e-17 -6.02225929704145e-22 -3.96277803826915e-15 1.66024952728247e-22 8.1966653699722e-23 3.972406892148445e-14 1.61093528915749e-21 -2.72721437554623e-16 9.6025975590421e-22 -3.10533235123667e-15 -3.07825263347347e-23 1.61890999932676e-16 -2.84614082614221e-23 -1.211287850452745e-15 1.312199809035965e-22 7.10764864041895e-18 -1.6057952415529e-22 6.17887068137245e-16 1.163009842435595e-24 -8.2815366879518e-12
-1.77726161102208e-23 4.555146742981195e-24 -3.069412476456975e-23 -5.51547979995055e-23 5.59179831469205e-23 -2.21362090669262e-23 2.97646271642388e-19 -8.3845221228734e-19 -5.8131319358385e-24 8.3116553602641e-19 7.2393332944502e-19 -4.81995650798185e-24 -1.297348471068195e-18 1.55403864081863e-18 3.015464086620425e-24 6.80140720555905e-19 -2.03905020330085e-18 -5.8937949104261e-24 -6.4896512560226e-19 7.9994625671174e-20 -1.56919181194775e-24 -1.865424995185315e-22 8.9926119436635e-20 -3.192949666645095e-25 -3.92499055870814e-19 -2.654171771863865e-22 1.714616405856315e-22 -2.98355160111462e-19 3.14968552376241e-26 1.38307523595417e-18 2.153482526355595e-22 -1.238314695501495e-22 1.70436816640802e-19 -7.8254484437901e-25 -1.80871978048857e-18 -1.916564150614425e-22 6.3949475000216e-23 -7.926499730058e-21 -1.59707446988419e-24 1.131115662588095e-18 6.57778433409125e-23 4.497928932581175e-16 7.65338758330025e-23 6.26038103139915e-19 -2.829817583767625e-25 4.580305754817255e-19 -4.73007503129454e-23 -4.95177230874759e-16 -3.087448273076255e-15 -7.95610525311655e-23 -6.3059074889674e-19 3.05150737188991e-25 -7.3489342548234e-19 1.663092186934885e-23 3.030249997820805e-15 -2.834743482328885e-15 4.879043857575595e-23 3.39749948261854e-19 -3.44047079844205e-25 4.836750773927895e-19 -4.34230402896389e-23 2.71698242754818e-15 3.85055287332703e-23 2.784570523987375e-16 1.268296842320685e-23 2.46144727321771e-19 9.47519253544725e-27 3.33248719491924e-20 2.31495894834083e-23 -2.70075946570773e-16 -1.22818050007737e-22 -7.92865435116525e-24 -6.51638312524505e-15 3.645767921187595e-25 -3.13442183173519e-19 -2.25099399030385e-26 2.18886638033762e-20 -5.17369630680775e-23 6.28750536136485e-15 6.17076412572045e-23 9.1358017085391e-10 2.06096802850196e-23 -3.344418240714195e-15 6.82993427911415e-24 -2.370986109232705e-19 -1.911326244355305e-26 1.327991327580615e-19 5.18472235020675e-25 3.213440085701545e-15 -1.791839123094605e-23 -1.34257751102835e-24 9.30945166311625e-26 1.676880724648215e-24 -1.252240320502145e-23 3.123886787062505e-25 -1.091491495931165e-23 1.085048585124775e-19 -5.60879405538335e-20 -4.07080905302512e-25 -3.118960253534105e-19 2.18631068448839e-19 6.12967914523715e-25 4.126862044523455e-19 -3.21990316818808e-19 -4.03785523008385e-25 -3.42857122825383e-19 2.430092153725465e-19 1.342918827667725e-24 5.48684054406495e-23 7.47801656230605e-19 -1.30532921453523e-24 -7.52841903160415e-19 2.582079800390995e-23 -6.03749525697195e-23 -7.7503369819159e-19 1.40061224175227e-24 7.33110788186635e-19 -1.352094271885015e-23 2.511040422883805e-23 2.66818328500074e-19 -4.563331417186135e-25 -2.69260793013011e-19 -1.27527424237278e-22 7.84577108722705e-16 -3.00626333362981e-24 3.90378768362985e-19 1.518760848794935e-24 -2.36138270176572e-19 -1.2930957283312e-23 -7.81650801491285e-16 3.048464272964175e-16 -5.4187859328857e-23 -1.71638009981064e-19 -7.37124915006455e-25 1.81951142638254e-19 4.325482864204845e-23 -2.3930193525591e-16 -1.205900091098715e-23 -7.80113920940975e-17 -4.553574754348685e-23 -1.52069410710193e-19 1.16739977704395e-24 1.22039565432393e-19 -3.772470069307095e-23 7.31792190057725e-17 5.99790948360845e-24
-1.04830082374392e-13 -5.0207807275551e-14 2.30818590328458e-13 2.049698518317385e-13 1.343520353752395e-11 1.919038809136405e-14 -1.62074165699588e-20 1.030797167520045e-20 -1.237690335396915e-13 -2.252689896639805e-20 1.4853694733632e-20 4.815395959016975e-13 7.697133692049e-20 -4.268619093267785e-20 4.3220143597624e-12 -3.693824946387635e-20 2.191151792201725e-20 -5.89038564466575e-13 -1.08511396328879e-20 5.8842109843713e-21 -2.444286294706935e-13 4.408563851088315e-14 -1.59288816415612e-22 1.19972255013252e-15 1.93202141215587e-22 1.912268097241305e-13 -1.311710599694245e-13 2.904117236476635e-22 2.525850960358495e-14 -3.505403030710935e-22 -5.60908259603565e-13 4.76261652218218e-14 6.2663232273588e-22 1.875140975927975e-13 1.05992205320415e-21 1.973191221046205e-13 4.186572910521255e-14 2.56956919009351e-21 7.49678413541775e-13 -6.8784982347742e-23 1.634992272800425e-13 6.30055391460015e-22 -3.15622180386777e-14 1.07069300131611e-22 8.09879802232165e-15 2.44846020453116e-22 -1.45915825006411e-13 7.82648166035785e-22 -5.1656501694478e-22 -5.2954125954291e-14 -3.35597504300783e-22 -1.12420364520049e-14 -3.376752993627365e-22 -2.26394527065737e-13 -5.9419625505439e-22 1.793636069199025e-22 1.349645707246515e-13 2.513900094831965e-21 2.33604280355383e-13 4.454116270157445e-22 5.47304862453955e-13 3.245207489722505e-22 1.803913075288655e-09 1.95818494708947e-22 -6.53798394187275e-14 -3.59055555188323e-22 -9.7307604273671e-15 1.238838309661815e-22 -2.766954941864155e-13 4.70210404176031e-23 -3.31343726104869e-11 1.81054016696213e-09 -8.3350456651957e-23 1.160594403077715e-13 1.656770844603055e-21 6.38584606931265e-14 -2.925033657713895e-22 4.61753042777825e-13 1.561251329991485e-22 -2.0045849955808e-12 2.06096802850196e-23 3.47839969339071e-09 -3.736014366658975e-23 1.29326471936848e-14 2.35485933380988e-22 7.47872560723275e-15 2.4348829228964e-22 3.952695962664095e-14 6.6670890517361e-23 -1.54197121085334e-18 -3.21261662095601e-23 -2.168596750874785e-13 -7.529148162597e-13 -1.45729492666025e-11 -4.780088109328995e-13 3.41325041195887e-12 -1.06419475126575e-21 5.7370453184234e-22 -6.1937728100286e-16 1.635655954483885e-21 -3.53111277581791e-22 -2.25078141159085e-14 -9.94577047068605e-22 8.69169926157785e-22 -6.8149684955033e-15 2.063442753858325e-21 4.84169907839067e-21 -3.08992824401287e-13 1.625868596423145e-14 4.05171687172856e-22 9.58637460304875e-16 5.7532286490097e-23 6.944568944549e-14 -3.701097451234545e-14 -2.396148234072045e-22 -1.92179833516563e-15 2.236046554130025e-22 -1.0632317433138e-13 5.4688824800451e-14 -7.66598508796565e-22 1.980427215981255e-14 -1.670565211724215e-22 1.27466055414872e-13 -8.4997141926956e-23 5.1582603637436e-15 -4.482379377215515e-23 7.40578232676835e-17 3.55298701260462e-22 2.04007129462579e-14 -1.76049638433274e-23 -5.3856766928045e-24 -9.19926178530045e-15 1.45572553547063e-22 -9.2211687887987e-16 -1.270632163127105e-22 -2.98603920255877e-14 3.235159964183955e-23 -1.680518551451295e-12 2.887544014058675e-24 2.757546252719615e-16 -3.37599580841595e-22 1.27993983804613e-17 9.2421868303479e-22 -7.18544219843985e-16 7.2026895208987e-23 1.64058946409148e-16
2.10773235037365e-16 9.25073325865695e-18 -4.71479096049847e-17 -9.70334068403125e-17 4.02068911408006e-17 -2.545038057763565e-17 1.35438716092707e-10 1.569317962372515e-10 7.52474515367635e-17 2.063801455951495e-10 2.339906529571915e-10 1.25962113727562e-16 -6.73579139742235e-10 -7.1323835215935e-10 -4.65890401253611e-16 3.09640035390321e-10 3.36712719824323e-10 2.02227776136192e-16 1.02471682926204e-10 1.04321940517966e-10 6.7933718730725e-17 -4.06492124905669e-19 2.37516552117692e-12 -1.295620292439135e-18 5.63669144829045e-13 9.47501975011575e-20 1.032424981726955e-18 1.603948632789025e-12 2.579265267559995e-18 8.0283588829402e-13 -3.000722803631715e-19 -1.45452400243432e-18 3.198309524152545e-12 -1.156381435326755e-17 -2.06504187760349e-13 4.536549272009585e-19 7.09095717640505e-19 1.114588151732195e-12 -9.5621018734144e-18 -1.327765735933305e-11 -2.15420220411655e-19 -7.61422563330215e-10 1.53992700315733e-18 -9.33356203731815e-13 -1.43573754741385e-18 -3.348468375793745e-12 -6.24081411923465e-19 1.77991636517254e-10 1.540219866481465e-08 -2.227558485130685e-18 3.713715758153935e-12 3.77139827385845e-18 6.0627240119146e-12 9.3089295110774e-19 5.8529346673501e-12 1.267685634602555e-08 1.24248947817323e-18 -3.2341888526931e-14 -1.00814866613904e-17 -1.340464918640835e-11 -5.25040646829375e-19 3.3770790812138e-11 -2.02335403180847e-23 1.71146442580607e-09 -4.72050965373541e-19 1.67872858771262e-13 1.555544821791935e-18 3.95410622412775e-13 2.00515740652735e-19 1.41126806231806e-10 -7.6737771564849e-23 2.3414982047107e-23 3.1791109756358e-08 4.67143248112708e-19 1.36467548210134e-12 -4.31607546767784e-18 -3.83427713302039e-12 -1.523434178001085e-19 -5.19771240998385e-11 7.20123289310115e-23 -3.344418240714195e-15 -3.736014366658975e-23 2.033926004916015e-08 -1.224361928567415e-21 2.275455762548055e-12 -1.136914525204645e-19 -2.664156147763275e-13 5.00832795488035e-20 -4.363170335311785e-15 3.10346291692361e-23 -3.213754481253825e-15 3.122366361234085e-19 6.0673048288852e-18 1.686681268197385e-16 -7.5061967211904e-19 -6.85528119451745e-18 -6.9103101013649e-13 1.121379522520245e-13 1.104385230634285e-18 -1.000918561991945e-12 3.69696734715435e-14 -4.29357101299771e-19 6.38095704317205e-14 -1.537440464820685e-12 4.635653658512545e-18 -2.36966181900195e-11 3.025948301010155e-12 8.16413930763715e-18 6.13134247819685e-19 3.58427994450244e-14 -4.69619974256031e-19 2.35740177981355e-12 4.589643272396485e-19 -3.97800787331736e-19 1.28224733945689e-12 1.149032419811885e-18 -3.027195439009125e-12 -7.1889405587632e-19 4.84215043358072e-20 -5.2911308873115e-12 -2.09874512481778e-18 3.47208463238205e-12 2.82080442183095e-19 -3.000415229139465e-09 2.20173265626663e-18 -3.35897111999595e-13 -1.526070201427565e-18 9.58665706380525e-13 -5.37757179056115e-19 -8.5122588644418e-11 2.53321838687984e-08 -9.5328876000907e-19 -1.145787677781385e-13 1.108764081903505e-18 -2.266093055942385e-13 2.395529375116555e-19 1.082664135432365e-10 -1.778340016453295e-19 -1.241900629708585e-09 5.20473301195095e-18 -9.7681386544589e-14 -2.51896405420857e-18 -3.402924440243745e-13 -1.423659196520895e-18 -6.04350769107375e-11 -2.74304969427058e-19
-2.32402836666267e-10 -3.84095249045709e-11 -1.52083018673195e-10 -2.95088854576503e-10 -2.695522198325265e-10 -1.20980049512511e-10 3.143546782601565e-16 -8.1155911740614e-17 -5.74016475114405e-12 4.493076774241835e-16 -1.613244958011575e-16 -4.736817527132115e-11 -1.437888650745025e-15 4.661110231437665e-16 -1.608250921577545e-10 6.83169894549885e-16 -2.037041790886175e-16 -1.149471875130785e-11 2.10381751285956e-16 -7.47176811105115e-17 1.47434712817429e-12 2.00019262890182e-08 2.193315355361905e-18 1.207949225240045e-11 1.01642003755204e-18 1.31229015659182e-09 -8.59700768555595e-08 -4.073570388502855e-18 -1.05084414435862e-11 7.00865285603405e-18 -1.680728352749575e-09 3.15946835119813e-07 -1.45312333867351e-18 3.103414708453755e-12 -1.143181303562025e-17 1.25844952639515e-09 2.203108122405905e-07 4.36931692571472e-18 -5.31340427122465e-11 1.136354264652565e-17 5.3294382767373e-11 -5.42707646220595e-19 -6.0378687403906e-09 2.9041236415129e-18 -1.64771923793155e-12 -7.4396181871051e-20 6.13132198346065e-10 9.43226913221155e-19 2.08061740091145e-19 4.82984855604491e-09 -4.89196228294493e-18 5.7189949305579e-12 -3.984377200150895e-18 3.54999751489934e-12 -8.437704069487e-19 -1.136059232641905e-19 6.01581518670455e-07 1.91852897193312e-18 -2.307471229931635e-11 1.0436321673392e-17 -2.55838278978741e-11 1.1159904085639e-18 6.26901626775755e-15 -2.546023073204085e-19 -1.64565005365427e-07 7.29872925456925e-21 -2.33029602943957e-13 -2.22059344305762e-18 2.46309526655258e-10 2.744680941421665e-19 5.06628875483085e-14 1.183633256176235e-14 -3.120963993061065e-20 6.4623966638243e-07 -6.4338096777438e-19 -4.123001860895245e-12 5.17091346401195e-18 7.23448775911175e-10 1.74688444820798e-19 -3.817538706863345e-14 6.8299342791142e-24 1.29326471936848e-14 -1.224361928567455e-21 1.985025652724035e-07 -2.67358003206487e-19 -3.342999032512565e-13 -8.4649541925729e-20 1.681555561510185e-11 -2.90548878071184e-20 7.18931206400015e-16 -8.6641850070167e-24 2.505925158175315e-11 4.720081349082915e-11 1.14489376979543e-09 1.95871858642158e-11 -2.10913781257243e-10 6.45944829801575e-18 -1.84024687496292e-17 -3.63973734494287e-12 -6.5254890327147e-18 2.61971760329975e-17 9.16904397612105e-12 8.23503083750615e-18 -1.79728156206482e-17 1.13269796658215e-12 2.140138700995135e-17 2.603137211574265e-17 1.502551886170025e-11 7.77829431190155e-08 -1.102892636826885e-18 3.67862803477436e-13 1.030856364724535e-19 6.68687858297785e-11 -2.36570102818041e-07 2.142684716049135e-18 1.271656604056745e-12 -5.73013528977575e-19 -3.322435896372145e-10 1.17442496467e-06 1.868609588197125e-18 -4.081155325212e-12 -2.480857830427115e-18 2.07535119754697e-09 8.6681461080854e-19 3.631195932794405e-08 5.63977012983945e-18 9.8980661411213e-13 -3.98362344704838e-18 -1.086956962986555e-10 -1.874796191044405e-18 -1.524141319427595e-19 -2.22075170601495e-07 -2.719178205262525e-18 -3.73461196848383e-12 1.74870636878528e-18 3.90680021569921e-11 1.098210218659585e-18 -3.75215522711822e-16 3.553023004396845e-18 7.86745091799355e-09 1.386272866878205e-17 2.455060101203355e-13 -8.4273872898761e-18 -2.57179131263779e-10 -5.24430746837785e-18 -5.87466625983205e-17
-1.08905882144527e-14 -2.689412192754895e-15 1.438838108129855e-14 2.96402446792358e-14 -9.5237413321367e-14 1.11371470824673e-14 -1.09460158642467e-07 -4.49503279390353e-06 2.782319721668785e-15 -1.759785019464765e-07 1.96688262731568e-06 3.800944420690235e-15 5.23723542111405e-07 2.11312073618639e-05 -3.09463705241891e-14 -2.41588278845242e-07 -5.8500688131384e-06 1.00820299330415e-14 -7.80454669160345e-08 -3.32062885179684e-06 3.143379821388275e-15 -7.41152333510635e-18 2.339266312887715e-07 -6.9390666988339e-17 4.276266349017985e-09 6.24009215555605e-18 2.537304446222495e-17 -9.38504635889255e-07 -6.52030719720635e-17 -5.6989931600474e-09 1.295422956190585e-18 -3.539376786518845e-17 4.64776460302206e-06 -1.257812166496565e-15 7.5990075574848e-10 -9.27652715327495e-18 1.919032066957375e-17 8.08158146029975e-06 -2.004517619881545e-15 -6.41525217938135e-10 7.05763301459235e-18 -8.6124507375734e-12 5.2580415841864e-17 2.876138138419455e-07 3.12263845531779e-16 2.26804983533168e-11 3.57691344630658e-17 -2.269276227250385e-11 9.35828141823845e-12 -7.12897017086865e-17 -1.071674084771755e-06 -8.2092641220192e-16 -1.020367751659825e-09 -4.05038483214716e-17 1.9420128172385e-11 -2.495500441574105e-13 4.137307230050495e-17 8.97997641882925e-06 -2.72277915994697e-16 3.399230862059865e-10 1.84318676739613e-17 -6.18343848431445e-12 -7.5662761885584e-22 -4.58909098820282e-13 -1.200611901754205e-17 -1.073637379803835e-06 -1.240652844288995e-17 1.519876931793215e-10 2.437755725091405e-19 -2.085550000776945e-12 -2.592169613523385e-21 1.05691686629599e-21 5.4859033427631e-12 1.340368676867065e-17 4.92550577438602e-06 -1.902243147148075e-16 -1.7570630705512e-10 -3.128985302142375e-18 2.75686104382044e-12 3.487704858736305e-21 -2.370986109232705e-19 2.35485933380988e-22 2.27545576254805e-12 -2.67358003206488e-19 1.073599713188605e-06 -3.16418871701142e-17 5.1037418501948e-12 -3.11088666542806e-18 -6.4034548487301e-13 6.94529266555055e-22 -5.19492320223805e-19 2.828908189838345e-16 1.65315955473053e-15 -3.741584729103355e-14 2.37358898768389e-15 -1.014576172494415e-14 4.137692917569505e-11 -6.10789989663935e-08 2.03463308911367e-16 -2.309110623306155e-12 1.495765003350885e-06 -1.068294085884765e-16 2.17986665167859e-10 1.36669458788524e-06 3.15745082173653e-16 2.147219715418715e-09 2.271109146260355e-05 9.75925905607115e-16 1.83301845314997e-17 -2.50509792398656e-07 5.8489322887965e-16 3.605185620132715e-11 1.67934610582579e-17 -1.3695027979053e-17 8.05760276101335e-07 -5.91480825535995e-16 -1.52920653349771e-10 -2.19338281610803e-17 1.38195549779489e-18 -4.321396512478185e-06 8.73801855666225e-17 1.19212906987131e-10 8.73736972988745e-18 -1.893814647957435e-13 6.0001899529683e-17 -9.5521909858515e-08 5.43354386620645e-17 8.1739637154553e-12 2.778214685400095e-17 -3.425051910767955e-13 -7.66975265359545e-13 -2.71519873037523e-17 5.8638787340715e-07 -4.102957776984955e-17 -9.01184303168585e-11 -1.481198151366005e-17 1.00097174635362e-13 -4.938275653272965e-18 6.76018673873055e-15 1.31109485537006e-16 -1.901788401421445e-08 -6.0709110834303e-16 2.568269192861465e-12 7.81857768648785e-18 -2.67571003142175e-14 -1.53754530470926e-17
-3.360026541687175e-05 -9.50365065104835e-06 2.58717733087683e-05 5.46214535162405e-05 5.6925566964586e-05 1.062237375644795e-05 -7.9544298871867e-16 3.39952083802851e-15 -7.31418061835825e-05 -8.0027003409312e-16 5.80608582162115e-15 -8.22656418859035e-05 3.360460080492725e-15 -1.743992225010705e-14 0.000378565533116182 -1.839863924855235e-15 8.24674163628725e-15 -0.000168197791861936 -3.970922707451535e-16 2.477701132715965e-15 -5.0880916900455e-05 1.937707950014305e-12 -4.29416986853352e-17 8.1455880825675e-07 -9.15258325631395e-17 -3.534303161678415e-12 -2.30081156314918e-12 1.382434083097895e-16 -2.982221513005245e-06 2.73153077131253e-16 3.400275111782545e-12 6.6872744638895e-12 -9.51993287996025e-17 1.384448788623395e-05 -2.13852570278104e-16 -3.100655368293955e-12 -1.02661812105144e-11 1.83074523409997e-16 8.7980424220525e-06 5.1234983952506e-17 1.08606624071026e-12 -1.86475498350774e-17 2.10028029702271e-12 3.27089476154781e-17 -1.226896781093085e-06 -4.985119748199005e-17 -6.13639047454495e-12 -2.171353438012015e-17 1.44922427217362e-17 1.88585073628287e-12 3.98616255028215e-18 4.15782784899812e-06 5.1566386181132e-17 4.43708442731977e-12 1.751161347777025e-17 -4.991753657597135e-18 -3.024869794514235e-12 5.57991138517645e-17 6.00405284694395e-06 2.93197657871298e-17 -6.52996992838675e-13 -6.97067416791315e-18 7.2762860434026e-15 -3.42512744274533e-18 4.278519499524545e-12 -4.73982616976817e-17 -6.74427424024785e-07 -3.198738854749175e-17 -3.253353342733225e-12 -3.012863935183795e-18 1.21473289363398e-14 2.96124763049588e-15 3.072661936185115e-18 -6.18991933699945e-12 1.87108330008556e-16 4.68221567815243e-06 7.54391502356005e-17 2.75742127296356e-12 1.464419034976095e-18 2.25285808741406e-15 -1.911326244355295e-26 7.47872560723275e-15 -1.13691452520465e-19 -3.342999032512515e-13 -3.16418871701142e-17 1.304476824262515e-06 -2.185366005801705e-17 -5.3028538394855e-13 -3.92425725688963e-19 1.09596588918341e-14 -4.559970051506835e-25 -2.51350294557582e-06 -2.62789943962215e-06 0.0001136551568165005 -1.30727528177273e-05 1.06611299517644e-05 7.562797076504e-16 2.17181984694157e-16 -2.67189770281136e-07 -1.104132041100515e-15 -2.661381157469245e-16 8.8512425753774e-08 7.5605714367483e-16 2.088039073752405e-16 -5.25324881232125e-06 -9.1861918037192e-16 6.2237534358982e-17 -8.69629979170915e-06 2.269770885315625e-12 -7.6331665224583e-17 1.20378874220761e-07 1.753763084164915e-17 5.4430978012473e-12 -3.765777363698235e-12 6.8496540296466e-17 -2.809142172140025e-07 -7.361292921392e-17 -5.82942612754015e-12 -2.57621271395924e-12 -1.265683768924e-16 2.81464988039338e-06 1.142063106739015e-16 6.8166445105267e-12 -3.23872202210729e-17 -3.58579651603012e-13 -1.597511137025105e-16 1.114213762215435e-07 -2.85199717326991e-16 7.04885820602165e-13 1.427152109064875e-17 1.525448661095995e-17 1.850380146536635e-12 8.46823585749565e-17 -5.99620164175745e-07 1.228380469646e-16 -1.18053296427363e-12 -4.32031116266817e-18 -2.08680784244635e-15 -2.42806129119572e-17 8.2409551031656e-14 -3.217624749937465e-16 2.0981042281713e-08 -6.5178260557658e-16 1.705758279898445e-13 1.020963806793075e-16 5.9136315400024e-15
-8.6528086293122e-15 -2.739890942478465e-15 1.275477765627235e-14 2.23890442629273e-14 -1.133323009017065e-14 9.2179676105155e-15 -4.49839662670962e-06 1.121268582873005e-07 3.61842647178622e-15 1.960817157432715e-06 1.80544303776678e-07 5.5275072638884e-15 2.11488597411298e-05 -5.3716574226015e-07 -7.9843951980391e-15 -5.85809998369185e-06 2.477449545754055e-07 6.75373291556455e-15 -3.323322271770715e-06 8.01112572028315e-08 2.058933384842975e-15 -9.28028398821745e-18 -4.285413280714105e-09 -3.26001551135821e-17 2.34099668137027e-07 -1.83670264445969e-17 1.577973088006335e-17 5.73559805012345e-09 2.555245797239395e-16 -9.38679466067785e-07 4.926554926073525e-17 -1.88606859244749e-17 -7.40566313483345e-10 8.3937826561585e-18 4.647806658887405e-06 -6.26365757838565e-17 9.7036268485002e-18 6.41447456580625e-10 1.336202313745165e-15 8.08155761808665e-06 3.719885727903205e-17 -2.59686958645953e-11 2.170410951939725e-17 -2.11391698117156e-12 -2.439685685114795e-18 2.876349191286785e-07 7.2681533209405e-17 6.020219344244e-12 2.216002512556695e-11 -3.33306383007805e-17 9.60067772318035e-10 1.42815140513705e-17 -1.07170339353295e-06 -1.06219414361422e-16 -4.19017630170453e-12 -7.33773029313595e-12 2.111964557718955e-17 -2.90204499361112e-10 1.78306658080945e-16 8.9799735449505e-06 6.9501617233749e-17 2.79602147985783e-12 -4.2005990866665e-22 -1.985854043104905e-12 -9.31451523779965e-18 -1.65059769182553e-10 4.14589405925553e-17 -1.07362471946686e-06 -2.442183310270885e-17 -1.1620475978829e-14 -4.39193003077054e-21 7.4498288718792e-22 8.83579670042915e-13 9.8960926316678e-18 1.864020488833605e-10 -5.0757430880916e-17 4.925497737467235e-06 2.935262063353545e-17 2.744531587141075e-12 5.88468515326895e-21 1.327991327580615e-19 2.434882922896395e-22 -2.66415614776327e-13 -8.4649541925728e-20 5.1037418496e-12 -2.185366005801705e-17 1.07359317429341e-06 3.47142924118602e-19 1.20105235361565e-12 1.12601506095287e-21 -3.66769192969129e-19 -4.69845725701363e-16 -1.61222740988107e-15 1.02586871217571e-14 -1.888676462797365e-15 6.94795396707265e-15 -6.10791585994395e-08 -3.97999541623511e-11 7.36307313082945e-17 1.495771906963315e-06 -4.27891028890464e-12 -1.740166038652665e-16 1.366687821868775e-06 -2.135327505797755e-10 1.995828970272495e-16 2.271109273131425e-05 -2.14793895605866e-09 -6.7144016114954e-16 -9.1299218617605e-18 -3.38060891046292e-11 7.9361139296826e-17 -2.505058722352665e-07 -1.043459000900905e-18 2.907569196898555e-17 1.45709904988137e-10 -1.047198012111665e-16 8.0575116217386e-07 1.241797999517515e-17 -1.08891037415923e-17 -1.12486221904531e-10 6.6917533672931e-17 -4.32138199251838e-06 -7.1191706117867e-18 -5.37409374153375e-13 3.43429613974504e-17 -7.812946036036e-12 -2.04371339442436e-16 -9.5521765790365e-08 1.038715447259635e-16 -4.788289465310185e-13 4.453785934961815e-15 -1.443570800586405e-17 9.8050620978083e-11 8.5442295882509e-17 5.8639934012747e-07 -4.55971232104591e-17 5.45939413634275e-13 -3.3121609228404e-18 -1.268859164578345e-14 1.0257843922011e-16 -4.080055459743365e-12 -3.531663422585555e-16 -1.90185687262952e-08 2.82046399712226e-16 -2.89717467048144e-14 -2.62472647991803e-17
1.1592985365577e-10 1.57243670092846e-11 1.13725666188159e-10 3.28339834745256e-10 -1.407600119256675e-09 7.9865162323605e-11 7.1221397966606e-17 -4.24963373673903e-16 -8.37939448025025e-11 2.96600545471989e-17 -6.37253449000215e-16 -1.605600896265915e-10 -1.53624977363968e-16 1.99428516733002e-15 1.381830219417835e-10 9.75382800835945e-17 -9.3653652426532e-16 -1.505361637520985e-10 1.837097083680455e-17 -2.95246253530243e-16 -5.3629461029487e-11 -1.04390061177242e-09 -9.26414453193815e-19 -7.64620195114645e-12 7.93091606751655e-18 2.004906674432775e-08 1.688173471269815e-09 -5.25260522963285e-18 6.37902303373865e-12 -7.0837910246075e-18 -8.57476161095505e-08 -1.124051869005515e-09 -1.36600139888028e-18 -2.20145767813061e-11 1.87288123401785e-18 3.158828637560375e-07 -1.219410057346615e-10 -4.789772352111885e-18 -3.738274324615925e-11 1.3616670894118e-17 2.203346227849565e-07 -6.69375010519155e-21 -5.6979317695245e-10 1.72134485650717e-18 -1.785434217524245e-12 1.181668532938875e-17 -5.95673809733915e-09 2.027455977132075e-18 -3.7032801593184e-19 1.48172969267859e-11 -6.268808208053e-19 -6.53944338394065e-12 -2.130891189971825e-17 4.81481460219402e-09 -1.79117395433629e-18 2.61630260234678e-19 3.234246658582895e-11 -7.9028873164396e-18 2.0878267910588e-14 1.77838071800766e-17 6.0156516435087e-07 1.695428873165015e-18 1.020179404927575e-14 -2.855074933502365e-19 -1.81385160636864e-10 9.7301737865149e-19 -4.24359006845631e-13 1.817353829806375e-18 -1.645514963205185e-07 6.1532875924202e-19 -3.200494544305465e-14 3.34206415517947e-14 2.62490067205717e-20 -7.51182865424955e-10 -3.576185389227195e-18 1.39574186999914e-12 -4.10635403640339e-18 6.4623463180864e-07 -1.28516594377129e-19 -2.68829790901376e-15 5.18472235020665e-25 3.952695962664095e-14 5.0083279548803e-20 1.68155556151181e-11 -3.11088666542806e-18 -5.3028538394855e-13 3.471429241186005e-19 1.985073449396525e-07 -2.670544149976975e-19 -2.53771364644776e-14 3.97501688367338e-24 1.609664763751625e-11 4.784341109297505e-11 -1.06267339246676e-09 1.148871763010145e-11 -2.223798936662665e-10 -4.2104258131404e-17 6.7693394710265e-18 1.37648572424741e-12 6.4250847873003e-17 -1.17750164075497e-17 -4.800229040789925e-13 -4.051619310185125e-17 3.44123925857118e-18 -1.99667512555766e-12 8.2455638245872e-17 -3.19259518293029e-17 2.047274561261e-11 -6.88755310031765e-11 -3.30296277904879e-18 -1.47707854044335e-12 -6.2321732635217e-19 7.7780250467287e-08 3.27903758669471e-10 2.91709902880791e-18 2.77726570188728e-12 3.499351633827805e-18 -2.365649616967965e-07 -2.06155917140368e-09 9.03858056614465e-18 -4.71355711454724e-12 1.185941671877695e-18 1.17442141870582e-06 6.5994422444756e-19 1.09407163856016e-10 -4.754108736350155e-18 -4.741881798900845e-13 1.42343832884527e-17 3.631168031786485e-08 -8.65649397968955e-19 1.018972571662155e-19 -8.400061534059e-11 2.40852052216612e-18 1.56687555057989e-12 -6.82381834887005e-18 -2.220802272629215e-07 6.5877618559626e-19 8.7083824932677e-17 2.09085375323793e-18 2.59957282606027e-10 -2.44424856868725e-18 2.60823901335181e-13 3.181530494808195e-17 7.86820067990465e-09 -3.936839149546075e-18 -3.509366180260525e-16
4.926261917824275e-16 6.76088275243165e-17 -3.267985214363465e-16 -6.0514704778241e-16 6.86811460415735e-16 -2.289877991754335e-16 6.50011048161575e-11 4.24940537422057e-11 2.99686631934445e-17 1.11368934421119e-10 4.70546168471077e-11 5.8123145934697e-17 -3.279256415226455e-10 -1.897482571844495e-10 -3.2963207054993e-16 1.501121936128575e-10 8.395807428567e-11 1.108992213290885e-16 4.885189573978125e-11 2.71863846032604e-11 4.141606882292705e-17 6.02736926967375e-19 -1.532248533232635e-12 -9.9398715859778e-19 -9.4282360427438e-13 2.162253263095555e-19 -2.02722434630806e-18 2.79607914365022e-12 1.800978563272545e-18 3.58964799013908e-12 -3.105257806482645e-19 2.606578758145325e-18 -7.91016528117885e-12 -1.208677255278475e-17 -1.4356937466024e-12 -1.2576483808013e-19 -1.244329708890665e-18 -9.8834162593246e-12 -2.201210140889245e-17 1.01854595758876e-12 4.618077524709195e-19 -1.78476238966569e-10 -2.405560830262885e-18 -2.15629380924098e-12 -2.499059768951095e-18 -4.405214958191265e-13 1.2973997669693e-18 -7.6021684917817e-10 -5.6337218520814e-12 3.58863957386458e-18 3.178324447090905e-12 6.1775008980582e-18 -6.9142353176299e-15 -1.79235551466338e-18 1.540243610023965e-08 -3.377624051003405e-11 -2.115845637963055e-18 -1.19015841594389e-11 -1.31493938856177e-17 6.9266670034854e-13 1.14896730246532e-18 1.26769794235116e-08 -2.98278878160501e-22 -1.41238033356425e-10 9.2380923110543e-19 1.05915159727929e-12 1.716450842196165e-18 -3.480437614779525e-13 -2.304343363562855e-19 1.71186751274362e-09 -2.316107605893965e-22 4.19085603260949e-22 5.2096010058881e-11 -9.81693672210105e-19 -5.63883168632425e-12 -4.66197328586983e-18 -1.149438698720165e-13 4.810269185314345e-20 3.179137627656915e-08 2.68058565083397e-22 3.213440085701545e-15 6.6670890517361e-23 -4.363170335666225e-15 -2.90548878071182e-20 -6.4034548487301e-13 -3.924257256889625e-19 1.20105235361565e-12 -2.670544149976975e-19 2.033953129354775e-08 4.19054053689935e-23 -3.344136846673555e-15 4.877941690708345e-18 2.0504951839303e-17 2.355079121887395e-16 1.535631291296715e-17 -6.70439764312275e-17 -3.30791382865889e-13 -6.39451464778875e-13 -4.08463240560544e-18 8.9313208333703e-13 -8.86255182969995e-13 7.2398199999315e-18 2.026690960644325e-12 -1.568812221594755e-12 -1.11087091539375e-18 2.437543000272275e-12 -2.779899380881315e-11 1.65447264308299e-17 -5.0166194809051e-19 1.85008714623009e-12 -2.152825097046835e-18 6.820963179461e-13 -3.45151682461588e-18 1.54230890208762e-19 -3.23513129852089e-12 3.06852755392098e-18 -1.28329219523115e-12 3.93607023700396e-18 -5.16185231214105e-20 4.551806994991295e-12 -2.653136628945515e-18 1.691194692602285e-12 -1.61096591022699e-18 8.50610670995175e-11 -3.92742097035148e-18 8.55961002435325e-13 5.11928884781665e-18 5.49855987147135e-13 5.27832448366605e-19 -3.000459787073965e-09 -1.082298870022935e-10 1.63462994991144e-18 -8.12443764436015e-13 -1.75095494805341e-18 2.13952826155507e-13 -3.209344675614275e-19 2.533216455219325e-08 -2.000354608721475e-18 6.04464197840165e-11 -1.11823568993757e-17 -2.154057240236975e-13 1.43137745467518e-17 -8.20106698430435e-14 1.6451456251933e-18 -1.241887869175875e-09 -1.10063556665532e-18
-1.540613064534505e-13 -7.36917255930795e-14 3.387350544684905e-13 3.008968503751565e-13 1.97145447072516e-11 2.81004744344949e-14 -5.1798133571452e-20 6.5035775995028e-20 -1.816172414416015e-13 -6.3195146022006e-20 9.89098956416515e-20 7.06558180525765e-13 2.21394768439182e-19 -2.992973318434315e-19 6.34210989203685e-12 -1.13713268590946e-19 1.424225190385635e-19 -8.64374605170765e-13 -2.97304482067937e-20 4.44201526528695e-20 -3.58672779447488e-13 -4.21893153346179e-14 2.70158465047143e-22 1.74241008134091e-15 -3.54755227394658e-22 -1.348592222711605e-13 1.109346199384665e-13 6.52058319923715e-22 3.712895680604245e-14 -9.3407263884438e-22 3.848886322910505e-13 -1.96270758956067e-14 1.06299790654432e-21 2.750754733639585e-13 4.937563232490355e-21 -1.35976186057001e-13 -2.078121713000915e-14 5.36690826839675e-21 1.10005250633694e-12 -8.0944775367649e-21 -1.061830671120625e-13 4.246267663738375e-23 2.500563933017875e-14 7.15405325622865e-22 1.18422659394733e-14 -2.01355962050955e-21 9.9278675392232e-14 -6.79798175986865e-22 -1.03253678010087e-22 5.07316814441165e-14 -2.08759692943866e-21 -1.64405579375092e-14 4.92799132795074e-21 1.499243487284475e-13 6.08997080408965e-22 5.35336679095025e-23 -7.86121302037815e-14 6.38620463072015e-21 3.42743052682169e-13 -6.48353747689025e-21 -3.62486540840415e-13 -2.295810343085445e-22 3.3134369405959e-11 -1.50638276579944e-23 4.638722266840825e-14 -4.769975028356565e-22 -1.426083297388575e-14 9.5653440578098e-22 1.84491541393212e-13 -1.03132745132857e-22 1.803913073808765e-09 2.004584066515735e-12 1.052990219915355e-23 -5.87959137007735e-14 2.63786048844159e-21 9.3674442964724e-14 -2.998459827194125e-21 -3.058249200097235e-13 8.42558074282895e-23 1.81054016690737e-09 -1.791839123094605e-23 -1.541971434698675e-18 3.10346291692361e-23 7.1893120640001e-16 6.94529266555055e-22 1.09596588918341e-14 1.12601506095287e-21 -2.537713646447765e-14 4.19054053689935e-23 3.478399692178375e-09 5.6185456469157e-23 -3.18165230746924e-13 -1.104776810896415e-12 -2.138434827998295e-11 -7.01308775042405e-13 5.00865770340045e-12 4.10826344777697e-22 -1.182390511350695e-22 -9.18222755057655e-16 -1.78827224460369e-21 1.81694788162074e-21 -3.302298826285565e-14 -1.094343191234165e-22 1.399217010760195e-21 -9.98733423604695e-15 -1.71908698826869e-20 1.43969077054509e-20 -4.534600036476445e-13 -1.02188250071511e-14 1.391077756367795e-22 1.411850530596135e-15 -3.85643307184641e-23 -4.638090764043445e-14 2.969508452312155e-14 1.017438699781735e-22 -2.83053493838892e-15 5.0705243384077e-22 6.25242912045865e-14 -2.969039776724415e-14 -3.3226177539908e-21 2.90716958349772e-14 -1.733353810866955e-21 -6.86724820027805e-14 7.3690890251032e-23 -3.230369297474325e-15 1.047405474213595e-23 1.171398705089e-16 -3.47812542694359e-22 -1.320464172766805e-14 1.170083192825395e-22 -2.260344538422465e-23 5.55641502093865e-16 2.93570310018197e-22 -1.36123434935799e-15 2.47356587314396e-22 1.71284430209525e-14 -3.676595553189105e-24 -1.64049587877754e-16 2.38173178345199e-23 1.11951996934277e-16 2.19992283818256e-22 1.73472499661364e-17 -5.8496493987919e-22 5.5583991007571e-16 -1.74683787177429e-23 -1.68051855372226e-12
1.55276553528935e-23 -8.05892172388455e-24 5.00667090072135e-23 8.7756679112112e-23 -1.04922283657445e-22 3.555233254606625e-23 4.87439164787726e-20 -5.20398236009655e-19 8.00013334358465e-24 1.099679852904415e-18 6.09634318696775e-20 7.0577495945361e-24 -9.78527429465075e-19 1.121589040509995e-18 -6.9920992561685e-24 1.3479981453967e-19 -7.15400166898985e-19 8.7396726065318e-24 -2.940948228353985e-19 -1.323617661338065e-19 2.453644835585785e-24 -3.01915018231524e-22 1.40956282096111e-19 3.56171396173838e-25 1.4524582415898e-20 -9.79673705123455e-23 1.63712770405558e-22 -4.86937705645536e-19 2.83781910755772e-25 5.03019684277125e-19 4.67937496349014e-23 -4.848874186164165e-23 5.31491704032955e-19 4.901070296597395e-25 -1.34410483262056e-18 -6.49284013137795e-23 2.48385030340057e-23 -1.718806217908315e-19 2.233530803755525e-24 7.6088033106298e-19 8.37654182407585e-23 4.953857716401575e-16 -7.8705136501365e-23 5.91816333860205e-19 2.190033495887985e-25 1.606816822399905e-18 3.560151692303785e-23 4.49636304732979e-16 -3.0304606537952e-15 1.62690599408598e-22 -5.06338670815765e-19 1.822516787317645e-25 -1.667294242703215e-18 -9.6999171252332e-23 -3.087237693166385e-15 -2.71728570878179e-15 -9.1435809814017e-23 -1.490027011043205e-19 -4.00032283069164e-25 5.07045346037835e-19 1.11935462219996e-22 -2.8344910936165e-15 -1.53707196684946e-23 2.701708839097345e-16 1.479165435380375e-23 3.43094680030124e-20 2.67740084393014e-25 3.44136192481234e-19 2.795022928221555e-24 2.78394209680027e-16 1.05299454216284e-22 9.8326177362528e-24 -6.28815065876065e-15 -2.625210570901265e-23 5.4893495873841e-20 -1.031211501200665e-24 -1.95949677000104e-19 2.75994538599575e-23 -6.515825025978e-15 -5.19803174132595e-23 -1.416560753549365e-24 -3.21261662095601e-23 -3.21375448125383e-15 -8.6641850070167e-24 -5.19492320223805e-19 -4.55997005150684e-25 -3.667691929691295e-19 3.975016883673385e-24 -3.34413684667355e-15 5.6185456469157e-23 9.13580170853905e-10 8.88780914518295e-25 -2.695415196425845e-24 -1.42920570788485e-24 1.70613986055817e-24 1.075292404300865e-23 2.63183724653006e-19 3.21357453875795e-19 -2.85289887708749e-25 -3.63168329871127e-19 -2.92086585995498e-19 3.082712344755955e-25 1.88706448344294e-19 -2.798145646910565e-20 -2.995087521865175e-25 3.49114551988433e-21 2.39677593154194e-19 -3.558656895727835e-24 1.014655469872925e-23 -6.68217046298595e-19 3.892098697122385e-24 -1.11732525561877e-18 3.34570882990964e-23 -2.059343893049115e-23 8.67528499506695e-19 -4.24348516418158e-24 1.47784664376408e-18 -5.2606289575269e-23 2.853897562983385e-23 -5.10075481130135e-19 2.057804610169465e-24 -8.6371426094659e-19 3.63063238911689e-22 7.81728810604775e-16 2.95790541227182e-23 -2.17513065741547e-19 -7.2936217771261e-25 -5.54251841978675e-19 -3.003325010072585e-23 7.8450460043666e-16 2.393300574330925e-16 -5.1743205759316e-23 2.02207474033825e-19 1.803584774833525e-25 4.56767654054115e-19 3.682103673775185e-23 3.048258824795425e-16 3.49904893614441e-23 -7.3187101434318e-17 -5.2532193201618e-24 1.33521581560843e-19 -1.16791800820633e-24 2.46548013292491e-19 2.034778508453065e-24 -7.80045366167595e-17 1.28408386705285e-23
9.761659019256e-05 2.468976622658915e-05 -8.1923589800905e-05 -3.68668807445437e-06 -0.003259622231229365 -7.2083810512805e-05 6.43975061550415e-14 -1.09905571525248e-14 0.0001198710723884795 8.81069269022825e-14 -1.870750448959645e-14 0.00010084580281431 -2.88547248737552e-13 5.83632539125785e-14 -0.00159666597054209 1.374031999781655e-13 -2.59322448680297e-14 0.0004129082369647715 4.22143523386469e-14 -8.2444923054046e-15 0.0001190935654265445 -2.513147669970025e-11 -1.73099090919785e-16 -1.040002194875355e-06 6.0384713060827e-16 2.068541041373025e-11 8.2867962219375e-11 4.756742018097755e-17 -1.22475088084607e-05 -7.6374108916564e-16 -5.01189135496135e-11 -1.934060921943235e-10 -5.4717773022744e-16 -3.793069567978245e-05 1.16458830509708e-15 5.2357433236571e-11 3.146964945186745e-10 3.42140474711483e-15 -0.0001579448944648745 -1.29654089555199e-15 -8.3201332924142e-11 4.576676023053695e-17 -2.21367124604607e-11 -4.189267896499095e-16 -1.44033289268117e-07 4.32002511716042e-17 5.1939393874063e-11 6.29733824632135e-17 -3.6965379619552e-17 5.7333035018942e-11 -7.47241431336575e-16 -7.6944021381598e-06 5.56003191886395e-16 -9.2298020658208e-11 -4.772491498184825e-17 1.484215445995515e-17 -9.634429257504e-11 2.973417539471355e-15 -3.641708469157285e-05 -1.400128666069145e-15 8.13300241102265e-11 2.54985088279758e-17 -2.11012246766293e-13 7.14845289104195e-18 1.669405088884155e-12 -4.872081372857705e-16 1.304113664399465e-06 1.48730783592854e-16 2.17767541995476e-11 8.91580926358735e-18 -3.52671899897733e-13 -8.5854424908133e-14 -5.85763682404405e-18 9.45944384041315e-12 1.21271899690693e-15 -1.27887004983778e-05 -3.425449415298145e-16 -1.344337239360125e-11 3.271747719674825e-18 -6.5381347475246e-14 9.3094516631162e-26 -2.168596750874785e-13 3.122366361234075e-19 2.505925158175315e-11 2.828908189838345e-16 -2.51350294557582e-06 -4.698457257013635e-16 1.609664763751625e-11 4.87794169070835e-18 -3.18165230746924e-13 8.88780914518295e-25 6.84977238338045e-05 0.0001477235766501775 -0.002283775011713785 0.0001699336731254615 -0.00086220207926482 -8.4403108475377e-16 -2.838625871511935e-16 3.660661709307695e-07 1.1308376297082e-15 5.59699093581775e-16 1.58712639557855e-06 -1.61721908419245e-15 2.14831908024407e-16 -2.7753114458641e-07 -2.62692222664911e-16 7.07864504109425e-15 2.999840805577535e-05 -4.251998887194695e-12 -1.97034475697031e-16 -3.22678468108904e-07 5.3409601629916e-17 -9.2743955887799e-12 8.8188124982716e-12 -8.43938098388965e-17 9.2849308934999e-07 1.114050993436265e-17 1.384858594725225e-11 1.189563331309215e-12 2.484939493343725e-16 -5.9429361484228e-06 2.794390244224165e-17 -6.08527107095985e-12 3.62336170096198e-17 5.2089752819321e-13 -1.55650286231196e-16 -1.53337838083655e-07 2.605141362517705e-16 -1.48446218684616e-12 -3.780548193164805e-17 -1.515108537549195e-17 -3.98802403554922e-12 -6.87010747523715e-17 8.28013288230685e-07 -8.58862955593935e-17 -7.74759745161415e-13 1.29044321393737e-17 -1.62636110656779e-13 4.41675839685995e-17 1.140776307787625e-13 6.56382762554345e-16 -2.36316344492868e-08 1.12959478097684e-15 -5.92572498600895e-13 -1.609428983415955e-16 -3.48784838611149e-13
-8.1848188976276e-05 -5.1580255856869e-06 5.4365734703102e-07 0.000526741802125415 -0.01216744015099165 -4.39113785703005e-05 3.92595318976596e-14 -2.165570204062925e-14 -0.000175839609384293 4.95006462720254e-14 -3.61992731119732e-14 -0.0004752875244611335 -1.681582173357045e-13 1.053341834926065e-13 -0.002787207883841375 8.1755244304808e-14 -4.63947443341613e-14 0.0001234529803217785 2.56771282493948e-14 -1.5283869875434e-14 1.998914370582205e-05 -6.45869359306705e-11 -1.03508608765086e-15 1.515858050345665e-06 1.31955640929193e-15 4.51139380128245e-11 2.809126808887295e-10 1.355740214028275e-15 -6.15601562809005e-05 -3.70623552909334e-15 -1.56891070768403e-10 -6.5856279437301e-10 -1.037347782107645e-15 -0.0001005568754324325 5.38241927191935e-15 1.599755622755365e-10 1.0307820264958e-09 3.20680821338721e-15 -0.000551093251223615 -3.06718430598247e-15 -3.029169132447665e-10 3.008345716120455e-17 -2.024369606765145e-11 -5.1387121820218e-15 -8.16064953293725e-06 -9.02142155288595e-16 1.41013095344602e-10 4.83927627464092e-17 -1.350909214909995e-17 5.8646232292275e-11 3.933762935453935e-15 -1.304753098516965e-05 2.404828496166695e-15 -2.33061150077671e-10 -2.087800452719605e-17 4.344616291966515e-18 -2.6318679941971e-10 1.32715069024299e-15 -0.00011651987672048 -2.82191662535655e-15 2.095853224383235e-10 2.430369235991225e-17 -7.32588385176575e-13 8.49106301613235e-18 1.96440819710634e-11 -1.869428968893505e-15 -1.227224621645765e-06 -1.38463303656259e-16 9.203124818742e-11 6.4535005088796e-18 -1.224487967593115e-12 -2.98104036184105e-13 1.440855006247735e-18 -2.46615429997164e-12 2.55345766707958e-15 -2.51113557348787e-05 4.33985420476254e-16 -7.4581172295525e-11 2.70385762434094e-17 -2.27134560165165e-13 1.676880724648215e-24 -7.529148162597e-13 6.06730482888515e-18 4.720081349082875e-11 1.65315955473053e-15 -2.62789943962215e-06 -1.61222740988107e-15 4.784341109297515e-11 2.0504951839303e-17 -1.104776810896415e-12 -2.695415196425845e-24 0.000147723576650178 0.00065331937123692 -0.00812827587135705 0.000788973872952155 -0.002846791343672685 1.699380485047375e-15 -2.1821124846211e-16 -2.421993644435485e-07 -1.63623943785596e-15 -8.66423144835175e-17 1.54732256206964e-05 -3.86923886857576e-17 1.36941065036673e-15 -2.41993934567748e-05 5.4158671363514e-16 3.793005834807845e-15 0.000151037740202728 -1.484636909030515e-11 2.97336704385742e-15 -1.161940130165655e-06 1.43219132045935e-15 -3.221729754361205e-11 2.915858807891745e-11 -4.2960561713439e-15 3.740221652587875e-06 -1.35761843549931e-15 4.72028040922702e-11 -2.866445924202205e-11 3.036038094114485e-15 -1.38293252352049e-05 5.11520464818425e-16 -2.27725314942839e-11 1.23385360190204e-16 2.764202700871705e-12 -7.47313580352705e-16 3.79686612836542e-08 -2.38835031109849e-17 -5.42573114100915e-13 1.134146664598025e-16 -6.81636466553335e-17 4.454339060467705e-12 -1.3367114493667e-16 2.369814020220345e-07 -5.14082832907775e-17 2.95849426990067e-13 -6.61733805570035e-17 -5.0738938124429e-13 -9.9250809090189e-19 -2.020883182204915e-13 2.981504958233375e-16 1.00500509604556e-08 5.08800005801285e-16 -1.20629680653262e-12 -8.59443156422955e-17 -7.6596243418054e-13
-0.0021089884510579 -0.000536235918498975 0.00113720546474013 -0.01223642158361895 0.227783537835012 0.00383354437794403 -2.80546807126722e-13 -4.351712060464445e-15 -0.00220586431854575 -2.868554042250025e-13 1.92878332781918e-13 -0.00274721701370477 1.139855732780215e-12 -2.118786834695085e-13 0.0847388936723775 -5.80517107629355e-13 -4.20824010619412e-14 -0.018589706464739 -1.70851264807946e-13 9.0390690742331e-14 -0.0040273897432863 -1.32550158483353e-10 2.056496548993315e-14 4.22000141555652e-05 -4.58837232577452e-14 5.7824724118364e-10 6.4276924643632e-10 -3.64957387002603e-14 0.00135565152309108 1.565500545665305e-13 -2.49927294143469e-09 -4.06265244440221e-09 1.774860748949835e-14 0.002116303854061215 -2.04461327814536e-13 6.2885443357721e-09 1.222282020988605e-09 -2.433010742643545e-14 0.00908439204626825 1.24321129505872e-13 -6.97165959543e-09 1.748510475281985e-15 6.0645717033271e-10 4.131557319321885e-14 5.56107598691315e-06 -4.41557595066435e-14 -5.64590277364875e-10 -1.309431292781925e-16 -9.34647349542565e-16 -3.68593587838941e-10 -3.10787195465404e-14 0.0010137467945874 -1.262226968314535e-15 4.956985684139925e-09 6.23413871563725e-16 2.611281801403055e-17 -1.6461085115419e-09 4.009467849366335e-14 0.00121955890594323 9.80483552955755e-14 -4.666756608880425e-10 -4.8063306307105e-16 -1.417647267775155e-11 5.0982961414467e-16 5.45591287072165e-10 1.386737881084215e-14 8.01775221923705e-05 -2.48101932879046e-14 -6.518701438593e-10 2.648984739432825e-16 -2.36968073289738e-11 -5.77297945605965e-12 -2.64246346506256e-16 -2.19618657020727e-10 -1.345126844849845e-14 0.0004307770264178465 5.78584957242065e-14 -5.34720659193865e-10 -2.99261330333336e-16 -4.40122270760396e-12 -1.25224032050215e-23 -1.45729492666025e-11 1.686681268197385e-16 1.144893769795435e-09 -3.74158472910336e-14 0.0001136551568165005 1.025868712175715e-14 -1.06267339246676e-09 2.355079121887395e-16 -2.1384348279983e-11 -1.42920570788486e-24 -0.002283775011713785 -0.00812827587135705 0.498130825712516 -0.02248686912604645 0.050353105936292 3.37757663555876e-13 7.8020934850085e-14 -1.5322891066092e-05 -4.82361656422657e-13 -9.41572958106e-14 -0.000143981393037324 3.77095412973079e-13 5.5526093158102e-14 0.00010726739622412 -1.973302384174455e-13 -5.1818156816352e-14 -0.00090999273519077 -3.28424309092804e-10 2.10253248422446e-13 3.10478139476603e-05 7.0067910023998e-14 -8.88797328389375e-10 3.775612000561675e-10 -2.122030407108835e-13 -9.88015095531465e-05 -1.02915163662629e-13 1.01927617951721e-09 -2.59513671617904e-10 8.7680337897996e-14 0.000428708530452343 7.40856421692265e-14 -3.239291753651265e-10 7.1542686510936e-15 2.665476266410325e-11 -2.180836073047705e-14 7.64893872875995e-06 -7.4355073373823e-14 -9.5386103371539e-11 1.97530218112407e-14 -4.20753234061459e-15 -4.25228373682695e-12 8.46278248603525e-15 -4.65150367867567e-05 2.404121425747485e-14 7.6874330802424e-11 -9.4869690653348e-15 4.85205816827909e-12 -1.15754668067341e-14 -1.558032665029145e-11 -1.418824452830385e-13 1.17615591635286e-06 -2.5097050198189e-13 -2.542227964073185e-11 3.168810197933405e-14 7.413944169937e-12
0.00052547206734973 9.0105623478342e-05 -0.0003084341588255845 0.0004402332686689605 -0.01882489339268855 -0.0004351392725750455 1.33694508859323e-13 -3.1907865631687e-14 0.00105826320744615 1.770537048597375e-13 -5.97446446039125e-14 0.0013640386802177 -5.90370201807355e-13 1.717680554561475e-13 -0.0108995491103049 2.82648481655151e-13 -7.3312435522845e-14 0.00325000623761258 8.70758958583325e-14 -2.593416749520325e-14 0.00091393624699904 -9.57254659400175e-11 -1.247273836525075e-15 -7.8532966199685e-06 2.806453323682195e-15 4.49169211397643e-11 3.677504733765755e-10 1.75686214833766e-15 -7.5174013041318e-05 -6.6888264441082e-15 -1.55137366805474e-10 -9.1844039298834e-10 -2.09941878746345e-15 -0.0001417053601841785 8.97022423459145e-15 2.14210896825713e-10 1.595606166459705e-09 7.4343395444798e-15 -0.00082103985921734 -7.1705455299533e-15 -5.15922094513555e-10 1.66513371057958e-16 -8.13553805894605e-11 -4.700454603124365e-15 2.958701770989235e-06 7.4107713839224e-16 2.031050459170205e-10 2.677398747544575e-16 -1.38520341890435e-16 3.100511968789725e-10 1.954203042064885e-15 -4.3813830054594e-05 2.08070565935619e-15 -4.728868683744465e-10 -2.12249087231908e-16 5.62151698831065e-17 -6.2325236157921e-10 4.162203035076815e-15 -0.0001482518843742845 -6.55690198582665e-15 4.548313043295855e-10 1.05106754454286e-16 -4.65119659300339e-13 2.41428616605494e-17 -1.50954144105922e-11 -2.04886044983858e-15 8.36954071453785e-06 8.70463276406425e-16 1.565692795945225e-10 3.127111755371655e-17 -7.77285675217555e-13 -1.8924212243925e-13 -2.147850717719625e-17 1.56350160526016e-10 3.43239759519612e-15 -5.78579700802255e-05 -2.05007117166833e-15 -1.441685329252975e-10 1.32732099050892e-17 -1.44198352206702e-13 3.1238867870625e-25 -4.780088109328995e-13 -7.5061967211904e-19 1.958718586421575e-11 2.37358898768389e-15 -1.30727528177273e-05 -1.888676462797365e-15 1.14887176301014e-11 1.535631291296715e-17 -7.013087750424e-13 1.70613986055817e-24 0.0001699336731254615 0.000788973872952155 -0.02248686912604645 0.002260968156872675 -0.00454727977729077 -9.08280104174555e-15 -2.84322252365181e-15 1.720478357737575e-06 1.30270490791761e-14 3.468443761795635e-15 4.97058240657462e-06 -1.199496260980075e-14 -3.940512573911675e-16 -1.648798398423455e-05 3.73365874063794e-15 1.387965327517855e-14 -0.0001063049384707005 -2.06223648629634e-11 -2.908438707974895e-15 -3.63369124837974e-07 -5.8263123019462e-16 -4.87308038187002e-11 2.692875547803995e-11 1.48607821859604e-15 -1.40747937947822e-06 1.452682647648145e-15 6.38078952957635e-11 1.15617929509477e-11 7.273794610543e-16 -7.09133079185945e-06 -1.19090168348861e-15 -1.724669070812085e-10 8.08183602057575e-17 -1.07482847585546e-13 -6.4944791466266e-16 -5.3824303476991e-07 2.078852969066445e-15 -9.47204135614035e-12 -3.63100705511106e-16 -2.172322409269125e-17 -2.00969643311599e-11 -2.091087487339985e-16 2.85433072245123e-06 -6.95272137094945e-16 2.500908058985945e-11 1.532847582178105e-16 -3.59341004873218e-13 3.07180262284747e-16 6.0246396435541e-14 4.84504438734056e-15 -1.07979337046896e-07 8.3736225940014e-15 -3.45620985020221e-12 -1.07536525525261e-15 -3.851068500064225e-13
-0.0003254492231036955 -1.61507350047866e-05 0.000335421397940197 -0.003095008087900515 0.0647756330506595 0.00097646232856409 -2.09469393605387e-14 -8.3901527063044e-14 -0.000375285068696556 -2.031475921151e-14 -8.5575485478585e-14 -0.0003987736601197155 9.66126646955665e-14 3.43586727127752e-13 0.021460986075466 -5.0515147327298e-14 -1.850178657617785e-13 -0.003749286656511665 -2.072571388981225e-14 -4.33307294815308e-14 -0.000941657081177655 2.19771420487781e-10 5.2309367303307e-15 -1.153580225465815e-05 -5.80448551869245e-15 -1.551995696841465e-10 -1.19768258890533e-09 -1.427933389295435e-14 0.0003756349036689095 2.129592766891895e-14 6.70176905935875e-10 3.40789593023611e-09 7.4649709554275e-15 0.0001365158263877715 -2.8841852879351e-14 -8.31078802027895e-10 -5.75754630097035e-09 -4.144470499206175e-15 0.002697080022699895 1.6931901353086e-14 1.82031529039627e-09 -2.75822932267619e-16 1.516212782769865e-10 2.64290964580149e-14 3.42024138295489e-05 1.38816157593926e-16 -6.8844968578973e-10 -5.22261860310975e-16 2.102844325081935e-16 -6.7327104439733e-10 -2.501071579978365e-14 3.70031398175436e-05 -6.4656558202837e-15 1.378406279597245e-09 3.96947607296561e-16 -5.3027284904468e-17 1.768774595356235e-09 9.5831681591005e-15 0.0003911517253747395 1.261394496005985e-14 -1.278317469345645e-09 -1.8476794663341e-16 3.321145424011365e-12 -3.834472117839305e-17 -1.31039924906306e-10 8.7356217654466e-15 1.58081843674368e-06 -3.226982299186065e-16 -4.69265365380192e-10 -3.39669883133086e-17 5.5513886644034e-12 1.35138671887853e-12 2.82939603773379e-17 5.7848729102736e-11 -1.027503876795995e-14 7.2745434628865e-05 2.66988375036205e-16 3.96645703246045e-10 -7.288769583088e-17 1.029748200070065e-12 -1.091491495931165e-23 3.41325041195887e-12 -6.85528119451745e-18 -2.10913781257244e-10 -1.014576172494415e-14 1.06611299517644e-05 6.94795396707265e-15 -2.22379893666266e-10 -6.70439764312275e-17 5.00865770340045e-12 1.075292404300865e-23 -0.00086220207926482 -0.002846791343672685 0.050353105936292 -0.004547279777290775 0.01702251879750855 8.08988708268365e-15 4.98468865630785e-15 4.364934392644385e-06 -1.43511223041212e-14 -2.746499632837695e-15 -2.812669647811115e-05 1.49628036017112e-14 -2.87382134362718e-15 0.000264101673451264 -1.188775666306795e-14 6.59815353343055e-15 0.0002540246258431585 1.58469711417939e-11 2.818453640954995e-15 9.6016246498036e-07 -9.77339122878885e-16 1.29400860444847e-10 -8.1378901404981e-11 2.02834922354475e-15 -6.4939782499772e-07 -8.26780409508155e-16 -2.28008154992053e-10 4.53847820053947e-11 -4.93357327268999e-15 -9.9068399092661e-06 2.36340577751132e-15 2.203377633663815e-10 -2.144402798616975e-17 -1.632900044229595e-11 6.20122333917005e-15 -2.743286488516955e-07 3.201245325671205e-16 7.08275155815165e-12 1.26243407385186e-16 7.08815017476865e-18 2.117058299294165e-12 -1.35669478174071e-15 4.60250376905201e-07 -5.8147555338466e-16 -3.60622572249643e-11 -3.853022405533705e-17 2.556602164853775e-12 -1.08393647219638e-16 7.2924102552194e-13 -6.66427739639265e-15 1.331408070662765e-08 -9.73374890362915e-15 6.58161600253155e-12 7.03253529700825e-16 3.50032282656537e-12
5.24222154099585e-13 6.8429034000951e-14 -3.199303766002545e-13 -6.04289348061325e-13 1.07219253864195e-12 -2.32474945829999e-13 -1.192839383330555e-06 -1.832772897349485e-10 -3.251986478571315e-14 -2.6426395579357e-06 -1.51282617122182e-09 -4.283695683947585e-14 5.499262679166e-06 5.62407498285865e-09 1.62363600949223e-13 -3.54633715614821e-06 -2.559006357217885e-09 -7.79899653939125e-14 -6.94861877592335e-07 -8.4381772983349e-10 -2.12353134375077e-14 8.8263996815303e-17 -1.48046138021251e-09 1.16978252467862e-15 -6.376664932797e-09 1.87737867569654e-18 4.441774452870485e-17 7.8162404145343e-10 -2.92115634030448e-16 -1.91430603519985e-08 1.00065836645495e-16 -1.379506031158575e-16 -9.776720072631e-11 3.36731479068911e-15 -1.58502955499801e-07 -2.82163227762099e-16 -6.13312711550355e-18 3.13203992432779e-11 -8.3738500293747e-16 -1.53918392623583e-06 7.9153008719502e-18 2.117545329498295e-11 9.21404865856885e-17 2.485123123717475e-10 -8.2742281704989e-16 -2.2019156433188e-07 1.048796314957575e-17 6.3616274162672e-12 -1.71974085459196e-11 -1.187089975006645e-16 6.55860340667975e-12 2.970769534532545e-15 6.89224732060305e-07 -5.1331233320197e-17 -5.1419248600881e-12 4.674599581196615e-12 -1.952917950675305e-17 1.216942841020295e-10 -9.90876694364105e-16 -1.57288957972686e-06 -1.56657278404193e-16 9.29023152897185e-13 -9.30248505869355e-22 4.1605164312132e-12 -3.953970039815575e-17 4.2602688150862e-11 9.5515883362273e-18 1.66674160672081e-07 -3.948111069067195e-18 1.64315307937312e-12 1.588738907279605e-21 -4.04690410401059e-22 -4.833288356669765e-12 7.36775836208255e-18 1.17887104497897e-10 9.9403524766035e-16 -5.6096039599633e-07 -1.295913062797335e-16 -2.446096608422655e-12 -1.015230030597475e-21 1.085048585124775e-19 -1.06419475126575e-21 -6.9103101013649e-13 6.45944829801575e-18 4.137692917575815e-11 7.562797076504e-16 -6.10791585994395e-08 -4.210425813140405e-17 -3.30791382865889e-13 4.108263447776965e-22 2.63183724653006e-19 -8.4403108475377e-16 1.69938048504737e-15 3.37757663555876e-13 -9.08280104174555e-15 8.0898870826837e-15 1.88421727036834e-07 3.35031594709163e-12 -1.06496686492739e-16 -1.403127260407845e-07 8.54963711713835e-12 1.08199019540226e-16 7.7189820348683e-07 7.57997181286515e-11 8.37525351819625e-17 -3.316652301210965e-06 6.41237462112625e-12 1.493421682711745e-15 5.03178934447145e-17 2.217311337185835e-12 3.042543726166835e-16 4.648121521633925e-09 -2.38088846539675e-17 -2.67965480075924e-16 1.913105312090185e-11 -4.95580822658142e-16 -5.27224401083365e-08 4.71938362654849e-17 5.7740768416981e-17 -3.179195999502715e-11 1.01922843623716e-15 2.902208313386265e-08 -9.03053975384105e-17 7.2847375703421e-13 4.322098542483805e-18 -1.75712177032935e-11 -6.16946177314725e-17 -5.15119478561025e-09 1.74737522356175e-17 7.3700934860882e-13 2.739975119117035e-14 2.26621931869634e-17 1.51291011014809e-11 -1.52191987599692e-16 3.233157429955145e-08 2.355209434125605e-17 -5.89626123491905e-13 6.54424972342285e-19 2.4635567168175e-13 -9.2802445312181e-18 -5.07053178681595e-12 2.973835025890925e-17 -1.33159629097076e-09 -4.60269449088849e-18 7.47950389279675e-14 5.5049661025231e-18
1.23420598235922e-13 1.44116849212003e-14 -6.37177377817115e-14 -1.199785001067805e-13 2.335028621383025e-13 -4.71934646264591e-14 1.39695815216864e-10 -1.192088337213525e-06 -1.323882203548045e-14 1.419734014655765e-09 -2.64120591167438e-06 -1.93131181181266e-14 -5.3476590966327e-09 5.49513331371685e-06 7.7197362901691e-14 2.452383276832045e-09 -3.544477800364085e-06 -3.4724056669258e-14 7.9393665375925e-10 -6.9423456190816e-07 -1.031333259517625e-14 -2.31707317006145e-17 -6.369520209402e-09 4.989639338525785e-16 1.46913796941142e-09 -4.52560280552022e-17 3.2557584573442e-17 -1.914049010484695e-08 -3.625606090974515e-16 -7.59659986326665e-10 -4.0899380000898e-17 -8.6489009454799e-17 -1.58483677703116e-07 2.127596354271905e-15 7.8571396017787e-11 1.236078644257115e-16 4.1581864288051e-18 -1.539199968321315e-06 7.99152293231125e-16 -4.513802650438595e-12 1.113001295282915e-18 4.507728097135035e-14 -1.767589377726435e-17 -2.201814532119305e-07 -5.90115922080735e-18 -2.324341068629835e-10 -4.20790926765394e-17 1.7595896579833e-11 9.77426813952245e-14 6.59075341598075e-18 6.89229939119635e-07 3.134848377820565e-16 -2.46522825675944e-11 6.37297947150685e-17 -1.42722208338298e-11 5.073563889947e-13 -6.22199576164445e-17 -1.57289693137232e-06 7.3878278766298e-16 -1.05992533859045e-10 4.144745157040555e-17 3.795775012867735e-12 2.196832903702575e-22 -1.919102658319055e-13 6.76099892322e-18 1.66676910985312e-07 -1.69863689220657e-16 -3.750436822728935e-11 1.86143199730593e-17 3.57009233113563e-12 -1.12586969471224e-21 5.43840363314915e-22 4.094420049947905e-13 -5.50995666707165e-17 -5.6095993667742e-07 7.2388822111035e-16 -1.191564901707695e-10 2.495282393843705e-17 -4.86979535506881e-12 9.2575198137948e-22 -5.60879405538335e-20 5.7370453184234e-22 1.121379522520255e-13 -1.84024687496292e-17 -6.10789989663935e-08 2.171819846941565e-16 -3.979995416241235e-11 6.76933947102655e-18 -6.39451464778875e-13 -1.18239051135072e-22 3.21357453875795e-19 -2.83862587151194e-16 -2.18211248462111e-16 7.8020934850085e-14 -2.843222523651805e-15 4.98468865630786e-15 3.350315947108515e-12 1.88416899069347e-07 -1.912030552365795e-17 1.020312209487685e-11 -1.40329570152328e-07 -1.580052791303315e-16 -5.4347625303855e-11 7.7187466176839e-07 -1.701774119799375e-16 4.588519533747935e-11 -3.316690196479645e-06 -7.2561876233555e-16 -9.0343943224647e-18 4.648308823840725e-09 2.350569158260795e-16 -5.8583836496429e-13 1.11288546998226e-18 6.86377819477875e-17 -5.27293279464555e-08 -3.267911549253555e-16 -1.427584769092185e-11 8.40141279957455e-17 -4.969368226191045e-17 2.902672455061155e-08 4.38258438483376e-16 3.315126782017415e-11 -8.0335470824976e-19 3.100190393214285e-14 -2.271469974065175e-18 -5.14985609292615e-09 -4.513166457781135e-17 1.63022505337977e-11 9.9108836823443e-18 2.0197403261372e-14 4.259807626254465e-13 9.4755567781934e-18 3.233150494426765e-08 -4.521642685791675e-17 -1.58458387667862e-11 -2.0266451218911e-17 1.502949020131315e-13 -2.073196164886675e-18 -7.776815945131e-14 4.94618381177963e-19 -1.331597296079585e-09 -8.12644607450595e-18 5.89700602581285e-12 4.922254783550095e-18 2.97983585743233e-13 -4.544754233939175e-18
1.372716719320955e-05 3.79607089133138e-06 -1.106521374629845e-05 -2.40571970185316e-05 2.19782462836752e-05 -5.58618256014085e-06 -3.413314531278055e-14 -1.922926367720725e-15 1.56736362661903e-05 -4.7855559525648e-14 2.01604114281235e-15 1.62098506711561e-05 1.537837017217465e-13 -5.05230754135855e-17 -7.56414949259785e-05 -7.4499281408563e-14 -1.48570989526819e-15 3.487698141246235e-05 -2.21174795090852e-14 5.41052930936775e-16 1.075521110808805e-05 -8.1117168991952e-14 -6.7621785988362e-17 -1.88698522374415e-07 -1.134282545467675e-16 -4.38669838291441e-13 8.46269522257065e-13 -2.32431124244889e-16 8.50174156950615e-07 -5.86562698713825e-16 -4.361918499966545e-13 -4.095161988384425e-12 8.56883754067395e-16 -3.428978280026455e-06 1.075677080335825e-15 1.7869078022492e-12 5.78404784433885e-12 -4.485426680664125e-16 -1.622690565801325e-06 -2.66515929607081e-15 -1.97953279969059e-12 -4.968598627934565e-18 3.79828522730683e-12 -1.17048590359738e-16 2.717181125754005e-07 -4.99092994439779e-16 -2.8951702875431e-12 1.69830147479835e-18 5.72672760880835e-18 -1.072422579800595e-11 2.64653203596825e-16 -8.61778640404905e-07 1.36095563413976e-15 5.36156786828705e-12 -3.44825511757019e-18 -2.79039951487091e-18 6.9460830797516e-12 -1.11381566059517e-16 -1.531983834568055e-06 -2.58767103322488e-15 -3.723263796645295e-12 -4.3018513914355e-18 -6.01939657645335e-16 -6.31732659677915e-19 -2.989625891427415e-12 1.000910722457695e-16 1.741836966332095e-07 2.639065938008845e-16 6.1751653733303e-13 1.00188770829085e-18 -1.014391930374015e-15 -2.461173016608775e-16 1.662161531769655e-18 -5.9239868644901e-13 -1.313795374327445e-16 -1.070347661202835e-06 -1.01485866881866e-15 5.1585900096889e-13 -7.89332016520465e-18 -1.922820826025925e-16 -4.07080905302512e-25 -6.1937728100286e-16 1.104385230634285e-18 -3.63973734494287e-12 2.03463308911367e-16 -2.67189770281136e-07 7.36307313082945e-17 1.376485724247405e-12 -4.08463240560544e-18 -9.18222755057655e-16 -2.852898877087495e-25 3.660661709307695e-07 -2.42199364443549e-07 -1.5322891066092e-05 1.720478357737575e-06 4.36493439264439e-06 -1.064966864927375e-16 -1.91203055236581e-17 2.39814987039168e-07 -3.46198442427025e-16 9.28331996435625e-17 1.846059767601865e-07 -4.04495603431119e-16 1.906240997988615e-16 2.484686603053115e-06 -6.1367567689772e-15 -3.6721082117933e-16 4.088135044638365e-06 2.825222494268435e-13 -2.100877037972385e-17 -3.857434599392505e-08 2.803430598372915e-17 -4.695209830040135e-14 -1.67707900357681e-12 5.9397443361101e-17 7.5312593446493e-08 -1.230632160954435e-17 5.0407503437732e-13 1.864641777606845e-12 -5.9961750106371e-16 -8.80112776378555e-07 2.716124410855725e-16 -5.5127078222153e-14 5.2551895604926e-18 -3.5653055614485e-13 2.62246261128424e-19 -2.56797058394215e-08 5.85244784847695e-17 3.382595319052955e-13 -2.740190594922645e-18 -3.68976635701053e-18 -8.71565805944375e-13 5.1170789552982e-17 1.38427353860641e-07 -4.318992738190145e-17 3.768428956963165e-13 -2.50857691306229e-19 -6.6321648703197e-16 4.299243239366505e-18 -2.18915763966373e-14 6.13388417806365e-17 -4.00053530456889e-09 1.30305228002109e-16 1.53912306376949e-13 -1.904893454609345e-17 1.324959265156905e-14
-7.346565769232e-13 -9.61947685653065e-14 4.51371147649605e-13 8.5447452009717e-13 -1.528633957488195e-12 3.277102217217555e-13 2.98111659460389e-06 -3.259713733736665e-08 4.586839027704e-14 2.21622997645264e-05 -3.98695452536891e-08 6.04472229833115e-14 -1.478145119377135e-05 1.270033548889385e-07 -2.340915179165065e-13 2.246008389667565e-05 -6.0996437208969e-08 1.10732024727797e-13 6.8325118907123e-07 -1.86512451456405e-08 3.02626776210888e-14 -1.10825853367511e-16 2.21876026164113e-09 -1.68089647509451e-15 1.05058303960788e-07 5.27200552293325e-18 -1.097221238196785e-16 -1.249318567678585e-09 4.53073777022724e-16 -2.17144219846086e-07 -1.723832672619685e-16 2.63750631641362e-16 -1.67046011709537e-09 -4.87294570242307e-15 4.521621282773305e-06 4.513186525659355e-16 -2.436604097028565e-17 9.85479356822775e-10 2.153943932590005e-16 2.596339678648665e-05 -4.18367961954354e-17 -1.33554379936418e-11 -2.042443889216805e-16 -1.31154770855853e-09 8.2596451009078e-16 3.14315472436606e-06 -9.40753887349465e-17 -1.30864587910004e-11 9.4721534833432e-12 2.796102322319345e-16 1.106651143112335e-09 -3.578601909527205e-15 -1.00522121506762e-05 1.77501023628157e-16 1.173504603914835e-11 -4.88869125360922e-12 -3.602360469171235e-17 -9.0601073302551e-10 8.99201611233025e-16 2.66603082791303e-05 1.663635169647665e-16 -1.80324804109014e-12 5.64789882223685e-22 -3.11977479666253e-12 8.05265933280455e-17 -5.07768574875075e-11 4.953287929498655e-17 -2.928361115556505e-06 2.02597029714574e-17 -2.570156246342135e-12 2.656841907459835e-21 1.352966723716095e-21 -1.59913232694494e-12 -3.249520445678355e-17 -4.77970146247714e-10 -1.51579492647279e-15 1.05226016897248e-05 1.733473206922155e-16 6.29435373142375e-12 -5.04923326262755e-21 -3.118960253534105e-19 1.635655954483885e-21 -1.000918561991945e-12 -6.52548903271475e-18 -2.30911062553848e-12 -1.104132041100515e-15 1.495771906963315e-06 6.4250847873003e-17 8.9313208333703e-13 -1.78827224460369e-21 -3.63168329871127e-19 1.130837629708205e-15 -1.636239437855955e-15 -4.823616564226575e-13 1.30270490791761e-14 -1.43511223041212e-14 -1.40312726040784e-07 1.02031220950498e-11 -3.46198442427024e-16 8.1645972570603e-06 5.4398548754174e-12 5.4465997474082e-16 8.3657284772412e-06 -2.050376461385605e-10 -5.78249658420925e-16 7.31483175117565e-05 -7.82586668016205e-10 -1.611586137939535e-15 -3.65837006877643e-17 -2.490824657062315e-11 -6.88758223482555e-16 -3.70276127992857e-07 2.1679369095889e-17 3.301920953172995e-16 -7.08007270162095e-12 1.04846380350744e-15 9.78375680772085e-07 -6.0960569035946e-17 -5.5823031977947e-17 9.60555805986615e-11 -1.70541081984421e-15 -5.6450421067363e-06 1.311895405389545e-16 -1.57431166659853e-12 -9.40726270112695e-17 5.26829052674075e-11 2.423841513319955e-16 -3.76908910665569e-08 -1.24081953319576e-16 -2.17285395264734e-12 1.05973599435419e-13 6.0975816890398e-18 -8.06945169146375e-13 1.961482087780605e-16 3.07213558024325e-07 1.208558560416085e-17 1.610755386280775e-12 -3.628605198307425e-18 -3.74168023477053e-14 -1.96817956272343e-16 -1.470271104399885e-12 6.91189466494175e-16 -5.813004984842e-09 -2.14492435568664e-16 3.566949105678645e-13 2.05005229924779e-17
-1.61801097890601e-13 -1.988814075987945e-14 8.86228963537035e-14 1.658258942928525e-13 -3.080431483198475e-13 6.6012782899362e-14 3.240710888624025e-08 2.97958996806355e-06 2.073667842376865e-14 3.954591147222925e-08 2.21593197246324e-05 3.09740988846024e-14 -1.26095146030747e-07 -1.47729335429623e-05 -1.142865514374495e-13 6.0573035428889e-08 2.245624646833955e-05 5.30225669006395e-14 1.858723641093455e-08 6.81973865240135e-07 1.59840431324324e-14 3.321212692124165e-17 1.04994635145696e-07 -6.5354646132515e-16 -2.16003815485482e-09 5.2898144535194e-17 -5.0716555373313e-17 -2.17086989223e-07 4.58749360758358e-16 1.156129208320955e-09 9.7716351794512e-17 1.29564010069592e-16 4.52156192592249e-06 -2.74070386557758e-15 1.74365028194039e-09 -2.32286238318395e-16 -1.012181871766385e-17 2.5963391071602e-05 -3.666695120109345e-16 -1.033674777016665e-09 2.69831220292402e-17 5.7316190149438e-12 1.789953837911735e-17 3.14318606457778e-06 2.71498246557552e-16 1.328683960752425e-09 1.20261991920615e-16 -9.33281711353415e-12 -5.981612724799e-12 -1.232242980066395e-18 -1.00522765263123e-05 -8.84658822587935e-16 -1.1194147371261e-09 -1.79582855776199e-16 6.04805101081825e-12 9.30494265339625e-13 8.33984354558545e-17 2.6660342039761e-05 -6.14831217315755e-16 9.05436730620415e-10 -8.14686589694835e-18 -3.171752040238445e-12 -2.09763163480261e-21 -1.37454806293904e-14 -1.01906159347356e-17 -2.928361834347395e-06 1.808897708883325e-16 5.2247867312224e-11 -4.66391736607726e-17 -3.561758071389765e-12 -3.503160525147555e-21 1.598171466612795e-21 1.602387219527165e-13 7.8120434367104e-17 1.05225999926632e-05 -8.86400463621415e-16 4.7405400727042e-10 -1.717611850791025e-17 3.967840844534665e-12 6.0880138968616e-21 2.18631068448839e-19 -3.531112775817905e-22 3.696967347154575e-14 2.619717603299745e-17 1.495765003350885e-06 -2.661381157469245e-16 -4.278910288646965e-12 -1.177501640754975e-17 -8.8625518297e-13 1.816947881620735e-21 -2.92086585995498e-19 5.59699093581775e-16 -8.66423144835165e-17 -9.41572958106e-14 3.468443761795635e-15 -2.746499632837705e-15 8.5496371171283e-12 -1.40329570152328e-07 9.2833199643563e-17 5.4398548797381e-12 8.16459298304985e-06 1.153581769365735e-16 2.05892924124275e-10 8.3657239169242e-06 3.38749762461131e-16 8.1942055609332e-10 7.3148299985686e-05 8.76681775720955e-16 4.204136502579555e-18 -3.70280358559157e-07 -3.811416299876965e-16 3.255430927165695e-11 -5.272927182684e-18 -8.5146070209651e-17 9.783725345443e-07 5.19770004836895e-16 1.51115599024724e-11 -1.041031979462595e-16 6.33896528797255e-17 -5.64504105096905e-06 -6.30572400352535e-16 -1.02612857784475e-10 -9.6820448946171e-18 5.58863640351195e-13 -6.40730416211695e-18 -3.769014445474325e-08 3.41240478046678e-16 -5.58872304535685e-11 7.83991286152775e-17 -7.26205164001545e-13 -9.925670147708e-13 -8.37145827557345e-18 3.07213256457993e-07 -1.033664299297895e-16 -1.00685600890881e-12 -1.110467181325235e-17 1.945818032709425e-13 -7.30400350563125e-18 -1.05773890871185e-13 -1.32068850780485e-17 -5.8130475454093e-09 -1.000468895765315e-16 4.141773993023095e-12 2.190001207251395e-16 -1.738317688877095e-13 -2.80241147193786e-17
-4.945022380991365e-05 -8.3051016034341e-06 3.208557419581225e-05 5.3793304727618e-05 -0.0003873076659771615 3.279373626989065e-05 5.0186603433494e-14 9.04881046262065e-15 -6.14004920854235e-05 7.1040464587626e-14 7.162052577398e-15 -0.0001159158026926905 -2.28463890796019e-13 -3.042359571663685e-14 0.000203270798696914 1.10492942589782e-13 1.605228956421395e-14 -0.0001256572460535365 3.29916298384079e-14 3.998182356954295e-15 -3.657451307949575e-05 -6.26722080616295e-13 1.591020737410465e-16 8.8459852968219e-08 1.94635349385196e-16 2.04346970956753e-13 -1.45077414361297e-12 2.61617489518781e-16 -1.31154627090454e-06 6.8263966091711e-16 6.79585095531e-13 -1.639434357772135e-11 -8.91876207482485e-16 -1.064460128141295e-05 -1.28362136428711e-15 2.39788172153593e-12 1.536244216563515e-11 4.541584436554795e-16 -1.917171230299155e-05 3.5209016230479e-15 -2.22329058175521e-12 2.45570901414772e-18 -1.14685106019608e-12 -1.50745792671011e-16 -6.7102517387821e-07 6.4521561013518e-16 1.12087494874324e-11 -8.90635683574075e-18 -2.31537067610474e-18 1.55688439988811e-11 -7.32713665245735e-17 -9.02341402874195e-07 -1.728545840772075e-15 -1.536770461263125e-11 1.245130654180185e-17 2.099393997404685e-18 -2.127954735755935e-11 2.935248912470365e-16 -7.3197413396502e-06 3.408163121047745e-15 9.13772869249695e-12 4.382133416294175e-18 -2.18994305610712e-14 1.103559728182665e-18 9.1219901991179e-13 -1.724142074734685e-16 -4.71740096133354e-07 -3.543322257572875e-16 3.14022781425419e-12 -1.35075200891915e-18 -3.658710017837645e-14 -8.9122753000131e-15 -9.3032016161021e-19 7.1651302326344e-12 1.28184349700653e-16 -1.104852862340235e-06 1.4139584391621e-15 -5.34074785124625e-12 1.31514534493496e-17 -6.80400777441445e-15 6.12967914523715e-25 -2.25078141159085e-14 -4.29357101299772e-19 9.16904397612105e-12 -1.068294085884765e-16 8.85124257537745e-08 -1.74016603865267e-16 -4.80022904079001e-13 7.2398199999315e-18 -3.302298826285565e-14 3.08271234475595e-25 1.58712639557855e-06 1.54732256206964e-05 -0.0001439813930373235 4.970582406574635e-06 -2.812669647811115e-05 1.08199019540224e-16 -1.580052791303315e-16 1.84605976760186e-07 5.44659974740815e-16 1.15358176936575e-16 4.8989146346265e-06 4.478960676551825e-16 -4.287160482659465e-16 8.3321591974261e-06 8.45048255394145e-15 6.54351188940275e-16 3.29066678423306e-05 4.23260210573227e-12 7.9934558643592e-16 -1.97227167389494e-07 1.53190773024424e-16 -4.12358082114926e-12 -1.7462916019468e-12 -9.1477003720582e-16 3.265529250269795e-07 -1.875453007941645e-16 2.87200825960622e-12 -3.99910687833661e-12 1.175389461044225e-15 -2.385524405254345e-06 -2.550597196761705e-16 -2.052794741773335e-12 1.86372693680445e-17 1.550636051390405e-12 1.569880766467465e-17 2.304977278538765e-08 -6.57630000316925e-17 -1.883904284618875e-13 3.02531131989557e-17 -9.23797350796995e-18 2.46077592903886e-12 -1.073399361809185e-16 1.916031512988445e-08 4.24682810357417e-17 -1.19489695633852e-12 -1.41863419346763e-17 -9.53135198523915e-15 -9.6523885730521e-18 -2.18771382987989e-13 -1.463476427571975e-16 1.363259667937495e-09 -2.476764625105205e-16 -2.46330280403624e-13 1.854619903986835e-17 5.68471157974155e-14
5.50015470849925e-13 7.1985917060477e-14 -3.39969023091526e-13 -6.44728550931205e-13 1.17117710820488e-12 -2.471080347537085e-13 -1.79965229196094e-05 4.44046941694833e-08 -3.405595420204635e-14 -1.29702798439973e-05 6.4127473676393e-08 -4.42592280909765e-14 8.0604095511586e-05 -1.849651148201685e-07 1.79475995001534e-13 -2.89997879240171e-05 8.58736922099505e-08 -8.31503329909495e-14 -1.22317398973354e-05 2.743652641324075e-08 -2.26675146927132e-14 1.02906793075255e-16 -1.31498075586263e-09 1.277965325153095e-15 -3.892878114574655e-08 4.538005108770155e-18 2.55912057854408e-18 1.07634571069726e-09 -3.739117325516945e-16 -4.964825759293295e-07 8.9767540189374e-17 -7.9016388058516e-17 -1.83465465858727e-09 4.15024062197872e-15 4.060678051312725e-06 -2.66934769146307e-16 -3.44448160763658e-17 3.47111556513483e-09 4.403827566011825e-16 1.5968953722562e-05 -8.20245639280785e-18 7.62380075944355e-11 3.535935429505035e-17 8.87577701718125e-10 -1.15146510721473e-15 1.34533657945256e-06 -2.85825162365044e-17 -6.1570634668357e-11 -6.2702520458618e-11 -3.17879355610092e-17 -1.109598200966635e-09 3.898310046419745e-15 -4.58037787377216e-06 -2.167005616807115e-18 5.62202152516515e-11 1.60569291854605e-11 -6.95867006584685e-17 1.67200296392643e-09 -1.270650347512455e-15 1.613386429111355e-05 -1.890530191439075e-16 -1.250183520607065e-11 -9.4659309147523e-22 1.11374577917247e-11 -1.95787253000885e-17 5.13367190270575e-10 7.9340381890637e-17 -1.836009066852785e-06 2.51248077702175e-18 -1.27848670313765e-12 3.17788462459092e-21 -2.315313966429775e-22 -8.0964799170373e-12 -1.092877023342275e-17 -1.181086126992375e-10 9.5978526044852e-16 7.26016227954845e-06 -1.3789934801702e-16 5.6374979693093e-12 -3.28015345973774e-21 4.126862044523455e-19 -9.94577047068605e-22 6.3809570431718e-14 8.23503083750615e-18 2.17986665165332e-10 7.5605714367483e-16 1.366687821868775e-06 -4.05161931018513e-17 2.02669096064433e-12 -1.09434319123415e-22 1.88706448344294e-19 -1.61721908419245e-15 -3.86923886857596e-17 3.770954129730795e-13 -1.199496260980075e-14 1.49628036017112e-14 7.7189820348683e-07 -5.43476253036585e-11 -4.04495603431119e-16 8.3657284772412e-06 2.058929241217065e-10 4.478960676551825e-16 4.121943962501915e-05 1.532953364237725e-12 -2.2339820748805e-16 7.31540782333765e-05 -3.835140491585115e-10 1.259765679914935e-15 5.71677948219285e-17 8.06704155220545e-12 -1.525789641749115e-16 -3.310563701471345e-07 -3.143821930062365e-17 -2.95738427113109e-16 -2.05156292677019e-10 -3.192878301594795e-17 7.3732234031753e-08 5.21823683535235e-17 7.7194376453546e-17 7.67992811486505e-10 9.0807371141172e-16 -1.00696191296969e-05 -9.47497778320565e-17 1.46723054383256e-12 -6.94294145423075e-17 -3.359469985997555e-11 -1.094537613187355e-16 -1.84676562156645e-07 -3.6911255182879e-17 2.659579538326565e-12 -1.83601037193134e-13 5.4275332342987e-17 -9.5025505164728e-11 -1.13060950189395e-16 1.3088644207568e-06 4.88075394921377e-17 -2.699207736452495e-12 -7.5001236244467e-19 -2.55017538063686e-15 -1.99517846195108e-16 -3.071640671974465e-11 7.48346974673365e-16 -4.172810428360725e-08 -1.27662382226468e-16 -1.48005052244972e-13 1.6067444649895e-17
1.1701447918165e-13 1.550377084711705e-14 -7.0107692537847e-14 -1.300818333627375e-13 2.1948174927591e-13 -5.2255583461284e-14 -4.35347749946161e-08 -1.799427601940075e-05 -1.69311497212354e-14 -6.30372010552455e-08 -1.296580232582645e-05 -2.564580136837255e-14 1.814809506406615e-07 8.05914241957575e-05 8.4535085878088e-14 -8.41755195438095e-08 -2.899411304444445e-05 -4.14892442639105e-14 -2.700708881077735e-08 -1.222980045402975e-05 -1.24802262148236e-14 -2.66821127837801e-17 -3.89791915280094e-08 4.375554483538185e-16 1.166666346837025e-09 -5.95158670085145e-17 4.842704793623285e-17 -4.96456382179659e-07 -2.95687532633133e-16 -9.7465376351009e-10 7.02019032243435e-18 -1.093797916481335e-16 4.060658060041535e-06 1.565398366281795e-15 1.772319363907445e-09 5.27496698932505e-17 1.01484783223657e-17 1.596898854145405e-05 -8.1379085212786e-16 -3.415240456757065e-09 3.46539435269255e-17 6.1784629087912e-11 -4.033485923063335e-18 1.34522930532525e-06 -3.112502171445225e-16 -8.80806127758535e-10 2.43486468929857e-17 7.73687650813435e-11 -5.50740599836915e-11 -1.853034795028565e-17 -4.580257461317195e-06 7.04513369940325e-16 1.094970040150805e-09 -3.53035312227734e-17 -6.437743969526e-11 1.33180831769225e-11 -5.10776532953835e-17 1.61338452470335e-05 1.58262504342931e-16 -1.67333291050596e-09 9.4322317295622e-17 1.616481716592065e-11 -1.688945151605265e-23 2.335104862232025e-12 -3.235287204096005e-18 -1.836032836160375e-06 -7.9603219682179e-17 -4.9664087864682e-10 -4.860417680672625e-18 1.06864268012326e-11 -6.7897409148572e-21 1.12482184560928e-21 -9.8547409484622e-12 -4.706128035743175e-17 7.26018918373285e-06 5.41457203967765e-16 9.0471184691867e-11 4.329814096017085e-17 -1.980811592484355e-11 8.5221690684666e-21 -3.21990316818808e-19 8.6916992615779e-22 -1.53744046482068e-12 -1.79728156206482e-17 1.36669458788524e-06 2.088039073752405e-16 -2.13532750579304e-10 3.441239258571195e-18 -1.56881222159475e-12 1.399217010760195e-21 -2.798145646910565e-20 2.14831908024406e-16 1.36941065036673e-15 5.5526093158102e-14 -3.9405125739117e-16 -2.87382134362718e-15 7.57997181287595e-11 7.7187466176839e-07 1.906240997988615e-16 -2.05037646135942e-10 8.36572391692425e-06 -4.28716048265946e-16 1.532953372270375e-12 4.121946446367475e-05 8.3174764499916e-17 3.575526137571135e-10 7.31540715184175e-05 -4.07003563039253e-16 -2.27142215386242e-17 -3.310568279411415e-07 2.96910081394052e-17 8.41825651108405e-15 -9.87432302777405e-18 8.53454701465635e-17 7.37150362389845e-08 -1.40817512743676e-16 2.08832255928192e-10 1.081771915873455e-16 -5.93335356484745e-17 -1.00696084890204e-05 3.628383389216835e-16 -7.85406024421435e-10 -1.9244231225699e-17 -4.204874913749595e-13 1.99182980273764e-17 -1.84672317703355e-07 -2.575580327273285e-16 2.972350704997445e-11 1.084902600749485e-16 -2.63693131170764e-15 1.246903208221345e-12 1.883545416392135e-18 1.308852782968805e-06 7.5907211237423e-17 9.78836632251205e-11 -6.1100105747489e-17 -1.39834387325648e-13 -5.45738855072235e-18 -1.072280426623845e-13 6.88569768730635e-17 -4.17295861041576e-08 -2.10295923643816e-16 2.98377684870181e-11 2.81936515956635e-16 1.05602425954539e-13 -3.792621284829565e-17
0.0001562774748265495 5.076684721855e-05 -0.0001197292674781015 -0.0003569878839562995 0.0004859493698119365 -1.140509199644065e-05 -3.7991043349582e-14 -1.469882545205835e-14 0.0002180785081438255 -5.4823523775852e-14 -1.702925473217015e-14 0.0001367359672436105 1.751816822697645e-13 6.1353142467119e-14 -0.00095076305742356 -8.41676831154325e-14 -3.18734959272222e-14 0.0004640093107505255 -2.55765352250589e-14 -7.3728095565276e-15 0.000150015946080979 -1.055751558091435e-11 3.331872276884155e-17 -3.962033742451455e-06 -1.09894482384946e-16 -1.71798492249027e-12 3.681796428391435e-11 -8.8518561360212e-16 2.04430858444058e-05 -6.3821522717836e-16 -9.24408895726455e-12 -3.978308819176285e-11 1.57763514183891e-15 -8.71990716287065e-05 1.08041503016152e-15 4.532989876510475e-12 1.861926936475335e-11 -1.05300872698352e-15 -3.12740680137536e-05 -2.73786401092423e-15 3.86321406465705e-12 2.069209702178225e-17 8.9284023085798e-12 -4.246171927691375e-16 4.90011944257545e-06 -9.72504900593405e-16 4.545810068300155e-12 2.417234961876015e-17 -7.41760249625285e-18 -1.765345238798425e-11 4.9745595450993e-16 -1.86915165659434e-05 1.974964597393445e-15 4.15928201731364e-12 -1.54510110911234e-17 1.589588535069555e-18 1.575522266747585e-12 3.60725901211297e-16 -3.92703990163459e-05 -2.885629347846355e-15 -2.273064327176335e-11 1.259066652154005e-18 -6.62607452856535e-15 7.3791280690441e-18 -3.527450554272055e-11 2.948683053895965e-16 2.856358984992805e-06 2.302925571684495e-16 1.007801676121085e-11 7.96815472223695e-18 -1.10536408949685e-14 -2.70297908302346e-15 -9.23818492847575e-19 3.75513593138394e-11 -7.14696098893995e-16 -2.311391344655155e-05 -9.0111354723788e-16 -1.935051222669295e-11 -9.85237643405375e-18 -2.06930174677463e-15 -4.037855230083845e-25 -6.8149684955033e-15 4.635653658512545e-18 1.132697966582135e-12 3.157450821736525e-16 -5.25324881232125e-06 1.995828970272495e-16 -1.99667512555767e-12 -1.110870915393755e-18 -9.98733423604695e-15 -2.995087521865175e-25 -2.77531144586417e-07 -2.41993934567748e-05 0.00010726739622412 -1.648798398423455e-05 0.0002641016734512645 8.37525351819615e-17 -1.701774119799375e-16 2.484686603053115e-06 -5.7824965842092e-16 3.387497624611305e-16 8.33215919742615e-06 -2.233982074880525e-16 8.3174764499916e-17 7.99514628745415e-05 -6.2326255448301e-15 -6.63024083598435e-16 0.0001505735724667515 -8.97829144624065e-12 2.524716890784055e-15 -8.75645844921275e-07 8.1602638777254e-16 -2.00354665237464e-11 1.00778242883378e-11 -2.758752073007345e-15 1.48417550341129e-06 -8.59107964754855e-16 2.776474683721875e-11 -4.950651913044135e-12 7.7472122443365e-16 -2.33241838079311e-05 5.8959124311442e-16 -6.44201385951515e-11 1.526854072096115e-16 -1.500870201696785e-12 2.88896723929794e-16 -5.2251563162621e-07 5.6208030352473e-16 -2.918626572110055e-12 7.93198480483585e-17 -8.0771831510336e-17 -2.878837506765365e-12 -1.649018357017735e-16 3.081575691165605e-06 -3.38004720473344e-16 1.19452546045979e-11 -4.944230256080955e-17 2.59865994152186e-14 2.206004563232505e-17 -9.4699322000248e-14 1.85526178556693e-16 -8.7068965947595e-08 6.53595675806365e-16 -1.049827095093265e-14 -1.715266270697415e-16 7.7035064898992e-14
-2.74620030809216e-13 -3.548087028806865e-14 1.674106101062545e-13 3.32242085780664e-13 -6.0581331474265e-13 1.196969589624975e-13 -6.2182162800672e-06 -6.8872549703203e-08 1.56926841729815e-14 0.0002500169821027745 -6.2467208864931e-08 2.06559556455585e-14 1.271446631060565e-05 2.53451089889957e-07 -8.9615646860427e-14 0.000207655293996344 -1.32803215062645e-07 4.07283942398824e-14 -2.159628066035095e-05 -3.82155842708675e-08 1.0437766492627e-14 9.01994043371745e-17 -4.61736948467837e-10 -9.86767367821635e-16 1.856009587093255e-06 1.125526080929575e-16 -5.4176942265971e-16 4.972412533079415e-09 1.27790424501124e-15 -6.0147310160096e-06 -5.16012967747105e-16 8.3835128443018e-16 -1.87903144465489e-08 -2.817816130807295e-15 7.2524329438603e-05 9.1808282606499e-16 -3.507712067034085e-16 1.969479999290755e-08 -1.180640311238555e-15 0.0003621676434712315 -4.12653773138149e-16 3.45613629256477e-11 -8.1908683547523e-16 -1.043081004340805e-08 -4.971803728050245e-16 4.144632413568925e-05 -9.80391909983325e-16 6.8198672710882e-11 -4.11724378152265e-11 1.255162827878865e-15 1.586906280663195e-08 -4.097758488842555e-16 -0.0001339562618450665 1.36044818548367e-15 -5.0239592285781e-11 -2.33592397420754e-11 -6.67024879560755e-16 -5.62020269702125e-09 4.58667604471236e-16 0.0003739633370430955 -6.0062937888525e-16 2.39927200125321e-11 -2.765810764039175e-21 2.12977556152226e-11 3.070778074943565e-16 9.94090872969475e-10 2.63371816318947e-16 -4.158055816932455e-05 2.273498700058575e-16 5.4922941004695e-12 5.9783218212183e-20 4.26313861682356e-21 -9.66378822135195e-11 -2.60799089555716e-16 -2.29615391074035e-09 -5.48469655848815e-16 0.0001520302941308225 -7.89200549624055e-17 2.361405287028245e-11 -8.2716790124461e-20 -3.42857122825383e-19 2.06344275385833e-21 -2.36966181900195e-11 2.14013870099514e-17 2.14721971540052e-09 -9.1861918037192e-16 2.271109273131425e-05 8.2455638245872e-17 2.437543000272275e-12 -1.71908698826869e-20 3.491145519884345e-21 -2.62692222664903e-16 5.41586713635145e-16 -1.973302384174455e-13 3.73365874063795e-15 -1.188775666306795e-14 -3.316652301210965e-06 4.58851953389846e-11 -6.1367567689772e-15 7.31483175117565e-05 8.1942055606537e-10 8.45048255394145e-15 7.31540782333765e-05 3.57552613754349e-10 -6.2326255448301e-15 0.001023267506625155 3.359460356037215e-11 2.633822777681765e-15 4.18897747359719e-16 -2.858260310275055e-10 -4.619510670949335e-16 -5.31913017299245e-06 -4.85297406217696e-17 -4.54220497780357e-16 5.1846926343637e-10 7.66986123150495e-16 1.828621083428375e-05 -6.30318542138715e-17 3.085552665826255e-16 -3.984311861276285e-09 -1.026798878370895e-15 -9.2897318485914e-05 1.398693518218625e-16 2.953308790571785e-12 -8.9274739915836e-16 2.326419461943985e-10 2.602493913520365e-15 -1.02105661252243e-06 -1.348183373512185e-15 -4.146214489015785e-13 -1.801601406294095e-12 3.621100199643865e-16 6.6723744143286e-10 -9.2748794970911e-16 6.2887915394554e-06 5.77439221132005e-16 -7.6747316021984e-13 -1.459242292185665e-17 -3.022986073857165e-13 -2.22756731824261e-15 -2.87650616153241e-12 7.14153851916655e-15 -1.25830184405851e-07 -3.128356865501785e-15 6.8149713292402e-13 3.69042401561336e-16
-6.250602076321e-14 -8.58851016054015e-15 4.06096628042958e-14 7.89908226863495e-14 -1.11094583486641e-13 3.277224129280265e-14 6.73234535986305e-08 -6.22063158138215e-06 7.93836758762065e-15 5.97433179879875e-08 0.0002500121411132275 1.350429360293805e-14 -2.459342167820725e-07 1.27278913039504e-05 -3.355564110616765e-14 1.292156008029185e-07 0.000207649321191177 2.02616598349806e-14 3.817372005715045e-08 -2.159792934837175e-05 6.1273459367966e-15 5.44517211722955e-17 1.8560885225717e-06 1.129217999419605e-16 6.4756145475311e-10 -4.91807616702462e-17 -1.889747621165245e-16 -6.01480435109275e-06 -6.00640969904e-16 -5.27977074191945e-09 2.97312916455793e-16 3.05451246277308e-16 7.2524461498302e-05 -3.76382053650138e-16 1.912349158557005e-08 -4.918400047351875e-16 -1.349746858743055e-16 0.000362167346611718 3.879390390962815e-15 -2.01850150976143e-08 2.13139105278349e-16 -5.90402302536825e-11 -2.20454134260839e-16 4.14463837627113e-05 4.45089119414162e-15 1.04505171624019e-08 5.5272030979369e-16 4.15116146742343e-11 3.73130983193043e-11 3.373516261323795e-16 -0.000133956397930635 -9.5522968035051e-15 -1.580623339838315e-08 -7.98578535360035e-16 -5.0726066332955e-11 -1.17314748039239e-11 -1.543535125505655e-16 0.0003739634356983895 6.9464556491412e-15 5.54334622788285e-09 3.90622703164699e-16 -1.300673709124555e-11 -1.52274283165075e-20 -1.661936862108075e-11 6.6217296580465e-17 -4.158056156733155e-05 -8.98711400276905e-16 -9.62208262441985e-10 -1.674847916408725e-16 3.38070259914642e-12 -4.704270060999495e-20 2.13504278695069e-20 2.769807138842795e-11 -2.259788715657845e-17 0.0001520303392908795 1.713977927683035e-15 2.316519221208665e-09 1.09241333972441e-16 -1.95931758555662e-11 6.6413693239921e-20 2.430092153725465e-19 4.841699078390675e-21 3.025948301010175e-12 2.60313721157426e-17 2.271109146260355e-05 6.2237534358982e-17 -2.147938956050285e-09 -3.19259518293029e-17 -2.77989938088131e-11 1.43969077054509e-20 2.39677593154194e-19 7.07864504109425e-15 3.793005834807845e-15 -5.1818156816352e-14 1.387965327517855e-14 6.59815353343055e-15 6.4123746206101e-12 -3.316690196479645e-06 -3.67210821179329e-16 -7.82586667970465e-10 7.3148299985686e-05 6.54351188940275e-16 -3.83514049117968e-10 7.31540715184175e-05 -6.63024083598435e-16 3.359460378473285e-11 0.00102326747478511 7.2781201940871e-16 7.03854080794835e-17 -5.31914477281015e-06 8.11683131780405e-16 3.023735999009625e-10 -5.73625640398795e-17 -1.261351134449855e-16 1.82862070054128e-05 -1.02251254020698e-15 -4.79327748971957e-10 9.01174908023875e-17 8.7848744851293e-17 -9.2897322961793e-05 7.385614923996e-16 3.963317819951435e-09 -1.046530243205705e-16 4.6832964456685e-13 -3.34952350265114e-16 -1.02105591518493e-06 5.0240918417726e-15 -2.45701643144885e-10 7.18754957480235e-16 1.739926528269525e-12 -9.57211405235505e-13 1.376495962783835e-16 6.2887785493722e-06 -2.80795353610845e-15 -6.69486128779765e-10 -3.155372524113195e-16 -2.14641763192355e-12 -9.84776432207745e-17 -1.924578189458725e-13 -8.79378028093005e-16 -1.25828282841069e-07 6.605210993012e-16 1.04619079159082e-11 1.465377770604655e-15 -2.553296348788625e-13 -3.01766885311675e-16
-0.0001995303268742555 3.548392562581095e-05 1.995516385409345e-05 -0.000283514368303382 -0.00315851324380549 0.000310439099229169 2.21148600532452e-14 2.41333550304787e-14 -0.00053963503476701 3.19609354817143e-14 3.56184161408044e-14 -0.001481893093573375 -1.04192042474846e-13 -1.11728794118176e-13 0.001678234983749305 5.0825039944573e-14 5.17311236258225e-14 -0.00109375456041863 1.55093260248518e-14 1.77501477729415e-14 -0.000298781000420642 9.52807978399845e-12 1.20185688196683e-16 -4.84335442822556e-06 2.55941662850376e-16 1.75789084667924e-11 2.31536276095469e-11 6.5837183542721e-17 2.055604190461905e-05 -4.452669011739635e-16 -3.208170213833725e-11 -1.763654268620955e-10 7.2919028504703e-16 -0.000311728059756317 8.0388939542049e-16 3.66200334677035e-11 2.008525556895435e-10 -3.271385631349405e-17 -0.0002861083466339775 7.3232851413195e-16 1.051636549540895e-11 5.8347594969867e-18 5.72978534102925e-11 -2.531581848403315e-15 1.35262286471741e-06 -2.67000384776904e-16 2.566601844080205e-11 -6.40848625146955e-18 1.259341500374215e-17 -6.20063811959235e-11 2.35293070239299e-15 -5.40941795586625e-05 3.536034163411755e-16 -4.612624727299655e-11 2.34299886384319e-17 -1.009556249586625e-17 -3.9032175645141e-11 8.3100266029718e-16 -0.000162792404018663 6.65139467640775e-16 2.46203540561547e-11 -3.241843817121255e-18 -3.00646555215524e-13 7.95470589101245e-18 -6.0267846354169e-11 -5.79786401215975e-16 -2.838878379007455e-06 -2.709571340447e-16 1.574156541636705e-11 1.874759952774855e-18 -5.02582244623435e-13 -1.22345828647545e-13 2.86650967239677e-18 8.07760139707675e-11 4.387767072237165e-16 -5.6199289335299e-05 1.111960287127035e-15 -1.59240210195908e-11 1.623879600222625e-17 -9.3242019138336e-14 1.34291882766772e-24 -3.08992824401287e-13 8.16413930763715e-18 1.50255188617002e-11 9.75925905607115e-16 -8.69629979170915e-06 -6.7144016114954e-16 2.047274561261e-11 1.654472643082985e-17 -4.53460003647645e-13 -3.558656895727835e-24 2.99984080557754e-05 0.000151037740202728 -0.000909992735190765 -0.0001063049384707005 0.0002540246258431585 1.493421682711745e-15 -7.2561876233555e-16 4.088135044638365e-06 -1.61158613793954e-15 8.76681775720955e-16 3.290666784233055e-05 1.259765679914935e-15 -4.07003563039253e-16 0.0001505735724667515 2.63382277768176e-15 7.2781201940871e-16 0.00069910944261241 -1.56946725746303e-11 5.8203140302552e-15 -4.28030568512145e-06 1.6722850414143e-15 -2.175534451176295e-11 3.602799847464145e-11 -6.6158904015832e-15 1.417145568665875e-05 -1.85973175318166e-15 3.8849939154884e-11 -5.6251127757879e-11 3.40163524716242e-15 -7.961825535951e-05 8.86740882820815e-16 2.688164467768945e-11 2.167555755604265e-16 -4.575659875943285e-13 -4.466539248709265e-16 -8.86828602058615e-07 -3.63405031713946e-16 -6.50292696171545e-12 2.844678312339075e-16 -1.22425610971455e-16 1.94214326847465e-11 -6.26234524142195e-17 5.88470968559445e-06 7.65630467167e-17 -8.49314999225115e-13 -1.493590348841315e-16 -2.15873782029422e-13 -8.5301902126346e-17 -4.436240867407235e-13 -8.13018847019895e-16 -1.08401043033142e-07 -1.31578571917396e-15 2.106593260496275e-12 9.3849568180253e-17 -2.86763234438151e-13
2.928704576632335e-10 -5.84283488547855e-12 -2.092120787177695e-11 -3.54492556077792e-11 2.312609407301435e-10 -2.509143794780365e-11 6.8855822822484e-16 1.28948677380361e-15 2.19295684472256e-10 8.48338027773525e-16 1.56105194075878e-15 6.1071396084339e-10 -2.964579243578165e-15 -4.96036379435141e-15 -1.583372915612635e-09 1.532921604532225e-15 2.38257797470578e-15 7.05829840268035e-10 4.18120924825906e-16 7.26528515060085e-16 2.55229674274339e-10 1.08044374969682e-08 1.529151347692045e-17 -8.40851052988445e-12 1.68359282144753e-17 -1.115596034520675e-09 -4.46817565364369e-08 2.871712640809135e-17 -3.29599355122959e-12 2.88715697812572e-18 6.33428376958635e-10 9.8600682064397e-08 4.469969310838755e-17 4.0109579556459e-12 -7.5408247874651e-17 -1.956551614895915e-10 1.54365983773081e-07 5.10215278464375e-18 1.02773442325978e-11 1.5742642632249e-16 1.046981810260625e-10 -5.69479415847785e-18 2.64832213267636e-08 -5.67137503895715e-18 8.59347368138355e-12 3.04429315439973e-17 -1.463780329946005e-09 7.8308672175756e-18 3.72054793047206e-18 -1.248107894353585e-07 1.73607590691033e-17 -1.29522373382735e-11 -1.08171841087555e-16 1.563701966841665e-09 -7.6681419987243e-18 -3.353858647368875e-18 3.8784580958434e-07 1.718380804007755e-17 1.53502476183381e-11 1.8058033281371e-16 -1.053380948639255e-09 6.1185108170325e-18 1.388185457734445e-14 -2.441619771056735e-18 -1.168906162017705e-07 -1.518653552389705e-18 -1.272528744236985e-12 -2.31554472323246e-17 1.51561031758788e-10 1.38425548357634e-18 5.8017455196451e-15 7.32484240168355e-15 4.063402827912615e-19 3.320992936452945e-07 1.6690754159836e-18 6.82920807041585e-12 6.8868342857361e-17 1.011993224837465e-10 -3.62556070042849e-19 -1.589648171728405e-14 5.48684054406495e-23 1.625868596423145e-14 6.13134247819685e-19 7.77829431190155e-08 1.833018453149965e-17 2.26977088531562e-12 -9.1299218617605e-18 -6.8875531003172e-11 -5.0166194809051e-19 -1.02188250071511e-14 1.014655469872925e-23 -4.251998887194715e-12 -1.48463690903052e-11 -3.28424309092798e-10 -2.062236486296345e-11 1.584697114179385e-11 5.0317893444715e-17 -9.03439432246475e-18 2.825222494268375e-13 -3.658370068776435e-17 4.20413650257961e-18 4.23260210573227e-12 5.71677948219285e-17 -2.271422153862415e-17 -8.97829144624065e-12 4.188977473597195e-16 7.0385408079484e-17 -1.56946725746303e-11 1.89788148247029e-07 9.3315207647323e-18 -2.177863497063865e-12 3.60776731056613e-18 5.85920677280485e-13 -1.9169540540145e-07 5.43381199303245e-18 1.561281548896095e-13 -7.9541558305588e-18 -3.33015384175921e-11 1.08418816718882e-06 -1.14656668929663e-17 2.774295839042445e-13 4.771733580685335e-18 -8.5944957595257e-11 3.9327552920894e-19 1.32407326240437e-08 4.894652137682715e-18 -5.56029781399195e-13 -2.182365896103175e-18 -8.5982851203796e-11 -8.9660423535196e-19 2.102987625083335e-19 -9.52018606200095e-08 -2.718659722037345e-18 -3.560401616475035e-13 -5.4520177236358e-19 5.5389303946915e-11 2.51203185321391e-18 -1.381750964431885e-15 1.01896503137354e-18 2.31865476744183e-09 8.2128550763593e-18 3.32753750001825e-13 -1.271943996646395e-17 -2.09783564712219e-10 -1.69863672473338e-18 5.2154382748293e-16
2.924527633161085e-13 2.932335723130045e-14 -1.47014638071333e-13 -2.877516922888215e-13 4.365425740663815e-13 -1.00391520469412e-13 5.1739051621511e-09 -5.18438124159395e-06 4.065227599759085e-14 8.24146050188485e-09 -9.833876591545e-06 7.03249887581345e-14 -2.65568740660694e-08 2.485294081835005e-05 -2.559659939870795e-13 1.251966102961215e-08 -1.264515191167245e-05 1.11441321360459e-13 3.801689567609775e-09 -3.572006434869795e-06 3.843434950857725e-14 2.610712912711375e-18 -5.95273890441295e-08 -6.8163262112015e-16 3.52157124103472e-10 1.87451616575179e-17 -6.9731216322667e-18 2.830895445749745e-07 1.99891228952639e-15 -5.68388628165715e-10 -1.052470693141625e-17 1.009020184764745e-17 -1.1626244470868e-06 -7.16810407585475e-15 8.3729666947525e-11 2.99739537193663e-17 -2.407265541692625e-18 -1.87468592218905e-06 -5.53551050640945e-15 -5.6028281584058e-11 -1.095434382982985e-17 1.1180504537512e-11 -8.63253661688005e-18 -3.818034749971575e-08 -1.69837882873784e-15 2.90230747643768e-10 8.9303068525193e-19 -3.96028819045039e-11 -7.08710299720315e-12 1.50227252237316e-17 2.36432830092538e-07 4.75977212917579e-15 -2.079009536148795e-10 1.22352185467677e-17 3.17701355301261e-11 1.650524800481015e-12 -1.01559858857342e-17 -2.133759035194655e-06 -8.24960148048845e-15 8.0486393900327e-11 -2.36290533047521e-18 -1.068938961882885e-11 -1.285195053178335e-21 2.84518383374555e-12 6.0767441540075e-18 2.800931261390045e-07 1.30654879751259e-15 1.795711319873995e-11 1.121873519128865e-17 -9.3847323780124e-12 -7.9918322771868e-22 1.753536754817425e-21 -1.628083047354935e-12 -7.6432344402184e-18 -1.196756924051335e-06 -3.46645203048992e-15 -4.12061243490565e-11 -8.42247444428775e-18 1.035632462988085e-11 1.054078952923685e-21 7.47801656230605e-19 4.05171687172856e-22 3.584279944502415e-14 -1.102892636826885e-18 -2.50509792398656e-07 -7.63316652245825e-17 -3.380608910468185e-11 -3.30296277904877e-18 1.85008714623009e-12 1.3910777563678e-22 -6.68217046298595e-19 -1.97034475697032e-16 2.973367043857415e-15 2.10253248422446e-13 -2.908438707974905e-15 2.818453640955035e-15 2.217311337190855e-12 4.64830882384072e-09 -2.100877037972375e-17 -2.49082465709241e-11 -3.70280358559157e-07 7.99345586435915e-16 8.067041551922e-12 -3.31056827941141e-07 2.52471689078405e-15 -2.858260310293345e-10 -5.31914477281015e-06 5.8203140302552e-15 9.33152076473235e-18 2.080502784496635e-07 -5.1998243355303e-16 -1.98233375315582e-13 2.888311089293185e-18 -1.24533032821816e-17 -2.601500448576805e-07 8.7876101542079e-16 1.861199669271165e-11 5.56536879504605e-18 -7.0278711933641e-18 1.41153285707819e-06 -8.97181791197335e-16 -2.94856775884778e-11 -5.46462392794735e-18 7.7804613540454e-12 -1.452158745319175e-17 1.627954417572795e-08 -4.620682026948305e-17 -3.74222754726279e-12 -1.81495603739708e-17 -6.07687141663565e-12 -5.75053559127045e-12 7.91692161676475e-18 -1.20722939045682e-07 1.774995913158495e-16 -3.534937557557535e-12 9.78686952991195e-18 1.75499750770203e-12 -7.59672307665585e-18 -1.58235629660901e-12 -3.79925705921111e-17 2.895677648877e-09 1.03066630751923e-16 -1.716601017086995e-12 -4.89624150079678e-17 5.0758735230499e-13 -4.99952233881748e-18
1.85303378170062e-05 4.917948540438875e-06 -1.761358808891275e-05 -3.431306030432655e-05 8.90504758179105e-05 -1.53096854536695e-05 5.51983409152195e-14 6.3350358282654e-14 8.67935288807595e-06 8.4016915047993e-14 8.70533103494005e-14 1.6771354274036e-05 -2.701712114188745e-13 -2.743715833231435e-13 -3.053606079180635e-05 1.269056948006315e-13 1.27774445975487e-13 1.59286245746286e-05 3.957543615523445e-14 4.13993390682564e-14 5.4935164658687e-06 -4.264717852417525e-13 5.112689189011e-16 -7.11772588919265e-08 -1.271935451799085e-16 1.52121404166911e-12 1.606769587481315e-13 1.104304236652655e-15 1.14069008376289e-07 2.902844538577075e-16 -1.173018938648725e-12 1.0503244808937e-12 5.18598492754825e-16 2.542699485841515e-06 -5.76934340990515e-16 -4.95797479162955e-13 -1.573973210794375e-12 -8.07490738385685e-16 1.296457367419635e-06 -4.3603565400627e-16 1.64978864011993e-12 1.877566318917685e-17 -1.486738025038865e-12 -1.871424349802095e-16 -1.674015935019765e-07 -2.283957062304325e-16 7.73674892152405e-12 2.968220467285965e-17 -1.79786783560137e-17 1.55984784388074e-12 2.095684745876155e-16 1.153307728476845e-06 4.362339058515735e-16 -8.47391006202975e-12 -2.294104912900365e-17 1.301293988698695e-17 3.89309760084225e-14 5.8164794670644e-16 3.65857800238716e-07 -3.668060545211365e-16 4.12709228872501e-12 1.585246835530835e-17 9.3236078795424e-16 1.841768129876105e-18 3.120381727508125e-13 2.22437845570981e-16 1.51076195861706e-07 6.5296818254698e-17 1.263332066171295e-12 9.0069029720341e-18 1.565133169562625e-15 3.800682303517425e-16 -1.27505082011612e-18 -4.941656052182575e-14 -8.4553644577238e-16 3.251688968986085e-07 -1.004554642174085e-16 -2.61081901710281e-12 -4.75003781285764e-18 2.900736139366905e-16 -1.30532921453523e-24 9.58637460304875e-16 -4.696199742560325e-19 3.67862803477437e-13 5.8489322887965e-16 1.20378874220761e-07 7.9361139296826e-17 -1.47707854044335e-12 -2.15282509704684e-18 1.411850530596135e-15 3.89209869712238e-24 -3.22678468108904e-07 -1.161940130165655e-06 3.10478139476602e-05 -3.633691248379725e-07 9.60162464980355e-07 3.042543726166835e-16 2.350569158260795e-16 -3.857434599392505e-08 -6.88758223482555e-16 -3.811416299876955e-16 -1.972271673894945e-07 -1.52578964174909e-16 2.969100813940575e-17 -8.75645844921275e-07 -4.619510670949355e-16 8.1168313178041e-16 -4.28030568512146e-06 -2.177863497063865e-12 -5.1998243355303e-16 2.05405556251219e-07 -8.0663209609561e-17 -5.56587453920875e-12 2.370868295902935e-12 8.49988648922465e-16 -2.506090155194365e-07 6.3584563966039e-17 5.48440393508865e-12 -1.12696311242478e-12 -1.2016450197315e-15 1.363405017339695e-06 -2.74201038707155e-16 -2.769965743608915e-12 -7.85066356464505e-18 1.97341711322431e-13 -3.46610297791316e-17 1.36863161752102e-08 -1.6657501589584e-17 -1.77319863363677e-12 -2.03961135012218e-17 9.35010116602025e-18 -4.1206659999532e-13 -5.5876041690148e-18 -1.127808206907265e-07 3.65000340363067e-17 6.86545890188545e-13 8.04165633655395e-18 7.71219643669425e-16 1.523640120136305e-17 -2.176128287148115e-14 4.315393289788855e-17 2.539647659813085e-09 3.480789708830545e-17 -1.455424967729595e-13 -1.93719845214519e-17 3.29988003940324e-15
1.08961620310492e-13 1.12261869980245e-14 -5.3923933543439e-14 -1.04706998383923e-13 1.561610711791695e-13 -3.75726879247904e-14 -5.1846657104248e-06 -4.825912950024105e-09 9.15609923462985e-15 -9.83446514707985e-06 -7.62771929052525e-09 1.6688765880859e-14 2.485460736537815e-05 2.475331150764415e-08 -6.3745579582996e-14 -1.264589018104055e-05 -1.16822755692464e-08 2.629488063604055e-14 -3.57226087818522e-06 -3.53881929199073e-09 9.45700124886225e-15 -4.883288844201555e-20 -4.05700136120297e-10 -1.07602812238349e-16 -5.95494898795635e-08 -2.88794558430556e-18 2.85401130375888e-18 6.2383107898831e-10 5.4312709607151e-16 2.831166343183875e-07 -2.4298935256876e-18 -1.316410776355395e-17 -9.96804746197885e-11 -1.93967216640469e-15 -1.162650837105745e-06 -1.09741615768686e-17 -1.623277170295215e-18 6.76765335679675e-11 -2.054053386471605e-15 -1.87467169469803e-06 -2.190640120451655e-18 -5.45284169488115e-11 7.2546207995132e-21 -2.979576594149285e-10 -4.635667644970005e-16 -3.818442676129435e-08 -1.62398051852766e-17 -3.21290829666493e-11 4.40049659223574e-11 -2.114655297855395e-18 2.22162837481389e-10 1.378014818164405e-15 2.36428935700982e-07 1.52158890975572e-17 2.36201962730062e-11 -1.454389494238275e-11 -8.21262771987185e-18 -8.4489813954537e-11 -2.419277866492555e-15 -2.13375188127404e-06 -1.912545462027155e-17 -7.1186712468656e-12 -1.984521733748825e-22 -1.264796088898515e-11 -2.778334649549965e-18 -1.50911308590243e-11 3.599958931517335e-16 2.80095141956865e-07 3.06829140913629e-19 -7.68277352335445e-12 8.9376892666612e-24 2.48987365965362e-22 1.4848173783276e-11 -2.08231195969762e-18 4.11182117481881e-11 -9.3590405537861e-16 -1.196758975719535e-06 -8.13053345752485e-18 6.430460201025e-12 -1.046621018469055e-22 -7.52841903160415e-19 5.7532286490097e-23 2.35740177981355e-12 1.03085636472454e-19 3.60518562014491e-11 1.75376308416492e-17 -2.505058722352665e-07 -6.2321732635217e-19 6.820963179461e-13 -3.85643307184647e-23 -1.11732525561877e-18 5.3409601629916e-17 1.432191320459345e-15 7.0067910023998e-14 -5.8263123019462e-16 -9.77339122878875e-16 4.648121521633925e-09 -5.85838364964975e-13 2.80343059837293e-17 -3.702761279928575e-07 3.2554309271734e-11 1.53190773024424e-16 -3.310563701471345e-07 8.41825673510945e-15 8.1602638777254e-16 -5.31913017299245e-06 3.02373599901654e-10 1.6722850414143e-15 3.607767310566115e-18 -1.98233375339652e-13 -8.0663209609561e-17 2.08051339748603e-07 5.5693635617996e-19 -1.25425796919687e-17 -1.556639372863995e-11 1.39398816020827e-16 -2.601496657455895e-07 7.14349349984375e-19 -1.751641363501475e-18 2.42443143043073e-11 -1.358484643719145e-16 1.4115387561913e-06 -3.969603182196115e-18 -1.162734276047375e-11 -1.53387305348252e-18 2.63263633659009e-12 -3.961256121384945e-18 1.627904211669985e-08 -1.74953104581165e-17 -1.20571914486972e-11 3.30869201314674e-12 3.47790806469748e-18 5.9497612847498e-12 4.29864114940059e-17 -1.207231621476945e-07 8.2050155284806e-18 7.9098410485036e-12 -1.66565637302142e-18 1.451278212945295e-12 -4.709980907376345e-18 2.26342214310606e-12 1.052323889415835e-17 2.89551313906315e-09 -4.430379927497145e-17 2.162807627654905e-12 1.11918954987952e-18
2.809559979393445e-10 2.605234340289045e-11 1.83541895160007e-11 1.220628170512175e-10 6.97601188885735e-10 -1.486023440747715e-11 9.037972707449e-17 1.21361242057191e-15 -5.79127393131275e-10 1.0201909824181e-16 1.858880587053455e-15 -1.08919851377824e-09 -4.564632728307605e-16 -5.67346851852005e-15 3.72933054113278e-09 2.278017137492725e-16 2.607819941044825e-15 -1.61100904533466e-09 5.24437198840695e-17 8.57402306370445e-16 -5.49393636092955e-10 1.622753827556225e-09 -1.45782732305808e-18 1.69318957084661e-11 2.4153838712772e-20 1.05522355840108e-08 -1.16072002525034e-09 1.391689562867135e-17 -1.97236720168085e-11 -7.6398498880255e-18 -4.446315358453025e-08 5.3201240457851e-10 4.905570066456905e-17 7.230014811339e-11 2.62758816608746e-18 9.84473251594495e-08 -2.382222951025405e-10 -4.11526525745466e-17 5.5799372885157e-11 -2.755753195533845e-17 1.54423640098328e-07 1.753838890189525e-18 1.44886103639955e-09 -1.233774978867655e-17 4.065420326462085e-12 -4.075307891742325e-18 2.64775076394236e-08 2.944040900540915e-17 -5.61037787642385e-18 -1.570350426064705e-09 3.47412054678071e-17 -1.74973608084348e-11 1.859009086397845e-17 -1.248052607106465e-07 -2.554688714014685e-17 3.78662157969612e-18 1.076617860032195e-09 -2.372671676593415e-17 5.62272413991525e-11 -3.815932270596585e-17 3.878358310924765e-07 1.912598854636345e-17 5.9695519229696e-14 -2.680315513745085e-18 -1.50201058791973e-10 6.5102010506148e-18 -1.4113913192749e-11 3.33217948374008e-18 -1.168898046590875e-07 8.3681380181082e-18 -4.553672839401755e-14 2.721247849544855e-14 1.310748925400625e-19 -1.06492666977283e-10 -1.514658282726255e-17 3.301307533228005e-11 -1.100920939254415e-17 3.321005512114325e-07 -3.9786155660074e-18 -1.70744670939389e-14 2.582079800390995e-23 6.94456894454895e-14 4.589643272396455e-19 6.68687858297715e-11 1.679346105825795e-17 5.4430978012473e-12 -1.043459000900905e-18 7.7780250467287e-08 -3.45151682461588e-18 -4.638090764043445e-14 3.34570882990964e-23 -9.2743955887799e-12 -3.221729754361195e-11 -8.88797328389375e-10 -4.873080381870015e-11 1.29400860444847e-10 -2.38088846539675e-17 1.11288546998225e-18 -4.695209830040245e-14 2.167936909588895e-17 -5.27292718268405e-18 -4.12358082114926e-12 -3.143821930062365e-17 -9.87432302777405e-18 -2.003546652374645e-11 -4.852974062176955e-17 -5.7362564039879e-17 -2.175534451176305e-11 5.85920677275745e-13 2.888311089293195e-18 -5.56587453920875e-12 5.5693635617996e-19 1.8978784622854e-07 3.52666896222234e-11 5.3420734461753e-18 7.18597638199825e-12 8.4286384014093e-19 -1.916997393551435e-07 8.57763347210405e-11 -2.643656620837325e-17 -1.69895227253709e-12 1.09271612438451e-17 1.08419042818067e-06 1.03874288559849e-19 8.7744141911118e-11 -5.6936769740921e-19 -2.32053122863588e-12 7.65594785556645e-18 1.324063635809535e-08 -1.389603593533835e-18 4.563694027520635e-18 -5.47589156887745e-11 1.93577431825484e-18 1.389765598378415e-12 -3.4115484973919e-18 -9.52008990011815e-08 4.153996662413515e-18 -5.8782905846643e-16 1.3731995523488e-18 2.094177631130215e-10 7.8024847046194e-19 1.103667164568205e-12 1.868548168828305e-17 2.319287600917705e-09 -2.426452759885185e-18 -1.205885088688835e-15
-7.21982293654075e-10 2.819365009484025e-12 9.2795340828416e-11 1.592303122481385e-10 -7.5332941310071e-10 8.248748640941e-11 -1.03499452847372e-15 -1.072536771445555e-15 -1.587211355990065e-10 -1.294918119548005e-15 -1.09432608845552e-15 -4.713701594888525e-10 4.43986358453145e-15 3.6837311396193e-15 1.085822178459695e-09 -2.269077110694755e-15 -1.87678498179554e-15 -5.1676667893994e-10 -6.3355623251864e-16 -4.90213313470905e-16 -1.87389264604657e-10 -3.19280157646623e-08 -1.70074166741502e-17 -7.02315152422165e-12 -5.7359488108153e-18 3.067324053138025e-09 1.444807915951155e-07 -3.393693771933255e-17 1.069287299982565e-11 -7.7575639117915e-17 -2.287111720464365e-09 -3.42128987017647e-07 -2.8730545875901e-17 -1.459719906482175e-11 1.98619223436967e-16 7.2571992109976e-10 -4.4035572736742e-07 -2.748287516091735e-17 -2.12231317351046e-11 -2.65406331140871e-16 -7.3545981063258e-11 5.4632107093293e-18 -5.3507356401421e-08 5.72189444169025e-18 -1.047829060480955e-11 -2.610959946142895e-17 2.89446435557347e-09 -7.82216554726085e-18 -3.198452723240515e-18 2.97701533594819e-07 -2.46568471947175e-17 1.49636234194865e-11 1.51844118282677e-16 -3.147023024893835e-09 7.6461285034903e-18 3.42740275124111e-18 -1.11795361368003e-06 3.9023916631967e-18 -2.174596255174865e-11 -2.735544938212785e-16 2.373619553500865e-09 -6.88580749526345e-18 -2.97142873960912e-14 2.525220437227545e-18 3.37563950242515e-07 1.078831143266495e-17 -1.409621007884125e-13 4.88340693139909e-17 -2.578049609499765e-10 -1.24115151390333e-18 -6.20399183812495e-14 -2.10258365775779e-14 -2.583133572608545e-20 -9.91095597994795e-07 -2.498524548076895e-17 -9.78190302805345e-12 -1.267040074858795e-16 -1.37967548676891e-10 -4.486136651984785e-19 8.05738905716665e-14 -6.03749525697195e-23 -3.701097451234545e-14 -3.97800787331736e-19 -2.36570102818041e-07 -1.3695027979053e-17 -3.76577736369823e-12 2.90756919689856e-17 3.27903758669468e-10 1.54230890208763e-19 2.96950845231216e-14 -2.059343893049115e-23 8.8188124982716e-12 2.915858807891725e-11 3.775612000561585e-10 2.69287554780397e-11 -8.1378901404981e-11 -2.67965480075924e-16 6.86377819477875e-17 -1.677079003576805e-12 3.301920953172995e-16 -8.5146070209651e-17 -1.746291601946805e-12 -2.95738427113109e-16 8.53454701465635e-17 1.00778242883378e-11 -4.542204977803575e-16 -1.26135113444986e-16 3.60279984746414e-11 -1.9169540540145e-07 -1.245330328218155e-17 2.37086829590294e-12 -1.25425796919687e-17 3.52666896222158e-11 1.763563403725405e-06 -3.870183382920265e-18 -1.2562388570226e-12 3.461322350864165e-17 -9.6212115519443e-12 -2.366305020113135e-06 -7.74058475016965e-18 -4.2476076938191e-14 -3.593951142932985e-17 5.3301523129952e-10 1.92814409101491e-18 -7.8411279641147e-08 -2.829477240758095e-17 1.406906161995435e-12 7.5495224054437e-17 1.673860944955915e-10 -8.519907645522e-19 -1.338221764235305e-18 1.81423192037148e-07 1.607925600292415e-17 4.70774287520601e-14 -2.702823458699955e-17 -1.127408482114405e-10 -2.28516004585763e-18 -2.382311456622915e-15 4.2997791459635e-18 1.081057808528415e-09 -4.58272092545738e-17 -5.85203227879435e-13 1.91469301838718e-16 3.5958285895111e-10 -1.11491045330629e-17 3.222954387326115e-15
-3.24724778234483e-13 -3.41444523064592e-14 1.71523931992329e-13 3.332576338587055e-13 -4.887173884000535e-13 1.180169857656745e-13 -1.49735027725603e-08 1.79144038185569e-05 -4.28131859326047e-14 -2.281445122711165e-08 3.35884370777005e-05 -7.42876088642075e-14 6.96026084880295e-08 -8.5479264520605e-05 2.79271684458084e-13 -3.27072202190362e-08 4.36646528835738e-05 -1.19079748069088e-13 -1.002006185839155e-08 1.226370191700375e-05 -4.12480187219417e-14 -2.802187884990835e-18 1.693968094471965e-07 7.92234510795175e-16 5.5199303335764e-10 -1.540849907706445e-17 8.07771727883575e-18 -8.0444450829759e-07 -2.23145692989797e-15 1.20652968612643e-09 7.14982913398275e-18 -9.3042445232066e-18 3.64691464496073e-06 8.0672267024059e-15 5.9789691961707e-10 -3.121193743570935e-17 4.60152168372218e-18 6.611567826843e-06 7.29747259141505e-15 -5.9795145928711e-10 9.2390411580216e-18 -1.782288374754145e-11 1.924987667730685e-17 2.405540680022045e-07 2.132476193450835e-15 3.18456823309853e-10 3.282151637478815e-18 1.767968203890635e-11 1.120620198652445e-11 -2.681025960524785e-17 -1.06319091096315e-06 -5.7039037087251e-15 -8.1601804603126e-11 -1.584412456690185e-17 -1.43611969492457e-11 1.45785426490615e-12 2.008204398398745e-17 7.3814130852449e-06 9.5996533357958e-15 -5.43310080463025e-11 -5.10734665152905e-19 5.38428500975055e-12 8.2280200676705e-22 -6.44223344009925e-12 -7.0336963455568e-18 -9.3243667552647e-07 -1.497698963926675e-15 1.609870522525675e-10 -9.8274438507914e-18 7.3055266752034e-12 1.362986943818255e-23 -1.111091459300095e-21 7.8707038184662e-12 1.182030871847945e-17 3.967027935644925e-06 3.931685815076525e-15 1.39466969240292e-10 4.706135129943375e-18 -9.0416132131655e-12 7.6335721048063e-23 -7.7503369819159e-19 -2.396148234072045e-22 1.28224733945689e-12 2.142684716049135e-18 8.05760276101335e-07 6.84965402964655e-17 1.45709904988098e-10 2.9170990288079e-18 -3.23513129852089e-12 1.017438699781735e-22 8.67528499506695e-19 -8.43938098388955e-17 -4.2960561713439e-15 -2.122030407108835e-13 1.48607821859605e-15 2.028349223544735e-15 1.91310531209106e-11 -5.27293279464555e-08 5.9397443361101e-17 -7.0800727015045e-12 9.783725345443e-07 -9.1477003720582e-16 -2.051562926768925e-10 7.3715036238985e-08 -2.758752073007345e-15 5.18469263431345e-10 1.82862070054128e-05 -6.61589040158325e-15 5.43381199303245e-18 -2.601500448576805e-07 8.49988648922465e-16 -1.556639372860195e-11 5.3420734461753e-18 -3.870183382920245e-18 2.083615017546485e-06 -1.27594241723604e-15 1.166070876763535e-12 -2.13785170403082e-17 1.49097314302158e-17 -3.49534493936454e-06 1.14757847441276e-15 -2.594936075640105e-10 1.04698556108507e-17 -9.80678779498005e-12 2.391431567740195e-17 -9.96872106758365e-08 1.50856815996591e-16 -2.11792266215596e-11 1.339803092029845e-17 9.89556083134305e-12 7.49450785181615e-12 -1.33067204318211e-17 2.24572990797655e-07 -2.68071212971017e-16 1.03901840895607e-10 -8.5911408440316e-18 -4.0820227861798e-12 4.55319249567381e-18 1.93562690256316e-12 5.06789921831375e-17 3.455917022679115e-09 -2.310065018961805e-16 -5.4251242949305e-12 6.05657677200135e-18 -1.16380757544789e-12 -1.03670412034081e-19
-5.9726065226114e-05 -1.539018555561e-05 5.3851053412726e-05 0.0001052394242050435 -0.0002675393313090805 4.70241348550075e-05 -6.3816956939705e-14 -7.12108475866665e-14 -3.6424149620691e-05 -9.69386057590055e-14 -9.7090943821525e-14 -6.49910260431465e-05 3.11452853474268e-13 3.06341276136884e-13 0.0001398415939731305 -1.462439469297305e-13 -1.42891342249287e-13 -7.03727089943225e-05 -4.55621241545721e-14 -4.60785509324799e-14 -2.330479826236795e-05 1.912162366050145e-12 -5.2798248284581e-16 3.1028978812331e-07 1.95411132216684e-16 -1.097254470453975e-12 -5.96810326782615e-12 -1.45740650898917e-15 -7.0083556039592e-07 -4.997455204701755e-16 3.525073216298885e-12 3.35327490002556e-12 -3.161782348777585e-16 -7.3749243084164e-06 8.1281034049368e-16 7.24096110630175e-13 -6.20191389221955e-13 6.75832462503785e-16 -3.86865621574824e-06 4.760465100553705e-16 -8.03401026500345e-13 -3.176746664798265e-17 4.36458906229896e-12 1.351924264204e-16 3.773801280260925e-07 2.672114850653405e-16 -8.9799486176318e-12 -4.917518710669035e-17 2.971611155057755e-17 3.14114287763113e-12 -1.593491609285795e-16 -3.359426996799005e-06 -4.483250625558595e-16 9.17139221221525e-12 4.015066282740635e-17 -1.6758912841871e-17 -5.87600615072835e-12 -6.16773265956855e-16 -9.47158319478495e-07 3.53333421250855e-16 -3.606299272396235e-12 -2.147510077091145e-17 -1.867516070050435e-15 -3.098689701725545e-18 2.28944992890795e-12 -2.073091236424125e-16 -5.68140413629725e-07 -4.997124921241935e-17 -1.70567883334607e-12 -1.12743648119252e-17 -3.11795878550868e-15 -7.63408455044205e-16 3.61893550365508e-18 -3.39895768284766e-13 7.97704010712635e-16 -6.94606165475995e-07 7.3135647916141e-17 4.90089227610948e-12 8.12497919732075e-18 -6.0122086039003e-16 1.40061224175227e-24 -1.92179833516563e-15 1.149032419811885e-18 1.271656604056755e-12 -5.91480825535995e-16 -2.809142172140025e-07 -1.04719801211166e-16 2.77726570188728e-12 3.068527553920975e-18 -2.83053493838892e-15 -4.24348516418158e-24 9.2849308934999e-07 3.740221652587875e-06 -9.8801509553147e-05 -1.407479379478205e-06 -6.49397824997745e-07 -4.95580822658141e-16 -3.267911549253555e-16 7.53125934464925e-08 1.04846380350744e-15 5.1977000483689e-16 3.265529250269795e-07 -3.192878301594905e-17 -1.40817512743677e-16 1.48417550341129e-06 7.66986123150495e-16 -1.022512540206985e-15 1.417145568665875e-05 1.561281548896115e-13 8.78761015420785e-16 -2.506090155194365e-07 1.39398816020827e-16 7.18597638199825e-12 -1.256238857022615e-12 -1.27594241723604e-15 2.080048226490505e-06 -1.08500985798657e-16 -9.00299675004675e-12 4.872497037881975e-13 1.53379333080771e-15 -3.24722467940766e-06 3.38697504769093e-16 9.79232479302375e-12 1.99510036712465e-17 7.77841486138995e-14 2.31801418266878e-16 -8.8218081803109e-08 1.49151316990678e-16 2.169986031823835e-12 1.907617470631075e-17 -1.65924171960401e-17 1.145227511522805e-12 -1.020439923089355e-16 1.585198284344e-07 -1.10706018514824e-16 -1.5152095548247e-12 -8.4485497071625e-18 7.65025036130215e-15 -3.870877926897755e-18 2.65164864166356e-13 -5.62252510697175e-17 7.0061839464361e-09 3.394921661731755e-17 2.16658410851964e-13 -1.64693473292483e-17 8.3193011456301e-14
-1.52775349138822e-13 -1.686794745585565e-14 8.10034827296185e-14 1.569780057083655e-13 -2.51790846071286e-13 5.69669063435605e-14 1.79152678676405e-05 1.41732079530661e-08 -7.92855453533955e-15 3.35900169198639e-05 2.126697249850475e-08 -1.572871159008545e-14 -8.54838666192195e-05 -6.5133435078358e-08 5.7314737040437e-14 4.36667433635197e-05 3.067538307218505e-08 -2.349107131821895e-14 1.226438548103035e-05 9.36816487184255e-09 -8.9107339312964e-15 -7.33732352132435e-18 -5.37120076592175e-10 1.589215949369485e-17 1.694236035834065e-07 -2.64002062695089e-19 -4.016295288209855e-19 -1.248571048962075e-09 -5.07000234075545e-16 -8.0447649762771e-07 6.6681711287834e-18 1.49635009647869e-17 -5.97319356623745e-10 1.73114797417005e-15 3.64694710586861e-06 1.688762967890635e-17 5.28158683788795e-18 5.97696779810555e-10 1.92741652992629e-15 6.61156039412275e-06 8.1874091126754e-18 2.94304592848259e-11 1.918996769531365e-18 -2.783375837508015e-10 4.630578862324005e-16 2.40652689177079e-07 2.63663278038471e-17 3.072651540360755e-11 -2.360258352276175e-11 -1.54396103670866e-18 3.373544761379315e-11 -1.57624108703917e-15 -1.06326826534518e-06 -2.825260225477665e-17 -2.023986071101015e-11 8.97799625623965e-12 1.567640713625e-17 7.93437610316705e-11 2.56695097676692e-15 7.38143735023525e-06 4.03170109811474e-17 3.110600886846095e-12 -1.24567333564782e-22 1.055693514167405e-11 2.521816767215685e-18 -1.6330822164593e-10 -3.691287468681845e-16 -9.324284112864e-07 -4.63447735685488e-18 1.032961643466695e-11 -2.12925776291526e-21 4.88327119435087e-22 -1.34162166429647e-11 4.276198697581635e-18 -1.37876731864536e-10 9.29313530864615e-16 3.967023766056e-06 2.211061156955885e-17 -9.39814395638465e-12 2.669327169357585e-21 7.33110788186635e-19 2.23604655413002e-22 -3.02719543900912e-12 -5.73013528977575e-19 -1.52920653350166e-10 -7.361292921392e-17 8.0575116217386e-07 3.49935163382781e-18 -1.28329219523115e-12 5.07052433840775e-22 1.47784664376408e-18 1.11405099343631e-17 -1.35761843549931e-15 -1.02915163662629e-13 1.45268264764815e-15 -8.2678040950817e-16 -5.27224401083365e-08 -1.427584769087435e-11 -1.230632160954415e-17 9.78375680772085e-07 1.51115599021122e-11 -1.87545300794165e-16 7.3732234031752e-08 2.088322559280055e-10 -8.59107964754855e-16 1.828621083428375e-05 -4.793277489753105e-10 -1.85973175318166e-15 -7.95415583055885e-18 1.861199669273395e-11 6.35845639660385e-17 -2.601496657455895e-07 8.4286384014093e-19 3.461322350864165e-17 1.166070876829645e-12 -1.085009857986575e-16 2.083620149156325e-06 -1.292548633964195e-18 -5.2873798077791e-18 2.62965942745702e-10 4.989696599367125e-17 -3.49535979261909e-06 7.7859163461704e-18 1.743321539855855e-11 1.193385257999235e-17 2.101487635671795e-11 -8.8312721245341e-17 -9.96865378117135e-08 3.535129834415455e-17 1.56299945072085e-11 -6.4833658424449e-12 -9.16988828095875e-18 -1.07887034204996e-10 1.655352840323005e-17 2.2457458788758e-07 -1.724151489264775e-17 -1.04820877043808e-11 -2.04746066477052e-18 -2.437586403060545e-12 4.09162484607252e-17 6.5230046613241e-12 -1.48006590061164e-16 3.45667582610752e-09 1.04656703712613e-16 -2.72917212175222e-12 -1.183896615484215e-17
-1.46314226159226e-10 -2.098091669788915e-11 -7.23081988472545e-11 -2.21288204276866e-10 -9.5056276885769e-10 -1.419412844448385e-11 -2.25025910649386e-16 -5.81716533753205e-16 6.135135835453e-10 -1.20157175253939e-16 -9.2423471688837e-16 1.10365760675565e-09 7.6661620806623e-16 2.71124728836979e-15 -3.99746353370585e-09 -4.55388752901682e-16 -1.21618696912358e-15 1.69825918217902e-09 -6.99692097824895e-17 -4.11600078485739e-16 5.77090323277235e-10 -3.66936367065272e-09 -1.92129861349406e-18 -9.82664304061035e-12 -7.7986274121665e-18 -3.20626445672574e-08 2.88661302587625e-09 1.869440608735625e-17 1.46551804538584e-11 -3.077381564550255e-18 1.445677255633685e-07 -1.18579318221384e-09 -1.01051747635295e-16 -8.22521850898465e-11 4.772411866949345e-17 -3.421491765968635e-07 2.89199036629688e-10 8.34727486482785e-17 -8.15922712704755e-11 -1.912630127339885e-17 -4.403746407988385e-07 8.48288163024865e-20 -2.883516847708455e-09 8.65609861268655e-18 -3.414496016779405e-12 -1.10760211149432e-17 -5.35092249196565e-08 -3.23824247475528e-17 4.06060880613625e-18 3.14913846357142e-09 -5.1943800479121e-17 1.59459868642966e-11 1.683611637933635e-17 2.97708228438662e-07 2.815721434021365e-17 -3.635023702288225e-18 -2.43244314031084e-09 6.8799331100619e-17 -6.6389791591425e-11 1.263495333348595e-17 -1.11794891254378e-06 -2.03797632691279e-17 -6.53678277092505e-14 3.01628448984442e-18 2.35965557089064e-10 -1.420282059812455e-17 1.54466956180661e-11 3.21532458633494e-18 3.375802737431085e-07 -9.10427371397685e-18 7.757094614968e-14 -6.17640175255295e-14 -6.3276361538393e-19 1.367459657795785e-10 3.413453252956795e-17 -3.75759904299182e-11 -3.25138905225765e-19 -9.9110801074e-07 4.776693768156065e-18 9.8292420388306e-15 -1.35209427188501e-23 -1.0632317433138e-13 -7.18894055876315e-19 -3.322435896372155e-10 -2.19338281610803e-17 -5.82942612754015e-12 1.241797999517515e-17 -2.365649616967965e-07 3.93607023700396e-18 6.25242912045865e-14 -5.2606289575269e-23 1.384858594725215e-11 4.72028040922701e-11 1.01927617951722e-09 6.3807895295763e-11 -2.28008154992052e-10 4.719383626548485e-17 8.40141279957455e-17 5.0407503437732e-13 -6.0960569035946e-17 -1.041031979462595e-16 2.87200825960621e-12 5.21823683535235e-17 1.081771915873455e-16 2.776474683721875e-11 -6.30318542138715e-17 9.01174908023875e-17 3.88499391548841e-11 -3.330153841759985e-11 5.56536879504605e-18 5.48440393508865e-12 7.14349349984375e-19 -1.916997393551435e-07 -9.6212115518689e-12 -2.137851704030815e-17 -9.00299675004675e-12 -1.2925486339642e-18 1.76355471220234e-06 -5.00077254810735e-10 2.46460181604998e-17 2.483748051710245e-12 -3.437820024884075e-17 -2.36629591977924e-06 -6.5159043279098e-18 -1.70434993299679e-10 -2.39067829168328e-17 2.210677441508685e-12 -1.076627543631485e-17 -7.84088021695175e-08 9.6197853006115e-18 -2.102148726717135e-18 1.11806799526673e-10 7.4473615323174e-18 -7.55995148179995e-13 7.8853611260149e-18 1.814160827337055e-07 -7.59517903084715e-18 -3.2320185600724e-15 -2.281144607861685e-17 -3.601044564853935e-10 -6.8004649568714e-17 -1.36417255673645e-12 -2.332285033817735e-17 1.081240809375095e-09 3.6409476190125e-17 -1.705025107417125e-15
6.1046294853172e-10 1.89549072933118e-11 -1.613512464580865e-10 -4.43008744555556e-10 8.5283165410433e-10 -1.60920964590304e-10 6.7473954149264e-16 2.34275345295384e-16 4.56483194733009e-10 8.29118920266875e-16 7.5975288567053e-17 4.733392195166235e-10 -2.85369222352249e-15 -4.06082771120514e-16 -1.589051340640575e-09 1.454686426583025e-15 2.786462372184105e-16 7.8458159839303e-10 4.020427500068e-16 2.81220288637375e-17 2.383731697036335e-10 1.475599975630455e-07 1.002650679651605e-17 2.012446473255815e-11 1.29980988928062e-17 -1.814667360115945e-10 -6.1431268433888e-07 1.005727563994525e-17 2.419215176747935e-12 1.865495666345985e-17 -1.86398223640076e-09 1.272920072204805e-06 5.6398817639552e-18 8.1471476023375e-12 -8.16289241477145e-17 4.73923863889531e-09 2.44620285012456e-06 2.316925389279035e-17 -1.449618774039365e-11 1.335444097531705e-16 -6.99923822835415e-10 -4.97476615729408e-18 5.1664766268893e-07 2.6676928091849e-18 2.06029317569899e-11 3.55838380841388e-17 -6.63742455898325e-09 4.30206585219296e-18 3.409668163794315e-18 -2.257153584641475e-06 2.66634956005512e-18 -1.968818836352065e-11 -1.11521219508959e-16 1.258139762647085e-08 -4.2613357705487e-18 -2.00650590063366e-18 6.10630154961125e-06 2.46549545355621e-18 3.9120605606436e-12 1.497087483439805e-16 -1.24030124566356e-08 3.835340448032595e-18 1.512034550150505e-14 -1.340898156709745e-18 -1.857896774777425e-06 -2.35636331513451e-18 4.11462547489622e-12 -1.94440239432609e-17 1.432410095005795e-09 1.392102192957915e-19 1.6997572351855e-13 5.71247892465495e-14 1.57743779028867e-19 5.09539742301505e-06 6.6442728928789e-18 -9.77076728647105e-12 5.5294139716598e-17 2.471784267905635e-09 8.73180646492995e-19 -1.618067270281275e-13 2.51104042288381e-23 5.4688824800451e-14 4.84215043358068e-20 1.17442496467e-06 1.381955497794895e-18 -2.57621271395923e-12 -1.08891037415923e-17 -2.061559171403625e-09 -5.161852312141e-20 -2.96903977672441e-14 2.853897562983385e-23 1.18956333130915e-12 -2.86644592420221e-11 -2.595136716178985e-10 1.15617929509474e-11 4.53847820053966e-11 5.7740768416981e-17 -4.969368226191045e-17 1.864641777606845e-12 -5.5823031977947e-17 6.33896528797255e-17 -3.99910687833655e-12 7.7194376453546e-17 -5.93335356484745e-17 -4.95065191304423e-12 3.08555266582625e-16 8.7848744851293e-17 -5.62511277578795e-11 1.08418816718882e-06 -7.02787119336415e-18 -1.126963112424775e-12 -1.751641363501465e-18 8.5776334721244e-11 -2.366305020113135e-06 1.49097314302158e-17 4.872497037882415e-13 -5.2873798077791e-18 -5.00077254810435e-10 1.97964738026921e-05 9.7548958351544e-18 1.080398387104545e-13 1.084962748154565e-17 -3.04174146584031e-11 -1.744440182573275e-18 3.281409400126165e-07 1.3540425056226e-17 -1.534335285252825e-12 -1.7723661772699e-17 -1.51779437312773e-09 -4.792706143763975e-18 1.34448377411785e-18 -1.956767928600845e-06 -7.1729462286327e-18 4.642119852661636e-13 4.70077034780591e-18 6.5637965386532e-10 3.35687322976509e-18 -8.68857947490235e-15 7.4590875906405e-18 4.745147246037765e-08 3.868374357956395e-17 3.86124637282428e-13 -5.4383953836059e-17 -3.78394036335783e-09 -9.15366276493175e-18 -4.394039408425375e-15
1.53886935941379e-13 1.71443670250687e-14 -8.637751966248e-14 -1.661956926695865e-13 2.29426359896785e-13 -6.0500356182619e-14 1.85528630765353e-08 -2.75968149361402e-05 1.775849551017135e-14 3.52330757957021e-08 -7.86462528197025e-05 3.104663343260405e-14 -9.4310431070112e-08 0.0001384239044016435 -1.252350255742625e-13 4.184224435465575e-08 -8.10423513808705e-05 5.08843600123295e-14 1.353665437197575e-08 -1.925859982320655e-05 1.795719225301495e-14 2.27407695461343e-17 -1.21280239219779e-06 -4.29566272256117e-16 9.4896927615301e-10 2.146878091922945e-17 -8.643703055191e-17 5.2773844174345e-06 1.134714201636285e-15 -2.73997959950205e-09 -7.7151168188468e-17 1.265828065877545e-16 -1.99981622323949e-05 -3.794501655212075e-15 9.06051951724545e-10 1.430386091934635e-16 -5.95022560876175e-17 -3.190182817549705e-05 -4.81501023354315e-15 -3.48970799273417e-10 -6.97934187851135e-17 4.217310047506925e-11 -1.59319611890375e-16 -5.84204875792055e-07 -1.86770847931318e-15 -2.00008437928347e-09 -1.7330382948002e-16 2.830528891263385e-11 -3.429853841851665e-11 2.280738630471725e-16 4.09534039653424e-06 4.42614895211006e-15 2.79559866299904e-09 2.379120697145375e-16 -2.17645825228467e-11 3.05036341762077e-12 -1.277203385307075e-16 -3.65062928729471e-05 -5.8579937463238e-15 -1.41360598444318e-09 -1.1475710166423e-16 6.53596804899125e-12 2.576745873673245e-21 6.5857820069965e-12 4.840004132896195e-17 4.90354652820994e-06 9.15200891468405e-16 -1.47528927520731e-10 3.707548303489645e-17 2.104249481932385e-12 1.120948721009785e-20 -3.56003423294734e-21 -1.50146781789945e-11 -4.713387962914885e-17 -2.05898061302842e-05 -2.248178287874375e-15 -2.656028220290065e-10 -2.11851576654245e-17 -6.1457574628396e-13 -1.56233548565685e-20 2.668183285000735e-19 -7.66598508796565e-22 -5.2911308873115e-12 1.868609588197125e-18 -4.321396512478185e-06 -1.265683768924e-16 -1.12486221904685e-10 9.0385805661447e-18 4.551806994991295e-12 -3.322617753990795e-21 -5.10075481130135e-19 2.484939493343715e-16 3.036038094114485e-15 8.7680337897996e-14 7.27379461054295e-16 -4.93357327268998e-15 -3.17919599949479e-11 2.90267245506114e-08 -5.9961750106371e-16 9.60555805952885e-11 -5.64504105096905e-06 1.175389461044225e-15 7.6799281148133e-10 -1.00696084890204e-05 7.74721224433655e-16 -3.984311861279055e-09 -9.2897322961793e-05 3.40163524716242e-15 -1.146566689296635e-17 1.41153285707819e-06 -1.201645019731505e-15 2.424431430441635e-11 -2.64365662083733e-17 -7.74058475016965e-18 -3.49534493936454e-06 1.53379333080771e-15 2.62965942745495e-10 2.46460181604998e-17 9.75489583515435e-18 2.76304657632754e-05 -1.04141663405025e-15 -6.20607012200735e-13 2.396416288222965e-18 4.306466132501255e-12 -1.87779632862211e-16 4.67274658243822e-07 1.00020784562179e-17 2.53762091758373e-11 -2.096338249177545e-16 -7.3285672579787e-12 -3.25244490523815e-12 8.3301029229628e-17 -2.899580274356975e-06 2.12731223159931e-16 1.41821355756205e-10 9.72967954156255e-17 3.5370316475003e-12 1.61421892793283e-17 -8.62580398479805e-13 -4.39844723081846e-16 7.57019825062165e-08 1.87543401354293e-15 -1.96446332421168e-11 -3.923584349137015e-16 1.078588978118515e-12 7.0378009687556e-17
8.36480937391905e-05 8.5428298633378e-06 -4.154072078293215e-05 -0.000102647695912181 0.000649147777986525 -8.2587817002318e-05 3.54238425862895e-14 3.59301609465666e-14 0.00010003290789433 5.41008960927795e-14 4.84443544854822e-14 0.0002328843218010985 -1.729395512593995e-13 -1.529749687486765e-13 -0.000319483237029893 8.0910180702201e-14 7.16692564237115e-14 0.0001699703609458435 2.5315244289406e-14 2.274882456207765e-14 6.2440506765036e-05 -6.53962364512355e-12 2.256482052156615e-16 -4.253864607237825e-07 -2.436634597479985e-16 -3.320127157776275e-12 1.521689225847325e-11 1.0228152196608e-15 -1.498796032296125e-06 7.38075400935585e-16 4.335372075965525e-13 -5.3598151416065e-12 -2.963030349803435e-16 5.1824853130746e-05 -1.07157091543924e-15 -2.883939683694585e-12 -8.0569320588512e-12 4.360621928702355e-17 2.19324222976089e-05 5.2777531195863e-17 -9.04781762806595e-12 2.230668552571565e-17 -5.03649236498275e-12 1.97947840538979e-16 -3.995036643464095e-06 -1.638842830547885e-16 5.47547870731825e-13 3.471177478401125e-17 -2.271203088983465e-17 -1.34602442888716e-11 -2.151739332832705e-16 2.224361867749415e-05 6.53005912213245e-17 8.76200355985065e-12 -3.00368412888082e-17 1.088441407049625e-17 2.2431402399307e-11 3.54052025817097e-16 9.0887536497913e-06 1.009240951157455e-16 -1.58240049851692e-11 1.32622857153351e-17 1.92732992679222e-14 1.340822652457135e-18 1.41875092670947e-12 3.635591352044835e-17 2.02164030785762e-06 -5.35321780935385e-17 3.712852974188065e-12 6.28987298678115e-18 3.22259396604365e-14 7.83783616346865e-15 -3.56540508759017e-18 -8.49215947495035e-12 -1.17148167393339e-16 8.32040397153515e-06 9.48887569997935e-17 -1.42435819934591e-11 -6.62279001279745e-18 5.97302773274005e-15 -4.56333141718613e-25 1.980427215981255e-14 -2.098745124817775e-18 -4.081155325212025e-12 8.7380185566623e-17 2.814649880393375e-06 6.69175336729315e-17 -4.71355711454723e-12 -2.65313662894551e-18 2.907169583497715e-14 2.057804610169465e-24 -5.94293614842285e-06 -1.38293252352049e-05 0.000428708530452343 -7.0913307918595e-06 -9.90683990926595e-06 1.01922843623716e-15 4.382584384833755e-16 -8.80112776378555e-07 -1.705410819844205e-15 -6.30572400352535e-16 -2.385524405254345e-06 9.0807371141172e-16 3.628383389216835e-16 -2.332418380793105e-05 -1.026798878370895e-15 7.385614923996e-16 -7.961825535951e-05 2.774295839042445e-13 -8.97181791197335e-16 1.363405017339695e-06 -1.35848464371914e-16 -1.6989522725371e-12 -4.247607693818295e-14 1.14757847441276e-15 -3.24722467940766e-06 4.98969659936711e-17 2.483748051710215e-12 1.08039838710423e-13 -1.041416634050245e-15 2.82231279557697e-05 -1.27953181584185e-16 -3.17178322643667e-11 -5.02678747872545e-17 -9.6177125128325e-13 -5.3997158056538e-16 4.86091827581419e-07 -4.956558783467325e-16 -3.883507399467085e-13 5.0451544180909e-18 2.95333589525663e-17 -1.688460333776515e-12 2.827912296819105e-16 -3.10339684736888e-06 2.554061856075825e-16 4.73170030988316e-12 8.37792657661945e-19 3.462422549463225e-14 -3.24313421314681e-17 -3.29295397598157e-13 -1.974741227147535e-16 8.0998413823849e-08 -6.2621358796683e-16 -2.68842372391727e-13 1.360147622682835e-16 4.217014305038875e-14
1.04121870414315e-13 1.20178110209234e-14 -5.7701744802e-14 -1.134630188863125e-13 1.931619125605535e-13 -4.067318646786985e-14 -2.75977458389562e-05 -1.763261637337965e-08 1.9277867426223e-15 -7.8647882112929e-05 -3.320471456114685e-08 5.53168368450265e-15 0.0001384287751761405 8.85858606250665e-08 -1.61847006432306e-14 -8.1044640347586e-05 -3.92463193077645e-08 6.33493466725575e-15 -1.925923690673315e-05 -1.277969815063275e-08 3.075738820403365e-15 1.291091524768415e-17 -8.60160676786655e-10 1.79134321386535e-16 -1.212898657755735e-06 3.168472257126575e-17 -8.7424074018927e-18 2.70890906417263e-09 -1.736856234039035e-16 5.27742233670985e-06 -1.16593087970239e-16 -4.126793472753295e-18 -8.5001810934114e-10 -4.849600186507605e-17 -1.999819282915305e-05 1.51407522406196e-16 -1.74051377563743e-18 3.56860979287019e-10 -6.8933211238212e-16 -3.190182146007115e-05 -8.4990209656091e-17 2.311304955834395e-11 -3.219679244604215e-18 1.98197306922225e-09 -2.428789268917855e-16 -5.84317791304815e-07 -1.83943366924168e-16 -4.51785935876718e-11 -1.777826153473375e-11 9.9464284942229e-18 -2.77293020374494e-09 1.10433391178493e-15 4.095435246681585e-06 2.6434436989403e-16 3.379361364079295e-11 4.812215906736485e-12 -1.662434631877535e-17 1.39055590317754e-09 -1.420885030703555e-15 -3.650631070979175e-05 -1.66281345610671e-16 -8.22801990989595e-12 -1.201423643058695e-22 -4.141079755084815e-13 7.2324308753117e-18 1.501309424153735e-10 1.43479437345978e-16 4.90353717759088e-06 5.79275327565485e-17 -6.6353138408671e-12 5.93700869596965e-21 -1.65743300455392e-23 6.5639708739091e-12 -1.372279145088065e-17 2.581081363157565e-10 -4.100569215002465e-16 -2.058980320463515e-05 -6.63625478197665e-17 4.595841705034205e-12 -8.15343760388335e-21 -2.69260793013011e-19 -1.67056521172422e-22 3.472084632382055e-12 -2.480857830427115e-18 1.192129069895595e-10 1.14206310673902e-16 -4.321381992518385e-06 1.185941671877685e-18 1.691194692602285e-12 -1.733353810866955e-21 -8.6371426094659e-19 2.79439024422405e-17 5.11520464818425e-16 7.40856421692265e-14 -1.190901683488615e-15 2.36340577751133e-15 2.90220831338626e-08 3.31512678199057e-11 2.71612441085573e-16 -5.6450421067363e-06 -1.02612857783197e-10 -2.55059719676171e-16 -1.00696191296969e-05 -7.85406024420085e-10 5.8959124311442e-16 -9.2897318485914e-05 3.96331781997596e-09 8.8674088282081e-16 4.77173358068534e-18 -2.948567758874365e-11 -2.74201038707155e-16 1.4115387561913e-06 1.09271612438451e-17 -3.59395114293298e-17 -2.594936075643625e-10 3.38697504769093e-16 -3.49535979261909e-06 -3.43782002488408e-17 1.08496274815456e-17 -6.2060701384919e-13 -1.27953181584185e-16 2.763048739204655e-05 2.453096828636465e-17 -1.15658839605397e-11 -1.241439748940275e-17 -2.835071765934175e-11 7.5057346557139e-17 4.672752926074305e-07 -2.42287627550277e-16 -7.41002352336235e-12 5.20686100822965e-12 6.4988386460766e-18 -1.29347846689497e-10 -2.070477189095925e-17 -2.899579188935965e-06 1.04829573184566e-16 5.3576982110558e-12 -6.10070736042905e-19 1.8088185680945e-12 -6.10919245598435e-17 1.87924092227053e-11 2.38432127517558e-16 7.5699951759489e-08 -6.43028690799265e-16 1.25971675029099e-12 3.715280129619365e-17
1.76454038731508e-10 6.2955935800729e-11 -5.25014765041085e-11 -8.5488796954771e-11 7.1059741592769e-10 5.61543318431895e-11 2.052670202023975e-16 -2.668565894308895e-16 -5.14081626557215e-10 7.982333729827e-17 -3.452103149756765e-16 -7.1774959378797e-10 -5.98664669959445e-16 1.230984061702605e-15 2.4850099478299e-09 3.709997697122155e-16 -6.1836083637172e-16 -1.0677441336533e-09 5.70488448982125e-17 -1.728330440242655e-16 -3.642611981768975e-10 4.607550805925415e-10 -2.6056242304263e-18 -1.272563035679625e-11 1.567121718669355e-17 1.47756093113787e-07 1.401122106724565e-09 -1.157679947403335e-17 -1.775187080540895e-11 -1.38655942948349e-17 -6.1444915877789e-07 -4.18458155845167e-09 5.2265109125428e-17 6.9534337144531e-12 -2.84199958573345e-17 1.272895463226565e-06 2.65035387714602e-10 -4.69272614431102e-17 7.43789331230545e-11 2.53845421418686e-17 2.446298587559185e-06 -2.328181865489165e-18 6.7021328965203e-09 -2.44703893529439e-18 9.3835470031229e-12 2.42211766283412e-17 5.1660061937391e-07 2.888630182983945e-17 7.69258807388485e-19 -1.285573653578415e-08 2.13277201101457e-17 -3.27356774700212e-11 -4.14071420535317e-17 -2.257038591602085e-06 -2.392545835588905e-17 6.18255296311655e-19 1.27548676227757e-08 -3.55844681028566e-17 4.156015652711585e-11 1.301617688400035e-17 6.10617597541735e-06 1.143604489010565e-17 -3.006683824603615e-14 -1.115696880009785e-18 -1.37897465126759e-09 6.61257415670985e-18 -1.912125956819095e-11 1.556152783921175e-18 -1.857929913874885e-06 5.70781711749485e-18 -1.23727628131654e-13 1.55496848764407e-13 4.584689954306015e-19 -2.59349748783964e-09 -1.66695064181338e-17 2.337743448583005e-11 -9.21942482215585e-18 5.09545595087645e-06 -4.3448659127211e-18 2.412475085962385e-14 -1.27527424237278e-22 1.27466055414872e-13 2.820804421830955e-19 2.075351197547265e-09 8.73736972988745e-18 6.8166445105267e-12 -7.1191706117867e-18 1.17442141870582e-06 -1.610965910226995e-18 -6.86724820027805e-14 3.63063238911689e-22 -6.0852710709598e-12 -2.27725314942838e-11 -3.239291753651345e-10 -1.72466907081208e-10 2.203377633663805e-10 -9.03053975384105e-17 -8.03354708249775e-19 -5.51270782221555e-14 1.31189540538954e-16 -9.6820448946172e-18 -2.052794741773345e-12 -9.4749777832057e-17 -1.9244231225699e-17 -6.44201385951515e-11 1.398693518218625e-16 -1.046530243205705e-16 2.68816446776894e-11 -8.5944957595204e-11 -5.46462392794735e-18 -2.76996574360891e-12 -3.96960318219612e-18 1.08419042818067e-06 5.33015231299215e-10 1.04698556108507e-17 9.79232479302375e-12 7.78591634617045e-18 -2.36629591977924e-06 -3.041741465577615e-11 2.396416288222985e-18 -3.17178322643667e-11 2.453096828636465e-17 1.97964818709316e-05 3.89694863369202e-18 1.517773652540435e-09 -5.77827642527395e-18 -8.0896959282519e-13 2.85665667587472e-17 3.281403963710315e-07 1.32223910765681e-17 2.51871759188962e-19 -6.5000054988209e-10 4.416142762126465e-18 1.788287329233545e-12 -1.495285270535505e-17 -1.956762027979445e-06 -6.0904016457265e-18 4.161711903125585e-15 8.76682670484125e-18 3.78310749940862e-09 8.4574253391098e-18 1.044192437642415e-12 6.92123631836355e-17 4.74518524350373e-08 -1.8906408852456e-17 -9.4185675133339e-15
1.77454774361337e-15 -9.5912752252512e-17 4.11019266225032e-17 -7.0399896914244e-16 -2.58056722001625e-15 3.327856558878595e-16 6.0463265384328e-10 7.8480190295341e-11 3.24883288841802e-15 9.09332256280015e-10 1.075144282307595e-10 5.44484161316185e-15 -2.82791361885691e-09 -3.407069008480955e-10 -1.92994141023511e-14 1.33048359689819e-09 1.609582678918465e-10 8.5494679284822e-15 4.14790394861176e-10 5.14963067078e-11 2.870810394718945e-15 -2.216496531065255e-18 -4.82272639250132e-13 -7.0516832596417e-17 -1.144729920664185e-11 5.2237147700038e-18 -4.206708185406285e-18 1.157953849377905e-12 1.22932525461546e-16 3.96729758150063e-11 -1.176332211926605e-19 1.04406445184327e-17 8.9381341661721e-13 -4.59673944034626e-16 -1.92412609110403e-11 -9.5874111874335e-19 -6.4906192852576e-19 -3.55338791559549e-13 -2.94638076286687e-16 1.350470210301925e-11 -3.619282937395575e-20 1.08530648713733e-10 -2.237547019675075e-18 -2.983163420129275e-12 -6.48133560082415e-17 7.1482175559725e-12 3.18752405635936e-18 -2.71288788491589e-11 8.1968362910547e-10 4.14588366427352e-18 4.94064649815817e-12 1.88778839898032e-16 -7.4654645231824e-12 -4.15914007417882e-18 2.174224922887715e-10 -5.46138608445205e-09 3.091603716484585e-18 -1.625503357678775e-12 -4.374251994876195e-16 4.182670393810355e-12 2.499009778242805e-18 -1.72800058113196e-10 -1.06363671528341e-22 3.08697783956724e-09 1.11128131687805e-18 8.7027146150025e-13 8.29293888520405e-17 3.722036785054485e-13 -1.458197135896365e-18 -1.15864164657169e-10 -4.20111829294263e-23 1.105824373718075e-22 -8.60971976183855e-09 2.514336670731755e-18 -2.007333866393765e-12 -2.30848102553153e-16 8.715862450305e-13 2.178856104207905e-18 1.930379354069225e-11 5.19555978556885e-23 7.84577108722705e-16 -8.49971419269565e-23 -3.00041522913946e-09 8.66814610808535e-19 -1.893814647957425e-13 -3.23872202210729e-17 -5.37409374153375e-13 6.59944224447555e-19 8.50610670995175e-11 7.3690890251032e-23 7.81728810604775e-16 3.623361700961985e-17 1.23385360190204e-16 7.1542686510936e-15 8.0818360205757e-17 -2.14440279861692e-17 7.28473757034215e-13 3.1001903932141e-14 5.2551895604926e-18 -1.57431166659854e-12 5.588636403512e-13 1.86372693680445e-17 1.467230543832555e-12 -4.20487491374973e-13 1.526854072096115e-16 2.95330879057177e-12 4.68329644566832e-13 2.167555755604265e-16 3.932755292089195e-19 7.78046135404545e-12 -7.85066356464505e-18 -1.16273427604738e-11 1.03874288559862e-19 1.92814409101491e-18 -9.8067877949801e-12 1.995100367124655e-17 1.743321539855855e-11 -6.5159043279098e-18 -1.744440182573275e-18 4.306466132501255e-12 -5.02678747872545e-17 -1.15658839605397e-11 3.896948633692e-18 7.05297694056495e-08 -6.0195647635532e-19 4.240912337335315e-12 -6.3126302932921e-19 -3.92735047229503e-12 3.6188961017384e-19 1.13926782507973e-14 -6.1873672023849e-08 1.14043651709789e-19 -2.62817628580762e-12 1.27950791220732e-17 6.6628985750899e-12 -8.15144297999465e-19 -4.92445705826579e-13 -1.52566769995535e-19 -2.811116081863565e-09 -5.19219914739055e-20 -2.95375114111856e-12 -4.990634925889415e-19 3.08782758018507e-12 -6.75339714228595e-20 8.80597490257115e-14 -1.665240800616705e-19
7.27781527137545e-11 -2.806288205910375e-11 5.837826084272e-11 9.87915902516855e-11 -2.435633601994285e-10 4.2400874054391e-11 -3.16185458055417e-15 2.052051662539905e-15 6.47356706198115e-11 -4.03413299968873e-15 3.81081690729747e-15 1.34603765912185e-10 1.353003690464795e-14 -1.098531853770615e-14 -4.192986754078575e-10 -6.6325321821916e-15 4.78140543113708e-15 1.82146429686967e-10 -1.96709693157436e-15 1.751376068764955e-15 6.2292954352029e-11 2.953146843099465e-09 -2.419144644439275e-17 1.33232467355365e-12 -5.19183549183555e-17 -1.111821422749015e-09 -2.05992598594337e-08 -5.6871079367358e-18 -3.55598507708763e-12 -6.3500788421833e-17 2.6019094547854e-10 5.1912955954597e-08 1.85258071657217e-16 1.10686766685916e-12 2.57609252250874e-16 -1.99043577404196e-11 4.70620340529482e-08 -2.0981936784441e-16 -5.16728699128695e-12 -3.366673592554165e-16 3.091906819880845e-10 -5.6593245138571e-18 -1.310168821036015e-09 -6.59514228200725e-17 -1.065187036648835e-12 -1.08339419885651e-16 2.5470439823355e-10 -1.653489542639565e-18 6.55927808960175e-18 -1.72996494903903e-08 1.517744552018135e-16 1.696832649036455e-12 2.952302745842875e-16 -1.355003382460165e-10 -4.88753988851506e-20 -8.47170226183535e-19 1.29149016636911e-07 -1.114171515459435e-16 -3.438010469231805e-12 -3.612981685216705e-16 3.939854318263215e-10 -5.4579766086103e-18 4.20758991112196e-15 -1.014425147553455e-18 -4.34279293220324e-08 3.27071932371636e-17 2.52984239739226e-13 2.05449036395979e-17 -6.630476995684e-11 8.94513616631495e-19 5.72777352862565e-15 2.69765921900073e-15 4.229358951189765e-18 1.32898786489029e-07 -6.5891841339161e-17 -9.91379997594495e-13 -5.76020014019125e-17 4.519790487103675e-10 -7.34280749699915e-18 -8.00783857663095e-15 -3.006263333629795e-24 5.1582603637436e-15 2.20173265626663e-18 3.631195932794405e-08 6.0001899529683e-17 -3.58579651603014e-13 3.43429613974504e-17 1.094071638560175e-10 -3.92742097035148e-18 -3.230369297474325e-15 2.95790541227182e-23 5.20897528193225e-13 2.76420270087185e-12 2.665476266410285e-11 -1.07482847585487e-13 -1.63290004422961e-11 4.32209854248391e-18 -2.27146997406515e-18 -3.565305561448495e-13 -9.40726270112695e-17 -6.40730416211685e-18 1.550636051390405e-12 -6.94294145423075e-17 1.991829802737645e-17 -1.500870201696785e-12 -8.9274739915836e-16 -3.34952350265114e-16 -4.575659875943e-13 1.324073262404375e-08 -1.452158745319175e-17 1.973417113224305e-13 -1.533873053482515e-18 8.774414191112e-11 -7.8411279641147e-08 2.39143156774019e-17 7.77841486138995e-14 1.193385257999235e-17 -1.70434993299665e-10 3.28140940012616e-07 -1.87779632862211e-16 -9.6177125128325e-13 -1.24143974894028e-17 1.517773652540385e-09 -6.0195647635531e-19 7.9393052493018e-08 -6.6867730228439e-18 8.1398986629007e-14 -5.50814326989555e-18 5.12658635176675e-13 3.811577870702405e-19 -1.899635315488915e-19 -1.020655712632075e-07 1.766067127481585e-17 -3.27329148638971e-13 9.79054139810345e-18 -1.66358917783424e-10 -1.785429760816245e-18 6.3544786895937e-15 -7.5313021926874e-19 -2.80114490539718e-09 -4.26170279577791e-19 2.38023431542034e-14 -7.0766660807566e-18 -5.98378712455125e-11 1.064635655392285e-18 -8.2291779326701e-15
-1.98703137506862e-14 -1.20242985876894e-14 6.3527260015076e-14 1.184838948279525e-13 -1.892627300689105e-13 4.632779260935805e-14 1.81117606455772e-09 -8.5123952203767e-07 1.464422631698065e-14 1.791324738257765e-09 -1.86390957190279e-06 2.172508574732015e-14 -6.1058329132895e-09 4.142441684298625e-06 -6.5838273401874e-14 3.155208649684695e-09 -2.023072411874525e-06 3.22695687610083e-14 7.50524747045535e-10 -6.2105891653805e-07 1.03170657039379e-14 7.29185284084405e-18 -1.881452019686115e-08 7.2806192218428e-17 -8.56903043114995e-10 2.23927047455117e-17 -1.42092096955078e-17 1.15850296832893e-07 -1.435154858409055e-16 6.37772207350435e-10 7.81281317322695e-18 3.651974759787045e-17 -4.49364436173685e-07 -7.9602147998604e-17 -2.07429853669226e-10 -2.44623349341962e-17 -2.208806997606775e-18 -2.71981725630944e-07 6.00234177728385e-17 1.168220933223325e-10 -6.52361226981125e-18 8.83565487422605e-12 4.1680190064501e-18 6.72184526872195e-08 -6.01753193748885e-17 -9.732717950709e-11 1.649822187119485e-17 -1.51798675683074e-11 -6.58831700945445e-12 3.87868308571472e-18 -1.70893534537604e-07 1.993714188559795e-16 1.30299512890647e-10 -1.643369413390825e-17 1.23163321807151e-11 1.48583829365676e-12 1.79413664015964e-17 -3.52754772540157e-07 -6.27555475406495e-16 5.26113959345375e-11 -1.566449398353585e-17 -4.02985652666676e-12 -3.9924237807885e-23 2.295212535322765e-12 1.630206942248635e-18 5.3941985169694e-08 9.0330073663244e-17 5.15001295497205e-13 6.78755547941265e-19 -3.658185526638985e-12 4.79747577389554e-22 -7.04878475282705e-23 -2.426240248570275e-12 1.51318684839916e-17 -3.210631913971595e-07 -3.601534771101935e-16 5.0073120198954e-11 -1.452495098181105e-17 4.409789564659095e-12 -4.249762499039065e-22 3.90378768362985e-19 -4.48237937721551e-23 -3.35897111999595e-13 5.63977012983945e-18 -9.5521909858515e-08 -1.597511137025105e-16 -7.8129460360585e-12 -4.754108736350155e-18 8.55961002435325e-13 1.04740547421362e-23 -2.17513065741547e-19 -1.556502862311955e-16 -7.47313580352705e-16 -2.18083607304771e-14 -6.49447914662655e-16 6.20122333917005e-15 -1.757121770329625e-11 -5.14985609292615e-09 2.622462611283935e-19 5.26829052673055e-11 -3.769014445474335e-08 1.569880766467525e-17 -3.35946998601978e-11 -1.846723177033555e-07 2.88896723929794e-16 2.326419461940485e-10 -1.02105591518493e-06 -4.466539248709275e-16 4.89465213768269e-18 1.627954417572795e-08 -3.46610297791314e-17 2.63263633659933e-12 -5.6936769740922e-19 -2.82947724075809e-17 -9.96872106758365e-08 2.31801418266877e-16 2.10148763566932e-11 -2.390678291683275e-17 1.3540425056226e-17 4.67274658243822e-07 -5.3997158056538e-16 -2.835071765920125e-11 -5.77827642527395e-18 4.24091233733532e-12 -6.6867730228439e-18 8.4240514997849e-08 3.069875737532675e-17 -2.87642713777081e-13 -3.660895158042245e-18 -1.05768029520013e-12 -2.388071988678805e-12 2.1262691964463e-18 -1.250494206463075e-07 5.7613465599907e-17 2.01983722593333e-12 9.02813795102145e-18 -6.72447986781725e-14 2.158641445419285e-19 -7.8875662486586e-13 -1.566462429263595e-17 -2.63659548392432e-09 4.99628922469179e-17 2.530843993407105e-12 -1.00520022425314e-17 -1.464894490523385e-13 1.637777997033655e-18
4.258692952934705e-06 1.223182214248545e-06 -4.66216510891766e-06 -8.93376725882745e-06 2.171179774846555e-05 -4.22499440542371e-06 3.72850620088299e-14 2.37496883152819e-14 -2.68783915197743e-06 5.68308350055495e-14 3.126458284143635e-14 -2.42026106299901e-06 -1.82885660554494e-13 -9.9047532497082e-14 1.45676717749336e-05 8.6643229530633e-14 4.777556753281975e-14 -6.85203437026635e-06 2.673057241009365e-14 1.459351625668715e-14 -1.875253548028515e-06 -6.5100412823665e-13 3.05285375290289e-16 6.1967634265524e-09 3.162011318352875e-17 7.0566455777768e-13 2.025127040280895e-12 4.62765826582756e-16 -1.12120193395385e-07 1.986215820731415e-16 -8.4646864065161e-13 -9.48387970673655e-13 -2.15217215534591e-16 1.045001244184095e-06 -1.134411624609535e-15 3.29942947591323e-13 -5.7852071102518e-13 1.613650699244295e-15 2.167585766781065e-07 1.095467119124425e-15 2.414165734388775e-13 1.07667095818266e-17 -1.64262424336952e-13 3.410763337091485e-16 -1.23146633913473e-07 3.1454369146652e-16 5.13323655588015e-13 3.7731542147889e-18 -1.049887393629935e-17 1.31374872464731e-12 -1.048840110065575e-15 5.15457897745165e-07 -9.01208582062865e-16 -9.4288916916367e-13 -4.02333671851749e-19 4.91175607546508e-18 -1.030128976374265e-12 2.13566420347667e-15 1.67316405452053e-07 1.075646233101705e-15 6.891726670986e-13 7.18057331699905e-18 7.15195594300615e-17 1.65795508681343e-18 5.44895036309985e-13 -2.2973489352762e-16 7.17847211494285e-09 -1.048373651348815e-16 3.38803196687801e-14 -2.863942715702555e-19 1.272814904999155e-16 3.00268626444001e-17 -2.984133961966085e-18 5.2609977795271e-13 5.56171454910955e-16 2.865219223504525e-07 3.55850637457025e-16 -5.9338635972837e-13 8.7995654182944e-18 2.676172439584065e-17 1.518760848794935e-24 7.40578232676835e-17 -1.526070201427565e-18 9.8980661411213e-13 5.43354386620645e-17 1.114213762215435e-07 -2.04371339442436e-16 -4.741881798900845e-13 5.11928884781665e-18 1.171398705089e-16 -7.2936217771261e-25 -1.53337838083655e-07 3.796866128365425e-08 7.64893872875995e-06 -5.3824303476991e-07 -2.743286488516945e-07 -6.16946177314735e-17 -4.51316645778119e-17 -2.56797058394215e-08 2.42384151331996e-16 3.41240478046679e-16 2.304977278538765e-08 -1.094537613187345e-16 -2.57558032727329e-16 -5.2251563162621e-07 2.602493913520365e-15 5.0240918417726e-15 -8.86828602058615e-07 -5.560297813992e-13 -4.62068202694806e-17 1.368631617521025e-08 -3.9612561213848e-18 -2.32053122863588e-12 1.406906161995435e-12 1.508568159965895e-16 -8.8218081803109e-08 -8.83127212453415e-17 2.210677441508685e-12 -1.534335285252825e-12 1.00020784562199e-17 4.860918275814195e-07 7.50573465571395e-17 -8.0896959282519e-13 -6.3126302932918e-19 8.13989866290055e-14 3.069875737532695e-17 8.75601096367745e-08 1.55289310150791e-17 -5.88882025677265e-13 -1.58329107420744e-18 2.090926755668615e-18 1.68817063461175e-13 -7.24257208854275e-17 -1.39097162202671e-07 -2.687991905424095e-17 -8.31064500581445e-14 1.565421859535485e-18 5.42417321018615e-16 1.69922530682746e-18 -8.3542555927243e-15 2.18585630042748e-17 -2.340743155091105e-09 3.25622497327602e-17 1.03162974745197e-13 -3.146382070740795e-18 -9.7685108895655e-15
-1.026657137879225e-13 -2.132251634747195e-14 1.06058608907582e-13 1.979357062832675e-13 -3.52630451288712e-13 7.7317077783541e-14 -8.50940015254635e-07 -2.022489655313065e-09 1.938828625757835e-14 -1.863409564406635e-06 -2.155364724267635e-09 2.875985605693395e-14 4.140974968484875e-06 7.19571598215345e-09 -1.00145697817975e-13 -2.022396489500345e-06 -3.659621541889325e-09 4.626024251608835e-14 -6.2083994694868e-07 -9.1575532301159e-10 1.439346821876365e-14 -2.703342693033525e-17 8.5036567890687e-10 -2.423137854220475e-16 -1.882876278623105e-08 -6.61846255448735e-18 -1.266931495844255e-17 -6.28139552242535e-10 2.082599012844295e-16 1.15875433516518e-07 -3.714699906354815e-17 3.94100278117334e-17 2.018822625858935e-10 -1.51879410294658e-15 -4.493761681418265e-07 1.00303160626846e-16 3.766178320593125e-20 -1.18645360424533e-10 -7.4575173140467e-16 -2.71972272889909e-07 -4.87367439015712e-18 -2.37302976308871e-11 -2.92707705388484e-17 9.8221973874461e-11 6.8566993453343e-17 6.7242228820195e-08 -1.515562706373815e-17 -1.659759921240195e-11 1.911548057031875e-11 3.90168564680223e-17 -1.265473039596335e-10 -2.33288186670477e-16 -1.709205913426925e-07 3.16429845145971e-17 1.255623091121665e-11 -6.3678121900783e-12 -4.24644755020574e-19 -5.86024296994665e-11 -9.674735879034e-16 -3.527395825994975e-07 4.474723081605185e-17 -3.573952923914955e-12 3.91914868794426e-22 -5.57354116248355e-12 1.466885063089205e-17 2.157285475635155e-12 1.736479927129315e-16 5.394209830896e-08 3.38767135090686e-18 -4.18345726247343e-12 2.412746889131565e-22 4.86582948577262e-23 6.3953548534251e-12 -8.5689701637234e-18 -5.2577551312333e-11 -7.8953852083415e-16 -3.21064818044294e-07 4.123830784967065e-17 4.16433086903061e-12 -6.0222592970415e-22 -2.36138270176572e-19 3.55298701260462e-22 9.58665706380525e-13 -3.983623447048385e-18 8.17396371548265e-12 -2.85199717326991e-16 -9.5521765790365e-08 1.42343832884527e-17 5.49855987147135e-13 -3.47812542694359e-22 -5.54251841978675e-19 2.60514136251771e-16 -2.38835031109839e-17 -7.4355073373823e-14 2.07885296906645e-15 3.201245325671115e-16 -5.1511947856103e-09 1.63022505338015e-11 5.852447848477e-17 -3.76908910665569e-08 -5.588723045356e-11 -6.57630000316925e-17 -1.84676562156645e-07 2.97235070501043e-11 5.6208030352473e-16 -1.02105661252243e-06 -2.4570164314485e-10 -3.634050317139465e-16 -2.182365896103165e-18 -3.742227547252535e-12 -1.66575015895838e-17 1.627904211669985e-08 7.65594785556645e-18 7.5495224054437e-17 -2.117922662157305e-11 1.49151316990678e-16 -9.96865378117135e-08 -1.076627543631485e-17 -1.7723661772699e-17 2.537620917579715e-11 -4.956558783467325e-16 4.672752926074305e-07 2.85665667587472e-17 -3.927350472295015e-12 -5.5081432698955e-18 -2.8764271377313e-13 1.552893101507895e-17 8.4240570869679e-08 -1.28112875748286e-17 -5.6248829595166e-12 9.11427405790835e-13 -4.132087878085415e-18 -2.05717534590201e-13 1.032654093142315e-16 -1.250482813782215e-07 -4.459398759313375e-18 3.28469751009444e-12 2.404613824728355e-19 3.24510976488732e-13 -5.734590472033e-18 -2.71270823547866e-12 2.36367614703191e-17 -2.63666562262838e-09 -2.67222581475559e-17 9.41559073789335e-13 1.941922703293225e-18
7.94176401305665e-11 -7.59880230856655e-12 8.5450256691722e-11 1.87693748179256e-10 -2.23774568229316e-10 5.4383032894277e-11 -1.65210224511731e-15 7.47967627867075e-15 -5.20553265886695e-11 -6.80437047994525e-16 1.11900297523821e-14 -7.1926857585372e-11 4.265395937830835e-15 -3.522145197644785e-14 2.930126372916255e-10 -2.704832571288915e-15 1.646177761432145e-14 -1.309005579062765e-10 -4.71280723165547e-16 5.3069843242618e-15 -4.17820608300813e-11 1.10826347573337e-09 3.37279914855022e-17 -7.52904977869125e-13 -1.008566419488765e-16 2.994982693031105e-09 -1.97159522609553e-10 7.5335587018111e-17 -3.081441999452255e-13 -9.48391538440795e-17 -2.059073638248355e-08 -1.197300874389245e-12 -1.116750743118735e-16 8.5282612340661e-12 5.04293406256405e-16 5.1922299778096e-08 -2.97078335936556e-10 1.72377998476803e-16 5.3419455967265e-12 -5.7273688454136e-16 4.70610529695316e-08 7.8981585903531e-19 -2.38515715639704e-10 5.24985570936435e-17 -5.76752633007915e-13 -2.001722853079115e-16 -1.301923197172185e-09 6.88206129279535e-19 -9.5212047251512e-19 1.189866878384965e-10 -1.84988057734118e-16 2.62466295191045e-13 5.1548583453935e-16 -1.73035876414642e-08 -4.668436375043705e-19 -1.25850600196467e-19 -3.809656560237735e-10 3.242036484494145e-16 6.9780601637726e-12 -5.14673760449045e-16 1.29151141621356e-07 6.31794113909945e-19 1.59063041247082e-14 3.02998717378839e-19 6.64368123958415e-11 8.38018322572375e-18 -1.026149078654985e-12 5.19159773053495e-17 -4.342895139553e-08 -1.66204392526832e-19 -1.406857245428725e-14 9.24747340904855e-15 -1.04910981183761e-18 -4.56054933027934e-10 5.56060521751125e-18 4.642244089041175e-12 -9.52436898915205e-17 1.32900293366076e-07 9.4302420009635e-19 -3.96277803826915e-15 -1.2930957283312e-23 2.04007129462579e-14 -5.37757179056115e-19 -1.08695696298654e-10 2.7782146854001e-17 7.0488582060217e-13 1.038715447259635e-16 3.631168031786485e-08 5.27832448366605e-19 -1.320464172766805e-14 -3.003325010072585e-23 -1.48446218684616e-12 -5.42573114100935e-13 -9.5386103371539e-11 -9.4720413561403e-12 7.0827515581515e-12 1.74737522356175e-17 9.91088368234435e-18 3.38259531905296e-13 -1.24081953319576e-16 7.8399128615278e-17 -1.88390428461885e-13 -3.691125518287865e-17 1.08490260074948e-16 -2.918626572110055e-12 -1.348183373512185e-15 7.18754957480235e-16 -6.50292696171545e-12 -8.5982851203797e-11 -1.81495603739708e-17 -1.77319863363677e-12 -1.74953104581165e-17 1.324063635809535e-08 1.67386094495592e-10 1.33980309202984e-17 2.169986031823835e-12 3.53512983441545e-17 -7.84088021695175e-08 -1.517794373127735e-09 -2.096338249177545e-16 -3.883507399467095e-13 -2.42287627550277e-16 3.28140396371032e-07 3.61889610173847e-19 5.1265863517757e-13 -3.66089515804225e-18 -5.8888202567726e-13 -1.281128757482865e-17 7.9392499258801e-08 2.728444720998325e-19 -3.228486272052845e-19 1.627358811824575e-10 1.024120648863365e-17 2.340989487969565e-13 3.58680417824903e-17 -1.020676485415815e-07 4.814729700462895e-20 8.23895535065805e-15 6.3928780211278e-19 5.8569238309216e-11 4.139503392957395e-18 4.260640670043075e-13 -5.25969703260975e-18 -2.80100765246832e-09 -1.17031874839273e-18 6.3514861486565e-15
2.153016228502255e-14 3.261875905258375e-15 -1.63262643963542e-14 -3.127244056174825e-14 5.2274138989585e-14 -1.15912657518864e-14 -6.29249084961975e-12 5.26227106843995e-10 4.86162340106983e-16 -5.30012542430635e-12 8.0010880492263e-10 1.362779776227835e-15 2.26189402204853e-11 -2.491099322033205e-09 -4.825499400926305e-15 -8.61167150822325e-12 1.170589300306655e-09 1.872812466018315e-15 -5.440325130938e-12 3.663906221121615e-10 8.2038310260275e-16 9.70496263641325e-18 -8.5006586879695e-12 -1.6680102373059e-17 -3.417782919502565e-12 9.6768604518696e-18 2.516024490488865e-18 2.838073924216225e-11 7.60614374144735e-17 1.035877207150725e-11 3.214697407325475e-18 -1.38761240118161e-17 -1.31260144258223e-11 -2.014484982174965e-16 -7.3151742688956e-12 -2.22438191355732e-18 3.230226177729825e-19 8.720658850493e-12 -2.041974859465205e-16 4.695048538656205e-12 2.26389207664142e-18 2.715056197134565e-11 2.692824480081655e-18 4.31387906715138e-12 -8.6391096407531e-17 3.99488517983112e-12 5.04225211524995e-18 1.08372605649383e-10 -2.174757702327815e-10 -6.93208564704645e-18 -3.333533540192215e-12 2.581501863945515e-16 -6.03914677902855e-12 -6.6716581605808e-18 8.19688312790035e-10 1.72741108641683e-10 -5.18286900582065e-18 1.413683067850555e-12 -3.251898393644505e-16 2.143975894386135e-12 7.908351273116e-18 -5.4614333373879e-09 -1.92912039434323e-22 1.158755886076215e-10 -1.410260865910695e-18 8.0345103302634e-13 5.61318224003375e-17 -1.11696987917128e-12 1.64994673643778e-20 3.086932584612445e-09 1.649479591786905e-24 1.230019660598905e-22 -1.943427041564585e-11 -5.42390978201975e-18 -6.6632294490887e-14 -1.107252807542535e-16 2.893149416259e-12 1.004954520760865e-18 -8.60977910674575e-09 1.66024952728247e-22 -7.81650801491285e-16 -1.760496384332765e-23 -8.5122588644418e-11 -1.874796191044405e-18 -3.42505191076797e-13 1.427152109064875e-17 -4.788289465310185e-13 -8.6564939796896e-19 -3.000459787073965e-09 1.170083192825395e-22 7.8450460043666e-16 -3.78054819316481e-17 1.13414666459802e-16 1.97530218112407e-14 -3.63100705511106e-16 1.26243407385188e-16 7.37009348608815e-13 2.01974032613712e-14 -2.74019059492266e-18 -2.17285395264734e-12 -7.2620516400154e-13 3.02531131989557e-17 2.659579538326575e-12 -2.636931311688345e-15 7.93198480483585e-17 -4.14621448901614e-13 1.73992652826952e-12 2.844678312339075e-16 -8.9660423535195e-19 -6.0768714166357e-12 -2.039611350122175e-17 -1.205719144869715e-11 -1.389603593533845e-18 -8.5199076455218e-19 9.89556083134305e-12 1.90761747063108e-17 1.562999450720845e-11 9.6197853006116e-18 -4.79270614376399e-18 -7.3285672579787e-12 5.0451544180909e-18 -7.41002352336235e-12 1.322239107656815e-17 1.139267826397005e-14 3.81157787070224e-19 -1.057680295200135e-12 -1.583291074207425e-18 -5.6248829595166e-12 2.728444720998345e-19 7.05297685167955e-08 4.93487830437921e-13 -5.07948606867955e-19 4.151021869531355e-12 -3.30780346783054e-18 4.71723258119285e-12 -6.0672251933396e-18 -6.1873662450565e-08 -8.33110476970935e-19 -9.23600111457155e-14 1.902189183555025e-18 1.873259537594905e-12 -1.32066691296911e-18 3.659834276290665e-12 3.48242104340031e-19 -2.81111609294463e-09 -8.28610419168415e-19
-1.47916140448064e-15 -3.12011031542849e-17 3.809478520920065e-16 1.12243023907677e-15 5.65824643822305e-17 1.128858048451305e-16 -3.528429130643565e-10 -5.23078578550375e-11 -1.6908832217721e-15 -5.29403896107915e-10 -7.58239767096115e-11 -2.85279992584462e-15 1.64969945811489e-09 2.27810041663445e-10 1.009912488350885e-14 -7.76099072256015e-10 -1.040967604972155e-10 -4.466874372930355e-15 -2.43242318621818e-10 -3.706799074026275e-11 -1.504848134093525e-15 1.04391148883367e-18 -5.50597689849475e-13 3.620548472240525e-17 6.50793787315825e-12 -2.9210640614207e-18 2.190553026190925e-18 8.87941575825005e-13 -6.29170000855205e-17 -2.33266386837437e-11 1.279298340551045e-18 -4.50694317711156e-18 -3.265854278815985e-12 2.38480089270684e-16 1.06816342345969e-11 -3.676710340567625e-19 8.6488884452841e-20 1.00905634069364e-12 1.578527333847815e-16 -6.9258887468118e-12 -3.69068456621454e-19 6.1263832526144e-09 -3.708350934868725e-19 1.233411328662615e-12 3.53967143823231e-17 -3.44431406420121e-12 -2.78479221552168e-18 1.311841043458645e-10 -2.51475812383338e-08 -2.361694042109895e-19 -2.46013696235752e-12 -1.029554357797915e-16 3.317462078453375e-12 3.416436648159275e-18 -2.61568684118182e-10 5.76630587604145e-08 -2.013066204379915e-18 -1.21089078099675e-12 2.31444308317457e-16 -1.76979897807888e-12 -2.177099617472995e-18 6.5400209725217e-11 2.06877314151474e-22 -3.42801591449315e-08 -5.85783903135115e-19 -1.14407861994569e-12 -4.324578294875515e-17 -6.0032445879916e-13 5.10614057618475e-19 6.71178326364725e-11 -6.40393562088685e-23 -1.58058601020164e-22 8.0655242998124e-08 -7.52868329253225e-19 2.62131646098323e-12 1.18884649829102e-16 1.04914419899822e-12 -5.91347199112145e-19 9.2132711989325e-11 8.1966653699722e-23 3.04846427296418e-16 -5.38567669280445e-24 2.53321838687984e-08 -1.52414131942758e-19 -7.6697526535955e-13 1.525448661095995e-17 4.45378593496323e-15 1.01897257166216e-19 -1.08229887002294e-10 -2.26034453842247e-23 2.393300574330925e-16 -1.515108537549195e-17 -6.8163646655334e-17 -4.20753234061459e-15 -2.172322409269105e-17 7.0881501747685e-18 2.73997511911691e-14 4.259807626254475e-13 -3.689766357010525e-18 1.05973599435423e-13 -9.92567014770805e-13 -9.23797350797e-18 -1.836010371931435e-13 1.246903208221345e-12 -8.0771831510336e-17 -1.801601406294085e-12 -9.5721140523549e-13 -1.22425610971455e-16 2.102987625083385e-19 -5.75053559127045e-12 9.35010116602025e-18 3.308692013146745e-12 4.56369402752062e-18 -1.33822176423529e-18 7.49450785181615e-12 -1.659241719604015e-17 -6.4833658424449e-12 -2.10214872671714e-18 1.34448377411785e-18 -3.252444905238155e-12 2.95333589525664e-17 5.20686100822965e-12 2.51871759188971e-19 -6.1873672023849e-08 -1.89963531548886e-19 -2.3880719886788e-12 2.09092675566862e-18 9.11427405790845e-13 -3.22848627205284e-19 4.9348783044724e-13 1.051402326863155e-06 2.293217555137745e-19 1.55511563420404e-12 -7.9278694510205e-18 -3.246234864537805e-12 5.73565480432395e-19 -3.38648925387694e-15 4.39574215498508e-20 -3.09131212208008e-08 2.06794946664966e-18 1.680709746715635e-12 -1.787778100292575e-18 -9.09705465600715e-13 -3.26921136733896e-19 3.145658250526075e-12 1.44423727103175e-20
-2.04901174457047e-10 3.122674534783335e-12 -5.59560748183175e-11 -8.69335411517005e-11 2.051329189471275e-10 -3.667917562902355e-11 1.40999932958147e-15 -1.030966114084405e-15 -9.8069127515433e-11 1.81960817381363e-15 -1.853237725707725e-15 -4.41441421233396e-11 -6.05235721054185e-15 5.39547452918045e-15 3.090300287099835e-10 2.951285280780355e-15 -2.36968632298223e-15 -1.590310740076e-10 8.85941432806675e-16 -8.53502708788085e-16 -3.923498855654315e-11 -2.97543868266801e-08 9.09496277723275e-18 -7.1530708252728e-12 2.022515852747055e-17 -1.334005710149245e-10 1.41523921938696e-07 3.567719031210315e-18 -1.1246960520487e-12 3.462159762456865e-17 6.84287379282e-10 -3.191667879338855e-07 -8.6052983567633e-17 6.54306410380045e-12 -1.14563183487772e-16 3.378463883209605e-10 -2.425294418868555e-07 9.31534339180875e-17 1.06683125644227e-11 1.45237045148359e-16 -1.03900866109365e-09 4.233533859452545e-18 2.870417233592275e-08 2.759851994711555e-17 -3.73457096758572e-12 4.24080810607823e-17 1.288274077399635e-09 -7.5875143956465e-19 -4.527351831003185e-18 6.2729719959544e-08 -6.6057822125205e-17 1.17763547549291e-12 -1.219429348441355e-16 -2.68390326253368e-09 1.224888863181745e-18 9.9646881913656e-19 -7.10391854678605e-07 4.799744027647695e-17 1.08682030074894e-11 1.56913114184906e-16 2.28391817253234e-09 2.465650661754415e-18 -2.51418378202058e-15 5.0788685277598e-19 2.65070675646845e-07 -1.581786596205325e-17 -4.57972742400896e-12 -9.84775435109575e-18 4.02001780975248e-10 -3.2432951138847e-19 -5.1069047996607e-14 -1.07982156841181e-14 -2.023932802380995e-18 -7.8620755071976e-07 3.21510653634365e-17 9.13350517024e-12 2.625538917708255e-17 -5.61551373258855e-10 3.35981696221635e-18 3.97240689214844e-14 -5.4187859328857e-23 -9.19926178530045e-15 -9.5328876000907e-19 -2.22075170601495e-07 -2.715198730375225e-17 1.850380146536635e-12 -1.443570800586405e-17 -8.4000615340571e-11 1.63462994991144e-18 5.55641502093855e-16 -5.1743205759316e-23 -3.98802403554924e-12 4.454339060467595e-12 -4.25228373682686e-12 -2.009696433116005e-11 2.11705829929445e-12 2.26621931869634e-17 9.4755567781934e-18 -8.71565805944375e-13 6.0975816890397e-18 -8.37145827557345e-18 2.46077592903886e-12 5.4275332342987e-17 1.8835454163921e-18 -2.87883750676536e-12 3.62110019964386e-16 1.376495962783835e-16 1.94214326847465e-11 -9.52018606200095e-08 7.91692161676475e-18 -4.120665999953215e-13 3.47790806469748e-18 -5.4758915688802e-11 1.81423192037148e-07 -1.33067204318211e-17 1.14522751152281e-12 -9.16988828095875e-18 1.118067995267155e-10 -1.956767928600845e-06 8.3301029229628e-17 -1.688460333776525e-12 6.4988386460766e-18 -6.50000549881885e-10 1.14043651709796e-19 -1.020655712632075e-07 2.12626919644631e-18 1.68817063461175e-13 -4.132087878085425e-18 1.627358811824585e-10 -5.07948606867965e-19 2.293217555137735e-19 1.299381373308535e-06 -7.7598150567207e-18 -4.047138235418465e-14 -1.456870776881495e-18 -7.15075242096225e-13 1.198758278094495e-18 -3.489883246385005e-16 -3.522917189123885e-18 -4.75813154898039e-08 -7.30595315284345e-18 1.743923163332755e-14 -1.15232622756861e-17 4.204464574020015e-10 6.0949987325723e-18 7.15795645234545e-15
-4.71982472495791e-15 4.232935348326935e-15 -2.329333177500185e-14 -4.38664443207007e-14 7.684595073888e-14 -1.709443604833565e-14 2.56285645594872e-08 2.78503791948544e-06 -7.3894385177495e-15 3.34919403690072e-08 7.7706376411277e-06 -1.11191467938105e-14 -1.01063126560595e-07 -1.39710675730046e-05 3.73173408963165e-14 4.72823008341505e-08 7.05181518544375e-06 -1.71088375191673e-14 1.527073841041465e-08 2.13958231999726e-06 -5.5988461544529e-15 -5.19215883568645e-18 1.27322341704919e-07 -2.28079286112264e-17 -6.76039722719865e-10 -1.17145844707716e-17 1.23546957735942e-17 -7.1931838910207e-07 1.38010286507463e-17 1.88644740687332e-09 -9.2812503587951e-20 -2.486405247417445e-17 2.67749436235277e-06 3.157215632115455e-16 -1.720908733805895e-10 4.179378397842355e-18 5.5941211352545e-18 1.67854688815585e-06 5.2653542423642e-16 9.15881311316005e-10 6.3285747406823e-18 -4.43671240999471e-12 8.95090973948615e-18 -4.373243307532675e-07 9.78953921699195e-17 -1.951383359906775e-10 -1.62367177689625e-18 1.05431453749732e-12 2.141412810131765e-12 -1.76826550929676e-17 1.063370853909995e-06 -2.43600071011383e-16 5.58734529454975e-10 -1.404144759275935e-18 -6.54022443502185e-13 8.1050297067003e-13 1.758907349077895e-18 2.108233774439525e-06 6.17615940824025e-16 -1.235366559094395e-10 1.17128053397166e-17 2.9325988832836e-13 -4.55811954472694e-22 -2.88145110305208e-12 -4.407575265898235e-18 -3.26258350251487e-07 -8.7572342454358e-17 3.02437876130074e-11 -2.560434734903795e-18 1.75884167163212e-12 -1.24382317214512e-21 6.64119534012615e-22 2.703733320143295e-12 -2.954779705231145e-18 1.93326186235844e-06 2.810950947067515e-16 6.42914056468215e-11 8.67160953951605e-18 -2.381324972242615e-12 1.61093528915749e-21 -1.71638009981064e-19 1.455725535470625e-22 -1.145787677781385e-13 -2.71917820526252e-18 5.8638787340715e-07 8.46823585749565e-17 9.8050620978068e-11 2.40852052216612e-18 -8.12443764436015e-13 2.935703100181965e-22 2.02207474033825e-19 -6.87010747523715e-17 -1.3367114493667e-16 8.46278248603525e-15 -2.091087487339985e-16 -1.35669478174071e-15 1.512910110145365e-11 3.233150494426765e-08 5.1170789552982e-17 -8.069451691011e-13 3.072132564579935e-07 -1.073399361809185e-16 -9.5025505164576e-11 1.3088527829688e-06 -1.64901835701774e-16 6.6723744143155e-10 6.2887785493722e-06 -6.26234524142195e-17 -2.718659722037365e-18 -1.20722939045682e-07 -5.58760416901465e-18 5.94976128472775e-12 1.93577431825481e-18 1.607925600292415e-17 2.24572990797655e-07 -1.020439923089345e-16 -1.078870342049205e-10 7.44736153231745e-18 -7.1729462286327e-18 -2.89958027435697e-06 2.827912296819105e-16 -1.29347846689488e-10 4.416142762126455e-18 -2.62817628580762e-12 1.766067127481585e-17 -1.250494206463075e-07 -7.24257208854275e-17 -2.05717534593808e-13 1.02412064886337e-17 4.15102186953135e-12 1.555115634204035e-12 -7.7598150567207e-18 1.46110708106786e-06 -7.49216263399645e-18 -1.07766493272716e-12 -8.3445503298528e-18 -2.421810152783755e-12 -2.8998144976553e-18 5.2358994048633e-13 4.310158526047375e-17 -5.827371663736e-08 -1.62086625658187e-16 -5.06997728399125e-12 2.112667882563215e-17 -6.00742471199295e-13 -7.07545695801455e-18
-1.14194800999888e-05 -2.0982005877653e-06 8.82196491594625e-06 2.097499352718335e-05 -7.56050219019525e-05 1.179020423779685e-05 -2.235824609805965e-14 -1.71107493402189e-14 5.00064953686945e-06 -3.44246823978e-14 -2.297649950019475e-14 -7.08779805104825e-07 1.10220398521666e-13 7.22476317295105e-14 -3.76390969117758e-05 -5.1998217452941e-14 -3.453222666071915e-14 1.718896581119645e-05 -1.611743951088355e-14 -1.067380216266e-14 3.86548514143514e-06 -5.9587057513247e-13 -1.62789604107079e-16 9.15456368768335e-08 4.74154958107571e-17 1.558492490775735e-12 9.7572533258503e-13 -3.949749723357775e-16 2.392979651546505e-07 -2.383653101525895e-16 -3.880966399876855e-12 -2.33792750021099e-12 1.30693576073556e-16 -5.72893709320455e-06 6.98267949845505e-16 1.62324222698416e-12 5.9092472075047e-12 -9.0254014301903e-16 -1.304418488905795e-06 -5.21642446236775e-16 -3.61939574541297e-12 -5.2272701280264e-18 1.300472053236985e-12 -2.457156237432845e-16 6.74153090940795e-07 -1.359538918683295e-16 -2.07206663141821e-12 -2.37302256058998e-18 5.9638510628036e-18 -8.6455152297176e-12 6.00962504940425e-16 -3.10066004721314e-06 4.30328170547198e-16 5.36829741881135e-12 9.78912512004565e-19 -3.428674759122325e-18 7.0172252169511e-12 -1.200699611843265e-15 -5.87469878728175e-07 -5.40369189083715e-16 -6.73188392208025e-12 -3.92570804364319e-18 -8.96366524099215e-16 -4.44461160605539e-19 -3.977614591170865e-12 1.097214461466985e-16 -1.838711271056535e-07 5.8734822048114e-17 1.830223156880735e-12 -3.3346540646921e-19 -1.51589020676602e-15 -3.661205320322275e-16 1.37882728836527e-18 3.52022835520304e-13 -3.099088105740345e-16 -1.36433810783744e-06 -1.864258290297935e-16 -1.227326733894475e-12 -3.2704081426106e-18 -2.72721437554623e-16 -7.37124915006455e-25 -9.2211687887987e-16 1.108764081903505e-18 -3.734611968483825e-12 -4.102957776984945e-17 -5.99620164175745e-07 8.5442295882509e-17 1.56687555057989e-12 -1.75095494805341e-18 -1.36123434935799e-15 1.80358477483352e-25 8.2801328823068e-07 2.36981402022035e-07 -4.651503678675665e-05 2.854330722451225e-06 4.6025037690521e-07 -1.521919875996915e-16 -4.521642685791675e-17 1.38427353860641e-07 1.961482087780605e-16 -1.0336642992979e-16 1.916031512988465e-08 -1.130609501893955e-16 7.5907211237423e-17 3.081575691165605e-06 -9.27487949709105e-16 -2.80795353610845e-15 5.88470968559445e-06 -3.56040161647501e-13 1.774995913158495e-16 -1.127808206907265e-07 4.29864114940059e-17 1.389765598378415e-12 4.70774287520529e-14 -2.68071212971018e-16 1.585198284344e-07 1.65535284032301e-17 -7.5599514817999e-13 4.642119852661925e-13 2.127312231599305e-16 -3.10339684736888e-06 -2.07047718909596e-17 1.78828732923354e-12 1.27950791220732e-17 -3.2732914863897e-13 5.76134655999075e-17 -1.39097162202671e-07 1.032654093142315e-16 2.34098948796957e-13 -3.30780346783056e-18 -7.9278694510205e-18 -4.04713823541862e-14 -7.49216263399665e-18 1.54115837547311e-06 -4.135769675944095e-17 7.44527123059685e-13 2.737836122392995e-19 -6.4569261928997e-16 7.17070102073365e-18 8.43750189720875e-14 7.6309928431813e-17 -6.2712444206175e-08 1.8811287804301e-16 7.89847286313975e-14 -3.40325458168749e-17 -3.94154810132262e-14
3.04054671613269e-14 8.14668522868455e-15 -4.12364013271016e-14 -7.6445360964359e-14 1.370600106443505e-13 -3.0175538882891e-14 2.78484438140781e-06 -2.55474342354372e-08 -9.4317747584983e-15 7.7705725761098e-06 -3.33375369180329e-08 -1.426139921822855e-14 -1.39706851938693e-05 1.006098531676805e-07 4.91935926768702e-14 7.0516063914792e-06 -4.70709197813996e-08 -2.2550951088061e-14 2.139531026949485e-06 -1.51998065308068e-08 -7.17979199285165e-15 8.96989782692195e-18 7.57532176036785e-10 8.51137514550245e-17 1.273309126722765e-07 7.9706825679769e-20 9.83591654093035e-18 -1.929649058265125e-09 -1.009032059784195e-16 -7.19303489271215e-07 2.850369310155265e-17 -2.22462889975402e-17 1.787763705805425e-10 7.1272594567196e-16 2.677497303902205e-06 -6.05206462770365e-17 2.797054471449265e-18 -9.09564672823055e-10 4.913230911884015e-16 1.67854314837685e-06 1.23486614122174e-17 2.17470694075099e-12 1.84954233724432e-17 1.801168624165505e-10 2.83205489278262e-17 -4.37554620554986e-07 3.111488425710015e-17 6.3696414105679e-12 -1.0074192823228e-12 -2.63388885611301e-17 -5.51677608502895e-10 -8.3164962864122e-17 1.06359690439873e-06 -4.76358387964003e-17 -3.01057726648269e-12 9.217622767044e-13 6.37819519066795e-18 1.328674903259975e-10 6.6782063230891e-16 2.108143932429995e-06 1.27183413661648e-18 6.31079453091685e-14 6.2616512824909e-24 2.779452185823875e-12 -8.8342475013743e-18 -3.12413733082091e-11 -1.0761695693354e-16 -3.2628023724753e-07 -7.5867378366455e-18 3.74004550130052e-12 -6.53246830561955e-22 -1.662494040133895e-22 -2.52793678676391e-12 6.45937589727745e-18 -6.0998669919148e-11 4.253064133999035e-16 1.93328111825845e-06 -1.125738127899255e-17 -2.760699412482795e-12 9.60259755904215e-22 1.81951142638254e-19 -1.270632163127105e-22 -2.266093055942375e-13 1.74870636878528e-18 -9.0118430316943e-11 1.228380469646e-16 5.8639934012747e-07 -6.82381834887e-18 2.13952826155508e-13 2.47356587314396e-22 4.56767654054115e-19 -8.5886295559394e-17 -5.1408283290778e-17 2.40412142574749e-14 -6.95272137094945e-16 -5.81475553384655e-16 3.233157429955145e-08 -1.584583876674735e-11 -4.318992738190155e-17 3.07213558024324e-07 -1.006856008765485e-12 4.24682810357418e-17 1.3088644207568e-06 9.7883663225956e-11 -3.380047204733445e-16 6.2887915394554e-06 -6.69486128778855e-10 7.65630467167e-17 -5.4520177236357e-19 -3.534937557622075e-12 3.65000340363067e-17 -1.207231621476945e-07 -3.411548497391895e-18 -2.70282345869996e-17 1.039018408959285e-10 -1.10706018514824e-16 2.2457458788758e-07 7.8853611260149e-18 4.700770347805905e-18 1.418213557550155e-10 2.554061856075825e-16 -2.899579188935965e-06 -1.4952852705355e-17 6.6628985750899e-12 9.7905413981035e-18 2.01983722592464e-12 -2.68799190542409e-17 -1.250482813782215e-07 3.586804178249035e-17 4.71723258119285e-12 -3.246234864537805e-12 -1.456870776881505e-18 -1.077664932899645e-12 -4.135769675944095e-17 1.46109351817785e-06 -1.17411727463487e-17 -2.944369120967035e-12 3.300731643467415e-19 -1.03943694444482e-12 2.17526326288443e-17 5.6737325065481e-12 -7.6516136570682e-17 -5.8273178791224e-08 8.4009203042428e-17 -8.47411446301705e-13 -3.88423552726962e-18
1.29247073422579e-11 -1.473056670820675e-12 1.010217370843245e-11 3.087878513660115e-11 -1.52878866522943e-10 8.868934125882e-13 7.71270644495395e-16 -3.64229627891332e-15 6.24628269070035e-11 3.687125683347635e-16 -5.4487989523223e-15 4.15196619720457e-11 -2.03959075598521e-15 1.711564223192935e-14 -2.422533493758825e-10 1.25891133525607e-15 -7.99310942438065e-15 1.083618880084845e-10 2.35546388776407e-16 -2.580089703463465e-15 3.160374855542365e-11 1.15731976593971e-10 -1.470912208940985e-17 4.29151620313719e-12 4.17420426641407e-17 -2.98007884080256e-08 -6.3570722597092e-10 -3.95076625891239e-17 1.72934518805381e-12 5.437859264713e-17 1.416164974497295e-07 -3.38038234334903e-10 4.40588152645927e-17 -5.6557296487814e-12 -2.263716078844705e-16 -3.192428464479205e-07 9.94375472355265e-10 -7.5956276390641e-17 -1.23693142638285e-11 2.57717639686313e-16 -2.424699756307035e-07 1.0394395654173e-19 -1.27905730860445e-09 -2.1706453169882e-17 7.0674943673251e-13 8.35279268894595e-17 2.870316357665865e-08 -4.45188356557957e-18 -1.766402906420125e-19 2.6186155149852e-09 8.0327766852543e-17 -1.326522934713855e-13 -2.223002340313995e-16 6.27407840704005e-08 3.401279381310735e-18 2.940070083004015e-19 -2.22527003528423e-09 -1.50693715205192e-16 -7.2941014384714e-12 2.314391220874625e-16 -7.10395764059185e-07 -8.45493760962115e-19 4.375201674850175e-16 -2.616030483186315e-19 -3.667967840994675e-10 -3.85786472453227e-18 2.77395897022438e-12 -2.54738761766066e-17 2.650463320053745e-07 -4.783360277499615e-19 2.758020943720345e-14 -3.152638759057535e-14 4.43904640529738e-19 5.45476873656155e-10 -2.3198377510568e-18 -5.12171522223225e-12 4.749687510291685e-17 -7.86198718185695e-07 2.691438953162635e-19 -3.105332351236665e-15 4.32548286420485e-23 -2.98603920255877e-14 2.395529375116555e-19 3.906800215698535e-11 -1.481198151366005e-17 -1.18053296427363e-12 -4.55971232104591e-17 -2.220802272629215e-07 -3.209344675614275e-19 1.71284430209525e-14 3.682103673775185e-23 -7.7475974516143e-13 2.95849426990032e-13 7.68743308024265e-11 2.500908058985935e-11 -3.606225722496405e-11 2.355209434125605e-17 -2.0266451218911e-17 3.768428956963155e-13 1.20855856041608e-17 -1.11046718132524e-17 -1.194896956338525e-12 4.88075394921376e-17 -6.11001057474885e-17 1.19452546045979e-11 5.7743922113201e-16 -3.155372524113195e-16 -8.4931499922511e-13 5.53893039469245e-11 9.78686952991195e-18 6.8654589018855e-13 8.2050155284806e-18 -9.52008990011815e-08 -1.12740848211414e-10 -8.5911408440316e-18 -1.5152095548247e-12 -1.724151489264775e-17 1.814160827337055e-07 6.5637965386542e-10 9.72967954156255e-17 4.73170030988317e-12 1.04829573184566e-16 -1.95676202797945e-06 -8.15144297999465e-19 -1.663589177834265e-10 9.02813795102145e-18 -8.31064500581445e-14 -4.4593987593134e-18 -1.020676485415815e-07 -6.0672251933396e-18 5.73565480432395e-19 -7.1507524184759e-13 -8.34455032985275e-18 7.44527123059685e-13 -1.17411727463487e-17 1.29937867972642e-06 3.198634569358495e-18 -7.0785478679967e-15 6.43605823228845e-19 -4.19124211910064e-10 8.07109403089555e-18 -1.972649378206695e-13 -2.377235375918e-17 -4.758189119932395e-08 1.04527161254181e-18 -2.03609653294672e-16
-1.012264328168595e-14 -1.49816931162675e-15 7.5280164997765e-15 1.44650681414354e-14 -2.3815159623935e-14 5.3208681573648e-15 -3.71759667683302e-11 -2.815495908896065e-10 -4.61059737381732e-16 -5.809180774298e-11 -4.257943592679555e-10 -1.020412387749345e-15 1.828832229849645e-10 1.32579388297217e-09 3.664988199911445e-15 -9.0444205101015e-11 -6.2485170397463e-10 -1.49464009271942e-15 -2.33227848263077e-11 -1.945425593219915e-10 -5.88770265830185e-16 -4.876787059299655e-18 5.96502231887515e-12 1.3123763715114e-17 2.62108654228831e-12 -5.99106850465275e-18 -9.42358447263715e-19 -1.81502951467594e-11 -4.493919183743145e-17 -8.2110237872202e-12 -4.488224286043585e-19 6.52924029434205e-18 8.2520596075291e-12 1.310096197367775e-16 7.2500004422405e-12 2.449604424856285e-19 -8.2193477248379e-19 -5.6660707020577e-12 1.19466070341119e-16 -5.35694309629435e-12 -1.38220034658363e-18 -1.311293040914925e-10 -3.06191591002944e-18 -2.068382849448955e-12 4.41582334400966e-17 -2.066886616423595e-12 -4.04976672666401e-18 6.1264277002944e-09 2.615062357971375e-10 5.6816302473826e-18 1.56262253013103e-12 -1.313540907546985e-16 3.65199017797589e-12 4.91541469994815e-18 -2.51473848429062e-08 -6.53232257639535e-11 6.1641558880043e-19 -1.33822780226851e-12 1.82870484923366e-16 -6.47159185009785e-13 -5.14919421726415e-18 5.7662960563211e-08 -3.31195757853239e-23 -6.71280502669785e-11 9.2785352029451e-19 -4.95308186841716e-13 -3.178644140629765e-17 1.471977631279225e-12 -1.01920737189194e-19 -3.428011990817175e-08 7.19227047242095e-24 1.1513977982928e-22 -9.20504939779855e-11 2.25496675273514e-18 4.022807891448765e-13 6.8013833501892e-17 -3.84503434072268e-12 -4.155361569511055e-19 8.06552276681885e-08 -3.07825263347352e-23 -2.3930193525591e-16 3.235159964183975e-23 1.082664135432375e-10 1.09821021865958e-18 1.000971746353615e-13 -4.32031116266818e-18 5.4593941363428e-13 6.5877618559626e-19 2.53321645521933e-08 -3.67659555318923e-24 3.048258824795425e-16 1.290443213937375e-17 -6.61733805570035e-17 -9.4869690653348e-15 1.53284758217811e-16 -3.85302240553379e-17 -5.89626123491905e-13 1.502949020131345e-13 -2.50857691306223e-19 1.610755386280775e-12 1.945818032709335e-13 -1.41863419346763e-17 -2.69920773645249e-12 -1.39834387325654e-13 -4.944230256080955e-17 -7.6747316021982e-13 -2.146417631923575e-12 -1.493590348841315e-16 2.512031853213905e-18 1.754997507702025e-12 8.04165633655395e-18 7.90984104850355e-12 4.153996662413515e-18 -2.285160045857635e-18 -4.082022786179805e-12 -8.44854970716255e-18 -1.04820877043808e-11 -7.5951790308472e-18 3.356873229765095e-18 3.537031647500295e-12 8.37792657661975e-19 5.3576982110558e-12 -6.09040164572655e-18 -4.92445705834951e-13 -1.785429760816235e-18 -6.7244798678174e-14 1.56542185953549e-18 3.28469751009444e-12 4.81472970046295e-20 -6.1873662450565e-08 -3.38648910069247e-15 1.19875827809449e-18 -2.421810152783755e-12 2.737836122392835e-19 -2.94436912096703e-12 3.19863456935849e-18 1.051402321129095e-06 -2.68697694677033e-19 -3.14582246133858e-12 -4.066160920664835e-18 -5.27767003464185e-13 5.33788102854315e-18 -2.164417634499765e-12 3.760574824865145e-19 -3.091312368414445e-08 7.04060553776985e-21
-1.005579130466825e-13 1.784825227100315e-14 -7.3908370177547e-14 -1.47581813392109e-13 1.04202806711485e-11 5.61053643010265e-14 2.32524755945847e-16 -3.45871956780409e-16 -1.403264209644415e-13 3.297417699268215e-16 -5.03227834696055e-16 7.06819014381035e-14 -1.13229647681074e-15 1.51276654555549e-15 3.62204636402938e-12 5.48280460395115e-16 -7.5183400871009e-16 -5.5581427317175e-13 1.57621391813603e-16 -2.10713978168833e-16 -2.26723320172004e-13 8.2095063121055e-17 1.79796739664142e-18 6.24400792057135e-15 -3.85808918630488e-18 7.56239568517405e-16 2.30879103372706e-16 -4.45781943387673e-18 3.311112595860595e-14 1.39514484390669e-18 -1.019846184188775e-15 -1.18496574976741e-15 -1.49124079460941e-17 6.70473488744085e-14 -1.14269132554338e-17 -6.9660013283171e-16 -4.06098294686983e-16 -4.91021846807642e-17 5.68211169259355e-13 2.203347578289915e-18 7.1761047632904e-16 -4.31951322240135e-19 6.05426592318935e-17 -1.198652298064865e-18 1.746549484820135e-14 -1.30908545685645e-18 1.837327682399845e-16 2.161368088409695e-18 5.032484376316e-19 -5.51372252578115e-16 2.823346699748395e-18 -4.468578352253925e-14 3.11348508835857e-18 -2.1105379171791e-15 -2.454738036616375e-18 -8.3434681276329e-20 -9.67850508645735e-16 -4.370611677561205e-17 1.68642028921728e-13 -4.86114230459803e-18 2.26902089668591e-15 -8.0645224474047e-19 6.01515224943815e-12 1.653532868989105e-19 -2.474755962450625e-16 7.483034996584e-18 -8.2214587649847e-15 -1.70210102270549e-18 -1.513935809403025e-15 1.18705257385562e-18 -2.436070779324225e-16 -8.2815366866551e-12 -2.55557548882338e-19 -8.8227634750101e-16 -3.421500434802395e-17 2.900761508078205e-14 5.16539293646465e-18 1.998467044823995e-15 -3.709492065597815e-18 1.618909999323135e-16 -1.205900091098715e-23 -1.680518551451295e-12 -1.77834001645329e-19 -3.75215522711822e-16 -4.938275653272965e-18 -2.086807842446355e-15 -3.312160922840405e-18 8.7083824932678e-17 -2.000354608721475e-18 -1.64049587877748e-16 3.499048936144415e-23 -1.62636110656779e-13 -5.0738938124429e-13 4.85205816827909e-12 -3.593410048732185e-13 2.55660216485378e-12 6.54424972342265e-19 -2.073196164886675e-18 -6.6321648703197e-16 -3.62860519830742e-18 -7.30400350563125e-18 -9.5313519852392e-15 -7.50012362444655e-19 -5.45738855072235e-18 2.59865994152186e-14 -1.459242292185655e-17 -9.84776432207745e-17 -2.15873782029422e-13 -1.381750964431885e-15 -7.59672307665585e-18 7.71219643669425e-16 -1.66565637302142e-18 -5.8782905846643e-16 -2.382311456622915e-15 4.5531924956738e-18 7.65025036130215e-15 -2.047460664770535e-18 -3.232018560072405e-15 -8.68857947490235e-15 1.614218927932835e-17 3.462422549463225e-14 -6.100707360429e-19 4.16171190312559e-15 -1.525667699955385e-19 6.3544786895937e-15 2.15864144541917e-19 5.42417321018615e-16 2.40461382472837e-19 8.23895535065805e-15 -8.3311047697093e-19 4.395742154984845e-20 -3.48988324638502e-16 -2.899814497655305e-18 -6.4569261928997e-16 3.300731643467415e-19 -7.0785478679967e-15 -2.68697694677033e-19 3.73614469886439e-08 4.30825759075159e-20 1.997881014131805e-15 -4.58227572925991e-19 2.44443830964501e-15 2.22373338935259e-19 3.66104454329875e-15 -1.778944560904065e-19 1.19317229842147e-21
-1.339113570555e-14 -2.386901751385185e-15 1.180541431884415e-14 2.22849561460957e-14 -3.927433025840215e-14 8.5384513656557e-15 -1.36153630307632e-10 -2.57750486856311e-11 1.224235154392295e-15 -2.045318507261175e-10 -3.555487979415655e-11 1.62340475864815e-15 6.3570480271885e-10 1.136235062917115e-10 -5.91699245064715e-15 -2.98989709764171e-10 -5.3979546812161e-11 2.79785590733578e-15 -9.34121734728985e-11 -1.682818017381485e-11 7.95545554479835e-16 -2.288070427111625e-18 1.125174048107935e-13 -1.735732400833555e-17 2.5405897068848e-12 8.47481757362995e-18 -1.04316160614934e-17 -4.732181855285845e-13 1.281439397622485e-18 -8.84574214675155e-12 9.6112333638771e-19 3.079276778739785e-17 3.874025644270015e-14 -8.5719599572096e-17 3.844113158981515e-12 -3.617704563568265e-18 -1.26670681800914e-19 -8.7451323296162e-14 -1.03694391717507e-17 -2.72152214713012e-12 -6.1502137093817e-19 8.32208521066335e-10 -2.793604051553745e-18 8.22956985968165e-13 2.949125888479505e-17 -1.11294412894108e-12 8.36260804759775e-18 2.02070023422029e-10 -4.38797812594567e-10 7.48243480353135e-18 -1.251479386124065e-12 -9.43484641990385e-17 9.7542013019698e-13 -9.6820342124535e-18 -2.708429050440895e-10 -1.474463359878475e-09 1.64260614553806e-17 4.459964081689695e-13 1.50111059106687e-17 -6.7198198058253e-13 4.10435304439128e-18 9.9018150485694e-11 -3.244255096868225e-23 1.1438448094198e-09 1.75881623902632e-18 -1.294702133194795e-13 -2.411701180593915e-18 -1.097105037035595e-14 -3.804005387057675e-18 -2.833008441096055e-11 7.60603604354345e-23 -1.8753379371919e-23 -3.069903260693285e-09 1.19924522130126e-17 4.036133884840515e-13 -3.13389430940207e-17 -4.558029837834915e-13 5.59073565364055e-18 3.66235241153614e-11 -2.846140826142225e-23 -7.80113920940975e-17 2.887544014058145e-24 -1.241900629708585e-09 3.553023004396835e-18 6.7601867387301e-15 -2.42806129119572e-17 -1.268859164578345e-14 2.09085375323793e-18 6.0446419784017e-11 2.381731783451975e-23 -7.3187101434318e-17 4.41675839685996e-17 -9.92508090901675e-19 -1.15754668067341e-14 3.07180262284747e-16 -1.08393647219639e-16 2.463556716817495e-13 -7.77681594513095e-14 4.299243239366555e-18 -3.741680234770565e-14 -1.05773890871187e-13 -9.65238857305215e-18 -2.550175380639705e-15 -1.07228042662383e-13 2.20600456323251e-17 -3.022986073857115e-13 -1.9245781894587e-13 -8.53019021263465e-17 1.018965031373535e-18 -1.58235629660901e-12 1.523640120136305e-17 1.451278212945295e-12 1.373199552348805e-18 4.299779145963515e-18 1.93562690256316e-12 -3.87087792689775e-18 -2.43758640306054e-12 -2.281144607861685e-17 7.4590875906405e-18 -8.62580398479805e-13 -3.243134213146815e-17 1.808818568094495e-12 8.76682670484125e-18 -2.811116081863565e-09 -7.53130219268725e-19 -7.8875662486586e-13 1.699225306827335e-18 3.245109764887325e-13 6.3928780211277e-19 -9.2360011144308e-14 -3.09131212208008e-08 -3.522917189123915e-18 5.2358994048633e-13 7.17070102073365e-18 -1.03943694444482e-12 6.4360582322885e-19 -3.145822461335025e-12 4.30825759075109e-20 3.90644354481938e-08 -1.37619844184293e-18 6.32044335263035e-13 -7.3747732894104e-19 -4.280546095038475e-13 7.0261152235168e-20 3.736612609040525e-16 1.01121914829608e-20
-2.81342335388376e-10 -3.840948757157045e-11 1.756116247403585e-10 3.285453363967395e-10 -5.6307681269358e-10 1.272871178974105e-10 -7.1928467443344e-15 2.153668542318235e-15 -7.98457482316555e-12 -9.08545930461105e-15 5.17881838919985e-15 -1.396681034774665e-11 3.090145087652545e-14 -1.38101530831432e-14 4.15318729166173e-11 -1.525449550913405e-14 5.5442722000536e-15 -1.804272550296125e-11 -4.458331625846305e-15 2.365525561387935e-15 -6.3146685831276e-12 6.0897812475045e-10 -6.38016132683955e-17 1.621159609022805e-13 -1.268962843969805e-16 2.712805264990125e-10 -4.730402352465305e-09 -5.6816281528699e-17 -8.4799587545684e-13 -1.390414033042855e-16 1.74735046650408e-10 1.14550375289771e-08 4.28896125869628e-16 5.28044466498265e-13 6.89704590481625e-16 1.957192809590295e-10 4.718714715751015e-09 -5.160976331777e-16 2.851233150575265e-13 -8.60537064089445e-16 5.97965022650785e-10 -7.92876064231665e-18 -3.59610849120032e-09 -1.53849606667178e-16 1.04877488519495e-13 -2.7591307671793e-16 1.42719771737969e-10 1.080147534048035e-17 9.11337049977785e-18 4.820782575284885e-09 3.49910430664705e-16 -1.91883456636919e-13 7.58638979149595e-16 -4.54893272669743e-10 -1.207934257307145e-17 2.87794343302454e-18 1.59290524812632e-08 -2.844595766488975e-16 -1.546800987542825e-13 -9.04199868979725e-16 1.299616941900805e-09 -3.61611792391455e-18 3.53861017854461e-17 -2.677186134219825e-18 -7.09338762386295e-09 8.0167500414978e-17 -2.223453140519515e-13 5.7956784667488e-17 -4.78386390435127e-10 7.0557434685547e-18 1.7418050039236e-15 3.623922421176755e-16 9.9317073639603e-18 2.330718933476745e-08 -1.634771947047905e-16 2.12233805951252e-13 -1.602891152793615e-16 1.153516618358595e-09 -2.010611847966995e-17 -1.211287850452745e-15 -4.553574754348685e-23 2.75754625271961e-16 5.20473301195095e-18 7.86745091799355e-09 1.31109485537006e-16 8.24095510316555e-14 1.0257843922011e-16 2.599572826060275e-10 -1.11823568993757e-17 1.11951996934277e-16 -5.2532193201618e-24 1.14077630778763e-13 -2.02088318220492e-13 -1.55803266502909e-11 6.02463964355345e-14 7.29241025522015e-13 -9.2802445312177e-18 4.946183811779355e-19 -2.189157639663715e-14 -1.96817956272343e-16 -1.32068850780486e-17 -2.187713829879885e-13 -1.995178461951085e-16 6.88569768730635e-17 -9.46993220002485e-14 -2.22756731824261e-15 -8.79378028093005e-16 -4.436240867407185e-13 2.31865476744183e-09 -3.799257059211115e-17 -2.176128287148105e-14 -4.709980907376385e-18 2.094177631130215e-10 1.08105780852841e-09 5.06789921831375e-17 2.651648641663555e-13 4.091624846072515e-17 -3.601044564853915e-10 4.745147246037765e-08 -4.39844723081846e-16 -3.292953975981555e-13 -6.1091924559844e-17 3.783107499408615e-09 -5.192199147394e-20 -2.801144905397185e-09 -1.5664624292636e-17 -8.35425559272515e-15 -5.7345904720331e-18 5.8569238309217e-11 1.90218918355508e-18 2.067949466649655e-18 -4.75813154898039e-08 4.31015852604738e-17 8.4375018972088e-14 2.17526326288443e-17 -4.19124211910066e-10 -4.066160920664845e-18 1.997881014131805e-15 -1.376198441843135e-18 4.055554820167635e-08 -4.30845605050866e-18 1.74921221489857e-15 7.469873088104e-19 1.421261041746725e-13 2.0076029260677e-18 -3.65080068561191e-15
-2.08838830751863e-13 -2.858904439094095e-14 1.36894879951294e-13 2.580037198324625e-13 -4.724040184756305e-13 9.8991497588098e-14 7.2916993000949e-10 3.391587456096965e-08 1.257701094327335e-14 1.83743705788722e-09 -3.91149995409739e-08 1.698548657506665e-14 -5.2732174822523e-09 -1.43140763658682e-07 -6.8918163921919e-14 2.34455813948301e-09 7.03662825411185e-08 3.107232510162665e-14 8.04024568363875e-10 1.545532086117905e-08 8.65637651015775e-15 1.49120805954129e-17 -2.679154074097385e-10 -4.653610907613325e-16 -1.152276797717815e-09 2.41071995122504e-17 -2.29465293331063e-17 1.65701245363768e-08 2.471779966506455e-16 6.82154912690715e-10 2.996824613744295e-17 6.50708456674415e-17 -7.51183149671445e-08 -1.642208286561505e-15 -4.120393452890115e-10 -8.9684005341759e-17 -2.502418656067825e-18 -2.26576870810752e-08 -4.76242369296138e-16 1.094729547126e-10 1.44519676548875e-18 3.32298923113245e-13 1.18195915983895e-17 1.815103814485855e-08 4.195808855363625e-16 -2.02570163914005e-11 2.52963483000554e-17 5.72889422887965e-12 -6.30972331537e-13 -4.311735502730615e-18 -5.12691537754485e-08 -1.335603297452055e-15 5.18234651636695e-11 -4.238247638900095e-17 -4.674929308438545e-12 -2.58286818593489e-13 4.870953594691615e-17 -2.956515331594075e-08 2.211699540514345e-16 -2.59864428109681e-11 -2.880711843136495e-17 2.02106984953955e-12 -4.75891896778164e-22 -1.604103369207025e-13 -5.52722745967185e-18 3.9954030235616e-09 1.201208776900935e-17 -2.19902925550849e-12 -1.60061989798657e-17 1.239428172975385e-12 2.210334873159015e-22 4.960014798317275e-23 -4.448989142698685e-13 4.2712009225727e-17 -4.702801094886975e-08 -4.895541173494405e-16 1.288937236306485e-11 -1.26768075021045e-17 -1.19739588511463e-12 1.312199809035965e-22 -1.52069410710193e-19 -3.37599580841595e-22 -9.7681386544589e-14 1.38627286687821e-17 -1.901788401421445e-08 -3.21762474993746e-16 -4.08005545974999e-12 -2.444248568687255e-18 -2.15405724023698e-13 2.19992283818256e-22 1.33521581560843e-19 6.56382762554345e-16 2.98150495823337e-16 -1.418824452830385e-13 4.845044387340565e-15 -6.66427739639265e-15 -5.0705317868182e-12 -1.331597296079595e-09 6.1338841780637e-17 -1.470271104401145e-12 -5.8130475454093e-09 -1.46347642757197e-16 -3.07164067197773e-11 -4.172958610415765e-08 1.85526178556692e-16 -2.87650616154374e-12 -1.25828282841069e-07 -8.13018847019895e-16 8.21285507635925e-18 2.895677648877005e-09 4.31539328978884e-17 2.263422143103735e-12 7.8024847046193e-19 -4.58272092545738e-17 3.45591702267912e-09 -5.6225251069717e-17 6.5230046613258e-12 -6.8004649568714e-17 3.8683743579564e-17 7.57019825062165e-08 -1.97474122714754e-16 1.879240922273465e-11 8.45742533910985e-18 -2.95375114111856e-12 -4.261702795778315e-19 -2.63659548392432e-09 2.185856300427465e-17 -2.712708235475775e-12 4.13950339295735e-18 1.873259537594905e-12 1.680709746715635e-12 -7.3059531528434e-18 -5.827371663736e-08 7.6309928431813e-17 5.67373250651375e-12 8.07109403089555e-18 -5.27767003464185e-13 -4.582275729259795e-19 6.32044335263035e-13 -4.308456050508715e-18 4.15582840903307e-08 3.43136313970498e-18 -2.794683074203405e-15 -1.741415203211335e-18 -2.352960347303695e-13 -2.46900804586496e-19
7.37255231640785e-08 3.3689919750994e-08 -1.57581490266769e-07 -4.616894249026135e-07 1.646532013427445e-06 -2.44783385600009e-07 1.06983931914012e-14 -2.66660563254614e-14 -2.734790570410945e-07 9.3259567756682e-15 -4.501382361828325e-14 -2.385527507121555e-07 -3.69766205844001e-14 1.319841745461975e-13 1.65202134923861e-06 1.9908254664705e-14 -5.92104355803485e-14 -7.7510621184187e-07 5.14042122095695e-15 -2.063019588472655e-14 -2.013399319476855e-07 8.4655533142567e-14 1.239276138879505e-16 -6.9140510494134e-09 4.35269134635852e-16 -4.29620671624968e-13 1.562912900909205e-13 -1.0165597771152e-16 2.29000719724042e-09 4.144083902155465e-16 2.59033558457594e-13 1.94422076356305e-13 -1.73149217807906e-15 1.35721079596361e-07 -2.265003935088785e-15 1.27800469845915e-13 -3.36312303211868e-13 9.9097934474937e-16 2.131854252727695e-08 2.79681984588581e-15 -1.60206010323221e-13 2.926106273276555e-18 6.4718874875201e-13 4.801566203676375e-16 -1.92544868715268e-08 9.2316074182109e-16 -9.2275817003001e-13 -1.83968493331682e-17 -4.27862648063689e-18 8.26631696962355e-14 -9.9215983017535e-16 8.89811653038735e-08 -2.52288815030723e-15 1.12209915187805e-12 1.912483099141405e-17 -4.12651230533765e-18 -2.84851270971022e-13 -8.98958655363295e-17 5.5582249501103e-09 2.911393766275475e-15 -3.484749362069055e-13 3.15042038950031e-18 1.30961606048403e-17 4.720455080399515e-19 4.88995295148284e-13 -1.678374875856455e-16 7.15291943877475e-09 -1.888747699545915e-16 -2.59422513581882e-13 -9.92599734901915e-18 1.563931666872565e-17 4.362689563918185e-18 -5.11506336475865e-18 -2.249587056403715e-13 1.61981566333178e-16 3.839304389911525e-08 4.718168085613375e-16 6.188547860918e-13 2.62707230671902e-17 7.10764864041895e-18 1.16739977704395e-24 1.279939838046135e-17 -2.51896405420857e-18 2.45506010120336e-13 -6.0709110834303e-16 2.0981042281713e-08 -3.531663422585555e-16 2.60823901335181e-13 1.43137745467518e-17 1.73472499661364e-17 -1.16791800820633e-24 -2.363163444928685e-08 1.005005096045555e-08 1.17615591635286e-06 -1.07979337046896e-07 1.331408070662745e-08 2.973835025890595e-17 -8.12644607450625e-18 -4.000535304568895e-09 6.91189466494175e-16 -1.000468895765305e-16 1.36325966793749e-09 7.4834697467336e-16 -2.10295923643816e-16 -8.7068965947595e-08 7.14153851916655e-15 6.605210993012e-16 -1.08401043033142e-07 3.32753750001826e-13 1.030666307519225e-16 2.53964765981308e-09 1.05232388941583e-17 1.10366716456821e-12 -5.8520322787944e-13 -2.3100650189618e-16 7.0061839464361e-09 -1.480065900611635e-16 -1.364172556736455e-12 3.861246372824265e-13 1.87543401354293e-15 8.0998413823849e-08 2.38432127517559e-16 1.044192437642415e-12 -4.990634925889165e-19 2.380234315420355e-14 4.996289224691785e-17 -2.340743155091105e-09 2.36367614703201e-17 4.260640670043075e-13 -1.320666912969125e-18 -1.787778100292565e-18 1.74392316333279e-14 -1.62086625658187e-16 -6.2712444206175e-08 -7.6516136570682e-17 -1.9726493782067e-13 5.3378810285431e-18 2.44443830964501e-15 -7.37477328940985e-19 1.749212214899745e-15 3.43136313970546e-18 4.19365428463162e-08 -1.655460663649315e-18 -1.64246031014314e-14 4.528408997678165e-19 -1.702383218458725e-14
-3.677620220766455e-13 -5.48882134637425e-14 2.652692482860895e-13 4.98684152956128e-13 -9.08967829713385e-13 1.923041271232075e-13 3.39817543568492e-08 -8.194857340379e-10 3.119124382588595e-14 -3.9033322211959e-08 -2.01308364664205e-09 4.39682647555092e-14 -1.434065574478765e-07 5.7782577068607e-09 -1.678836542902705e-13 7.04920930975045e-08 -2.57325554488098e-09 7.62454717087835e-14 1.54934413049837e-08 -8.7969113885665e-10 2.22978457655252e-14 -7.61886527362715e-17 1.14419867524508e-09 -8.5398248052681e-16 -2.84401271039493e-10 1.95243260011379e-18 -3.13964370353297e-17 -6.7365549016233e-10 5.23075303804605e-16 1.65826735524459e-08 -8.42255474217275e-17 9.8428882397133e-17 4.062327905092165e-10 -3.462546144382115e-15 -7.51304823048615e-08 2.395843408073835e-16 4.77818091159703e-18 -1.0630033663893e-10 -1.295048196778365e-15 -2.265095231742125e-08 -6.58921111848095e-18 9.61912734281165e-12 -7.26741922466815e-17 2.89565548540334e-11 6.2877334363698e-16 1.816035933729035e-08 -4.525459183517155e-18 3.61200220379576e-12 -7.81275736071975e-12 9.3959615871161e-17 -5.8037952260242e-11 -2.03025019827065e-15 -5.1279815815783e-08 4.006479077214025e-17 -2.507532625462095e-12 3.03585972627551e-12 3.860763188582325e-18 2.732529338217325e-11 -4.0265488083729e-16 -2.95603503257282e-08 1.32423612797303e-16 1.227072442618345e-12 1.05511114865625e-21 2.074286059731135e-12 3.3939021329691e-17 4.23767990192601e-12 1.48510227189657e-16 3.99544510326322e-09 7.20207613952075e-18 1.082047789377235e-12 -6.8063290391189e-22 9.6748581367208e-23 -2.186974893077945e-12 -1.67159507782487e-17 -1.41627951922012e-11 -1.25749485280253e-15 -4.70293954398781e-08 1.02418060072324e-16 -5.8262577369562e-13 -1.60579524155297e-22 1.22039565432393e-19 9.2421868303479e-22 -3.40292444024374e-13 -8.4273872898761e-18 2.56826919286628e-12 -6.5178260557658e-16 -1.90185687262952e-08 3.181530494808195e-17 -8.20106698430435e-14 -5.84964939879185e-22 2.46548013292491e-19 1.12959478097684e-15 5.0880000580129e-16 -2.5097050198189e-13 8.3736225940014e-15 -9.73374890362915e-15 -1.331596290970765e-09 5.89700602581265e-12 1.303052280021105e-16 -5.813004984842e-09 4.14177399301541e-12 -2.476764625105205e-16 -4.172810428360725e-08 2.983776848702115e-11 6.53595675806365e-16 -1.25830184405851e-07 1.046190791587315e-11 -1.31578571917396e-15 -1.27194399664639e-17 -1.716601017087875e-12 3.48078970883054e-17 2.89551313906315e-09 1.8685481688283e-17 1.91469301838718e-16 -5.425124294936e-12 3.39492166173181e-17 3.456675826107515e-09 -2.332285033817735e-17 -5.4383953836059e-17 -1.96446332421127e-11 -6.2621358796683e-16 7.5699951759489e-08 6.9212363183636e-17 3.08782758018507e-12 -7.07666608075665e-18 2.53084399340545e-12 3.256224973275925e-17 -2.636665622628385e-09 -5.25969703260955e-18 3.659834276290665e-12 -9.09705465600715e-13 -1.15232622756861e-17 -5.0699772839975e-12 1.881128780430105e-16 -5.8273178791224e-08 -2.377235375917995e-17 -2.164417634499765e-12 2.223733389352625e-19 -4.28054609503848e-13 7.4698730881029e-19 -2.794683073722635e-15 -1.65546066365247e-18 4.155802999439175e-08 -4.18585915131466e-18 -6.79888687072555e-13 1.26256625351422e-20
5.214925516712e-11 1.085440809049605e-11 -5.3355159135432e-11 -9.6018396399256e-11 1.898607597880305e-10 -3.677327017092375e-11 -2.915287167039755e-15 1.05940941967018e-14 1.48888955335542e-13 -2.832231789568415e-16 1.608353314090435e-14 4.16590825497786e-12 6.6336473707195e-15 -5.08598002474035e-14 -4.67404907330949e-12 -4.87692113019602e-15 2.37156796383797e-14 5.43309236064115e-12 -5.3833063787046e-16 7.7289653371032e-15 1.31184397334246e-12 -2.735382169262955e-10 6.14618275314745e-17 -1.607125183392855e-13 -2.27303707762054e-16 6.1184912958257e-10 -1.7368428632078e-10 9.8878536515503e-17 3.27576584818256e-13 -1.77446711420992e-16 -4.72788482929991e-09 -1.960480358546565e-10 -3.82209887095943e-16 -1.297303371034345e-12 1.317169109107525e-15 1.14566896020157e-08 -5.97422665678325e-10 3.91909166095691e-16 2.32617307921305e-12 -1.366603565054705e-15 4.717316130300595e-09 1.87585471601368e-18 -1.385211364719825e-10 1.476758659656715e-16 9.43574553924245e-13 -4.757355204845395e-16 -3.59120551380156e-09 -2.75877957335174e-19 -2.269001426224505e-18 4.58303059420059e-10 -4.80952796020393e-16 -2.410629402234375e-12 1.23679099143076e-15 4.81577839466021e-09 6.274343298931e-19 -6.7363859168804e-19 -1.30517514571725e-09 6.69131828179535e-16 2.10237837634868e-12 -1.17325917482289e-15 1.593279979245e-08 1.16658691029817e-18 -1.594924701833365e-15 6.55940508547985e-19 4.787059277204015e-10 2.442632251302245e-17 -2.420646158866005e-13 1.296937134838795e-16 -7.0908401479142e-09 -8.65177871261155e-19 6.18908215564695e-17 4.58551227518564e-16 -2.649102424293085e-18 -1.15279654012123e-09 -1.29144226609463e-17 6.0878769084669e-13 -2.44500473024256e-16 2.33056708165532e-08 2.906085630750965e-18 6.17887068137245e-16 -3.7724700693071e-23 -7.1854421984399e-16 -1.423659196520895e-18 -2.57179131263779e-10 7.8185776864878e-18 1.705758279898445e-13 2.82046399712226e-16 7.86820067990465e-09 1.6451456251933e-18 5.55839910075715e-16 2.03477850845306e-24 -5.92572498600895e-13 -1.20629680653262e-12 -2.542227964073185e-11 -3.456209850202205e-12 6.5816160025315e-12 -4.602694490889755e-18 4.92225478355108e-18 1.53912306376949e-13 -2.14492435568662e-16 2.190001207251385e-16 -2.463302804036235e-13 -1.27662382226469e-16 2.81936515956636e-16 -1.049827095093205e-14 -3.128356865501785e-15 1.46537777060465e-15 2.106593260496275e-12 -2.097835647122195e-10 -4.89624150079677e-17 -1.455424967729595e-13 -4.43037992749715e-17 2.3192876009177e-09 3.595828589511105e-10 6.05657677200135e-18 2.166584108519635e-13 1.04656703712613e-16 1.0812408093751e-09 -3.78394036335784e-09 -3.92358434913702e-16 -2.68842372391728e-13 -6.43028690799265e-16 4.745185243503735e-08 -6.753397142286e-20 -5.9837871245511e-11 -1.005200224253185e-17 1.03162974745197e-13 -2.67222581475557e-17 -2.801007652468315e-09 3.48242104340021e-19 -3.269211367338935e-19 4.204464574019865e-10 2.11266788256322e-17 7.8984728631398e-14 8.40092030424275e-17 -4.75818911993239e-08 3.760574824865225e-19 3.66104454329875e-15 7.026115223519e-20 1.42126104179948e-13 -1.74141520321187e-18 -1.6424603101431e-14 -4.185859151313895e-18 4.05554286152831e-08 1.12971073491335e-19 1.987958509684295e-15
4.46330990359493e-14 7.6621625439732e-15 -3.72772929988514e-14 -6.97847933683265e-14 1.26842387276876e-13 -2.71852384683987e-14 7.44866459578605e-12 -1.170906173745625e-10 -6.1569942941384e-15 9.783816685082e-12 -1.777950183046685e-10 -9.01232407127405e-15 -3.29211418361936e-11 5.5294694886632e-10 3.28611975403823e-14 1.534084916430745e-11 -2.597308175016855e-10 -1.503101909976025e-14 5.1905055821795e-12 -8.13620909217375e-11 -4.582002932411825e-15 4.192644469911025e-18 1.908578117200625e-12 1.241026129324115e-16 8.1256909936408e-13 -1.699447837293085e-17 1.787849420356385e-17 -6.477699037795e-12 -1.055224521995345e-16 -2.323519826136605e-12 3.8932315924189e-20 -5.10265528466455e-17 2.923085000435675e-12 6.38682519727785e-16 1.4593209233559e-12 7.53876209986255e-19 8.30254953464505e-20 -1.98096536297621e-12 2.69742339183454e-16 -8.06561293211815e-13 7.30481203186515e-19 -2.020739161680555e-10 5.7044979606312e-18 -7.44676273081155e-13 -4.655076521903155e-17 -6.44842835521045e-13 -1.525470276057715e-17 8.32219547420655e-10 2.708589835917235e-10 -1.319361937438485e-17 4.41361461719873e-13 1.67088134867734e-16 1.00809145140385e-12 1.707483671600045e-17 -4.38824550712796e-10 -9.90134460184395e-11 -2.6178823040731e-17 -2.9474370609544e-13 2.70573557772894e-16 -3.57340134383624e-13 -1.179268286114345e-17 -1.47443484691929e-09 -3.31693248208433e-23 2.83305653439268e-11 -3.60257531870624e-18 -1.630548680451435e-13 -5.5173324573551e-17 2.58102984854682e-13 6.15236069203875e-18 1.14384041679977e-09 -1.47168202584697e-23 5.85116060937805e-23 -3.66036719087954e-11 -1.81496554189253e-17 -1.26521416940727e-13 2.731435873980575e-16 -7.15354384942065e-13 -1.176992254195575e-17 -3.06987670107906e-09 1.163009842438295e-24 7.31792190057725e-17 7.20268952089875e-23 -6.04350769107375e-11 -5.24430746837785e-18 -2.67571003142175e-14 1.020963806793075e-16 -2.89717467048141e-14 -3.936839149546075e-18 -1.241887869175875e-09 -1.746837871774245e-23 -7.80045366167595e-17 -1.60942898341596e-16 -8.5944315642296e-17 3.168810197933405e-14 -1.075365255252615e-15 7.0325352970083e-16 7.47950389279685e-14 2.97983585743234e-13 -1.90489345460935e-17 3.56694910567865e-13 -1.73831768887712e-13 1.854619903986845e-17 -1.480050522449715e-13 1.05602425954537e-13 -1.715266270697415e-16 6.81497132924025e-13 -2.55329634878867e-13 9.3849568180253e-17 -1.698636724733385e-18 5.0758735230499e-13 -1.93719845214519e-17 2.162807627654905e-12 -2.42645275988519e-18 -1.114910453306295e-17 -1.16380757544789e-12 -1.646934732924835e-17 -2.72917212175222e-12 3.6409476190125e-17 -9.15366276493175e-18 1.078588978118515e-12 1.360147622682835e-16 1.25971675029099e-12 -1.8906408852456e-17 8.8059749020612e-14 1.06463565539225e-18 -1.46489449052339e-13 -3.14638207074066e-18 9.41559073789335e-13 -1.17031874839272e-18 -2.81111609294463e-09 3.145658250526515e-12 6.0949987325723e-18 -6.00742471199295e-13 -3.403254581687485e-17 -8.47411446301705e-13 1.04527161254181e-18 -3.09131236841444e-08 -1.77894456090455e-19 3.73661262728648e-16 2.007602926067535e-18 -2.35296034730369e-13 4.52840899767883e-19 -6.79888687072555e-13 1.129710734913995e-19 3.90644354905214e-08 -1.357921791947645e-20
-2.29891518168308e-13 -7.15284075803665e-14 2.961380453631025e-13 -1.82210219515452e-13 1.38248139225671e-11 1.577368742171075e-13 1.1811201358284e-15 -1.489136544019455e-15 -8.88319288641395e-14 1.42782114658104e-15 -2.269703469518795e-15 2.103193346516245e-13 -5.0136348414948e-15 6.8683746164643e-15 4.807666956624355e-12 2.57464969027337e-15 -3.25622700479863e-15 -8.63552017238785e-13 6.73328752038115e-16 -1.02298507652455e-15 -2.493085321756095e-13 1.84443078989084e-16 -4.54321759184307e-18 -1.3108965198858e-15 7.2485720330826e-18 9.75468593323535e-16 -8.4559261381629e-16 -1.66772039027766e-17 6.56930688722695e-14 2.84475083530788e-17 -2.013812693151655e-15 1.65357885098557e-15 -2.26733992509704e-17 1.66059910796862e-13 -1.18132268981996e-16 -3.902056217492445e-16 -9.3713933195188e-16 -1.121462546394295e-16 6.70310835382185e-13 1.83455178568097e-16 -1.904275560872275e-16 -8.4719065716699e-20 -4.482876353411315e-16 -1.37439209810909e-17 2.471764581470145e-15 4.43918313475672e-17 -4.797204011776e-16 1.280846999471865e-18 9.81245968078845e-20 2.301789494468665e-15 4.17440068541194e-17 1.97765831210514e-14 -1.11065345569694e-16 -1.038696532148065e-15 -1.433629211758415e-18 -1.384950517508985e-19 -2.146441479063935e-15 -1.36246513261023e-16 1.62923849624508e-13 1.455315274439645e-16 2.380741476918655e-16 -4.235987574535405e-19 2.43617349520267e-16 1.91062257492969e-19 1.441240878507995e-15 9.6052485201836e-18 -7.74971994717185e-15 -2.21966880920758e-17 -9.40659020302575e-16 6.6385674614634e-19 6.01515224745385e-12 -1.618888166420455e-16 -4.66924138939563e-19 -1.806507022491985e-15 -5.54286057149705e-17 4.2911126025376e-14 6.70519312012785e-17 1.229452685971325e-16 -2.066069484956205e-18 -8.2815366879518e-12 5.99790948360845e-24 1.64058946409207e-16 -2.74304969427058e-19 -5.87466625983205e-17 -1.53754530470926e-17 5.9136315400024e-15 -2.62472647991803e-17 -3.50936618026052e-16 -1.10063556665532e-18 -1.68051855372226e-12 1.28408386705285e-23 -3.48784838611149e-13 -7.6596243418054e-13 7.413944169937e-12 -3.851068500064225e-13 3.50032282656537e-12 5.5049661025231e-18 -4.544754233939245e-18 1.324959265156905e-14 2.05005229924779e-17 -2.802411471937855e-17 5.68471157974155e-14 1.606744464989505e-17 -3.79262128482957e-17 7.7035064898992e-14 3.690424015613365e-16 -3.017668853116745e-16 -2.86763234438151e-13 5.2154382748293e-16 -4.999522338817485e-18 3.29988003940324e-15 1.119189549879515e-18 -1.205885088688835e-15 3.222954387326115e-15 -1.03670412034074e-19 8.3193011456301e-14 -1.183896615484215e-17 -1.705025107417125e-15 -4.39403940842537e-15 7.0378009687556e-17 4.21701430503888e-14 3.71528012961936e-17 -9.4185675133339e-15 -1.66524080061677e-19 -8.2291779326701e-15 1.63777799703365e-18 -9.7685108895655e-15 1.941922703293205e-18 6.3514861486565e-15 -8.28610419168415e-19 1.444237271031805e-20 7.15795645234545e-15 -7.07545695801455e-18 -3.94154810132262e-14 -3.88423552726963e-18 -2.03609653294672e-16 7.04060553776825e-21 1.191356085976505e-21 1.01121914829495e-20 -3.650800685611915e-15 -2.469008045865e-19 -1.702383218458725e-14 1.26256625351325e-20 1.987958509684295e-15 -1.35792179194738e-20 3.736144698865565e-08
