
0.9999999999999999 0.7569094577317313 0.3632796709350434 0.2233557065308089 -5.382930064872637e-08 0.1308697350537577 1.25762354824169e-14 -4.240324981800732e-15 -2.25019009726364e-09 -7.306943642085208e-16 9.356086245833934e-16 -3.166526872848054e-10 1.178345053517517e-15 7.111552059562854e-16 1.901574026549685e-09 -2.411541018060088e-16 5.793986827251077e-16 7.603907916641812e-09 -6.181817067576796e-18 2.069528015826753e-17 5.242148601122036e-09 6.86760572231074e-15 8.088481903355353e-15 1.323840675762074e-10 3.415951267579827e-15 1.695473714195556e-16 6.944799610419721e-15 1.053409791604569e-14 3.494336809517522e-11 8.504600095757459e-15 5.773353667665439e-16 -1.633504819395855e-15 5.150160125060714e-16 -3.168611863772577e-11 -1.677063528074803e-16 -1.152637870491334e-16 -4.134406347951246e-16 2.353560096071278e-17 -3.039740011327886e-09 -1.961867590771405e-16 -1.565315338377929e-17 6.735308229475038e-16 -6.305891518901783e-15 -8.849087505404144e-15 4.462209611830401e-12 -8.584820663255491e-15 8.873990175273281e-16 -1.158804317328583e-15 1.110760719835248e-16 -2.823909823845363e-16 4.594288482401516e-18 8.933426267813455e-12 -3.469391103467478e-16 1.327083606081975e-17 3.612771772251157e-17 8.107091290324596e-17 1.134778274817877e-16 -2.056588263240081e-16 5.476547091762792e-10 -3.913822777950426e-17 6.54076311245031e-18 2.853346819119014e-17 1.037051675634269e-16 3.59479674525349e-16 5.128605704187668e-15 -1.16254935277055e-15 3.453311506415931e-13 -1.533105752323774e-15 -4.0465991508076e-16 1.128009418482925e-16 3.415840204954443e-13 -7.511691326261902e-17 1.813829159378758e-17 8.06922736768135e-17 -1.022083076632592e-16 -4.904544772615501e-11 3.344750441200079e-17 2.025417154005483e-17 6.29355689201368e-17 -2.157404716092545e-11 -1.079759436824092e-15 2.145864756699455e-17 -2.418608283839748e-16 -1.214677485864911e-17 6.487501253387665e-16 1.102321308665105e-14 2.772914142827349e-16 -6.428718574614356e-17 7.626820634436083e-16 6.142617804469517e-16 -6.462599112911551e-16 3.161162558434334e-05 0.000141755830330054 0.006142122030260289 0.002761968749062628 0.02768766989845294 -2.561516743084365e-18 -4.518353612520211e-18 -7.594092250898955e-06 -1.091271535805412e-17 -1.325007333135426e-17 -2.819282722296097e-05 -1.838615030872462e-18 -1.15137749242382e-18 -0.0001494632327686983 5.675151174877342e-18 6.763001861834988e-18 -0.003463380969844173 4.314434338532321e-18 4.683484031097833e-18 7.258178659001027e-06 3.190011677830473e-18 -5.444095197319701e-20 2.830285913368952e-18 3.518546592490012e-18 4.130691616866203e-05 3.746174284577072e-18 1.111817815711536e-20 1.333175452054586e-18 3.805879297747829e-18 0.0005050246273707932 -8.869944533663614e-19 -2.946736525513998e-20 -1.718854402766364e-18 -3.642113763268583e-18 5.194493635636226e-18 -4.149112916378433e-06 8.784988294287581e-19 1.174823784456945e-19 -1.570717494425102e-19 -7.559761814855683e-19 2.049316209693791e-18 -1.531236014643491e-17 -8.351887154406563e-05 -1.687469738436594e-17 6.172368812971371e-20 5.796175704003948e-19 1.287592794526433e-19 1.284871310288924e-18 2.676133324474244e-18 -2.19431393286838e-19 2.178609438489084e-06 3.532505766966155e-19 -1.534202297592077e-19 -1.01963817070676e-18 2.861726843796764e-19 
0.7569094577317313 1 0.6749374332992809 0.4439827737897205 0.2799711378953355 0.2688177428068461 7.705746166438331e-15 -1.889723729061518e-15 3.540211340152263e-15 6.753751318441905e-15 4.557037602338128e-15 -1.130801548199499e-14 4.751326662767361e-15 -8.115365579678717e-15 -4.89779667658196e-15 1.599210731949883e-15 -7.856716333748789e-16 2.299414040877789e-16 1.18736987224523e-15 1.934386157876046e-15 -1.918344462647492e-15 6.516102499453332e-15 4.235523509867313e-14 -5.612846291399741e-14 5.632971634828498e-15 3.595947087461838e-16 -2.210515845920252e-14 -6.159033250173998e-15 -3.065879798300415e-15 6.727772662340096e-16 -3.596163080863068e-16 1.529325293398138e-15 -7.37717205285086e-16 -4.232359400973478e-15 -7.14607367130103e-16 -2.214482952610111e-16 -8.918346505089248e-16 -7.165463141561362e-16 3.563522314976631e-16 2.724448947026776e-16 -3.447773174580596e-17 -4.255954312929154e-15 -8.006092631130996e-15 1.900342134087665e-15 -3.69984089298893e-15 7.612252236397875e-15 4.872644379353247e-16 6.337545033526319e-15 1.029070492118971e-15 -2.481722335097208e-15 -9.976286290964265e-16 1.78864824078565e-16 2.286116553547841e-15 -3.820298586719737e-16 3.269086602568023e-17 -8.552730634766997e-16 4.036802965707151e-16 -1.14884796446173e-16 -2.767010152862613e-16 1.311492498516604e-15 4.278332070561218e-17 2.266505530186244e-16 2.2251447660019e-16 1.098439102262992e-15 -3.773372398857633e-15 1.876742565332412e-15 -3.886905445942353e-15 2.56760812751082e-16 1.232873395387639e-16 5.739079675055683e-17 -7.395343018523803e-16 1.16097671130404e-16 1.615930282332839e-16 -1.510368906959975e-15 -1.657099791726847e-16 -8.502855587472952e-17 7.396209918191864e-16 2.041010594372935e-17 1.822164805645688e-16 -2.942524706990436e-16 -3.812596939545403e-16 9.726479333321605e-17 1.761286429202786e-16 -5.175142972787807e-16 4.283276207675854e-16 1.292723989051952e-15 -6.336886412470416e-17 3.706873413811921e-16 5.352582776388247e-16 -1.754449020433878e-16 -1.105978992512751e-16 6.714963028550205e-06 0.0003015518323167098 0.01479517024559966 0.008640937419767061 0.06191691382336513 -6.729007303685491e-20 -1.445679451179956e-19 -5.960375381559914e-07 -3.726982396158622e-20 -1.002673984209619e-18 -8.598697371039797e-06 -2.076177554799832e-18 -1.799079303781574e-18 -0.0003158163599194469 -6.355829408319731e-18 2.319472671114001e-17 -0.01238926406446001 1.041350524982352e-19 3.991553871063042e-19 2.608977200489596e-06 2.422918865831653e-19 -6.613033775171407e-22 1.707459441421201e-18 4.009904892847067e-18 5.813348718341055e-05 4.555439590627517e-18 1.360096638530129e-20 9.542401270215568e-19 2.857406586867019e-17 0.002164627417058292 3.558394789666552e-17 -2.555043038939377e-19 -4.03158888131562e-20 -4.279402647769748e-19 1.070234463012024e-18 -5.450452838981664e-06 -4.616067038049036e-19 5.913508679496607e-22 1.388149331716109e-20 -1.494891360868514e-19 5.197825244292188e-18 -7.368504336706577e-17 -0.0003464444010486387 -7.265742029233597e-17 3.222254498130136e-19 1.769841706600737e-19 -1.526041545820701e-21 4.525747109247684e-20 1.50181673655816e-18 -1.245954837699491e-18 7.341221521309929e-06 -1.644077305635142e-19 -6.245473469357487e-21 2.140997424953658e-20 -2.603934484254844e-21 
0.3632796709350434 0.6749374332992809 1 0.8994168298082006 0.8449278724302375 0.6681820186333216 3.985559715007067e-14 2.361826014252158e-14 2.177908633553901e-11 3.845448560218148e-15 -8.118506490051132e-16 1.208882740665047e-08 -2.000577493005379e-15 -2.775568167187181e-15 6.863152071216305e-08 7.9776055786309e-16 2.116374842278831e-15 9.567371401794797e-08 5.711757349399573e-16 -1.235162105625664e-15 1.410380876359902e-07 2.457773586717823e-14 -1.142291830477708e-14 -9.469367571232818e-15 9.915564225847808e-16 -1.556860110707187e-15 -4.33824119520159e-14 9.333313751013148e-14 -4.351232918793216e-13 9.093095206998027e-14 -7.280634433942666e-15 -8.999528568102631e-15 -3.836774655255055e-15 -8.889954691673927e-10 -4.531151937937921e-15 -3.570060940822654e-15 -5.189213600429079e-15 -3.733998130387166e-15 -3.295782836182118e-08 -3.112098790204224e-15 4.579683616341239e-16 1.042135128947117e-14 -8.802725536205771e-14 -5.755552288934188e-14 3.017317300975692e-13 -2.369027827187317e-14 4.771451791816669e-15 -6.666799821018676e-15 7.906869610024761e-15 -2.578124347830019e-15 -1.185163079744486e-14 4.73888806902284e-10 -1.63394417485841e-14 1.931831432383715e-15 -4.253108285734562e-15 1.318390119718732e-16 -2.374402824628251e-15 4.028028746637996e-15 2.190892130242172e-08 3.967028809257041e-15 -2.715709868755058e-15 -1.151856630912154e-15 5.26236498334603e-15 1.392213168674233e-14 6.796181054486669e-14 -1.434842642874536e-14 -8.924284928620266e-13 -1.301847966850834e-14 -8.656270151387552e-15 -1.12343402890976e-14 -4.983765140296091e-13 -5.685556205809791e-16 2.541369895457756e-16 3.045415485777236e-15 1.189911887478229e-15 -3.400289915758872e-09 -3.371380874449148e-15 -1.269817588238551e-15 3.196011168016375e-15 -2.293382990178091e-09 -1.488045798769564e-14 1.637904223158965e-15 -1.868297184978835e-15 1.048836514817469e-14 2.701745079615001e-14 1.860106938802894e-12 1.824481864651618e-14 2.751230777308436e-16 2.521154944624221e-14 8.184100104928498e-15 -4.615218258648413e-15 0.01458528659869963 0.03721280638239136 0.09607704323285259 0.09687291668623584 0.2218052362819456 -1.22048318845305e-15 -2.308534279438292e-15 -0.002741741927702462 -5.759728696124842e-15 -6.706166411280028e-15 -0.00947394414799123 1.260784149344438e-16 3.742198975216762e-16 -0.03357876468907859 2.070487337766611e-17 2.91108283523e-16 -0.1181599001290664 1.816423634672831e-15 2.559097750450175e-15 0.001762483104850527 1.915759253690358e-15 2.090676221900889e-17 3.113680877938518e-15 2.066592951330786e-15 0.0083467470570127 2.71289041676258e-15 2.92240972956027e-17 7.90622129111509e-16 3.972652288133205e-16 0.03813315869825237 -1.281102393540088e-16 -6.890104811131393e-17 -8.70039266435751e-16 -9.159483280967708e-16 1.010591814864582e-15 -0.0007321935617414419 7.520777740962837e-16 1.417949436855786e-17 -1.509539975408206e-16 -1.832492784635981e-16 1.791973390621158e-15 -3.554867765569417e-15 -0.007176305764350707 -3.261666153335873e-15 9.956739953286825e-19 -2.475254254792022e-17 5.864934922379215e-17 5.308584756147431e-16 1.292698562558573e-15 -4.17284482716644e-16 0.0002275173783670389 2.930684435213115e-16 -7.328177072311522e-17 -6.497898251676004e-16 2.155913352021044e-16 
0.2233557065308089 0.4439827737897205 0.8994168298082006 1 0.9721976119755544 0.8966363380308694 4.34570113701605e-15 3.760882217474481e-15 4.447922588435654e-10 1.073794404717653e-15 9.159344841533407e-15 3.366214626459886e-07 -1.403397295928026e-15 7.424648240509234e-15 2.761658031464515e-06 2.456383726465156e-15 2.484139474786815e-15 3.581857344440686e-06 1.2438365652869e-15 9.298415606607795e-16 6.780421486517573e-06 -1.208272734146077e-14 9.615167723558042e-16 3.791727783400609e-16 3.765859967685334e-15 -1.796469612039546e-15 -1.85582699764864e-14 1.341131596217385e-14 -7.496113934527372e-12 3.206019817670283e-14 -6.059391875292389e-15 -1.34618940296233e-14 6.202506634825673e-15 -2.868448801564861e-08 4.232293542809667e-15 -2.366163920708105e-15 -9.154149073429155e-15 -2.629846110473412e-15 -1.280427520189532e-06 3.658539213053062e-15 -1.498806232164937e-15 8.111570686764149e-15 -3.580319105014187e-14 -2.198589539864188e-14 4.860892046170533e-12 -5.488498183778246e-15 -5.859573323435646e-16 1.516962164027219e-15 -1.922074491412653e-15 8.231266661433836e-15 -4.031499203940118e-15 9.83784159326863e-09 6.357628924941994e-16 -3.651594588556766e-16 8.866609426202964e-16 2.595148053295124e-15 -2.377439677356873e-15 2.206569727556048e-15 5.560038053969049e-07 5.388949163761679e-15 -1.205633485398334e-15 -3.065258429259678e-15 9.735489444066401e-15 1.117585268954425e-14 3.712483410338678e-14 -1.120198197386226e-14 -1.582523292255066e-11 -1.224388718602901e-14 -6.605830020358772e-15 -1.025216622587507e-14 -9.552616546241826e-12 -4.076602041206251e-17 -2.941225001392988e-15 -2.231939614893401e-15 -1.742096851588362e-15 -7.012837776425433e-08 -1.993848711769361e-15 8.257287544337259e-16 1.802378517515375e-15 -4.47131198662297e-08 -1.536098341131198e-14 2.832045791127093e-15 -1.647988056549587e-16 6.345025068383198e-15 1.222113248251802e-14 3.304393536003652e-11 2.416741958849982e-14 -1.500502612261765e-15 1.159446333996137e-14 1.140619154652731e-14 -9.579228734428216e-15 0.04557154724136201 0.09756325819558674 0.1869689792075666 0.195034647816199 0.3521173045538831 -4.314348879738329e-15 -8.669306397038177e-15 -0.004426621273806313 -2.457951626981936e-14 -2.634984897363929e-14 -0.01466585358804022 -4.560825837662018e-16 1.557507955706875e-16 -0.04741039407574484 5.975339063395214e-15 -2.515133351042012e-15 -0.1432725774935238 4.620900787265935e-15 4.720555907968068e-15 0.001333347301641124 3.686334358789859e-15 3.481042092589796e-17 6.972762938233106e-15 3.746396091254035e-15 0.006122199088431363 8.008636735608963e-15 1.025952624742147e-16 -6.55717373229597e-16 2.029085294626847e-15 0.02651004986930671 -2.872491209356219e-16 -4.86671472949846e-17 -2.649433687697869e-15 -5.603523648308237e-15 2.606681172693799e-15 -0.0002629185542865955 2.594184446122284e-15 -5.825641517948284e-18 -4.598389487027304e-16 -6.204235422611207e-16 5.164576546239961e-15 -5.993795072735306e-15 -0.002552679940892625 -6.86972319394351e-15 -1.27005660556281e-16 -5.354319883511076e-17 2.068742161876098e-16 1.181356100750071e-15 2.693009447634192e-15 4.173818511765284e-16 3.896643049045477e-05 1.599709504070791e-15 -1.880600989395162e-17 -1.553240486749099e-15 8.14797242504797e-16 
-5.382930064872637e-08 0.2799711378953355 0.8449278724302375 0.9721976119755544 0.9999999999999998 0.898323621508457 2.513318800413885e-15 1.894320025056079e-15 9.287754293853869e-10 6.69343806942962e-15 8.007492582217695e-15 4.919140908120908e-07 3.778246132512261e-15 -1.429419106147894e-15 4.332970982711541e-06 -6.739446631665633e-15 -5.315228952232603e-15 6.181531221830426e-06 -2.749626393092722e-16 -9.575985924209363e-16 9.128996576029398e-06 -3.170722142868733e-15 -2.964340707416039e-15 -2.059972776388924e-11 2.009514191631718e-15 -4.112925260444387e-16 -3.011614576406383e-14 2.441056649731936e-14 -1.449930414848014e-11 2.722026582534755e-14 -1.948096509283199e-15 -2.006816962539918e-14 2.870970371001207e-15 -4.330064352835168e-08 -1.181347929094759e-15 3.733128866391914e-15 -2.52055836326299e-15 -1.249004169662119e-16 -2.273624191380872e-06 5.768838008626927e-15 1.026960434094071e-15 1.334003753908084e-14 -5.095316459564163e-14 -2.303801931570405e-14 5.34094995673826e-12 -3.950287987516806e-15 4.6325296972616e-16 8.036250466869264e-16 -2.78249937774438e-15 1.344607262295985e-14 -2.036567499635493e-15 1.29258772416359e-08 1.69981395119704e-15 -5.00468248391015e-16 1.295622956828444e-15 2.914339112451274e-16 -2.335807677420098e-15 1.491864064331663e-15 7.666295552556831e-07 -5.373421140431797e-15 -5.759288550572006e-16 9.436907602223158e-16 9.407577919759672e-15 4.92542722174e-15 2.685853494315901e-14 -8.967255850062513e-15 -1.984496944094388e-11 -1.127452181121171e-14 -8.040451754699502e-15 -1.273114895959865e-14 -1.216832947984645e-11 -2.324098221306455e-15 2.612062618315729e-15 2.432301709016911e-15 7.348730056547217e-16 -9.050222026964238e-08 2.719615590711582e-15 1.387780241310425e-16 -1.084203311603741e-15 -5.490814069756339e-08 -1.348748918938245e-14 1.36175935867079e-16 -4.675952039868929e-15 2.135128356708928e-14 9.285984518426631e-15 4.088664773434862e-11 1.349212415853778e-14 -1.693793234542565e-15 1.86376175473365e-14 6.574012566347471e-15 -6.662673292107915e-15 0.04423812173233516 0.09589030344189545 0.186991003643965 0.1954337516718749 0.3556594449572392 -4.246239547095428e-15 -9.468901106558833e-15 -0.004014920953251827 -2.473610001872372e-14 -2.574568506835228e-14 -0.01342406469201551 2.193055554891943e-16 1.545522502521012e-15 -0.04430500578464162 4.066006362158743e-15 -5.386972571251514e-15 -0.1378656963905561 4.545129865234225e-15 5.068046786646489e-15 0.001398702530058831 3.051102582132563e-15 1.123421949493416e-16 5.69597794867628e-15 3.362784869395176e-15 0.006500883508260892 7.60052422609264e-15 1.385491741307137e-16 -1.74261380320093e-15 5.323099443689919e-16 0.02860896432902535 2.078094286224353e-15 -1.889088744079808e-16 -2.891568093537829e-15 -2.007280863931912e-15 2.679495871902625e-15 -0.0003844486694485376 1.852921881351272e-15 -1.020783856499401e-16 2.122185541549948e-15 -1.259399342910516e-15 2.794899873296119e-15 -5.040228470498793e-15 -0.003725471425717833 -6.875397987107527e-15 -3.609010007869859e-17 8.505233772602921e-16 1.179164508495478e-16 1.239745503993232e-15 3.053791827004008e-15 1.986712951202156e-16 9.222755096188759e-05 1.833982325646194e-15 -3.685084051778539e-17 -1.696791398152401e-15 9.805770077515441e-16 
0.1308697350537577 0.2688177428068461 0.6681820186333216 0.8966363380308694 0.898323621508457 1 -1.41909854288231e-15 4.954417115121748e-15 1.408099707613286e-09 -3.090439342068906e-15 2.789461948945706e-15 1.313323470351838e-06 -7.372672682669106e-15 3.719296525092379e-15 1.21508130164447e-05 3.124284545382696e-15 -6.994511541911788e-15 1.826871354297664e-05 6.283426214225886e-15 5.273775729223278e-16 2.311351093797128e-05 -2.669857435918641e-15 -4.072539266193227e-15 7.219499510966044e-16 2.63383821024265e-15 3.697977541884906e-16 -4.378328972615282e-14 1.318613734970978e-14 -2.055709786751332e-11 1.164002332078188e-14 5.204219658739563e-17 -2.919567231361573e-15 4.904977034098525e-15 -1.183405053110877e-07 -2.046993068164905e-15 -2.955996786598369e-15 -9.6000600741429e-15 3.226621239755633e-15 -6.818545537107351e-06 5.228514202485755e-15 3.053151290845724e-15 8.076948910363792e-15 -1.388128014850194e-14 -7.888729632706089e-15 1.404321155739801e-11 -3.88923600250712e-15 -9.426142856891869e-16 -1.877774610929686e-15 2.844973413732627e-15 -5.076716277122692e-15 -3.365395379601047e-15 3.173482842338533e-08 -1.621859819878528e-15 -1.288911735515352e-15 -3.406161766990238e-15 2.359246741024286e-15 8.111643930717848e-15 1.151867522533476e-15 1.961924199904882e-06 6.310768167976611e-15 -1.807599137953846e-15 6.609360355369497e-16 1.239756254485677e-14 2.92921671917007e-15 1.406819837124458e-14 -1.52997823745478e-14 -4.635028950443708e-11 -9.975025399024786e-15 -3.833775148604774e-15 -6.386336469973628e-15 -2.879780275365778e-11 -8.868857682758181e-16 -6.483590328195839e-16 -2.675619433173303e-15 2.318479862477981e-15 -2.188402494599165e-07 3.215340385411861e-15 1.422486709976115e-16 -1.573409077638431e-15 -1.268363920865333e-07 -3.209268789555983e-16 2.239982878115799e-16 -3.682852778501325e-15 9.118565343467344e-15 -1.175026061949097e-14 9.488411552464676e-11 -5.052429918693097e-15 -3.824694869512734e-16 7.072046620633985e-15 4.573153814495915e-15 -1.840857177725454e-15 0.05990137599595818 0.1254352543974434 0.2313911541214514 0.2416842201504151 0.4228812442753649 -4.745886518142091e-15 -9.563747077842303e-15 -0.002731345316926443 -2.000865201390782e-14 -2.541426356862415e-14 -0.009062819348579203 -1.747000903406889e-15 -1.085322052562146e-16 -0.02944292842204688 8.19117068974912e-15 -1.072979988140654e-14 -0.09061945800433514 7.790444333969467e-15 5.120331296891449e-15 0.0003833706898409093 2.663070394487353e-15 -1.197494761563283e-16 1.284727295632058e-14 2.997776001273899e-15 0.00178424280204292 1.321080142354057e-14 -2.795735137505408e-16 8.10202440654078e-16 -2.994364333492131e-15 0.007986383445348492 3.098689498059786e-15 -1.004549920690433e-15 -4.340650297569602e-15 -7.706815385651659e-16 1.909229724339196e-15 -3.531814315728736e-05 3.351711302183049e-15 -6.688919259953837e-17 -6.91917111341459e-16 -7.059823819583276e-16 2.019991573377477e-15 -1.869129287371954e-15 -0.0003560205926404435 -1.480976454400065e-15 -4.944167495985676e-17 -2.395013696784251e-16 1.845852198775136e-16 1.133678255379974e-15 3.843989699885915e-15 5.474076738901413e-16 2.446011502992717e-06 1.378331194686017e-15 -1.876476127038899e-16 -1.810841137505861e-15 1.240276175467947e-15 
1.25762354824169e-14 7.705746166438331e-15 3.985559715007067e-14 4.34570113701605e-15 2.513318800413885e-15 -1.41909854288231e-15 1 -3.29006909064987e-14 4.114640079397092e-14 0.7887208442649087 -2.040414433480456e-14 2.21277561101112e-15 0.7085250403814918 5.885071875232766e-15 5.086842791584635e-16 0.4436869324589359 2.053111279294471e-15 2.141358598275747e-15 0.2055091000576448 -2.717801167334394e-15 -7.810175762343532e-16 -4.420214330193891e-15 -3.104088951626388e-15 8.5290445196974e-15 -1.456671371748922e-15 -6.174286533463645e-15 6.225423822283709e-14 -2.849320239929307e-14 -9.020880559470625e-15 -1.949197554529782e-14 5.651151408264257e-15 2.159557257321767e-14 -7.016712523045879e-15 1.387148600665577e-15 4.850565891039741e-12 -1.926804811932786e-14 3.481593477423868e-15 -3.435896273677472e-15 3.906647202672889e-15 1.227219179172254e-10 -8.879100129948229e-16 -8.094563634287002e-15 2.002604082997058e-14 1.604192056563778e-14 -1.316775396945368e-14 1.990540978575425e-14 -4.239428700129291e-15 -5.695097171633704e-15 -2.825300757523788e-14 2.672338804249425e-14 1.092493608691747e-14 -1.867275323506593e-14 6.114803542500276e-12 -1.179663463299096e-14 -8.50639610919689e-12 -5.610937156974352e-15 -1.634163769329952e-15 3.545219864003645e-15 -4.862432137238739e-15 2.677762146626487e-10 -1.735292851543274e-15 -3.707374943608906e-10 -1.462805571117862e-15 -1.466598584655691e-15 -3.480961179026484e-14 1.152997510835525e-14 2.681846579664143e-14 1.692710218277084e-14 -7.052430200159431e-16 2.076152292620311e-15 -2.440996488057102e-16 1.926063478488192e-14 -1.113895760060261e-14 -7.133182936215072e-15 2.333934916195562e-15 1.952683360643862e-14 7.382188394373323e-12 -5.159284469793176e-15 4.210390718806706e-15 5.819455182304866e-15 1.39667465960711e-14 -1.259233060706533e-15 7.178821068416963e-15 -1.334504474157738e-14 -2.962150788327729e-14 1.274431584637397e-14 -5.727937655438434e-14 2.485039236699104e-15 2.733013468315424e-14 -4.311784795582664e-15 -3.975986206940026e-14 -1.597646954851112e-16 -6.414847688897592e-17 -3.396683361702671e-16 -2.806785813444631e-16 -5.020953032187736e-16 0.0001954499646480157 1.0086597463801e-17 1.574289877923525e-17 0.0008069201506997403 2.928220923429316e-16 1.320122561974549e-16 0.004083561250551233 -5.751913829419612e-17 8.753439936772098e-17 0.02371748217077457 6.904460459504201e-16 3.057823350302586e-17 -2.278011139561513e-16 -5.263249742873454e-17 -1.545162385852579e-17 -0.0004153092510508976 1.134954920610841e-17 -1.794025278982248e-16 1.025250575908376e-16 -3.881700669579227e-16 -0.002374391375417065 6.042786507919353e-18 4.973385713540818e-17 8.475828769591442e-18 -2.631437858623711e-16 -0.01490892379510611 1.680807843651291e-17 4.421431987085036e-17 2.74774543437299e-16 1.677611592411442e-17 -9.983169552169398e-17 0.0004474977083034008 -1.473541439314927e-17 1.99657495342598e-17 -6.332512540413964e-17 8.509192072090207e-17 -2.463508501495074e-16 4.701918153778673e-17 0.005430063766544849 4.955934043095843e-18 -2.146198681428693e-18 1.947307397950657e-17 -9.084991228351114e-18 1.536571547488731e-16 3.320229288414624e-17 4.348189083497532e-17 -0.0003231375247927487 -1.256035577703564e-18 -2.31075443521013e-17 8.379257747236967e-18 
-4.240324981800732e-15 -1.889723729061518e-15 2.361826014252158e-14 3.760882217474481e-15 1.894320025056079e-15 4.954417115121748e-15 -3.29006909064987e-14 1 4.034077759344113e-14 -2.031941392858948e-14 0.7887208442648883 1.853899223528605e-14 5.798552211333762e-15 0.7085250403814894 -5.067164378057197e-15 2.043732876439698e-15 0.4436869324589358 -3.114200732561564e-15 -2.733170218277657e-15 0.2055091000576431 -2.2920401973477e-16 -6.224794691209103e-15 1.619087332111742e-15 -1.189261362999903e-15 -3.12943365971582e-15 -1.641183933546296e-14 5.734568229349638e-14 -2.764382147670859e-14 -1.54511820005306e-14 -2.835305571597203e-14 -1.535403748587568e-14 3.550214596209441e-14 4.843138157472597e-12 -1.643823980526402e-14 -7.157956961231648e-15 -8.128914264623727e-15 -5.647289469935733e-15 1.227240976006845e-10 1.77983668738638e-15 -3.432752082454967e-15 1.252474079017785e-15 8.88698836743204e-15 1.93007570104225e-14 1.152983958308362e-14 -1.82457198763767e-14 1.60943502110069e-14 -5.93766030267299e-15 2.612746987079726e-14 8.5037220329584e-12 2.469297552901667e-14 6.128587221560669e-12 -3.319366266986601e-14 1.098418773564874e-14 -1.152550277469932e-14 3.913774686679525e-14 3.707388647927236e-10 -1.157819531774722e-15 2.677831392465141e-10 -3.74602864729163e-15 3.566646413865781e-15 -3.152426544507086e-15 5.312591761471674e-17 4.393349833238379e-15 4.091291107983897e-15 -3.098536645362763e-14 1.781266242363123e-14 4.276093368284348e-14 1.142983209706719e-14 2.526624742761011e-15 1.773022917720416e-14 -1.608609079273757e-14 -3.087699372008973e-15 -3.425970446607931e-15 -8.988036013682926e-15 7.379018200767281e-12 2.361999498712142e-14 2.294307326714126e-15 7.620640247400945e-15 1.591131741075332e-14 -6.068062741373776e-15 -3.829749017915137e-14 -1.144239867787248e-14 -2.652652403290763e-14 -6.318122091591455e-15 -7.338921137469949e-14 1.240246986600443e-14 -2.966217901727276e-14 4.468770917411516e-15 -1.752542338682154e-14 -9.330399950924392e-15 -1.890943456505368e-15 -1.592367009340189e-16 7.863292722984918e-17 5.945764680633415e-16 -3.751339516801227e-16 4.900593883967588e-16 1.007346845311854e-17 0.000195449964648012 2.356800090421061e-17 2.930654025581411e-16 0.0008069201506997661 1.93805590363202e-16 -5.784608794532955e-17 0.004083561250551255 1.31113096790894e-16 6.966436305155316e-16 0.02371748217077388 -8.047490625276466e-17 -1.587066242248505e-16 -0.0004153092510508888 -1.020723712165034e-18 -5.278051643626522e-17 1.405741472325962e-17 -1.712079513766777e-16 -0.002374391375417064 -4.161789715194904e-16 1.026055257474954e-16 -9.922665481522136e-18 8.483258305520025e-18 -0.01490892379510636 -8.655829687996108e-17 1.155774246405733e-17 6.772028413300886e-18 -1.604635234711814e-17 1.470543005323025e-16 0.0004474977083034181 -6.498895192426035e-17 1.676806911140583e-17 1.918645289205228e-17 -1.048845006870628e-16 4.395849533347008e-18 2.281230974218215e-16 0.00543006376654487 -6.913625521433606e-17 -2.471584912696491e-16 8.63332508138249e-17 8.12244420612422e-17 -1.505719041372336e-17 7.417892005912701e-18 1.757776414107349e-17 -0.0003231375247927524 7.562781070178211e-17 3.319535780320328e-17 -2.325480624242069e-17 1.003183073324447e-16 3.263831744448788e-18 
-2.25019009726364e-09 3.540211340152263e-15 2.177908633553901e-11 4.447922588435654e-10 9.287754293853869e-10 1.408099707613286e-09 4.114640079397092e-14 4.034077759344113e-14 1 2.284224415536197e-15 1.880613863141194e-14 0.7887208883660705 4.516261403147923e-16 -5.145860009991775e-15 0.7085275212724067 2.154105293852107e-15 -3.200800104947775e-15 0.44369104641015 -7.916281001737061e-16 -2.277980672439593e-16 0.2055059116780926 -3.186255660607935e-15 -5.44373506233994e-15 -2.150051627138139e-14 1.282739682154597e-14 1.391445983457661e-15 -2.850965855539953e-14 1.421063787477485e-14 6.230752495968046e-14 1.824999569869757e-14 5.507475985686146e-15 -7.22550275515865e-15 6.847907665604646e-14 1.054269321585895e-10 5.85234173006041e-14 -2.204562502664324e-15 -3.415023397854975e-15 1.349443504542619e-14 2.103767805240619e-09 1.298708184454025e-14 -4.168769766122204e-16 2.327131543024111e-15 -2.900671104137495e-15 -1.002162965786312e-14 -1.546007245834831e-14 1.428227145112442e-15 1.337688640413297e-15 -3.485682879488414e-15 4.905472729910412e-15 -7.268960281818111e-14 -2.63569548153513e-14 -1.874731446900988e-11 -1.074139421162948e-14 2.478919847237914e-15 -2.129833852901806e-15 1.365823973778637e-15 -2.61435845431182e-14 -4.738506574195913e-15 -7.188503826808242e-10 4.297940930350927e-15 1.613292990173168e-15 -6.397336262973474e-16 1.118842431896962e-15 -1.740795008143602e-15 3.392349335469897e-14 -1.269383903546706e-15 2.082299041312449e-14 -3.976836628020008e-16 -4.588072543417908e-15 -7.156594923882458e-15 3.718732136464177e-15 4.922819972123181e-16 9.782105686091876e-15 8.679824440971828e-15 -8.375244958310516e-15 9.255757949312777e-11 -1.134345169917177e-14 -3.028935616203103e-15 -1.526263925062304e-14 3.573882739415916e-15 -3.809391766874778e-15 7.828346261164078e-16 -4.632795883032954e-15 1.476696318530134e-14 1.259899845042893e-14 -1.023330725714039e-13 1.205451889567008e-14 -3.866264947085342e-15 6.263707000995117e-15 3.900525735735882e-15 2.563101369602056e-15 0.008685400862892234 0.03056077187989713 0.09100215560324759 0.1016798582584068 0.199230179816309 -6.390310998661337e-16 -1.176753449288407e-15 -0.002197781104721036 -2.703216160595774e-15 -3.336098464152421e-15 -0.008501257878875667 -3.472514520238975e-16 -6.97298009789753e-16 -0.03677823211364114 5.88135209343985e-17 -1.635383451923722e-16 -0.1521165560284868 1.021373318302057e-15 2.09844836762314e-15 0.00239910053873709 8.536487471219218e-16 -8.263157733405569e-18 4.252938066698359e-16 1.193494135543877e-15 0.01247604361844663 1.211084251884354e-15 -6.035827871212294e-18 3.543007141552879e-18 1.073959003055002e-15 0.06346645014586015 7.737873348579334e-16 2.516450182999339e-17 -3.867108992555358e-16 -1.043503315983194e-15 9.079433118975981e-16 -0.001623530889908361 3.706282843344635e-16 2.716154258977599e-17 -1.084263177804964e-17 -2.066502774172543e-16 2.238570202680919e-15 -3.775187650025133e-15 -0.01682638061292034 -3.983613635055244e-15 -1.244196770055921e-17 9.968416225987573e-17 2.462030168466926e-17 6.035049131293934e-16 1.400784214791864e-15 -6.872687666312204e-16 0.0008009266446106173 9.543135083829104e-17 -1.964654492202595e-17 -3.161482936709166e-16 9.324373578493399e-17 
-7.306943642085208e-16 6.753751318441905e-15 3.845448560218148e-15 1.073794404717653e-15 6.69343806942962e-15 -3.090439342068906e-15 0.7887208442649087 -2.031941392858948e-14 2.284224415536197e-15 0.9999999999999997 -2.706602714528949e-15 -1.985391431158257e-15 0.938531174463653 -7.788938755107685e-16 -9.194102445539663e-16 0.8167017857088428 -6.719490629722548e-15 9.506428331631639e-16 0.480224059676409 -1.873560638239741e-15 -4.961389186214778e-16 9.1517512330314e-16 7.136328296800656e-16 1.04616460988544e-14 -2.701649999586582e-15 3.58938179594487e-18 4.67429949720928e-14 -3.625721417965867e-15 4.157339664830208e-16 7.295419028064671e-13 -1.38012848402341e-14 -1.257327672092334e-14 2.038733922369124e-15 1.150663863335517e-15 3.80501649725324e-09 -3.701141262902961e-15 -5.620510076532071e-16 -4.54238087802513e-15 4.0905021711592e-15 1.581234749390473e-07 1.553666457364677e-15 -2.477296950789478e-14 2.870845598039648e-14 1.591788481090812e-14 -3.173053424045726e-14 1.355038146492677e-12 -9.408802035123154e-15 -1.885292412710222e-12 1.845312237909891e-15 -2.834321534592405e-15 1.172022637571121e-16 -1.929446333138512e-15 3.015925889566643e-09 -2.95239116020942e-15 -4.180402165530914e-09 -2.936454003997901e-15 -3.288168688698202e-15 -6.898184061954953e-15 3.482025561454125e-15 1.0116082036382e-07 4.252675339560315e-15 -1.577821006414073e-07 -2.360958830120544e-15 -2.487145064801938e-14 -1.890024738712081e-14 5.272705958223798e-15 2.807437384418714e-14 7.564389481984082e-13 -3.278071964954218e-15 5.691763682244201e-15 7.275007294313911e-15 5.218048620479015e-15 -1.9970463443182e-15 3.195360886780936e-15 1.585971061451982e-15 -4.621412138260842e-15 4.78753185377407e-09 -2.725467634429484e-15 -3.888079392104234e-14 -1.968043940236331e-15 2.543262018259183e-14 -9.211436567159378e-15 2.303935212527762e-14 -1.944039695047818e-14 -3.071002886809698e-14 1.192022272722444e-14 -1.170405549809578e-11 8.126244977770619e-15 8.822933505823867e-12 -1.418861609577249e-15 -1.411162613471503e-11 -1.688517546705088e-15 -1.40184492813291e-17 -2.625468929031194e-14 2.330438536647244e-15 -2.262410295867067e-14 0.002353972907819307 6.386969148069829e-17 7.7308704839729e-17 0.007923575724387386 2.140024067225274e-15 1.078688219145817e-15 0.02653119857309515 7.091087692252472e-17 3.60983367270924e-17 0.085065924338601 5.076815174733197e-16 2.800128505968315e-15 -3.630575732880728e-15 -1.556098945611393e-16 2.487958990406473e-16 -0.001990623257168029 1.181818302399173e-16 -1.034462959238867e-15 8.182668193459057e-16 -8.796976558094924e-17 -0.009209679923877495 -2.4638605148439e-16 -6.93982616723313e-16 -7.117695266265843e-16 4.579651266165506e-16 -0.04033642238990243 2.338319331787139e-17 6.955128977670301e-16 1.388045285314871e-15 5.752105320581353e-17 -4.485010804010281e-16 0.0008945050161943984 -2.32613461117105e-16 3.727369690984869e-16 1.414319929512953e-18 8.969306013343971e-16 -6.322377800995303e-16 -5.181826830089465e-16 0.008609847352409168 -2.185111408636836e-17 3.88097291018511e-17 -1.519463636579988e-16 1.364550613882895e-16 2.266239034025954e-16 4.052561063788709e-17 8.123556192587755e-17 -0.0002752516475824402 -5.323886738463358e-17 -4.502825738676498e-17 -5.187702317819209e-17 
9.356086245833934e-16 4.557037602338128e-15 -8.118506490051132e-16 9.159344841533407e-15 8.007492582217695e-15 2.789461948945706e-15 -2.040414433480456e-14 0.7887208442648883 1.880613863141194e-14 -2.706602714528949e-15 0.9999999999999998 -1.380840174051521e-15 -7.667507638658284e-16 0.9385311744636383 3.337632661361929e-15 -6.735970598996341e-15 0.8167017857088317 -3.672465105486146e-15 -1.877030194977211e-15 0.4802240596764017 2.440795309442014e-15 -4.118237444641668e-16 -9.731390322422193e-15 -3.9894306168778e-15 7.205191551246847e-16 -8.322336508085759e-16 4.109435543453403e-14 7.103060541638871e-13 -1.24570502271098e-14 -3.654059754401506e-15 -9.776902253166681e-15 -7.189995680056122e-15 3.805017933821205e-09 -1.859623724105408e-15 1.945709368795797e-15 -1.471045629524185e-15 4.300384098679919e-15 1.581234822717343e-07 -4.09397163864956e-15 -4.575340678171187e-15 6.161756601880591e-15 1.89066138227614e-12 3.867796676413393e-14 1.373472620591113e-12 -3.300271006121981e-14 1.591357849507716e-14 -1.964433539461143e-14 4.307882503166268e-14 4.180397443613249e-09 -3.786467954789407e-15 3.015926592129695e-09 -3.224851187506834e-15 1.329231964534861e-16 -1.477117152021334e-15 8.288509398574272e-15 1.577821037639099e-07 2.196160147661252e-15 1.011608222494645e-07 2.923010622020263e-15 -6.948748555065185e-15 -3.016684648376647e-15 1.202163712757662e-14 1.38146340804961e-15 -7.095453236517753e-15 -1.322691514320873e-14 7.468721304609038e-13 3.326159045461746e-14 5.300922321905756e-15 6.128778506110282e-15 2.371323803676796e-14 -7.223389102587768e-15 -1.016548035771505e-15 3.324684532112623e-14 -1.741228821990417e-15 4.787527740527508e-09 7.979728642252112e-16 1.555396557806269e-15 1.082467533699731e-15 3.820728747999302e-15 1.366962207938494e-15 -1.411408423806716e-11 -6.661772334585343e-15 -8.815416081069726e-12 -3.256658970421328e-15 -1.17412859193243e-11 1.304780493071111e-14 -3.069761475227923e-14 -1.134787066283265e-15 -2.549132973469119e-14 -4.42105153452554e-15 5.080029665011884e-15 -1.355124931696477e-15 -1.275801122052426e-16 2.44613374556893e-14 -1.058181400715392e-16 1.413279341770219e-14 6.419325809112438e-17 0.002353972907818877 1.857797523035641e-16 2.141677474991781e-15 0.007923575724387807 1.068958981580838e-15 7.448810412562582e-17 0.02653119857309435 2.302172198018802e-17 5.069094468832612e-16 0.08506592433860113 1.146110203582191e-15 -2.643890469028994e-15 -0.001990623257167525 3.532722628464347e-16 -1.558538400694871e-16 3.795071934594994e-16 -1.120116387689736e-15 -0.009209679923877351 -2.628800597036214e-16 8.233351869162343e-16 1.530351854926577e-16 6.11472111978032e-16 -0.04033642238990222 4.270875969704049e-16 -7.169905322308658e-16 3.72287949252727e-17 -1.411666509975267e-16 1.166214902910036e-15 0.000894505016194591 -5.543367972239624e-16 5.748717180780187e-17 1.027064035931546e-16 -1.74863353443285e-15 -9.897326630494494e-17 1.437256692783248e-15 0.008609847352409088 -7.216843019720572e-17 -6.29206000383256e-16 -1.274503043962798e-16 2.915937759573142e-17 1.96344259745811e-17 -1.017654416886807e-17 1.779054720654278e-16 -0.0002752516475824499 1.508737400000137e-16 4.034264938773372e-17 9.582003877353045e-18 7.98270387862349e-16 1.2299053486537e-16 
-3.166526872848054e-10 -1.130801548199499e-14 1.208882740665047e-08 3.366214626459886e-07 4.919140908120908e-07 1.313323470351838e-06 2.21277561101112e-15 1.853899223528605e-14 0.7887208883660705 -1.985391431158257e-15 -1.380840174051521e-15 0.9999999999999996 -9.410912052487131e-16 3.332416968263196e-15 0.9385336445454212 1.007012915776805e-15 -3.547530426810649e-15 0.8167082509773506 -5.304085159820439e-16 2.452976750935767e-15 0.4802145938627445 7.127022979983839e-16 4.469373324365756e-15 -5.747020702604519e-15 5.760206575422755e-15 3.65985197134047e-16 -3.677871752639153e-15 9.048145372882438e-14 1.816498448649966e-11 6.656439787966369e-14 1.465570480141726e-16 2.158429972016268e-15 3.781697681311516e-16 5.420370133160216e-08 5.417758977498187e-15 -6.470519464360305e-16 -4.468652706463697e-15 -5.433163149764366e-15 1.521542385368959e-06 -3.242637361972244e-15 -3.495478673688789e-15 3.126188956863805e-15 -6.558453648439302e-14 -3.778656489393428e-14 -4.270832949496033e-12 -3.182229341678976e-14 4.126040332330132e-15 -4.795630129929251e-15 -1.83674714308099e-15 -1.464020070836803e-14 -8.857065557521621e-15 -7.880988370260168e-09 6.463472105122293e-15 -1.259409409859651e-15 8.990205602046813e-16 -1.577731541208486e-15 -1.09157492132695e-14 -5.022026163902841e-15 -4.001269979486108e-07 4.823617099137248e-16 2.539635752069809e-15 1.114560214652503e-16 2.951605278990696e-15 1.482928559214795e-14 3.578808187060575e-14 -4.505077461871605e-15 1.02143585948022e-11 -4.371429197677802e-15 -5.547375357994509e-15 -1.791476275206038e-14 4.923850606280314e-15 1.886295191765044e-15 4.263950869080079e-15 -1.366268390627794e-14 -1.485270439105464e-14 4.048316835794968e-08 4.983861214143909e-15 8.205243143395209e-16 -6.340415145031616e-16 -2.370239743071259e-14 -5.245126857456971e-15 3.480289433145846e-15 -7.13730384373803e-15 1.399788537520723e-14 1.220182970047068e-14 -3.266773134321289e-11 4.492771765589361e-15 -3.792106019118694e-15 1.323740554223651e-14 -1.793471857988174e-12 -2.821799156752916e-15 0.0773500483915617 0.1636130298306114 0.2770280052729906 0.3054866995330634 0.4360342878342336 -8.213320732325167e-15 -1.103365621595242e-14 -0.009806070465798164 -3.301489175106634e-14 -4.804062295033947e-14 -0.03197274649356469 -1.303731612400699e-15 -7.687290879331595e-16 -0.09870415186395802 5.980405762854097e-15 -9.368809049751042e-15 -0.2596090616388022 8.522066747182728e-15 9.74746870433029e-15 0.003588860005876738 7.560198425146964e-15 1.343499514260578e-16 1.307711100768628e-14 9.102653859333932e-15 0.01568874031605959 1.13803601374071e-14 -8.865147258017953e-18 5.829891305250218e-15 1.70204178144343e-15 0.05995640080439545 -1.07746713225256e-15 -7.82251970721172e-17 -5.17732987071415e-15 -3.75908568799123e-15 4.290643344203346e-15 -0.000767226983335911 3.082308765965206e-15 7.101078328415757e-18 4.046201265120954e-15 -1.565984131713662e-16 1.022833279560453e-14 -1.503631529487659e-14 -0.006489872266741822 -1.440376993018238e-14 1.878493802487535e-16 -7.539060900753208e-16 2.803346697786514e-16 1.895197160260927e-15 4.641621823116704e-15 -1.182712783434088e-15 9.504553231736281e-05 2.941635661274543e-15 -3.212230133358026e-16 -3.246941173533425e-15 9.862982479324464e-16 
1.178345053517517e-15 4.751326662767361e-15 -2.000577493005379e-15 -1.403397295928026e-15 3.778246132512261e-15 -7.372672682669106e-15 0.7085250403814918 5.798552211333762e-15 4.516261403147923e-16 0.938531174463653 -7.667507638658284e-16 -9.410912052487131e-16 1 -1.000596146165133e-14 3.19019202029548e-15 0.942356099203949 -5.32391737709123e-15 7.494146745800776e-16 0.729288698433638 -2.647281703154108e-15 -1.493626602976629e-15 -8.338298726812765e-15 -1.520050317852635e-15 1.174148384610517e-14 -6.498494248270549e-15 1.574490418613334e-15 1.735423995278131e-14 -1.305395244748797e-14 -2.020604815073903e-15 3.653066202236413e-12 -1.442783158409376e-14 3.233536915544053e-15 -3.062666000846369e-15 3.321032391694177e-15 2.662196552159752e-08 -7.757496234038144e-16 2.359235285775533e-15 2.064332054602962e-16 2.307204520177741e-16 1.835518200678065e-06 2.277707407642918e-15 -1.673006745972679e-14 3.05898918260042e-14 8.35288807803224e-15 -2.167450395941867e-14 5.7711504146211e-12 -1.051381968350777e-14 -8.020463049396497e-12 -7.915248199977197e-16 -5.155401025579354e-15 1.268955070624325e-15 2.275749054703566e-15 1.210357404580062e-08 1.083664211394459e-15 -1.740439421801862e-08 -8.582145306533343e-15 2.185759990067867e-16 -5.042644611050559e-16 1.372172142113157e-15 2.695254271002761e-07 -1.301047704455387e-16 -6.316963407171448e-07 3.570941917512738e-15 -2.808147887301225e-14 -1.696262463197459e-14 1.382527037221878e-14 1.815910051036731e-14 3.272791625270365e-12 -5.732984834460958e-15 4.142156014319279e-15 6.506288212004839e-15 1.665340901796752e-15 1.967075517455244e-15 -1.082471584874406e-15 1.860064356813495e-15 -5.543763759858504e-15 2.880000996735099e-08 -3.263027331652596e-15 -6.776436921328151e-13 -1.683989253934838e-15 1.65801708545265e-14 1.139500836563639e-15 2.555607098604161e-14 -1.81110159603177e-14 -1.846262406811769e-14 3.29848764696279e-15 -5.04724038677879e-11 7.583931690180433e-15 3.705846066295718e-11 -5.671754282848291e-18 -6.060069539841962e-11 -1.385279208960101e-15 -5.997110145282569e-17 -3.34586066789081e-15 -7.192082587388503e-16 -2.871412041076519e-15 0.00287933323453364 6.010569236675272e-17 7.876282661620094e-17 0.009609252491842678 2.19448818656359e-15 1.148045342917593e-15 0.03164508619141307 -2.121646279742722e-16 4.168394511893775e-17 0.09975136849997997 -9.973876468513897e-16 4.743131574459523e-16 -4.019563379722371e-15 -1.106794344617059e-16 3.162171462653912e-16 -0.001453902231001575 1.046174514964201e-16 -8.611779111807411e-16 1.19771923765488e-15 5.358138987832884e-16 -0.006792875912459136 9.639741227395575e-17 -2.38244173182228e-16 9.047725343878966e-16 -6.073552778529371e-16 -0.03053743610110269 2.696063231431462e-16 6.714106295886878e-16 1.327723115841828e-15 1.784856620214369e-16 -4.145173226782623e-16 0.0005196704712352822 -2.509380306470736e-16 3.578776575065723e-16 2.980258489991064e-16 4.901048434407854e-16 -4.529238400517702e-17 -2.398302395949253e-16 0.005214410228070374 1.318128436363704e-17 8.84237482990931e-17 -1.233238432238829e-16 2.062467844005663e-16 4.640840576148493e-17 1.559817852494463e-16 1.478081584457058e-17 -0.0001665260988886034 -7.108959731046301e-17 1.392529376384176e-18 4.889134164514408e-17 
7.111552059562854e-16 -8.115365579678717e-15 -2.775568167187181e-15 7.424648240509234e-15 -1.429419106147894e-15 3.719296525092379e-15 5.885071875232766e-15 0.7085250403814894 -5.145860009991775e-15 -7.788938755107685e-16 0.9385311744636383 3.332416968263196e-15 -1.000596146165133e-14 1 3.282133389015262e-15 -5.315243676574602e-15 0.9423560992039555 -3.608292877607792e-16 -2.642077348560757e-15 0.7292886984336376 -1.568221195227499e-15 5.138120958021676e-16 -2.030897998772614e-15 -5.370561768674628e-15 -1.52003120659872e-15 1.662413542058236e-15 3.377679431433523e-14 3.655820364103177e-12 -1.130003189248446e-14 -1.301493457274413e-14 -2.983735777567245e-15 2.60686566514691e-15 2.662194722800123e-08 -2.199637790561577e-15 -3.008455685056834e-15 -1.235127842042807e-15 -1.717384509498372e-15 1.835518202227182e-06 6.383844085905349e-16 2.18576335193256e-16 2.359239965266092e-15 8.027156505499871e-12 3.03745548993611e-14 5.787033603446343e-12 -5.917299907930076e-15 8.350746770561096e-15 -6.967922931860449e-15 2.686945141029717e-14 1.740440524743274e-08 1.09895152040531e-15 1.21035742192737e-08 1.46454588999218e-15 1.27470136409178e-15 -4.97086911095681e-15 -1.089410504943097e-15 6.31696347794848e-07 1.543909834254292e-16 2.695254322524265e-07 1.998409997110445e-15 -4.797071830056603e-16 -3.32547793258798e-15 2.702710068741011e-15 -5.05917771514266e-15 -5.62193500269588e-15 -8.52945107635214e-15 3.256946878335279e-12 2.363569765660176e-14 1.380675754939834e-14 4.699383849668365e-15 1.559695835820168e-14 -5.66389378706786e-15 -1.66230512411119e-15 6.769740863126209e-13 1.440259668817272e-15 2.880000547656842e-08 4.045390624419955e-15 1.840548643114136e-15 3.039247147823161e-15 -8.977228288887995e-16 -6.591974416639098e-16 -6.06030927954227e-11 -7.676939651242802e-15 -3.706021013826642e-11 -9.25315879129642e-16 -5.046952118003864e-11 -4.07076102850807e-15 -1.846026591938379e-14 3.192465821981311e-15 -2.674314137465503e-14 5.237258602303227e-16 3.911491120904448e-15 -1.295409437153994e-15 -1.975237557100817e-16 4.134729177922369e-15 -1.437657573057539e-15 1.942897741130168e-15 6.065626588584681e-17 0.002879333234533619 1.04143418810238e-16 2.196561727831458e-15 0.009609252491841315 1.311497960419978e-15 -2.131461410777851e-16 0.03164508619141308 4.843363483613249e-17 -9.940604887237111e-16 0.09975136849998149 -1.174087017996967e-15 -2.704311751628311e-15 -0.00145390223100111 4.038749079378677e-16 -1.107471973628276e-16 3.542065261424042e-16 -4.650802838216916e-16 -0.00679287591245899 3.1194242408459e-17 1.198964698615295e-15 -5.630207654374932e-17 -1.289188806163687e-16 -0.0305374361011028 6.675322752729929e-16 9.038482061529457e-16 2.686121144230912e-16 -1.290348135678582e-16 1.185230122760802e-15 0.0005196704712352946 -4.319611918812915e-16 1.7929881629204e-16 1.363677107395049e-16 -1.762421151502817e-15 -5.798894413952451e-17 1.520381580164738e-15 0.005214410228070268 -2.002779467996819e-16 -4.869007330142241e-17 1.347806092332678e-16 2.913885034257344e-16 3.613425121788537e-17 -5.580202484616602e-17 2.566639733472717e-16 -0.0001665260988887184 1.084199135533093e-16 1.553651354634079e-16 -2.380081200704223e-17 7.806142280041665e-16 2.442034963187673e-16 
1.901574026549685e-09 -4.89779667658196e-15 6.863152071216305e-08 2.761658031464515e-06 4.332970982711541e-06 1.21508130164447e-05 5.086842791584635e-16 -5.067164378057197e-15 0.7085275212724067 -9.194102445539663e-16 3.337632661361929e-15 0.9385336445454212 3.19019202029548e-15 3.282133389015262e-15 0.9999999999999999 7.632883186912982e-16 -4.302170523532805e-16 0.942355537164164 -1.478041880992608e-15 -1.564781427999218e-15 0.7292727413549538 -1.569067285458348e-15 -7.805926554410695e-15 -7.345069118262334e-15 3.230344470379369e-16 -1.984348028172356e-16 -1.296774925153071e-14 6.439904484684899e-14 7.564955098064729e-11 4.68288914342715e-14 7.736652304585194e-16 -3.084360928740112e-15 5.846060929140069e-15 2.918848268682211e-07 -4.829071843173204e-16 -2.887468389448192e-15 1.734737903270317e-16 6.480984509821166e-15 1.185413130651443e-05 8.049188470441726e-16 -3.320294932577241e-15 4.223635358524084e-15 -5.096313366908676e-14 -1.580501869284601e-14 -1.718181027582124e-11 -9.340361691310851e-15 -6.305766009664954e-16 -5.053462672768815e-15 -2.036146589984728e-15 1.940085573889979e-15 -9.637760525760811e-15 -3.669558823741833e-08 -2.07761762672559e-15 2.49108115271505e-15 -2.065637105026032e-15 4.518988695116146e-16 8.803786348654337e-16 -4.248369779742294e-15 -2.202885925057445e-06 1.129205064720702e-15 1.103292317389009e-15 -1.159671379149765e-15 8.236202113552055e-16 1.080480428918787e-14 9.441166126446213e-15 -1.166089659338895e-14 4.085137583645041e-11 -9.04558529087838e-15 -3.777496450184635e-15 -1.772683532634509e-14 2.924561907934161e-15 6.869555278844712e-16 -8.777765068882722e-16 -1.616513908823787e-14 -3.1953840474264e-15 1.950912732910447e-07 -6.771976370869084e-16 -1.080740641817838e-15 -1.5872836043533e-16 -4.798362959090998e-13 -5.966726731422165e-15 -9.426122711146415e-16 -1.421941561498563e-15 1.098449178626336e-14 -1.940259047499375e-14 -1.304908617368955e-10 -2.764974311067464e-14 -3.741825937509635e-15 6.486937519330579e-15 -8.602984322764851e-12 -3.624270456148131e-15 0.093426756255356 0.1937922616358204 0.3293865725891044 0.3581851950813082 0.5308071520288731 -9.058343808026716e-15 -1.855754228070324e-14 -0.005982467087310199 -5.021026742185504e-14 -5.224087312168213e-14 -0.01967042646538373 -2.08866719435736e-16 -3.180818355992947e-16 -0.06215013217709857 8.643553405145912e-15 -1.128012200215901e-14 -0.1727828883601595 9.052344521971965e-15 1.008865948907749e-14 0.001729423766259514 5.665296856551444e-15 -2.719733898138584e-17 1.783411137800086e-14 1.210207973665088e-14 0.007829739616504183 1.581238795481473e-14 -1.489815619213304e-16 3.295964950656285e-15 5.011964530743755e-16 0.03214269407851567 4.163369158297695e-15 -3.796361706128624e-16 -6.156436823490564e-15 -2.286491571094836e-15 4.717096777127491e-15 -0.0004878544987465352 1.739434902932501e-15 6.197999373183263e-17 -3.418554605412695e-16 -4.526873680064788e-16 1.067531981559045e-14 -5.036230084789962e-15 -0.004565124443035394 -7.901402914619026e-15 -1.755984155797938e-16 -6.309520979352207e-16 3.736134566984959e-16 2.628346997744365e-15 7.168478770950469e-15 -2.415242917722808e-16 0.0001496754804168102 5.430752929245031e-15 -1.990841800883393e-16 -4.219139568088495e-15 1.918658852439349e-15 
-2.411541018060088e-16 1.599210731949883e-15 7.9776055786309e-16 2.456383726465156e-15 -6.739446631665633e-15 3.124284545382696e-15 0.4436869324589359 2.043732876439698e-15 2.154105293852107e-15 0.8167017857088428 -6.735970598996341e-15 1.007012915776805e-15 0.942356099203949 -5.315243676574602e-15 7.632883186912982e-16 1 -3.042740057124784e-15 -4.397615494724892e-15 0.8260056452916537 -2.598712779541964e-15 -4.964886932648619e-15 -1.212964948990298e-15 2.550600313964612e-17 -4.391647592549092e-16 -3.917341116397496e-16 1.843417932328749e-15 2.00084159124443e-14 -3.556745730057335e-15 -1.819911600216279e-16 5.206008196533322e-12 -7.551457452389303e-15 1.623710535119096e-15 5.121366910576973e-15 1.024360126745613e-15 3.630353818912522e-08 -8.458994170930266e-16 7.896514632972842e-15 4.414903608093071e-15 -1.580351431935473e-15 2.228985436213547e-06 2.98808730976633e-16 -1.063383912757535e-14 1.222279654600184e-14 7.669249921192849e-15 -1.413298204999785e-14 8.231484250757766e-12 -3.458760393872605e-15 -1.144642720405034e-11 -6.692818592857597e-15 -4.19241712819574e-15 2.931157470513068e-16 -3.388368162814923e-15 1.760977383409227e-08 1.041815873221393e-15 -2.512769424557537e-08 -2.007954420410905e-15 2.81720724238054e-15 2.897547608028449e-15 5.019453619089731e-15 3.988166053642385e-07 5.347316461924672e-16 -8.895062481697438e-07 1.986269830045678e-15 -1.270787139423418e-14 -7.911252017400449e-15 5.783249041321723e-15 1.356088592325314e-14 4.625927233900801e-12 -9.63537380348764e-15 3.109184493243546e-15 7.262976696368624e-16 -4.232749688330608e-16 -2.972248971015528e-15 1.50921812477348e-15 3.484212193368068e-15 8.888340699780838e-16 3.988407867452485e-08 1.327071112192912e-15 -5.709346145567353e-13 2.386125905079172e-15 1.034204730067685e-14 -3.281194159475394e-15 1.468782571021894e-14 -9.636864590068726e-15 -5.743485697426059e-15 -5.338018852616396e-15 -7.195639590398594e-11 3.236575594737647e-15 5.291303043895323e-11 -3.461470914928928e-16 -8.639673369442747e-11 -2.714056710854144e-15 1.697302212562772e-16 -1.345459276472384e-14 -1.006958572409979e-15 -5.351652843782109e-15 0.003628657430218453 1.401674302653415e-16 7.956141201315066e-17 0.01200994306739031 2.177063232844922e-15 1.634791818138064e-15 0.03875477853284806 1.154127685849612e-15 -7.06131101809284e-18 0.1171066871083705 1.538650994659543e-15 2.27003427942831e-15 -3.846968464045601e-15 -1.181482686933471e-16 5.748038859875736e-16 -0.001367773727092762 1.566199756733061e-16 -2.978175367681773e-15 1.537061647829909e-15 1.122668654789672e-15 -0.006309417361738201 -1.871836384122324e-16 -1.918303514559426e-15 -8.002815486645936e-17 6.245124158667875e-16 -0.02764455252396036 5.054619900057901e-16 7.090069592784412e-16 1.250920504766084e-15 -9.273605286428234e-18 -4.193516192456697e-16 0.0002760302144983861 -2.460820014187601e-16 3.666087191431583e-16 -1.363870703616912e-16 1.323233478536661e-15 -2.284751544305085e-18 -5.274739387803036e-16 0.002722879035791509 -6.602368767993708e-17 1.324251531980898e-16 -1.077898353397006e-16 3.590988403956353e-16 -3.256633893913505e-17 1.396917670828231e-16 -1.134506509126776e-16 -3.823157003499668e-05 -8.141820930974403e-17 7.345992595645188e-18 9.268953914815444e-17 
5.793986827251077e-16 -7.856716333748789e-16 2.116374842278831e-15 2.484139474786815e-15 -5.315228952232603e-15 -6.994511541911788e-15 2.053111279294471e-15 0.4436869324589358 -3.200800104947775e-15 -6.719490629722548e-15 0.8167017857088317 -3.547530426810649e-15 -5.32391737709123e-15 0.9423560992039555 -4.302170523532805e-16 -3.042740057124784e-15 0.9999999999999998 1.249026886075719e-16 -2.595243203067293e-15 0.8260056452916545 -7.285997595081887e-16 9.436450886641754e-16 -1.194603498188089e-15 -2.731446278840082e-15 3.065699900401123e-17 -1.705568269457033e-15 1.480391732706052e-14 5.197727703785063e-12 -3.132928657696691e-15 -3.531646305076166e-15 -4.083562602556988e-15 1.066861088780184e-15 3.630354427587153e-08 -2.109435925694623e-15 5.136545828509971e-15 -1.179618771849808e-15 -1.318398752429571e-15 2.228985437608287e-06 -3.025392862014804e-15 4.414903608093117e-15 -2.359244552268355e-15 1.144927563641807e-11 1.540974588835039e-14 8.241833236992396e-12 -1.385444890625409e-14 7.653335774441208e-15 -3.829478358740748e-15 1.8365081206439e-14 2.512769206328095e-08 -3.129025507389314e-15 1.760977422093801e-08 1.485365539183566e-15 3.436398595447095e-16 -7.147101921402305e-16 -4.688984586164045e-15 8.8950625997982e-07 2.482403672319325e-15 3.988166028835723e-07 -1.245539208054762e-15 2.9063296980659e-15 -2.532711122274154e-16 5.830440438013903e-15 -1.847870624911779e-15 -5.852611275151926e-15 -6.957094395167022e-15 4.625332118674022e-12 1.210323546220944e-14 5.797167566945792e-15 5.570229191508224e-15 1.013924611524586e-14 -4.373263093052596e-15 4.871998975277297e-15 5.652013204155227e-13 -3.252625268908387e-16 3.988407923744604e-08 3.025375199886392e-15 3.487247976957052e-15 3.476405893901458e-15 3.905752423282423e-15 -2.428626875398667e-16 -8.639946243018623e-11 -2.834120816451748e-15 -5.290927040414437e-11 -4.177807419684039e-15 -7.19544998402967e-11 -5.318475995800622e-15 -5.736655184364306e-15 2.173776900416938e-15 -9.450069031474771e-15 -1.686269359536119e-15 1.476258188095113e-15 -3.047148762059653e-15 -3.262688076964084e-16 1.231487287735628e-14 -1.183088230647405e-15 5.943196966871198e-15 1.407146167035806e-16 0.003628657430218539 1.022959073727454e-16 2.17825586045551e-15 0.01200994306739124 1.261517546343659e-15 1.153912936944127e-15 0.03875477853284942 8.061470788420345e-18 1.538652688735231e-15 0.1171066871083707 -1.878824775374679e-15 -2.632640120858331e-15 -0.001367773727092327 7.578720285150884e-16 -1.182160317205643e-16 2.640907288285538e-16 -1.184112463503491e-15 -0.006309417361738298 4.249750591021079e-16 1.531964014777466e-15 2.511054102923878e-16 1.158036795653223e-15 -0.02764455252395953 -1.043279554564357e-16 -7.634015215425054e-17 -3.855716202565979e-16 -2.899433253039195e-16 1.308069289228279e-15 0.0002760302144984606 -5.878468409912507e-16 -9.327815707554099e-18 9.939101631971889e-17 -1.799721560202409e-15 -1.481481870393985e-16 1.481780854449933e-15 0.002722879035791948 -1.81532171397557e-16 -9.791003821041261e-18 -2.87004792601679e-16 -2.344639336818987e-16 -2.185961661014486e-17 -7.715882582973679e-17 1.928500123146978e-16 -3.823157003521807e-05 1.696406001336187e-16 1.399560370955143e-16 -2.958964936784144e-17 8.618207561860147e-16 2.474921018569038e-16 
7.603907916641812e-09 2.299414040877789e-16 9.567371401794797e-08 3.581857344440686e-06 6.181531221830426e-06 1.826871354297664e-05 2.141358598275747e-15 -3.114200732561564e-15 0.44369104641015 9.506428331631639e-16 -3.672465105486146e-15 0.8167082509773506 7.494146745800776e-16 -3.608292877607792e-16 0.942355537164164 -4.397615494724892e-15 1.249026886075719e-16 0.9999999999999998 -4.958070762644037e-15 -7.563746859736885e-16 0.8259749140828397 8.750776036010504e-18 -2.637415657135712e-15 -4.969805529006163e-16 1.916555849778546e-15 -8.593606709075973e-17 -3.502215420150767e-15 3.0766217201347e-14 1.080785485949052e-10 2.832805379489099e-14 2.467952309121906e-16 5.191238074659389e-15 -5.578954603698878e-15 4.099226929808372e-07 3.022801118453145e-16 -1.326649738085372e-15 4.435759044327939e-15 -2.234360936106409e-15 1.542132782045294e-05 2.123336790212929e-15 -4.062795575779653e-15 1.42012291439505e-15 -3.30683925052792e-14 -4.312614521063621e-15 -2.463571372573548e-11 -5.862233779850012e-16 9.757966296363215e-16 -1.347033036289093e-15 -1.847941973023036e-15 1.311470670236987e-15 4.490832933659272e-15 -5.18206432657176e-08 4.215658284078693e-15 3.216225691366678e-15 -2.203131946246652e-16 -1.257693698022284e-15 -1.627195135501846e-15 2.425180391421179e-15 -3.063046995349178e-06 5.173891643357415e-16 -1.790261724631701e-15 -8.881919632929774e-16 2.304777428277071e-16 8.940031877032442e-15 7.140473153749581e-15 -6.10892058891447e-15 5.852443536369729e-11 -4.460691659610945e-15 -2.329497609561261e-15 -7.150149803660215e-15 3.144707929967501e-15 -7.858415536695665e-16 3.434804138094355e-16 -9.834728968692269e-15 -2.567429359414663e-15 2.75969299269329e-07 4.249485908483896e-15 4.53637011970864e-16 -8.404861640943016e-16 -4.034717074988472e-13 -2.298217906488994e-15 1.951593259272658e-18 -5.2673502067769e-15 1.727317923772093e-14 -3.059014012062226e-14 -1.867920901413346e-10 -3.614131161931405e-14 -6.062949725473774e-16 5.643357174730098e-15 -1.218567805354118e-11 -2.716482289597817e-15 0.1162629148030578 0.2345750394837573 0.3814279279522362 0.4133462881074237 0.5914573808996496 -9.930312369731665e-15 -1.826963299937648e-14 -0.004735257707599401 -4.203296774067495e-14 -4.924284891807782e-14 -0.01535576768147549 -3.488583093360351e-15 -5.15463722559883e-15 -0.04696410281984652 1.359574733526162e-14 -1.402371547374282e-14 -0.1233269415702129 1.46111971311936e-14 8.446707663992847e-15 0.0002340131330439474 6.062724897415027e-15 -5.139493111110642e-16 3.059972967757477e-14 3.086880080078676e-15 0.0009511062283417923 2.484758692256784e-14 4.396559263160987e-16 1.902094887310089e-15 1.402192651325585e-15 0.002861386121401866 5.239509720949364e-15 -6.132881817264903e-16 -8.350390557841473e-15 -2.129760755921699e-15 2.344586626877606e-15 7.978917513285102e-05 5.69754373341144e-15 -4.864643807142743e-17 -1.385084655659352e-15 -2.120324759814919e-17 8.121461503114765e-15 -6.62246278834142e-15 0.000845826007420426 -7.733508554310835e-15 1.841979194734184e-16 -3.624465108350637e-15 2.951766392206481e-16 2.374948677713089e-15 8.230235127933088e-15 1.606152641711224e-15 -2.067222615572617e-05 2.937098407070592e-15 8.230421111189458e-17 -4.527595684593571e-15 1.957576506257531e-15 
-6.181817067576796e-18 1.18736987224523e-15 5.711757349399573e-16 1.2438365652869e-15 -2.749626393092722e-16 6.283426214225886e-15 0.2055091000576448 -2.733170218277657e-15 -7.916281001737061e-16 0.480224059676409 -1.877030194977211e-15 -5.304085159820439e-16 0.729288698433638 -2.642077348560757e-15 -1.478041880992608e-15 0.8260056452916537 -2.595243203067293e-15 -4.958070762644037e-15 1 -1.720954335720228e-15 1.32539185569502e-15 -5.890656350955784e-16 5.173399561803687e-16 6.399576924299218e-16 2.353118307769118e-16 8.435687810018336e-16 4.158697128607759e-15 -1.069599206739843e-15 -1.072421609613709e-15 7.027322470596294e-12 -2.868116990977042e-15 -7.008504084153785e-16 -1.223886047622897e-15 -5.831023401168942e-16 5.90420351646592e-08 -2.080649662364704e-15 1.831927639418186e-15 5.377820953728711e-17 -1.550900807037857e-15 5.08784256841644e-06 6.212693060087089e-16 -8.514508434392361e-16 7.640024343970786e-15 2.359630449693864e-15 -8.786550123156967e-15 1.056070451919837e-11 -2.43377866636986e-15 -1.46730245201129e-11 -3.542362948458469e-15 6.817678471373217e-16 -9.74552333572043e-16 2.443868841908091e-16 2.074236116893624e-08 -6.990072058828929e-16 -3.073834285729458e-08 -1.224753692657395e-15 -4.128772317336356e-16 -1.747030469354662e-15 -1.602935827450988e-15 3.643629530947722e-07 1.36310213279592e-15 -1.165374983818562e-06 3.881566305249392e-15 -6.088258434511729e-15 -2.427388448098471e-15 3.052464284566463e-15 8.487327983187415e-15 6.062572969111271e-12 -2.162888978778487e-15 5.294868450191624e-16 5.239978982536944e-16 5.592925045065659e-15 1.492993520974817e-16 1.304553234759188e-15 1.258581613379169e-15 5.917762295536471e-16 6.059204077654575e-08 5.093742609993485e-16 -2.655510486549965e-12 -1.183986151112524e-15 1.216459026864419e-15 5.926165092993718e-16 6.400247458069227e-15 -1.119147454838189e-14 9.169739595682981e-15 -2.368232849041317e-14 -9.262954022681026e-11 -2.985648216532639e-16 6.730921127475347e-11 6.577113520511663e-16 -1.111431753233125e-10 -1.357655083058557e-15 5.382822363278654e-16 4.965802675569875e-17 5.371578175358504e-16 -3.556295432499755e-16 0.002552130402970497 6.505647280380531e-17 2.64239291107082e-17 0.008490990969674693 2.261845712510677e-15 1.091409403457737e-15 0.02777956406246618 1.114000873705486e-16 -1.510289200958688e-16 0.08705127696274134 1.246436469152969e-15 3.437300441122262e-16 -3.992480209366649e-15 -3.043937743166704e-17 2.958380740892864e-16 -0.00043898976163273 6.142685775056885e-17 -1.289151110303196e-15 1.516557625582098e-15 4.685452609748937e-16 -0.002056515822691203 3.43686995214611e-17 -1.682565477936357e-16 8.83413265046742e-16 9.328271262987881e-17 -0.009350588009957913 7.712847971063363e-16 6.336604740115983e-16 5.769418685326462e-16 -7.62906482539137e-17 -2.090211852629475e-16 4.047845807522693e-05 -1.680681769445335e-16 3.784528105777897e-16 -3.073718312565849e-16 9.790653814684305e-16 2.891919336277495e-16 -4.466659157729537e-17 0.0004139096908334243 5.496100945536245e-17 -9.246556473903907e-18 -2.50574560732852e-16 3.935214051858749e-16 6.656812794691997e-17 1.365470975498485e-16 -7.42154579929091e-17 -2.561006125191669e-06 -6.651759557581603e-17 5.873240644416733e-17 -1.104974180017929e-16 
2.069528015826753e-17 1.934386157876046e-15 -1.235162105625664e-15 9.298415606607795e-16 -9.575985924209363e-16 5.273775729223278e-16 -2.717801167334394e-15 0.2055091000576431 -2.277980672439593e-16 -1.873560638239741e-15 0.4802240596764017 2.452976750935767e-15 -2.647281703154108e-15 0.7292886984336376 -1.564781427999218e-15 -2.598712779541964e-15 0.8260056452916545 -7.563746859736885e-16 -1.720954335720228e-15 1 3.469612187683301e-16 -7.822586406330908e-16 -6.3389393956446e-17 2.27770961333915e-16 5.110901909931591e-16 -9.027894368900351e-16 2.715578482717437e-15 7.028776099558767e-12 -2.535378393350744e-15 -1.064394872028896e-15 -1.188323092333382e-15 -1.537447214005272e-15 5.904203616172293e-08 -8.118762221635008e-16 -1.234728411616724e-15 -3.191991978114483e-16 4.153063227999186e-15 5.08784255844838e-06 5.523566185244451e-15 5.724777144291873e-17 -2.775653443948161e-16 1.467322011635916e-11 8.083334724772335e-15 1.056281661170188e-11 -7.676935816849183e-15 2.37201107406484e-15 -7.962632107752011e-16 6.349044394168331e-15 3.073834588274797e-08 -1.187022008660847e-15 2.074236065804411e-08 8.656543404522724e-16 -9.651194769076539e-16 -6.188821360601142e-16 1.867488772301501e-15 1.165374985254961e-06 -1.387822627676087e-16 3.643629506140392e-07 4.302252004413912e-16 -1.745295690759139e-15 1.377414054648376e-15 5.57557842521369e-15 -1.851821556159415e-15 -1.890583007392033e-15 -3.399758755837402e-15 6.059102152212499e-12 6.729638475816672e-15 3.05180018977262e-15 1.969840688094222e-15 6.354492682068824e-15 -1.405170371956214e-15 7.333775008689546e-16 2.653350687643804e-12 -1.827588873429264e-15 6.059203917328523e-08 1.422518162650029e-16 1.262701711700023e-15 7.806502084281209e-16 1.577780807351168e-15 -1.516196184721387e-15 -1.111436792763909e-10 -2.733902077845432e-15 -6.730683592965254e-11 -2.42528774007718e-15 -9.262955779143933e-11 -2.049285399575121e-14 9.170173290242299e-15 2.320130362415047e-15 -7.642023404829641e-15 2.914210590851864e-15 -6.314592782618081e-16 -1.350294197488757e-15 -1.379080933626811e-16 -6.592157263638617e-17 -1.708756563428372e-16 -1.099849416685291e-15 6.522080238289476e-17 0.002552130402970072 4.734630335557171e-17 2.260680155487609e-15 0.0084909909696752 6.241933137926045e-16 1.132468975230763e-16 0.02777956406246536 3.18298559393897e-17 1.249033554150342e-15 0.08705127696274145 -1.526713272184926e-15 -2.743817650773104e-15 -0.000438989761632561 3.923074330001396e-16 -3.0412271524138e-17 3.635834782941003e-16 6.537966506678241e-16 -0.002056515822690683 7.261850960381573e-17 1.515363165553381e-15 -1.721894988571888e-17 5.11566622360586e-16 -0.009350588009957585 -3.711341190746284e-16 8.825467229879239e-16 6.502707797691657e-17 -1.459624503302755e-16 7.01273367656919e-16 4.047845807518641e-05 -2.079544017736913e-16 -7.637196603547321e-17 2.706408846538658e-17 -1.769231309699915e-15 -1.026513515810562e-16 8.767608254528023e-16 0.0004139096908334446 1.879527502018572e-16 2.94360757594821e-16 1.856511302112331e-17 4.473011065925e-16 9.831435734141515e-17 -7.296249156799714e-17 3.582692971945456e-16 -2.561006125344644e-06 2.817950713581906e-16 1.364505277824023e-16 3.337787226170215e-19 4.035320199340766e-16 2.803571132727557e-16 
5.242148601122036e-09 -1.918344462647492e-15 1.410380876359902e-07 6.780421486517573e-06 9.128996576029398e-06 2.311351093797128e-05 -7.810175762343532e-16 -2.2920401973477e-16 0.2055059116780926 -4.961389186214778e-16 2.440795309442014e-15 0.4802145938627445 -1.493626602976629e-15 -1.568221195227499e-15 0.7292727413549538 -4.964886932648619e-15 -7.285997595081887e-16 0.8259749140828397 1.32539185569502e-15 3.469612187683301e-16 1 5.201484947759897e-16 1.416902196795795e-15 4.230550284774404e-16 -3.860823875550594e-16 -7.725170405936043e-18 -1.063551646681688e-15 1.366376886615162e-14 1.368706291357202e-10 1.403975588823594e-14 -1.491615090586579e-16 -1.256393653377839e-15 -6.869615282580108e-16 5.847896156064633e-07 4.996083841876451e-16 -7.7716860208874e-16 4.857308558246226e-17 -5.828773600428568e-16 2.879525696714555e-05 2.416512388511017e-15 8.951343526380138e-16 4.750101518259943e-16 -1.660485001105651e-14 -5.774323099587429e-15 -3.057663264995425e-11 -1.359218326821911e-15 6.422916806567136e-16 -5.772791639427145e-16 8.597861289878513e-17 4.156897879217885e-16 1.394306383176834e-16 -7.024357187417995e-08 3.14195992831115e-15 3.469502664004109e-16 2.459010013296897e-16 1.617655956953686e-16 -1.255959998806779e-15 5.835704686812464e-15 -4.521122475428033e-06 -3.582262240864368e-15 3.60828312276335e-16 3.226638155425041e-16 1.655738829883291e-16 1.2104227418723e-15 2.184634694958197e-15 -4.874217554963524e-15 7.252716880477475e-11 -3.768510095640862e-15 -6.814862185631001e-16 -3.764410390344584e-15 2.951042412318403e-16 9.816524115559544e-16 1.283715986310648e-16 -1.524412733596663e-15 1.974147019605746e-15 3.754045645133596e-07 2.294425484891088e-15 -6.1410197291721e-16 -8.795189257560803e-16 -1.877245791994955e-12 -1.706866559569284e-16 -9.904887995677674e-16 -7.48686148284746e-15 3.632258253623246e-14 -1.103437916681659e-13 -2.319052994808238e-10 -1.040603597108844e-13 -2.746545046319401e-15 1.448246307287662e-15 -1.647587406849618e-11 -7.421483042024232e-17 0.08242658153889307 0.1696198404448214 0.2950608017093256 0.3137132542378315 0.5017482225545699 -9.215206622043595e-15 -1.93901737157166e-14 -0.0001222858336261017 -4.88516335644877e-14 -5.743738487266041e-14 -0.0003602713682458911 -2.011084373974184e-16 5.292685655565317e-16 -0.0007842616296563415 4.466700072146561e-15 -1.218445966782653e-14 0.000647397569149213 8.92127877834688e-15 3.753084944693347e-15 -0.0002417549814779435 2.973743901858887e-15 1.359608679043364e-16 2.071943704106175e-14 2.083700628824635e-15 -0.001141295906579831 2.287919090147797e-14 -3.25604167266155e-16 3.812963131610003e-15 -2.606802694883665e-15 -0.005284335554359657 7.25397979875998e-15 -2.738467610430215e-15 -5.275023800113819e-15 9.646241559756968e-16 -1.673634017615287e-15 3.230270868747937e-05 3.462384115294197e-15 -8.379492711879145e-17 3.987455016326841e-15 -4.563509869258136e-16 5.245304827567596e-15 -3.407148179270661e-15 0.0003321900616626173 -3.851329449179511e-15 -1.267095873552487e-16 -4.33215212202767e-16 3.559071131394155e-16 1.192559631165194e-15 7.963338996525486e-15 1.314687814736008e-15 -2.393229406766e-06 1.725357457916693e-15 1.390937143064471e-16 -2.558085667802682e-15 2.204571887495497e-15 
6.86760572231074e-15 6.516102499453332e-15 2.457773586717823e-14 -1.208272734146077e-14 -3.170722142868733e-15 -2.669857435918641e-15 -4.420214330193891e-15 -6.224794691209103e-15 -3.186255660607935e-15 9.1517512330314e-16 -4.118237444641668e-16 7.127022979983839e-16 -8.338298726812765e-15 5.138120958021676e-16 -1.569067285458348e-15 -1.212964948990298e-15 9.436450886641754e-16 8.750776036010504e-18 -5.890656350955784e-16 -7.822586406330908e-16 5.201484947759897e-16 1 2.40834887003531e-14 -1.434897917914107e-14 3.803922905830318e-14 -2.298376754734256e-15 0.7808021831657559 5.181742054278393e-16 4.488614406242058e-16 -1.333974027053291e-15 -1.570265875043669e-16 0.3951267033763955 3.231480460740186e-16 -4.320897016118878e-16 -7.24996490938101e-16 3.764267383179147e-18 0.1484070282829742 3.532432558046174e-16 1.451069429539616e-15 -1.308671472738775e-15 2.917262154573269e-16 -8.608346940027858e-16 -6.111549813995618e-15 1.208307353767737e-14 3.906540086558579e-15 -5.944097753070505e-15 5.174159388864759e-16 -4.439198032606224e-15 1.742462975011189e-16 6.055991017187541e-15 5.817774727346957e-15 3.244610527175665e-16 -5.749862934352837e-16 -4.556131989886723e-17 3.553472620681459e-16 -1.976954932562496e-16 -5.461299075661387e-16 6.65651593557034e-16 3.354014313528668e-16 -2.123396841145377e-15 4.55834001443826e-17 -5.605326409551107e-17 -1.029558382992221e-15 -5.203751543668237e-16 -7.527717327520591e-15 -5.93297742808292e-16 6.819793858508734e-15 -2.770359585063479e-15 -7.421036704187526e-16 -2.112089888868439e-15 1.251040604362394e-15 -3.615272149991528e-16 5.208770878316221e-17 -9.029642272066871e-16 1.196954965587402e-16 4.864464716525321e-16 -4.120004924103309e-16 -2.296126860153207e-16 1.294765034721187e-16 -2.9552714941024e-18 -7.207205652020451e-16 -4.642111127868069e-16 -4.803502138659941e-16 -1.67823339123223e-15 1.963817909652135e-15 -9.062036745557111e-16 4.724363532760763e-15 3.895864943559126e-16 1.161045001460433e-15 1.69746080256123e-15 -5.958233038894077e-16 1.445712072537252e-20 5.103325381860361e-18 3.788074627960242e-18 9.370027765485491e-17 7.23915038076922e-16 -1.143792385487913e-21 -6.318694219494827e-22 -2.811723040527701e-23 -3.959034607852449e-20 -6.612306917929478e-21 9.570619866563784e-21 -6.426012942916848e-19 -7.062923971418993e-19 -1.854266453628233e-18 -8.50241084542077e-18 8.756995117239278e-18 -4.086114189544818e-17 2.762350411670223e-08 3.065421793119723e-21 2.108458491258889e-21 9.681299271103143e-21 -1.181123553049139e-22 1.240440809003735e-06 7.326199003259429e-19 -2.932500578586389e-18 6.514309587246124e-19 4.40850032014015e-22 9.762646972436043e-05 1.170843627486247e-17 3.169193703427185e-17 1.285472586312627e-17 1.921998517279606e-19 -1.696863422454888e-21 -1.707776401676417e-07 -4.316070611734742e-20 1.400168408868505e-20 -1.082708451553509e-20 2.775503188481339e-22 4.536266676426119e-21 -1.29489659483229e-19 -2.502564554534168e-05 -1.673553046398656e-17 -7.978444041593884e-18 -1.577872422772444e-17 -3.256960947623485e-20 4.697027968219986e-20 -8.560592075224311e-22 -3.883331283144658e-21 4.916586415733199e-07 1.895863947046405e-22 1.096875892429865e-22 -9.696170906000629e-21 2.276845344835299e-21 5.506162516174134e-21 5.236955186234456e-22 
8.088481903355353e-15 4.235523509867313e-14 -1.142291830477708e-14 9.615167723558042e-16 -2.964340707416039e-15 -4.072539266193227e-15 -3.104088951626388e-15 1.619087332111742e-15 -5.44373506233994e-15 7.136328296800656e-16 -9.731390322422193e-15 4.469373324365756e-15 -1.520050317852635e-15 -2.030897998772614e-15 -7.805926554410695e-15 2.550600313964612e-17 -1.194603498188089e-15 -2.637415657135712e-15 5.173399561803687e-16 -6.3389393956446e-17 1.416902196795795e-15 2.40834887003531e-14 1 3.3552854176701e-14 3.597927297360837e-14 5.011916182071917e-15 7.213367518927679e-16 0.7808021831657433 4.490202477213181e-15 -9.468555914911208e-15 1.314213466386722e-15 2.86179134169826e-16 0.3951267034584099 -1.666952149844792e-15 2.325429485974808e-15 7.119735487364204e-18 3.790794903631741e-16 0.1484071130820923 -8.304964646707883e-16 -9.641205620563173e-16 2.19226967320697e-16 -2.255954729190609e-15 5.927162851302923e-15 -1.475395326215095e-14 2.473742781797531e-16 -3.885619077519479e-15 -1.494301644228262e-15 1.735487393816272e-15 5.91749922506092e-17 5.336697308760843e-15 -2.119359549316501e-15 1.074864481520599e-15 -4.69570549687419e-15 -1.328798182633605e-15 9.438769770667091e-16 -5.199610248061075e-16 6.652889176695393e-16 3.606885781132068e-15 -8.822157130909394e-16 -2.417834607129605e-16 -2.404218552222751e-16 9.587708763785798e-16 5.121206197725105e-16 -1.218196008477643e-15 3.764296063633582e-15 -7.846371122278394e-15 -1.625225197544845e-15 2.352415807370911e-15 -5.841915827599667e-16 4.013850750203387e-15 -2.178937199670248e-16 6.124235624579143e-16 3.191078045816797e-16 9.012660320259091e-16 -2.47943484802559e-15 3.407439924988993e-16 5.834851584168584e-16 2.434923267394743e-16 1.383771468622985e-15 -3.312796690920469e-16 -5.242957390074542e-16 -1.044852462827507e-15 -3.83354194674883e-16 8.469447188467601e-15 -5.190348120781215e-15 1.49164534890573e-15 -1.235231852750233e-16 -5.296056562049063e-16 9.966295536513345e-17 -4.015884846886663e-16 1.962860153616858e-16 -5.089466179285355e-19 3.063511137251925e-17 9.714324356156956e-17 -5.894714038180318e-18 1.216137734380439e-15 1.506990698901177e-21 8.171345074898902e-08 3.231277423024421e-20 3.133318657737845e-19 1.961164924210813e-06 1.197663711881498e-18 1.237749676437462e-18 0.0001250300612521363 4.465920012729524e-17 5.503350325115646e-17 0.005344079141175176 1.454224280328986e-16 -4.458299291448208e-20 -8.701633721732194e-07 1.290661461214892e-19 -1.009291092742789e-19 -2.766085506029654e-21 -4.889597787842881e-19 -3.178890908629816e-05 -2.736675744498344e-17 2.602287624440416e-18 4.79151213568675e-20 2.006742763552641e-17 -0.001704938963045939 -1.019843883302423e-16 6.517179443489864e-17 -7.896361253203059e-19 -7.019309341948806e-21 -1.067726863796568e-20 3.201994938872834e-06 -5.235123376821276e-19 1.305070268376938e-19 2.128421414841074e-20 -3.267004332836827e-21 -1.317591901254336e-19 1.198874158346806e-17 0.0003461035125022185 -5.341185711887574e-17 -5.107505060371577e-17 1.707388068021169e-18 -7.608581049511456e-19 1.472584067565502e-20 1.300087216244251e-20 -8.56887779605243e-19 -6.559568617926396e-06 1.073979919778108e-18 8.580119974891167e-19 -3.944737191328078e-19 3.505941862958287e-20 -1.792984467624304e-21 
1.323840675762074e-10 -5.612846291399741e-14 -9.469367571232818e-15 3.791727783400609e-16 -2.059972776388924e-11 7.219499510966044e-16 8.5290445196974e-15 -1.189261362999903e-15 -2.150051627138139e-14 1.04616460988544e-14 -3.9894306168778e-15 -5.747020702604519e-15 1.174148384610517e-14 -5.370561768674628e-15 -7.345069118262334e-15 -4.391647592549092e-16 -2.731446278840082e-15 -4.969805529006163e-16 6.399576924299218e-16 2.27770961333915e-16 4.230550284774404e-16 -1.434897917914107e-14 3.3552854176701e-14 1 1.330032588673051e-14 -7.602239286221593e-16 5.792817496638092e-16 4.446229422673811e-15 0.7808021831657862 7.800308614681672e-15 -4.542807102714835e-16 -3.49019926251942e-16 -1.678633760192595e-15 0.395126706527432 2.207665572046808e-15 1.234093131362854e-15 1.420520755989638e-15 -8.375365805667332e-16 0.1484077480151317 2.602749577271824e-16 -3.064235514043731e-16 -2.165964890083186e-15 6.52099081026666e-16 -3.708865896693208e-15 -1.962234428954905e-14 3.590934708390835e-15 7.972046624889884e-17 -3.734142055498148e-15 1.404583914597499e-16 -2.188501591317912e-16 2.761083462792572e-15 3.060061470127878e-16 4.157793505498369e-15 -4.256410043237743e-17 -1.617847686322004e-16 -3.969264987498774e-16 -2.430472633614035e-16 1.795412063654256e-15 -3.519102156355797e-15 2.089954136307968e-15 2.352965543109883e-16 5.681453644031036e-16 -1.285855044849372e-15 1.185503904993115e-16 -1.843923614528172e-15 9.053229786663255e-16 -5.267894410619088e-15 1.594712820026303e-15 -8.616696765829545e-17 -4.699623341498131e-17 1.239297293259669e-15 -3.033904269736691e-16 3.380118726733895e-17 1.497677502113303e-15 2.090939685383447e-15 2.381721136344592e-15 2.026627636712001e-15 2.950656219169357e-16 7.453739061945712e-17 4.643095820813334e-16 4.57966997657923e-16 4.131770832384773e-16 1.701655309716195e-16 4.934458627000264e-15 4.354752235897259e-15 4.390335522565548e-15 2.306097981172336e-15 -2.386101506972439e-16 3.409552292724144e-17 1.217672479250572e-17 1.168264081290241e-15 2.477070134010839e-05 0.001240249435761308 0.01406923081595276 0.01774517458000426 0.03351566256698397 -1.117812814907553e-19 -2.510132689297769e-19 -1.524582785875601e-06 5.010528506753148e-19 -3.042592609041449e-18 -3.087940724306434e-05 5.266728313891302e-17 4.995331900867033e-17 -0.001378252863527092 2.020954308438454e-16 7.527637388787245e-17 -0.03129221313250482 2.001655525602934e-19 1.374299596111836e-18 8.556847920643135e-06 5.738451374513471e-19 -6.554565362026167e-21 9.104564843693778e-18 -2.539545267203671e-17 0.0002503599833025477 -2.06717251488918e-17 1.796776765688866e-20 3.338331481073916e-18 3.494463618204052e-17 0.008788335550335823 -5.018127572240753e-18 -2.429000359125989e-19 -1.365360732131328e-19 -1.694532256445297e-18 1.449878739689766e-18 -2.089004334252449e-05 -2.991594265514943e-18 6.712778971825892e-21 9.758967138490952e-21 5.746359965552589e-18 -6.796350483219952e-17 -3.265898740559975e-17 -0.001624434647638103 -1.504301928653766e-17 -1.357995549583894e-18 -5.98689321229674e-18 -5.526269025545239e-21 1.939206919420025e-19 9.874565354163712e-19 -4.304990744373888e-18 3.162648589185704e-05 2.417266359438127e-19 -3.614743875771079e-20 9.620212390264577e-20 -1.650499380383844e-20 
3.415951267579827e-15 5.632971634828498e-15 9.915564225847808e-16 3.765859967685334e-15 2.009514191631718e-15 2.63383821024265e-15 -1.456671371748922e-15 -3.12943365971582e-15 1.282739682154597e-14 -2.701649999586582e-15 7.205191551246847e-16 5.760206575422755e-15 -6.498494248270549e-15 -1.52003120659872e-15 3.230344470379369e-16 -3.917341116397496e-16 3.065699900401123e-17 1.916555849778546e-15 2.353118307769118e-16 5.110901909931591e-16 -3.860823875550594e-16 3.803922905830318e-14 3.597927297360837e-14 1.330032588673051e-14 1 1.209396745128705e-15 -1.265255302833854e-15 -9.505903298238757e-15 7.800971562098871e-15 0.7808021831657272 1.105552061437602e-15 -7.388099835141436e-16 2.340552253414037e-15 2.24916495303766e-15 0.3951267034584018 -5.593637803932979e-16 -1.324910771463706e-15 -9.805751557287538e-16 2.1355722951469e-16 0.1484071130820928 3.554158447248014e-16 4.430647976157725e-15 -3.27514437011733e-15 -3.875913684674234e-15 4.06627625305206e-15 -1.197387653083256e-14 4.296163794115917e-15 9.31285567512296e-16 6.530497763144275e-16 5.706745568747917e-15 -4.698745987812963e-15 1.27803679538051e-15 -5.916159887197559e-15 -1.44316531232872e-15 -2.57030242046253e-16 2.277471697481695e-16 1.652120868304171e-15 -2.411334686707165e-16 9.688162955282529e-16 7.469344735443143e-16 1.632561932812609e-16 2.781737516114614e-16 -2.38189899932653e-16 -5.713613708905801e-15 5.371290200477549e-15 2.346669846876593e-15 -2.782218986002412e-15 -1.043273371067668e-14 -1.442852168180295e-15 3.832891848961733e-16 -5.907892911309475e-16 -4.258537293839672e-16 -1.008234646703396e-15 6.741733753376162e-17 5.781271985590046e-16 9.707351797989104e-16 -2.515386314508732e-15 -1.047819515759515e-15 -1.204379207664223e-15 -9.956016034365228e-17 6.517589873721162e-16 1.538482882757026e-16 -2.500463825781957e-15 2.665287424357738e-15 -1.181024655801672e-16 -2.540897039472174e-15 -8.281270951092999e-15 5.501677846636323e-17 6.028562713900573e-16 -6.691311467381151e-17 3.201739343472722e-16 3.332845577102686e-19 2.467571336205942e-17 -1.194200652706125e-16 1.379413790507465e-16 1.842144461514402e-16 8.171345074900376e-08 1.50864516110044e-21 1.313526462023932e-20 1.961164924211268e-06 3.133318690049509e-19 5.664283697675362e-19 0.0001250300612521304 1.238861411291069e-18 3.931438679025227e-17 0.005344079141175223 5.495177118918922e-17 -5.232253160821695e-16 -1.303779059389719e-19 -1.00730581484398e-19 -3.597332834126592e-20 -8.701633721732219e-07 1.356148679842051e-21 -2.131498636100378e-19 2.592811448188863e-18 -2.8501810304783e-17 -3.178890908630121e-05 1.746774998993607e-20 1.581583416536385e-17 6.537423537229942e-17 -2.238654252941249e-16 -0.001704938963045934 1.608502983158636e-18 1.574978211450702e-20 2.2953944351624e-19 1.303482033133184e-19 -2.116162225127414e-19 3.201994938872675e-06 1.030697315083107e-20 1.475343378476358e-20 4.513405052468089e-19 1.641705927927773e-17 -5.105138661938386e-17 -5.993901058653201e-17 0.0003461035125022082 -1.832438891926593e-18 2.68288641784216e-19 -1.156831454744106e-20 -9.797345866481513e-20 -7.689548304057741e-21 8.576943580639008e-19 1.390942852193297e-18 -6.559568617926246e-06 9.723896263949711e-21 -1.967438662201837e-20 3.424302662219152e-22 
1.695473714195556e-16 3.595947087461838e-16 -1.556860110707187e-15 -1.796469612039546e-15 -4.112925260444387e-16 3.697977541884906e-16 -6.174286533463645e-15 -1.641183933546296e-14 1.391445983457661e-15 3.58938179594487e-18 -8.322336508085759e-16 3.65985197134047e-16 1.574490418613334e-15 1.662413542058236e-15 -1.984348028172356e-16 1.843417932328749e-15 -1.705568269457033e-15 -8.593606709075973e-17 8.435687810018336e-16 -9.027894368900351e-16 -7.725170405936043e-18 -2.298376754734256e-15 5.011916182071917e-15 -7.602239286221593e-16 1.209396745128705e-15 1 -3.97230797960073e-16 1.28634870293019e-15 -5.346743013612718e-16 1.074181766102108e-15 0.7808021831657426 -3.922604288552646e-17 1.292042883429196e-17 1.234038923751241e-15 -5.951943826222105e-16 0.3951267057277487 2.948235570312312e-16 2.123580568325986e-16 -3.204920350824086e-16 3.465487204255867e-16 0.1484073226450144 1.506601917875101e-14 5.03323706159256e-16 1.401277097828997e-15 -3.772705128801306e-16 2.071860538803473e-16 3.320452331872459e-14 -2.248762943012332e-15 3.799044412774507e-16 -5.888578343294048e-17 8.685001503425565e-16 -1.970917554977831e-16 -5.063429419073955e-16 4.54241979701994e-15 2.551669972022093e-15 -8.78529204963148e-16 4.123938835569537e-17 -1.244339090539337e-15 -1.790379657168339e-16 1.432407217881435e-15 -1.996472309955423e-15 5.192604384142563e-15 2.909275741270265e-16 -4.97772834558084e-15 -7.195325717150568e-16 6.87446116640132e-17 4.407281831154036e-16 4.946269310309393e-16 -7.102120540975364e-15 -2.349379948643636e-15 7.538457705291997e-16 6.956915070491291e-16 1.443032011225849e-15 -2.329325782851291e-16 -1.066630476069416e-16 -2.197677816488098e-16 5.07310664758931e-16 -4.336808699862869e-18 1.727458687038988e-15 2.250803718390652e-16 4.978005854750179e-15 -3.98728716170268e-15 -1.845799988548061e-15 3.88720293979524e-16 -5.07487931886196e-16 -5.423697677406496e-16 3.742819821188693e-16 1.979473315213832e-16 2.672435217762226e-15 2.347993329239204e-16 1.352263615745417e-15 2.19361643776388e-21 3.654680401655491e-19 3.58294934683184e-19 -2.610979059911688e-19 -1.691626461827104e-16 1.168170945317024e-23 1.07017596154337e-22 4.664454450367717e-23 1.777907793885742e-22 2.205602484270775e-22 -1.301017679121327e-21 -7.742876400131032e-20 2.249772292371176e-20 4.570353280817846e-19 1.683273001856714e-17 -8.290123213015435e-18 -2.590120873585498e-18 -1.121190318569415e-22 3.805099985069164e-22 -4.466136893573556e-22 -5.327525549063813e-22 2.762350411670394e-08 4.228487932033556e-22 1.197172631999854e-19 -2.082822110940495e-20 -8.765442985423867e-20 1.240440809003723e-06 1.915191979258883e-19 -9.142827310549934e-19 1.030271650908539e-18 -1.613528377689578e-18 9.762646972435391e-05 -1.191478028325751e-20 2.500101192203721e-22 -8.052962444815615e-21 -7.284860482862601e-22 -5.835753975663599e-22 -1.707776401676453e-07 -4.822581626837842e-21 1.424435282842014e-19 -3.3132962684213e-20 -3.895103970695788e-19 7.200761468343673e-19 5.24182814326259e-19 -2.50256455453373e-05 -9.798083744616505e-20 1.335537917361211e-20 2.280281488405604e-20 2.325693609806876e-21 3.379023687091296e-21 -1.488138435421248e-21 6.853146347010726e-23 4.916586415732506e-07 8.787155351116193e-21 -2.839472726070592e-22 
6.944799610419721e-15 -2.210515845920252e-14 -4.33824119520159e-14 -1.85582699764864e-14 -3.011614576406383e-14 -4.378328972615282e-14 6.225423822283709e-14 5.734568229349638e-14 -2.850965855539953e-14 4.67429949720928e-14 4.109435543453403e-14 -3.677871752639153e-15 1.735423995278131e-14 3.377679431433523e-14 -1.296774925153071e-14 2.00084159124443e-14 1.480391732706052e-14 -3.502215420150767e-15 4.158697128607759e-15 2.715578482717437e-15 -1.063551646681688e-15 0.7808021831657559 7.213367518927679e-16 5.792817496638092e-16 -1.265255302833854e-15 -3.97230797960073e-16 1 6.650831551073287e-15 8.63263602007206e-15 -1.470477995553694e-15 -9.257832944264498e-16 0.7807158435886478 3.768917148929196e-14 5.61240308921343e-15 2.667458542327665e-14 5.749212452309497e-15 0.3955191268769178 1.197720014998298e-14 8.789014299869671e-15 1.581135161014379e-14 3.255923028906889e-15 1.429171671551197e-14 -2.906409244133916e-14 3.568993652046832e-15 -3.447852693996477e-15 -2.237196972815283e-14 4.777028653289055e-16 -1.342198921450184e-14 2.516370900969029e-14 -6.675000450406389e-14 -5.550268090645056e-15 3.683713762385314e-14 1.976717401041721e-15 -1.582311755621664e-15 -2.340662386372775e-14 1.234249236236541e-15 1.297382647106343e-13 -3.892245946083569e-15 1.598743574056219e-14 -3.122502902111283e-17 6.903115906201207e-16 -1.877665084935583e-14 -4.230990557907367e-15 6.304046098071921e-15 -4.77265796328122e-15 2.884321674188117e-15 -8.83128748081824e-15 -1.359746225392107e-15 -1.363089464434897e-15 -5.550742428629083e-15 1.789328132547895e-14 -4.461708787417934e-15 1.638463942191879e-14 2.068440905536691e-13 -1.395047003808683e-14 -2.948016197379835e-14 -1.641978792457062e-14 3.18642953464253e-15 -1.319414413477025e-14 1.434029495501825e-14 8.448297298551964e-15 1.994843905946843e-15 1.338108768754472e-15 1.074283416673187e-15 7.529248763089449e-15 -4.606690751112864e-15 1.057498272977234e-14 -3.500088368820618e-16 3.807718029769144e-16 6.797935763022972e-15 -7.901665433074321e-16 6.266286544557054e-18 -4.010304000157069e-18 1.440129114630401e-16 4.321915104489956e-16 -3.090802195160317e-15 -2.5881508761983e-18 -1.463241077817349e-18 8.620664327610367e-20 -2.078688396246133e-17 -1.791175015994218e-17 -1.845295854055215e-17 5.507785417408743e-18 1.474588316938537e-18 -1.161451573728453e-17 6.031552210808771e-17 7.494108739350472e-17 3.553039344667529e-16 2.884738829040236e-05 6.38492550111063e-18 -6.599611199749327e-19 8.586807491115534e-18 -1.357548934946208e-19 0.0002189537847933736 3.761790175348393e-17 -4.883557849641246e-17 2.779117950930122e-17 1.431691825977607e-19 0.002107194229197658 -1.580376750015742e-17 -1.002587585208676e-16 2.143213055724249e-17 2.284071247069596e-18 -5.500405403991096e-18 -7.014307898444956e-05 -8.101741567526863e-19 4.08716624513054e-18 9.102855012504954e-18 -1.312306271545819e-19 6.392250191273926e-18 -1.176938414797341e-17 -0.001201860188455879 -1.601370629272022e-16 -4.943551505947385e-17 -1.353879836448886e-16 8.132386157864372e-19 8.445139754943251e-18 -7.392598052138567e-19 4.119560604332412e-18 9.443453305954109e-05 -3.100957639793482e-18 3.655127411124241e-18 -1.085206810807436e-18 -1.314974645323211e-19 -2.606124608268864e-18 -8.16921813943455e-18 
1.053409791604569e-14 -6.159033250173998e-15 9.333313751013148e-14 1.341131596217385e-14 2.441056649731936e-14 1.318613734970978e-14 -2.849320239929307e-14 -2.764382147670859e-14 1.421063787477485e-14 -3.625721417965867e-15 7.103060541638871e-13 9.048145372882438e-14 -1.305395244748797e-14 3.655820364103177e-12 6.439904484684899e-14 -3.556745730057335e-15 5.197727703785063e-12 3.0766217201347e-14 -1.069599206739843e-15 7.028776099558767e-12 1.366376886615162e-14 5.181742054278393e-16 0.7808021831657433 4.446229422673811e-15 -9.505903298238757e-15 1.28634870293019e-15 6.650831551073287e-15 1 -4.304997785272665e-15 1.111127655812783e-15 -1.135559474143396e-15 3.770302216423613e-14 0.7807158437504155 1.903155994546076e-15 -6.802560909683618e-14 -1.676181991260563e-14 1.198510798999533e-14 0.3955193528718743 -9.699820598106691e-16 -2.817536859578299e-14 -4.825960869821729e-15 -2.692084158676796e-15 4.665579446221018e-15 -1.424768709588008e-14 3.845881946240563e-15 8.299370271699648e-15 -2.060851489460353e-15 1.520566441856561e-15 -4.466018484300476e-15 1.098422568184608e-13 1.255426155933453e-13 -5.547038524224157e-14 1.531336635316169e-14 -1.781040592832578e-14 1.933823652622542e-14 -3.022918922396343e-15 3.934613160024593e-14 3.806486945978083e-12 -2.406929928796417e-14 5.151723212584636e-16 -4.760081682830877e-15 9.065124689148008e-15 6.618444399301533e-16 1.895185397504563e-16 2.650528722284457e-15 -2.969846590872231e-15 -1.587753095232826e-15 3.089620437745775e-15 1.811200386718436e-15 8.454669527413866e-15 3.455284561075307e-16 -4.923633123751126e-15 1.849822379563448e-13 -2.708616210065814e-14 -2.825049227827227e-13 2.966377161278163e-14 1.366634130570654e-14 6.845002011427876e-15 2.849890463980695e-14 -2.814778585545408e-15 -3.565161674993161e-16 -1.227601462323823e-15 6.527168128905608e-16 6.569363922206121e-15 -2.742137029595987e-15 5.460042140636962e-15 -1.545506479955552e-15 -1.93074722876213e-15 -1.226849297066659e-14 5.282232984349196e-16 -2.294090481816261e-15 -1.851639350298864e-16 1.031010091584814e-16 -4.566659524948789e-16 -1.688238307831521e-16 -3.081194194434205e-15 2.480560831531249e-18 0.0001530760506827687 2.437655042629525e-17 1.066458239137262e-16 0.0007532293631218375 1.714834727111236e-16 7.711765590000678e-17 0.005020072385864705 -1.773980574494499e-16 9.169788952422102e-17 0.03443819405489776 8.275511894674501e-16 -1.557020572730986e-16 -0.0004479624532429968 4.891183497611599e-17 -4.800145350166503e-17 2.204552742278334e-17 -1.40059158066495e-16 -0.003035021305888505 -4.921661363051092e-16 3.318473368191352e-16 1.835601121774066e-17 5.032624749415407e-19 -0.02301071046507349 -2.624637466186274e-17 2.380358130900377e-16 -5.222847504417672e-17 -6.779488473045786e-18 1.374019559043865e-16 0.0006345859883531382 -4.401306886164548e-17 7.92259769693828e-17 7.147087706402663e-18 -1.044913159822641e-16 -3.540035236707941e-19 5.41236889828032e-16 0.009091388783809969 -3.769768372930757e-16 -6.947553571466619e-16 -3.967039434670715e-17 7.2103225046522e-17 -2.507233353678953e-18 1.231736494544673e-17 7.238402281753317e-17 -0.0005881981500598598 1.005130451077134e-16 4.983574967292958e-17 -2.764778763071361e-17 9.279486541211024e-17 6.045505010546143e-18 
3.494336809517522e-11 -3.065879798300415e-15 -4.351232918793216e-13 -7.496113934527372e-12 -1.449930414848014e-11 -2.055709786751332e-11 -9.020880559470625e-15 -1.54511820005306e-14 6.230752495968046e-14 4.157339664830208e-16 -1.24570502271098e-14 1.816498448649966e-11 -2.020604815073903e-15 -1.130003189248446e-14 7.564955098064729e-11 -1.819911600216279e-16 -3.132928657696691e-15 1.080785485949052e-10 -1.072421609613709e-15 -2.535378393350744e-15 1.368706291357202e-10 4.488614406242058e-16 4.490202477213181e-15 0.7808021831657862 7.800971562098871e-15 -5.346743013612718e-16 8.63263602007206e-15 -4.304997785272665e-15 1 -2.645306764164718e-15 -2.336672522140749e-15 5.69774330804039e-15 1.902338592969046e-15 0.7807158498081997 -4.513652233948581e-16 -3.42954833571401e-15 8.758139645910194e-15 -9.776757574111645e-16 0.3955210449161878 1.22885699488487e-15 -1.909936234069433e-15 -5.129577318463389e-15 -4.334395916591798e-15 -9.001480116843652e-15 -9.88876745788345e-15 8.126442725105922e-15 4.518611606575845e-16 3.985123574857319e-15 -3.776493007584233e-15 -1.787995072103352e-15 5.504971479127361e-14 1.030051552914464e-12 4.83902604442377e-14 -1.028594459525537e-17 1.914440150655655e-15 -5.6586691676457e-15 1.327161751368913e-15 9.75782156909748e-15 3.737995480705952e-11 9.220531518949049e-15 -1.979397606379192e-16 5.211754161977035e-15 -2.858314586333641e-15 -8.074701029308377e-16 -5.58835572074508e-15 2.331754225332532e-15 2.596013681799364e-15 9.710817694126419e-16 -2.432515994188443e-15 -2.095305401622937e-17 -3.781697177629293e-16 -5.78320216001307e-17 -3.565734271107761e-15 -1.957130103605528e-14 1.773809645371366e-14 -3.82181094565143e-12 2.665912878671059e-14 9.662409783293732e-16 9.292358011994822e-16 2.022534924790814e-12 2.187486303206689e-15 -1.811291019243834e-16 2.796374243274571e-15 -9.937660317181146e-15 -1.565674673242881e-14 1.574780955052234e-14 -6.112733436660149e-15 7.068015606386632e-16 -8.184222918784059e-17 -1.437390347535061e-15 1.569463112802705e-15 0.0050453282215162 0.02370109197067669 0.06348571419971211 0.08250003005168292 0.1069335445689218 -2.779967178931291e-16 -6.070788646594775e-16 -0.001324407966713515 -1.390874913541853e-15 -1.736086354171561e-15 -0.005936385678912289 5.113183795974521e-16 5.051833537601875e-16 -0.03177511316406285 -6.622687240274529e-16 -5.112275823482894e-16 -0.1376158644510933 5.579928358355256e-16 1.056105936056971e-15 0.002020116623143872 6.185439620481078e-16 -3.128086328626645e-18 6.992906940354554e-16 -1.294126489110239e-15 0.01199993799443283 -1.014016009117651e-15 1.600552805081694e-17 4.877793245932005e-16 -4.140540568151636e-17 0.0684190565683547 9.415376138321712e-16 2.27978917753513e-18 -1.723610693048554e-16 -4.374576706090766e-16 7.144570694097171e-16 -0.001850896278819791 3.541930194096995e-16 1.108783456581114e-17 -2.039701599113514e-17 1.90309691684344e-16 -1.995951601637492e-15 3.918457780572024e-15 -0.02152294859408431 4.00577232857503e-15 -3.808416881583765e-17 -2.111586208383848e-16 5.634642781590762e-18 1.826704006547016e-16 5.400959086361634e-16 -6.756541329740746e-16 0.001228536986392937 3.786805040607965e-17 -2.641578599106482e-17 -1.583540410714066e-16 2.470232554032227e-17 
8.504600095757459e-15 6.727772662340096e-16 9.093095206998027e-14 3.206019817670283e-14 2.722026582534755e-14 1.164002332078188e-14 -1.949197554529782e-14 -2.835305571597203e-14 1.824999569869757e-14 7.295419028064671e-13 -3.654059754401506e-15 6.656439787966369e-14 3.653066202236413e-12 -1.301493457274413e-14 4.68288914342715e-14 5.206008196533322e-12 -3.531646305076166e-15 2.832805379489099e-14 7.027322470596294e-12 -1.064394872028896e-15 1.403975588823594e-14 -1.333974027053291e-15 -9.468555914911208e-15 7.800308614681672e-15 0.7808021831657272 1.074181766102108e-15 -1.470477995553694e-15 1.111127655812783e-15 -2.645306764164718e-15 1 5.759885027701291e-15 2.68025212742165e-14 -6.802709987482503e-14 -2.918621452436709e-16 0.7807158437504046 -6.596489350909369e-15 1.580926903689673e-14 -2.814693534929673e-14 1.224471207868539e-15 0.3955193528718777 -3.903789966161585e-15 2.427803102869887e-15 8.796674326461013e-16 8.360249070717648e-15 1.292470633556387e-15 1.404947926864025e-15 4.490368987015446e-15 1.436255323385715e-15 -9.082229462691523e-15 1.031952301393578e-13 1.532308351513346e-14 -5.767141729684359e-14 1.246465682374898e-13 -1.412607010568793e-14 2.511622095452923e-15 -1.186421680226745e-14 3.906554007030572e-14 5.032596474261914e-16 -2.692866699121411e-14 3.807886739363498e-12 -5.986992086059175e-15 1.995298334862033e-15 -3.893092174588487e-15 -5.482557970440636e-15 2.460114021675807e-15 3.016819649995168e-15 -4.322617499943743e-15 5.893723009631083e-16 5.406357192439826e-16 -3.467061707174027e-15 5.327938882182894e-16 6.48895001280496e-17 -3.413334070279888e-14 -2.80151471800154e-14 1.364930577903819e-14 1.688128542239651e-14 -2.804815846844962e-13 1.999675386452197e-15 -1.93264675196675e-13 -1.246705448019386e-15 1.635984210040578e-15 -2.766233422879416e-15 7.980049862012971e-15 -5.663655308629649e-15 -1.607990406408598e-15 -1.265339321222882e-15 1.083133216906063e-15 -1.856047393143777e-15 -3.782625525739489e-15 -1.424680618161479e-15 1.872444256936674e-15 -1.605958039664651e-16 1.130584921195441e-16 5.967798919141849e-16 2.877378664233446e-16 -1.223193518923543e-15 0.0001530760506827998 2.470429523388696e-18 1.486818207689135e-17 0.0007532293631218047 1.066323772656725e-16 1.117614486904901e-16 0.005020072385864762 7.690292618486398e-17 -1.333049262703824e-16 0.03443819405489823 9.094909358048839e-17 -5.539652997182919e-16 -2.24639527792677e-16 -4.800129468298697e-17 1.099583447430157e-17 -0.0004479624532430009 6.796579619929615e-18 -1.647519932341549e-16 3.319284402272861e-16 -4.279111315159798e-16 -0.00303502130588856 -3.647429519877282e-18 1.184063386499826e-16 2.373848745401702e-16 3.043698082255818e-16 -0.02301071046507298 7.059734817080096e-17 3.181274745428349e-17 2.765992191781339e-16 7.911766263124676e-17 -8.41432771668113e-17 0.0006345859883531267 -2.312832691992677e-17 1.915102792026727e-17 -3.816350008452608e-17 4.949317195831751e-16 -6.955956130887922e-16 -5.273207287884558e-16 0.009091388783809844 2.028452347862556e-17 1.367248240696521e-17 -5.104539422695916e-18 -3.495371041048094e-17 2.413533137187873e-16 4.988318351801984e-17 9.921980381467364e-17 -0.0005881981500598359 -2.348291828133856e-17 -2.272440217993305e-17 -1.585034796362614e-18 
5.773353667665439e-16 -3.596163080863068e-16 -7.280634433942666e-15 -6.059391875292389e-15 -1.948096509283199e-15 5.204219658739563e-17 5.651151408264257e-15 -1.535403748587568e-14 5.507475985686146e-15 -1.38012848402341e-14 -9.776902253166681e-15 1.465570480141726e-16 -1.442783158409376e-14 -2.983735777567245e-15 7.736652304585194e-16 -7.551457452389303e-15 -4.083562602556988e-15 2.467952309121906e-16 -2.868116990977042e-15 -1.188323092333382e-15 -1.491615090586579e-16 -1.570265875043669e-16 1.314213466386722e-15 -4.542807102714835e-16 1.105552061437602e-15 0.7808021831657426 -9.257832944264498e-16 -1.135559474143396e-15 -2.336672522140749e-15 5.759885027701291e-15 1 5.716225566967188e-15 -1.662092774385832e-14 -3.413935831231385e-15 -6.630736549187239e-15 0.7807158482303699 3.265674400121748e-15 -4.791313741540924e-15 -1.903002773939762e-15 -3.874727789988912e-15 0.3955199112988932 1.001022181812398e-14 4.903236562429891e-16 4.544975507059178e-16 1.345088320239837e-17 -2.450786071344253e-15 -7.658248492823941e-15 1.463253482139922e-14 6.217248938530878e-15 -1.576091145621902e-15 9.112502420071743e-15 -1.800426128040658e-15 8.374038767802652e-16 -6.933687023157655e-14 1.707122399343735e-14 1.700029363670361e-16 6.936454639394334e-16 2.392184167784046e-15 1.711413915587922e-15 -6.294242145556379e-15 1.101672029652511e-13 1.836218737678038e-14 -1.268504344533528e-14 2.70061208638972e-15 -1.420094781785042e-15 2.838698785582987e-15 2.583003255729505e-15 1.542383469479021e-15 4.125172425872738e-15 -1.544127510317395e-15 -5.632647126496404e-15 -3.63547354700283e-14 1.563961634618267e-15 3.240910687882032e-15 6.835379714784054e-15 5.830405636874862e-15 8.068395414105029e-15 2.645684025138947e-12 1.333481936672237e-14 6.421946331777611e-15 1.141448047192691e-14 -2.2175322559117e-15 -1.367655988460077e-14 -3.526299803373276e-16 -5.04370850640255e-15 1.644993887742376e-15 9.361950234140806e-16 3.252936436789409e-15 -9.38494887272436e-15 -2.930069923669163e-15 -1.081119650183807e-14 -1.318593195711853e-21 1.912441576222814e-19 4.336808665668413e-19 -4.676299495201675e-17 -5.178149643765763e-16 -7.241445935385771e-20 3.511751529648722e-19 1.326465735220826e-20 1.848867987574211e-18 -1.16239806895395e-18 1.569275071134776e-19 9.061281642105134e-18 -3.174143473273192e-18 1.096166512866093e-18 9.795759845525671e-17 5.782863337494591e-17 4.403216073006796e-17 -1.347702076579698e-19 7.045388497578158e-19 3.987478212418896e-20 -1.03116602199475e-18 2.884738829040089e-05 1.729284440489935e-19 -3.912774976403752e-18 -3.585653988997665e-19 -3.986756305542324e-19 0.0002189537847932807 2.229260306650307e-18 6.041716606175807e-17 -3.946326501258456e-18 1.486489252146936e-17 0.002107194229197779 -1.867612233093054e-17 -1.396775508350884e-19 -1.365252295683687e-18 -4.564026795597929e-19 -9.515734612722261e-19 -7.014307898444466e-05 -1.468717387561713e-17 4.882967924272079e-18 9.605707077197103e-19 -5.636472800437726e-18 2.343803030780577e-18 2.214883809869079e-17 -0.001201860188455576 7.588683558072089e-18 3.264239549128033e-17 1.771926840463522e-17 -1.301794952090129e-19 -6.286709561370011e-19 5.674609907954057e-19 1.009527249589588e-18 9.443453305951604e-05 9.018213967752618e-18 -5.283641919309678e-19 
-1.633504819395855e-15 1.529325293398138e-15 -8.999528568102631e-15 -1.34618940296233e-14 -2.006816962539918e-14 -2.919567231361573e-15 2.159557257321767e-14 3.550214596209441e-14 -7.22550275515865e-15 -1.257327672092334e-14 -7.189995680056122e-15 2.158429972016268e-15 3.233536915544053e-15 2.60686566514691e-15 -3.084360928740112e-15 1.623710535119096e-15 1.066861088780184e-15 5.191238074659389e-15 -7.008504084153785e-16 -1.537447214005272e-15 -1.256393653377839e-15 0.3951267033763955 2.86179134169826e-16 -3.49019926251942e-16 -7.388099835141436e-16 -3.922604288552646e-17 0.7807158435886478 3.770302216423613e-14 5.69774330804039e-15 2.68025212742165e-14 5.716225566967188e-15 1 -3.424777829747212e-15 9.537509765328796e-15 -1.484706458166342e-15 2.557632945034229e-15 0.7812410456264686 -2.195295997738288e-15 1.518325596620891e-15 -2.853624588130773e-16 6.175633968962961e-16 2.669616442912537e-14 -7.431876573127811e-14 -1.176611435283783e-14 2.975987243789682e-14 -3.487661551806529e-15 1.605418815925142e-15 -3.014602459452541e-14 -1.088599291078853e-14 1.256242550435866e-11 -2.14742503517969e-15 2.255357361889181e-15 3.348016312137364e-16 1.034328873573631e-16 -3.601285939957264e-15 1.720195529970801e-15 9.945700136497474e-10 -1.652487084316361e-15 6.275798744706505e-15 -1.769418312898534e-16 -5.100087522225231e-16 2.595146867854596e-15 -5.09314813036732e-15 2.497061262424088e-14 1.229355160520483e-13 -3.025729084258405e-14 -2.727356646103427e-14 -3.106059656174207e-14 -4.926343625970114e-16 -2.929275748395832e-14 2.059037824494513e-14 -1.401656572201274e-15 2.264139400149255e-15 7.865680409548207e-10 2.86663055238505e-16 2.386979519207896e-15 1.856587805561338e-15 1.42876162754419e-15 -2.029192789024255e-15 -3.328500685022256e-15 7.682250025807746e-16 -4.006940182817949e-15 -1.283427033419793e-14 8.915646549930308e-14 1.755925051148988e-14 -1.69990059789781e-14 2.431041481572614e-14 -1.133577418137354e-15 2.367377129942945e-14 1.884717935562172e-14 -8.368306056162202e-15 1.112775230710134e-16 1.90467214714995e-16 6.199749631990657e-15 -2.778537002627943e-16 9.643571884314994e-15 -7.559973090827067e-17 -4.442717141386638e-17 -2.854462647519497e-18 -3.042213343185913e-16 -2.979941678586013e-16 -1.287936784814945e-16 -7.6588838278446e-17 1.076860263161393e-17 1.553644478121593e-16 3.520133406903804e-16 -1.119138047471646e-16 -7.428336017756632e-16 0.0006109574603872765 1.120249915304112e-16 -3.067842661442066e-17 1.473420082340356e-16 -6.240464182059265e-19 0.002989464095586288 2.71420054045176e-16 -1.210958963865927e-16 2.038069763060435e-16 1.181273414554312e-18 0.01447496534408485 6.908705126918179e-17 -9.942398711772618e-18 1.842241604908877e-16 -1.840118480016669e-18 -1.958571271288837e-16 -0.0006859396042614582 -3.558566827303459e-17 8.555981811523857e-17 -2.260497474248713e-17 -4.042133090900846e-19 2.150361710157224e-16 -2.234928522919375e-17 -0.006950077409296527 -1.705685783563252e-16 2.692450175604348e-18 -2.2330977457819e-16 1.731691903900706e-18 4.117605831578468e-17 -1.016775385893553e-18 5.445236244309864e-17 0.0004446339869348455 -5.776142615882754e-17 -7.791172765072347e-18 -3.816026551241351e-17 2.502163317981888e-19 -4.61226081365569e-17 -1.731655191481292e-16 
5.150160125060714e-16 -7.37717205285086e-16 -3.836774655255055e-15 6.202506634825673e-15 2.870970371001207e-15 4.904977034098525e-15 -7.016712523045879e-15 4.843138157472597e-12 6.847907665604646e-14 2.038733922369124e-15 3.805017933821205e-09 3.781697681311516e-16 -3.062666000846369e-15 2.662194722800123e-08 5.846060929140069e-15 5.121366910576973e-15 3.630354427587153e-08 -5.578954603698878e-15 -1.223886047622897e-15 5.904203616172293e-08 -6.869615282580108e-16 3.231480460740186e-16 0.3951267034584099 -1.678633760192595e-15 2.340552253414037e-15 1.292042883429196e-17 3.768917148929196e-14 0.7807158437504155 1.902338592969046e-15 -6.802709987482503e-14 -1.662092774385832e-14 -3.424777829747212e-15 1 6.163689412871189e-16 -2.094093132967003e-14 -1.654058847712543e-15 -2.12850782351456e-15 0.7812414755764565 -2.587138345764472e-15 -5.568904763494063e-15 -2.306321731303364e-15 -6.236601953973482e-15 1.191187991652974e-13 1.526025943680863e-13 -5.581906471352577e-14 2.509289708209539e-14 -1.505046089517613e-14 1.715571046606218e-14 -3.848917717214956e-15 4.304889783037508e-14 2.859266021979897e-10 -4.706998686295524e-14 -1.135322306341363e-15 -9.395262357127405e-15 1.292585831679902e-15 5.349758226008829e-14 2.891784117202113e-15 1.698691697600597e-08 -2.838008913957664e-15 3.042705609282385e-15 7.327472686513474e-15 3.24653567125514e-15 -1.974169528078956e-15 1.038839154803615e-13 -3.562089321252892e-14 -1.553288749440985e-13 3.517200640754241e-14 1.015755135271718e-14 2.144812108206075e-14 6.087307314647589e-14 -4.318295942896955e-15 1.448494106473916e-16 7.749054883064559e-10 1.476249680402807e-15 -9.104380125402844e-10 4.190224585641783e-15 2.815673050714372e-15 5.62050408159509e-16 1.870205382603977e-14 2.004472986236507e-15 4.12736794009901e-15 -1.368328195407312e-14 4.958056540574639e-15 1.285999303343359e-16 1.279559576112145e-12 1.069630496538261e-14 -1.657848122875621e-14 1.41900380500856e-15 -3.253538935129852e-14 -7.761152840596903e-15 -1.656281450734465e-15 -3.064322433371326e-15 7.984996543764768e-16 -2.44032223902563e-14 -1.660130368451414e-15 -4.748285166328992e-14 1.179573951343765e-16 0.003676284321833681 3.517157862992712e-16 2.055623455108562e-15 0.01260926969324207 2.161909340747365e-15 -8.32816288111355e-16 0.04337540682189973 -9.388439082969103e-17 -1.829636907988274e-15 0.1360047549736937 -4.00721123419299e-16 -2.568698076138024e-15 -0.004309895732575088 2.67683776808091e-16 -3.400426339869621e-16 3.046335078566513e-16 -2.152851288727321e-15 -0.0198406169253392 -1.044770046669034e-15 1.653677895913465e-15 -1.189486292997689e-16 4.171449864066427e-16 -0.08362839500522731 -6.867065518012427e-17 7.614862952220941e-17 2.135471706479389e-16 -2.845295316533445e-16 1.999574631499362e-15 0.002603280345859886 -1.151719562693351e-15 2.198569096320506e-16 1.376292189298175e-16 -1.861781093523932e-15 -2.841372024888838e-18 3.178492216482223e-15 0.02369978437382036 -2.466669530178348e-16 -2.050322265815039e-15 3.066421267699837e-16 6.810035544409178e-16 5.902439348107571e-17 1.077510359573618e-16 1.263617369273732e-16 -0.001043528302055614 8.738460423805648e-16 1.718766457190428e-16 -1.036933583078645e-16 1.593477569669227e-15 2.289960003767665e-16 
-3.168611863772577e-11 -4.232359400973478e-15 -8.889954691673927e-10 -2.868448801564861e-08 -4.330064352835168e-08 -1.183405053110877e-07 1.387148600665577e-15 -1.643823980526402e-14 1.054269321585895e-10 1.150663863335517e-15 -1.859623724105408e-15 5.420370133160216e-08 3.321032391694177e-15 -2.199637790561577e-15 2.918848268682211e-07 1.024360126745613e-15 -2.109435925694623e-15 4.099226929808372e-07 -5.831023401168942e-16 -8.118762221635008e-16 5.847896156064633e-07 -4.320897016118878e-16 -1.666952149844792e-15 0.395126706527432 2.24916495303766e-15 1.234038923751241e-15 5.61240308921343e-15 1.903155994546076e-15 0.7807158498081997 -2.918621452436709e-16 -3.413935831231385e-15 9.537509765328796e-15 6.163689412871189e-16 0.9999999999999998 3.601285972522951e-15 6.522560373051738e-16 1.513981432274605e-15 -2.629628089379216e-15 0.781244485835763 -1.836532951512932e-15 -3.053122435969607e-15 -8.980663515388646e-15 -2.502077750308925e-15 4.574812791729395e-14 1.277481926020801e-12 4.604628521145795e-14 -4.413189925399574e-16 3.022443975775405e-15 -2.359223948651035e-16 1.624297499231997e-15 4.919675822248874e-15 2.296504785504938e-09 6.872351057563956e-15 -1.54010919981987e-16 -3.606761189696662e-15 -1.769418333102198e-15 1.4404710587718e-15 -2.969847231215039e-15 1.014895078462164e-07 6.37077333915726e-16 -9.213551043684965e-16 2.160815403108257e-15 1.133360586740716e-15 -5.646956951572147e-15 -1.222424238467973e-14 1.774922320262589e-14 -2.429341471937606e-12 3.207123926168418e-14 -4.336808728698363e-17 5.474882206799765e-16 1.277374051291733e-12 -4.703269073869008e-15 1.356445350819393e-15 -1.247710713792422e-14 2.628865036231968e-15 -7.980598567465835e-09 4.121540393444158e-15 5.82173205072207e-15 -1.695963264342768e-15 5.489945047119773e-09 6.887719622918633e-15 -1.157609446171449e-15 2.11289321262184e-15 -1.794758476811832e-14 -1.385176707946289e-14 9.47053154004662e-12 -6.238773794910148e-15 6.846194679341509e-16 1.426013860764226e-15 -4.705173196355833e-15 2.75833740639533e-15 0.07163409359504246 0.1551026357554256 0.2292592397219083 0.269841208074427 0.2749270304578034 -5.01973449475622e-15 -9.869763878914871e-15 -0.01307741519705826 -2.193731698584858e-14 -2.56674216391673e-14 -0.04251508551560317 -1.021742947635906e-15 1.395109863407958e-15 -0.12777852656953 -6.627151957224279e-16 -2.124223125425635e-15 -0.289747245029611 8.939945866721959e-15 9.056549956044214e-15 0.007261212269531755 6.236756793462549e-15 -3.166842502546629e-16 1.85508917736746e-14 -1.700681035814776e-15 0.03066597104293609 1.808935295989722e-15 -1.143565175732826e-16 2.21572245829931e-16 -3.036342092498383e-15 0.1053007068308263 1.191732406984628e-15 1.473634053484565e-16 -4.167168539428096e-15 -8.715287648777675e-15 3.687508266127753e-15 -0.002557106333562647 2.231659466512306e-15 8.063035736132779e-17 3.640970590067405e-15 1.145235141734956e-15 -4.479322112457289e-15 2.036442209818679e-14 -0.01998234055624771 1.956999860727413e-14 -1.812177773056378e-16 -6.957706245279099e-16 2.08192949875023e-16 1.619620377424559e-15 3.351262664772474e-15 -2.041036496158717e-15 0.0006822921472740447 9.972692315068057e-16 -3.719056227940362e-16 -2.32690798512831e-15 6.229630952048553e-16 
-1.677063528074803e-16 -7.14607367130103e-16 -4.531151937937921e-15 4.232293542809667e-15 -1.181347929094759e-15 -2.046993068164905e-15 4.850565891039741e-12 -7.157956961231648e-15 5.85234173006041e-14 3.80501649725324e-09 1.945709368795797e-15 5.417758977498187e-15 2.662196552159752e-08 -3.008455685056834e-15 -4.829071843173204e-16 3.630353818912522e-08 5.136545828509971e-15 3.022801118453145e-16 5.90420351646592e-08 -1.234728411616724e-15 4.996083841876451e-16 -7.24996490938101e-16 2.325429485974808e-15 2.207665572046808e-15 0.3951267034584018 -5.951943826222105e-16 2.667458542327665e-14 -6.802560909683618e-14 -4.513652233948581e-16 0.7807158437504046 -6.630736549187239e-15 -1.484706458166342e-15 -2.094093132967003e-14 3.601285972522951e-15 1 -2.792145877368981e-15 -2.493667478648888e-16 -5.561965858719048e-15 -1.824831342618469e-15 0.7812414755764654 1.345065221819744e-15 -1.404901722859823e-14 1.29131080979259e-13 2.515535390356717e-14 -5.825419634830343e-14 1.395006294323281e-13 -1.491650771660892e-14 2.342893134845422e-15 3.066882689207314e-15 5.729791647877545e-14 -1.128654462972222e-15 -3.772687462850045e-14 2.859288344076353e-10 -3.104829765060215e-15 -2.324529460763056e-15 1.528047759709868e-15 -3.608224933281587e-16 2.998578571690532e-15 -4.39318922652677e-16 1.698691801944238e-08 -4.033232480147694e-17 -5.344640790673429e-14 -7.105264735584513e-15 -1.92199500897254e-14 -3.10051870608442e-14 1.022742818281561e-14 3.117772428427147e-14 -1.504018265856933e-13 5.493516889137151e-15 -1.175001937400986e-13 -1.125370092620523e-15 1.768875849335478e-15 -1.726922644257565e-14 -1.565804779992463e-14 2.856655892961962e-15 -2.532262611836309e-15 -9.104348345268714e-10 7.064661380338285e-16 -7.749043746139848e-10 -2.385244791064649e-16 1.157283498901671e-14 -3.196228008225253e-15 1.924317912129833e-14 -4.392753527179649e-15 -1.663491395189999e-14 2.660554207359876e-15 1.281209569190283e-12 2.827456967613787e-15 -5.063251256483079e-15 -3.266629998751585e-15 1.534430678931752e-15 -3.487706300864548e-15 1.242527719555013e-16 2.467251787991869e-14 -2.315313742050679e-16 5.014399882864726e-14 0.003676284321833638 1.180692034835447e-16 1.526020570894224e-16 0.01260926969324149 2.055867400597644e-15 1.909959850869572e-15 0.04337540682189874 -8.318949735168397e-16 2.020345386978724e-17 0.1360047549736949 -1.844177710852541e-15 -5.094259438652617e-16 -3.733551443534753e-15 -3.404153284843634e-16 1.825671647290214e-16 -0.004309895732575945 1.454457024443111e-16 -1.247518676276676e-15 1.651916113730154e-15 -3.656808181720322e-16 -0.01984061692533889 -3.594884723444443e-16 -6.82615382661099e-16 7.289364072078306e-17 -6.082326019759274e-16 -0.08362839500522537 -2.092946417312754e-16 7.286629978000693e-16 2.450084470160712e-15 2.191792832637602e-16 -9.351772316306203e-16 0.002603280345859464 -4.393287695456078e-16 3.591038391373284e-16 6.049593715785929e-17 2.740227787452167e-15 -2.048369800792425e-15 -7.036088064766124e-16 0.02369978437382076 -1.133362996201058e-16 1.222636474254855e-16 -2.489201161783311e-16 3.566663932186957e-16 1.044126425389713e-15 1.707009641936728e-16 6.860614843516522e-16 -0.001043528302055374 6.636199626347528e-18 -9.474577938298321e-17 2.046248677421753e-16 
-1.152637870491334e-16 -2.214482952610111e-16 -3.570060940822654e-15 -2.366163920708105e-15 3.733128866391914e-15 -2.955996786598369e-15 -1.926804811932786e-14 -8.128914264623727e-15 -2.204562502664324e-15 -3.701141262902961e-15 -1.471045629524185e-15 -6.470519464360305e-16 -7.757496234038144e-16 -1.235127842042807e-15 -2.887468389448192e-15 -8.458994170930266e-16 -1.179618771849808e-15 -1.326649738085372e-15 -2.080649662364704e-15 -3.191991978114483e-16 -7.7716860208874e-16 3.764267383179147e-18 7.119735487364204e-18 1.234093131362854e-15 -5.593637803932979e-16 0.3951267057277487 5.749212452309497e-15 -1.676181991260563e-14 -3.42954833571401e-15 -6.596489350909369e-15 0.7807158482303699 2.557632945034229e-15 -1.654058847712543e-15 6.522560373051738e-16 -2.792145877368981e-15 1 6.977932167286917e-16 -2.26815451135813e-15 -3.04619224625217e-15 1.260495427774842e-15 0.7812423836826733 1.474514964773327e-14 1.625991561843859e-15 1.439820495013963e-16 -1.793460141069102e-15 -5.836192572198222e-16 -6.563656998394062e-14 2.407638991984345e-14 4.982125857950813e-15 1.099381010504933e-16 2.650657489838792e-15 -1.795221970021599e-15 -1.830721459643369e-14 1.252614123555635e-11 1.593527838231271e-14 -9.561797874824603e-15 -4.943962076400691e-16 1.915135126533841e-15 1.602017877195926e-15 4.612197026876674e-16 9.944309905600535e-10 -8.605097670186387e-15 -2.649928363649913e-14 7.069973995433948e-15 -4.849365300507197e-16 4.460380663384851e-15 1.015160185159271e-14 6.3808754186295e-15 1.68145012965309e-12 3.386825348811813e-14 4.142519689268928e-15 -1.019496995525605e-14 -6.188626046525147e-16 1.433532122972189e-15 -1.291067958431809e-15 -2.220446077592889e-16 -2.219036606081956e-15 7.146190885398612e-09 -2.038300099416134e-15 1.505739993116368e-15 1.21014310520688e-14 -4.263267286053446e-14 1.52829139290034e-14 -1.152357839519411e-15 -6.460110269195238e-15 1.544961001417587e-15 1.219960555946659e-14 9.084870403896226e-14 1.557402221432813e-15 1.603372393863988e-15 -5.120578475829232e-15 1.48259823129088e-18 -1.722865026625309e-18 -9.497611043469176e-17 3.686287411933491e-18 1.058181341551915e-16 -3.780772286958018e-18 9.597903441338407e-18 4.402080281609449e-19 2.503074496250138e-17 -2.986130396793922e-17 -1.508593449580258e-19 3.538779352846484e-17 -9.476181162917707e-19 3.785707904806782e-18 1.137209502186031e-16 2.574980177453482e-16 -6.472687014483093e-17 -6.755139351994317e-19 4.093186073549449e-18 4.970070011286336e-18 -1.421612275890432e-17 0.0006109574640229618 1.370014732613223e-18 1.642445710077326e-17 -3.606160493395885e-18 -1.634397426515394e-17 0.002989464113374813 -2.535191735333366e-18 1.016100730550444e-16 9.842522915136311e-18 1.181513560798462e-16 0.01447496543022285 -3.306160545369456e-16 -5.1517107094472e-19 6.260699517772829e-18 -5.651385629037556e-18 -2.034287116767657e-18 -0.0006859396083435251 -2.0216855903105e-16 -2.188256694800275e-18 2.5439689349346e-18 -4.392167617366361e-17 1.69062483484837e-18 1.367026183171697e-16 -0.0069500774506542 1.018572938706343e-16 4.698002301270475e-16 1.99337356512301e-16 7.410616285381079e-19 2.976464870667669e-18 1.1793393269887e-18 1.191658173673774e-17 0.0004446339895807544 1.343545070939305e-16 -4.768885063899479e-18 
-4.134406347951246e-16 -8.918346505089248e-16 -5.189213600429079e-15 -9.154149073429155e-15 -2.52055836326299e-15 -9.6000600741429e-15 3.481593477423868e-15 -5.647289469935733e-15 -3.415023397854975e-15 -5.620510076532071e-16 4.300384098679919e-15 -4.468652706463697e-15 2.359235285775533e-15 -1.717384509498372e-15 1.734737903270317e-16 7.896514632972842e-15 -1.318398752429571e-15 4.435759044327939e-15 1.831927639418186e-15 4.153063227999186e-15 4.857308558246226e-17 0.1484070282829742 3.790794903631741e-16 1.420520755989638e-15 -1.324910771463706e-15 2.948235570312312e-16 0.3955191268769178 1.198510798999533e-14 8.758139645910194e-15 1.580926903689673e-14 3.265674400121748e-15 0.7812410456264686 -2.12850782351456e-15 1.513981432274605e-15 -2.493667478648888e-16 6.977932167286917e-16 1 1.290637569696843e-15 1.30278623882244e-15 4.236205571504971e-15 -8.870543725703366e-15 8.292738624440556e-15 7.014965791572511e-14 -3.11602047022624e-15 1.612286127451125e-14 -1.778093330522302e-17 1.242578240108719e-15 -1.170419092783792e-14 -3.5243110858424e-15 4.204316342803139e-10 3.476280881788224e-15 -1.330967910394978e-15 1.561252680589787e-15 1.249002144400005e-16 -8.67362600342678e-15 4.076605077780777e-16 5.17542587879822e-08 3.634683727577151e-15 2.220449276851216e-15 1.193491184619057e-15 4.597022230180651e-17 -3.053116994423045e-16 -1.043263735586403e-14 8.647063022914748e-15 2.521147257633707e-12 -5.142457331504311e-15 -1.346837935167534e-14 -1.849471851507019e-14 4.085332057362471e-15 -8.557128363300974e-15 2.488653035699672e-16 -6.578077970955547e-15 1.056447647656085e-15 2.019511525053863e-08 -3.634249302136223e-16 1.046906664633542e-15 2.404329132582732e-15 -9.792523779277019e-16 -3.380979417539758e-15 3.877110837454202e-16 -8.338146411817756e-15 -3.725322368094227e-16 -1.255431469641253e-14 1.652602333734511e-12 1.59200068463765e-14 -2.711463579910574e-15 7.866978784310981e-16 -9.324147952738829e-16 5.152133845513315e-15 3.104372061555597e-15 -9.33282157874112e-15 3.01799976622111e-16 -2.327115668418473e-16 2.662335605229117e-15 1.817683689834784e-15 5.262424490233398e-15 -1.533851824528718e-16 -8.608877140897404e-17 1.187684518726742e-18 -6.630251692712931e-16 -5.518051291740047e-16 6.514117998094397e-18 -8.099300035669094e-17 5.913886808807653e-17 -1.429007365747436e-16 -1.508451982168138e-15 1.368569434066092e-15 9.905535005046594e-16 0.001424114651183889 1.153039098171072e-16 -1.277645359463384e-16 1.530845816307166e-16 -4.578102589033072e-18 0.006538081097820023 6.558116531869907e-16 -3.132289210877176e-16 1.787621865341493e-16 -2.883276965732384e-18 0.02826427593540709 -1.343374414003093e-16 7.869398852492673e-17 -3.828592727687316e-19 -7.843012421238072e-18 -3.598304250104883e-16 -0.0007592715284785616 4.30184316527769e-17 1.189667064718293e-16 -8.908481602100926e-17 3.108568146143784e-18 3.793020581444153e-16 -2.925350425714337e-17 -0.007320415897888457 -1.763309360950433e-16 -1.459173073030431e-16 2.268999704061026e-17 -3.765542341890378e-17 5.163401512498014e-17 -1.250875233108304e-17 7.640363641044055e-17 0.0002355675381774499 -1.038210705362215e-16 -1.95499698286365e-17 -5.055523031134325e-17 2.251013747770061e-18 -7.224791222962359e-17 -3.596698453839069e-16 
2.353560096071278e-17 -7.165463141561362e-16 -3.733998130387166e-15 -2.629846110473412e-15 -1.249004169662119e-16 3.226621239755633e-15 -3.435896273677472e-15 1.227240976006845e-10 1.349443504542619e-14 -4.54238087802513e-15 1.581234822717343e-07 -5.433163149764366e-15 2.064332054602962e-16 1.835518202227182e-06 6.480984509821166e-15 4.414903608093071e-15 2.228985437608287e-06 -2.234360936106409e-15 5.377820953728711e-17 5.08784255844838e-06 -5.828773600428568e-16 3.532432558046174e-16 0.1484071130820923 -8.375365805667332e-16 -9.805751557287538e-16 2.123580568325986e-16 1.197720014998298e-14 0.3955193528718743 -9.776757574111645e-16 -2.814693534929673e-14 -4.791313741540924e-15 -2.195295997738288e-15 0.7812414755764565 -2.629628089379216e-15 -5.561965858719048e-15 -2.26815451135813e-15 1.290637569696843e-15 1 -1.225591216579266e-15 4.966528862100711e-15 -1.509216280636384e-15 -3.24656717290769e-15 4.335319277969e-14 2.34579661162524e-12 -2.693162412651143e-14 4.545240120735268e-15 -8.519240327555056e-15 8.451965477432397e-15 2.4052846013783e-14 7.535650576880879e-15 7.506246756892297e-09 -7.105438482923421e-15 -5.537462845221396e-15 -2.650661621024154e-15 -2.739132657009354e-15 4.210721025395727e-11 -3.445166311318049e-15 6.332348581396708e-07 5.842560498125625e-15 -1.940725328096331e-16 -1.90126009175876e-15 -1.266350386046055e-15 -2.849233559712611e-15 2.482748799225891e-12 -1.036943423141535e-14 -3.814041863623856e-12 9.489819631824934e-15 1.145122574763257e-14 7.765827058412121e-15 3.064925077576149e-14 -2.316320252595767e-15 2.12417222519615e-15 2.018988793960208e-08 5.724596435092756e-16 -2.525033253273837e-08 -6.897271378653254e-15 -7.866983294768605e-16 -2.163203566027855e-15 2.159734109811772e-15 1.983117305623375e-15 2.694436352198059e-15 -2.824784762448091e-15 2.595584064366594e-15 -4.526903522786801e-15 2.651755300765535e-11 -1.85962647752787e-15 -4.612203262245545e-16 1.809319417967841e-15 -1.48336436654294e-14 -3.781703097957692e-15 3.415133769568999e-15 -5.157787819315646e-15 -8.344981660578281e-16 -6.029908208681693e-14 -4.931392881522839e-15 -3.258162776066351e-14 2.083105482555313e-16 0.008717698795004487 3.597754151904841e-16 9.361748780557358e-15 0.02842673300491493 3.462833005241255e-15 -2.359565636353072e-16 0.08814337467975447 3.757619795984235e-16 7.91934016196873e-15 0.2393506688333689 -7.123436265539691e-15 -1.111151506528047e-14 -0.004050071586542314 1.433392248272158e-15 -3.628154791499969e-16 1.293560540529837e-15 -3.563804837686891e-15 -0.0179547830654346 3.230356114826357e-16 1.777763772809516e-15 -7.151801736053163e-16 1.142047575652962e-15 -0.07141850122910286 -2.943044299550084e-15 -4.209848003052718e-16 5.863374528026677e-16 -6.044294626974498e-16 2.759270524906772e-15 0.0008795798736217663 -1.552764458100903e-15 2.731932764856668e-16 4.220239878165277e-16 -6.851986667100338e-15 6.441187427905197e-17 4.024976908044871e-15 0.007806884187861919 -5.534716759645382e-16 -2.021247390096109e-15 2.752564926239504e-17 1.510063754268582e-16 9.721980188820329e-18 -5.408458742823362e-17 5.18993476452372e-16 -9.179070586750801e-05 3.990591515543231e-16 1.972067188278706e-16 -1.992449745663931e-17 2.007119218524814e-15 5.36927659564594e-16 
-3.039740011327886e-09 3.563522314976631e-16 -3.295782836182118e-08 -1.280427520189532e-06 -2.273624191380872e-06 -6.818545537107351e-06 3.906647202672889e-15 1.77983668738638e-15 2.103767805240619e-09 4.0905021711592e-15 -4.09397163864956e-15 1.521542385368959e-06 2.307204520177741e-16 6.383844085905349e-16 1.185413130651443e-05 -1.580351431935473e-15 -3.025392862014804e-15 1.542132782045294e-05 -1.550900807037857e-15 5.523566185244451e-15 2.879525696714555e-05 1.451069429539616e-15 -8.304964646707883e-16 0.1484077480151317 2.1355722951469e-16 -3.204920350824086e-16 8.789014299869671e-15 -9.699820598106691e-16 0.3955210449161878 1.224471207868539e-15 -1.903002773939762e-15 1.518325596620891e-15 -2.587138345764472e-15 0.781244485835763 -1.824831342618469e-15 -3.04619224625217e-15 1.30278623882244e-15 -1.225591216579266e-15 0.9999999999999999 1.760757374137238e-15 -3.649890390570201e-15 -4.527654731069071e-15 2.004681203117964e-15 5.079300020141884e-15 2.331576578055568e-11 8.015843189545584e-15 -2.539317971215189e-16 1.814860010358607e-15 -1.307989144663629e-15 5.527294975836043e-16 3.608245916250973e-16 4.69570461793608e-08 1.120637914374098e-15 8.449779010422119e-16 9.66680306185417e-16 -6.175652961472596e-16 -6.245041179770182e-17 6.42545463216926e-15 2.618490047128435e-06 1.774199169830213e-15 1.86050198206071e-15 3.460794285993767e-15 -2.508431581332152e-15 -2.494350423329376e-15 -1.598072519104449e-15 7.519880477757996e-15 -4.128111839326019e-11 8.308316905064856e-15 7.164449823492378e-16 5.006942654812627e-16 2.319613015812028e-11 5.450045128390079e-15 8.261668838259024e-17 1.789702985563913e-15 -4.132135475242685e-15 -1.726029251794465e-07 3.714932040399766e-15 1.505748779907251e-15 -1.707411559906867e-15 1.03402725773918e-07 -1.379113222681925e-16 -9.331579342684172e-16 -9.575729546168981e-16 -7.25958912010438e-16 -1.973779905367995e-14 1.618295103561177e-10 -2.772740016213307e-14 -1.673638463988211e-15 8.443273759147525e-18 -1.087190081795854e-15 -3.198198258071643e-15 0.1575995473517404 0.3002343374751714 0.4094338280318027 0.4587373945124441 0.47584701338475 -1.695287375185922e-14 -3.641116385207645e-14 -0.009402599831881082 -1.017758963014875e-13 -1.068327150914076e-13 -0.02945043559407436 4.24109392979863e-15 5.851392004186581e-15 -0.08207644210376429 2.085562141399006e-14 -2.018796242636688e-14 -0.1669039564404059 1.54132747437323e-14 8.968560457994797e-15 0.001139318086709742 6.909429218829283e-15 1.394201728663047e-17 3.763614171892922e-14 1.309335064755073e-14 0.004465875569015732 2.396048959801873e-14 -2.196591482502299e-16 2.950883097484106e-16 2.226747434547496e-15 0.01254138503488833 2.249264057678813e-15 1.513284025596311e-16 -1.195089874001126e-14 -7.698293142425384e-15 7.021150812211459e-15 -7.828852045621708e-05 3.719829375862693e-15 -9.4820036871248e-17 7.810403464104757e-15 -2.522344602313617e-15 -3.836782469976091e-15 2.533975660847595e-14 -0.0005138614857998644 2.359646323292716e-14 6.005392811313597e-17 1.259968038219445e-15 8.7951039235147e-16 2.654532558830224e-15 9.365889956073351e-15 2.808702555562066e-15 4.115873531601775e-05 1.057113820830073e-14 5.029598373421286e-16 -2.844365925827744e-15 2.025474621815151e-15 
-1.961867590771405e-16 2.724448947026776e-16 -3.112098790204224e-15 3.658539213053062e-15 5.768838008626927e-15 5.228514202485755e-15 1.227219179172254e-10 -3.432752082454967e-15 1.298708184454025e-14 1.581234749390473e-07 -4.575340678171187e-15 -3.242637361972244e-15 1.835518200678065e-06 2.18576335193256e-16 8.049188470441726e-16 2.228985436213547e-06 4.414903608093117e-15 2.123336790212929e-15 5.08784256841644e-06 5.724777144291873e-17 2.416512388511017e-15 -1.308671472738775e-15 -9.641205620563173e-16 2.602749577271824e-16 0.1484071130820928 3.465487204255867e-16 1.581135161014379e-14 -2.817536859578299e-14 1.22885699488487e-15 0.3955193528718777 -3.874727789988912e-15 -2.853624588130773e-16 -5.568904763494063e-15 -1.836532951512932e-15 0.7812414755764654 1.260495427774842e-15 4.236205571504971e-15 4.966528862100711e-15 1.760757374137238e-15 1 6.136612175576117e-16 -1.091699106704929e-14 3.879541655170992e-14 4.573016068625411e-15 -2.694463457294943e-14 2.340968607747128e-12 -3.344660518030272e-15 3.077851498214189e-15 -8.08870297166657e-16 9.568749673590019e-15 -5.536270220964511e-15 -7.569911420863564e-16 7.506242235762163e-09 2.495620467634741e-15 -2.441670483253389e-14 2.890054442674983e-15 1.908198863267807e-15 -2.135882064999879e-16 7.441978781757421e-16 6.332348573972094e-07 3.930022571057922e-15 -4.211263994807831e-11 -1.20600062205401e-15 -2.758699826072409e-14 -4.645989765338871e-15 1.13903477003418e-14 4.058934027472706e-15 -3.805468196262045e-12 -1.788773754634603e-15 -2.484817460209569e-12 -2.384401479346742e-16 -1.477119354638242e-15 -2.547587715620311e-15 -2.908702143194486e-15 -8.569547403783214e-16 -1.561253581687109e-16 -2.525033104607817e-08 -3.152864860670118e-16 -2.018988468178638e-08 -2.851456188174233e-16 6.602042624539393e-15 -8.101171315349732e-16 6.089810506239574e-15 -8.48151003288527e-15 -4.537935297162351e-16 6.385655860944717e-16 2.651990499821552e-11 3.086767380974976e-15 -2.994191617108614e-15 9.487597013891445e-16 1.535517283191285e-15 -5.15472146149737e-15 7.894784267808965e-16 7.442018688995899e-14 4.450440044867427e-15 3.360077941167999e-14 0.008717698795006197 2.067655577410271e-16 1.900297468206236e-16 0.02842673300491354 9.361044044733141e-15 3.181571075497705e-15 0.08814337467975435 -2.413936832530952e-16 2.312614596765699e-16 0.2393506688333712 7.911503400872069e-15 5.808947493761021e-15 -9.57354677163199e-15 -3.643875747741685e-16 9.297802231682964e-16 -0.004050071586542502 1.35781920181973e-16 -4.835777209880579e-15 1.778848717901345e-15 1.69123903040669e-15 -0.01795478306543512 -5.70687815875086e-17 2.643641400896749e-15 -4.250988457707103e-16 -2.055804829779848e-15 -0.0714185012290986 3.474843756597318e-16 2.636067740223672e-15 4.037334335833541e-15 2.718922307044978e-16 -1.462753400117328e-15 0.0008795798736218781 -4.004025604998266e-16 1.643070288724659e-15 -2.943705626430755e-16 3.283942824917496e-15 -2.020164986174138e-15 -7.075005206159921e-16 0.007806884187862163 1.315148157355508e-16 1.982060199528982e-18 9.431708090546753e-18 1.064002978671411e-16 -9.685942487429725e-17 1.979114496888945e-16 -1.984863788366141e-16 -9.179070586725196e-05 -7.850112578348737e-17 7.490258909672973e-17 2.229668079620786e-16 
-1.565315338377929e-17 -3.447773174580596e-17 4.579683616341239e-16 -1.498806232164937e-15 1.026960434094071e-15 3.053151290845724e-15 -8.879100129948229e-16 1.252474079017785e-15 -4.168769766122204e-16 1.553666457364677e-15 6.161756601880591e-15 -3.495478673688789e-15 2.277707407642918e-15 2.359239965266092e-15 -3.320294932577241e-15 2.98808730976633e-16 -2.359244552268355e-15 -4.062795575779653e-15 6.212693060087089e-16 -2.775653443948161e-16 8.951343526380138e-16 2.917262154573269e-16 2.19226967320697e-16 -3.064235514043731e-16 3.554158447248014e-16 0.1484073226450144 3.255923028906889e-15 -4.825960869821729e-15 -1.909936234069433e-15 -3.903789966161585e-15 0.3955199112988932 6.175633968962961e-16 -2.306321731303364e-15 -3.053122435969607e-15 1.345065221819744e-15 0.7812423836826733 -8.870543725703366e-15 -1.509216280636384e-15 -3.649890390570201e-15 6.136612175576117e-16 1 -1.113001896256977e-14 1.219568445102748e-15 2.518825987165117e-15 6.410093380947505e-16 -6.640161766999582e-15 5.231020007564839e-14 1.460636094946146e-14 1.51268337536541e-15 1.520055971944282e-16 5.863382808080898e-15 1.089409586984168e-15 -2.420217506164674e-15 4.20366438796431e-10 -1.699817227564421e-15 -1.193493555992154e-15 2.688829467808936e-17 -1.401661031861646e-15 3.577012101837127e-15 -1.985614181429005e-15 5.165119784249669e-08 2.351425167365353e-15 -4.150880377006381e-15 -1.038571195491249e-14 4.083117539455758e-15 2.683733628628542e-15 1.054194595317e-14 6.502291497718901e-15 3.023362965370611e-11 1.008208023241542e-14 1.230963443865219e-14 -8.018349475190294e-15 5.211124841152143e-15 -9.979026513259803e-16 2.958579703488737e-15 1.897793144685353e-15 -3.058543441637993e-16 1.339967971543157e-07 1.546510584516359e-15 8.465475800792469e-16 5.821749320196888e-15 -1.146861630924308e-14 1.266351908147733e-14 -9.289810688340091e-16 -4.07487757840972e-15 8.928160424332078e-16 8.199709920661887e-15 1.657337829394713e-12 4.036388286680817e-15 1.501841321203978e-15 1.148200624594288e-14 1.278683883795367e-18 -4.912636315333531e-17 1.25767825790191e-17 -7.1991238613882e-17 7.389944108940636e-16 -6.116581891682095e-18 2.040067040907334e-17 1.618192717096255e-19 4.434240644540641e-17 -1.089747096295487e-16 -1.559750991623152e-18 -9.352835785197554e-18 -1.033383272648737e-19 -1.604285179014094e-18 1.472838826732332e-15 -6.967103905614383e-16 -4.109138469075415e-16 -4.915415424775332e-18 9.917509588225184e-18 8.494297519495016e-18 -1.897828083467105e-17 0.001424117475883718 -3.592162675818454e-18 8.363432182315227e-18 -1.139066581215094e-17 -2.272159564207074e-17 0.006538094065955791 -7.313127870692794e-18 -1.151697187012021e-16 4.587544102184207e-18 7.948411437605347e-17 0.02826433199696998 -6.468474167707361e-16 3.297122616743562e-18 -7.82122576292757e-18 -3.484470362676778e-18 2.984771739626007e-17 -0.0007592730344766643 -4.384738317981322e-16 3.778773460130548e-16 -3.765961292980619e-17 -5.694682988332404e-17 8.137099176358439e-18 3.404550480732841e-17 -0.00732043041776846 8.692777724306995e-17 9.163545352341905e-16 2.523833007974355e-16 2.935838899733112e-18 -1.117069274211438e-17 4.363240601251398e-18 1.945105392308158e-17 0.0002355680054203434 2.174085163800335e-16 -1.681999918697011e-17 
6.735308229475038e-16 -4.255954312929154e-15 1.042135128947117e-14 8.111570686764149e-15 1.334003753908084e-14 8.076948910363792e-15 -8.094563634287002e-15 8.88698836743204e-15 2.327131543024111e-15 -2.477296950789478e-14 1.89066138227614e-12 3.126188956863805e-15 -1.673006745972679e-14 8.027156505499871e-12 4.223635358524084e-15 -1.063383912757535e-14 1.144927563641807e-11 1.42012291439505e-15 -8.514508434392361e-16 1.467322011635916e-11 4.750101518259943e-16 -8.608346940027858e-16 -2.255954729190609e-15 -2.165964890083186e-15 4.430647976157725e-15 1.506601917875101e-14 1.429171671551197e-14 -2.692084158676796e-15 -5.129577318463389e-15 2.427803102869887e-15 1.001022181812398e-14 2.669616442912537e-14 -6.236601953973482e-15 -8.980663515388646e-15 -1.404901722859823e-14 1.474514964773327e-14 8.292738624440556e-15 -3.24656717290769e-15 -4.527654731069071e-15 -1.091699106704929e-14 -1.113001896256977e-14 1 3.165030086973978e-15 -8.517492267046005e-16 -1.529629694392236e-15 8.861385102532421e-15 3.641909636278038e-15 6.268421586376167e-15 0.8317070418828894 8.330033711459735e-15 -7.140815717110845e-14 9.210297457368041e-16 7.53683987299563e-15 3.073642685936661e-14 1.025529894399006e-14 0.4919069260884918 8.409343331140203e-15 -2.415885699534901e-12 -4.873816265278667e-15 1.373061020071567e-14 -1.572467353381335e-14 1.207022203458953e-14 1.128278378928764e-14 -5.598386337845913e-15 1.030269890667891e-15 7.860228581294585e-16 7.502679033599795e-16 7.882848172634535e-15 9.532305500492289e-16 2.483060144216972e-15 -8.030034970296217e-15 1.483635807752304e-15 -4.740668580630981e-14 7.064390308339512e-16 3.079310358701146e-15 -1.542169179167434e-15 6.12798099454169e-15 1.425942700514782e-15 5.430524739296437e-15 -2.314815014890339e-14 -1.22488824638717e-14 1.894060537750656e-15 -8.989337052511556e-15 5.017805815358984e-15 -6.670011765130792e-16 1.557910430435159e-15 -1.941087806982272e-15 -5.628564004174342e-15 2.507217523872657e-19 -1.324827292141473e-16 7.863155927160016e-15 -6.22977380980441e-19 6.230853769342126e-19 3.182133358434194e-17 -6.211800821984307e-17 -2.617264078737549e-16 4.707089856011449e-20 -1.177262921963167e-20 2.040954287194574e-20 1.457655915979753e-18 -2.511972683425549e-20 6.537455010152751e-20 3.108929737484196e-18 2.733848468100873e-19 8.44286790339163e-18 -5.740521814370264e-17 -1.332213419441569e-17 -6.55264687995932e-18 -2.223384552116316e-19 3.358665971969293e-20 -2.186462127065868e-20 5.410369576331002e-20 -1.221100672518693e-18 -1.987116240989168e-18 -1.506298900452409e-19 -5.578625140836474e-18 7.418013432808833e-18 -2.097348680555068e-18 4.597192134834894e-18 3.087011576268464e-18 3.181971910589922e-18 1.476603113956376e-17 -2.82645365378122e-17 8.650610560800757e-06 1.862016365045045e-19 5.64891530536478e-20 -3.24214976875428e-19 -7.518006145352661e-19 2.648932913236561e-18 -2.794413838349726e-20 0.0001931048659803044 9.03928808970556e-18 -1.919263127940505e-18 -5.627437920196484e-19 -1.046971387666757e-17 1.179125697270045e-18 6.79579834717339e-19 -1.485113460910846e-18 -2.083182701280903e-05 3.457031676576322e-21 -3.327315561903763e-20 -1.442327628455487e-19 -1.873054929186177e-19 -1.044744035369983e-19 1.012657175040621e-19 8.197554919466643e-19 
-6.305891518901783e-15 -8.006092631130996e-15 -8.802725536205771e-14 -3.580319105014187e-14 -5.095316459564163e-14 -1.388128014850194e-14 2.002604082997058e-14 1.93007570104225e-14 -2.900671104137495e-15 2.870845598039648e-14 3.867796676413393e-14 -6.558453648439302e-14 3.05898918260042e-14 3.03745548993611e-14 -5.096313366908676e-14 1.222279654600184e-14 1.540974588835039e-14 -3.30683925052792e-14 7.640024343970786e-15 8.083334724772335e-15 -1.660485001105651e-14 -6.111549813995618e-15 5.927162851302923e-15 6.52099081026666e-16 -3.27514437011733e-15 5.03323706159256e-16 -2.906409244133916e-14 4.665579446221018e-15 -4.334395916591798e-15 8.796674326461013e-16 4.903236562429891e-16 -7.431876573127811e-14 1.191187991652974e-13 -2.502077750308925e-15 1.29131080979259e-13 1.625991561843859e-15 7.014965791572511e-14 4.335319277969e-14 2.004681203117964e-15 3.879541655170992e-14 1.219568445102748e-15 3.165030086973978e-15 1 -9.611977419511293e-16 2.408973560452536e-15 9.199972123637344e-16 -6.894712665378291e-16 2.704745607172412e-17 8.350437041903102e-15 0.8317070418023313 -1.578335444244688e-14 3.79218141350358e-14 -2.482072165195912e-14 3.164867456732052e-15 -2.0902482763265e-14 8.415186007758401e-15 0.4919068362327306 -5.180332603324152e-15 4.534509618492021e-14 -4.719004483585153e-15 1.560058658305737e-15 -9.430771948649389e-15 4.585158750076774e-17 1.824905379805025e-15 2.062470000016013e-14 5.587930563145255e-15 -3.141313164450963e-15 -1.928578824417219e-15 -9.533864041115365e-17 -5.550898282691217e-15 1.036233002616558e-15 -2.37232922491958e-15 2.220993572494788e-14 4.188408519342278e-14 -2.753980588434267e-14 -2.37809990106699e-14 -2.678022739334918e-14 -1.824143054325305e-15 -2.841130110422552e-14 1.871046320669035e-14 9.171878158358999e-16 -3.244800261814572e-15 -6.660253945578352e-16 -3.301395615218358e-15 -4.836016027735855e-15 -5.686762367430966e-15 3.660405447714471e-15 -2.702583979091022e-15 -4.172816335089943e-15 1.195731678276822e-14 3.744902066400587e-16 1.056564773800544e-18 2.758836841541972e-18 1.759909461417433e-18 1.548380951040716e-16 -5.399379829416225e-16 -4.627296472387e-18 -2.648538999275151e-18 1.574903095128489e-19 -5.080895384427021e-17 -3.986987944290412e-17 -2.295908160153374e-17 -4.788247679123224e-17 -1.53519152021911e-17 5.708169156193527e-17 -1.023317444236895e-16 -6.331558728260212e-17 6.481795039307552e-16 5.713205454295915e-05 1.35169358464206e-17 1.463008770880302e-18 1.726893445617678e-17 -3.828016691132276e-19 0.0004760268269475198 9.117528681723076e-17 -1.205497822663407e-16 6.883036338093794e-17 1.040838230137189e-19 0.004818791904541722 1.460981005577756e-16 -1.413053110706488e-16 -1.668927544820957e-16 -4.380647138166876e-18 -1.054583542717107e-17 -0.0001547467130809172 -2.075728714884396e-18 2.912735407648448e-18 1.661635326911166e-17 -2.115453934589394e-20 1.130405334087188e-17 -1.724064482341976e-17 -0.002860376230360123 -3.549593704756267e-16 -1.116108126067509e-16 -3.681238115728017e-16 -2.992880986225207e-18 1.390549091371568e-17 -1.631207718646472e-18 1.021088520124504e-17 0.0002286432561604276 -3.985784209529814e-18 5.647700069460962e-18 -5.0995719924337e-18 -3.297919414727441e-19 -7.073754041996463e-18 -1.456876814413527e-17 
-8.849087505404144e-15 1.900342134087665e-15 -5.755552288934188e-14 -2.198589539864188e-14 -2.303801931570405e-14 -7.888729632706089e-15 1.604192056563778e-14 1.152983958308362e-14 -1.002162965786312e-14 1.591788481090812e-14 1.373472620591113e-12 -3.778656489393428e-14 8.35288807803224e-15 5.787033603446343e-12 -1.580501869284601e-14 7.669249921192849e-15 8.241833236992396e-12 -4.312614521063621e-15 2.359630449693864e-15 1.056281661170188e-11 -5.774323099587429e-15 1.208307353767737e-14 -1.475395326215095e-14 -3.708865896693208e-15 -3.875913684674234e-15 1.401277097828997e-15 3.568993652046832e-15 -1.424768709588008e-14 -9.001480116843652e-15 8.360249070717648e-15 4.544975507059178e-16 -1.176611435283783e-14 1.526025943680863e-13 4.574812791729395e-14 2.515535390356717e-14 1.439820495013963e-16 -3.11602047022624e-15 2.34579661162524e-12 5.079300020141884e-15 4.573016068625411e-15 2.518825987165117e-15 -8.517492267046005e-16 -9.611977419511293e-16 1 1.753988393329178e-15 -3.742085258334596e-15 -3.120435496366859e-15 5.515807401752351e-15 -7.136131963848936e-14 -1.584405621032194e-14 0.8317070418685139 3.770489238532592e-15 -4.751240566202457e-14 6.684269023876214e-15 -8.968994710159397e-15 -2.415877034235151e-12 -5.16363496092573e-15 0.4919069243953071 2.379580916429837e-15 -1.145741046968988e-14 3.259979410517516e-15 -8.033533210322725e-16 3.835897121858146e-15 1.316424725304695e-15 3.665009918815575e-15 -8.947581716343915e-16 9.185360805297375e-16 -8.296272672211668e-16 -1.092875789865364e-16 2.143630325329672e-15 1.612425470920367e-15 2.211176124246494e-15 1.828073283972181e-15 4.688648559915439e-14 1.711657891238006e-13 -2.067096506069657e-14 -1.744451144549243e-14 -8.158404526181339e-15 -6.42327445904567e-15 1.037364642464351e-15 1.316655118266347e-15 -1.154444920735384e-15 -1.681814409959476e-15 -1.503289510831449e-15 6.456640777585683e-15 1.404394179074798e-15 1.43777574752609e-15 -4.332283839937725e-15 1.624781309928593e-14 -1.821324124504052e-16 1.051174663806121e-15 -2.86279834377756e-16 7.753596662356917e-17 3.883070059022873e-16 -1.247686307569204e-15 -4.329165121456155e-15 2.968320922179413e-18 0.0001854174756010806 4.412666731228476e-17 1.410386721626356e-16 0.0009966407605337989 2.674561919064448e-16 -3.313299479886607e-17 0.007254689701687553 -5.985689975842227e-16 2.020636052263112e-16 0.04451126417141026 -8.562960995654852e-16 -1.496719931888313e-16 -0.0006211327560502816 4.68140095093057e-17 -4.326813901823859e-17 1.762777322089776e-17 -2.236628297195903e-16 -0.004509525817077379 -9.698330979406946e-16 1.861940571575629e-16 -2.030955146303217e-17 5.717862647439755e-17 -0.03427014890827353 -2.071144316198487e-16 -1.279301995732188e-15 -1.020812344295434e-16 -1.484033885084316e-17 2.18567579617809e-16 0.0009817490420008376 -1.842471491713881e-17 4.149560136614096e-17 1.595885800387644e-17 -1.047817108938665e-16 4.686775572225462e-18 -6.888881329873047e-16 0.01462086884555904 3.980514206849198e-16 1.142262154415703e-15 -2.078337776591174e-17 -1.605132813163627e-16 -1.213815488818104e-17 1.404098724111901e-17 -6.853594400236413e-17 -0.001004512974607929 1.177196382724124e-16 5.846786744133157e-17 -7.980138106751508e-17 1.703622781463709e-16 4.250929854784375e-18 
4.462209611830401e-12 -3.69984089298893e-15 3.017317300975692e-13 4.860892046170533e-12 5.34094995673826e-12 1.404321155739801e-11 -1.316775396945368e-14 -1.82457198763767e-14 -1.546007245834831e-14 -3.173053424045726e-14 -3.300271006121981e-14 -4.270832949496033e-12 -2.167450395941867e-14 -5.917299907930076e-15 -1.718181027582124e-11 -1.413298204999785e-14 -1.385444890625409e-14 -2.463571372573548e-11 -8.786550123156967e-15 -7.676935816849183e-15 -3.057663264995425e-11 3.906540086558579e-15 2.473742781797531e-16 -1.962234428954905e-14 4.06627625305206e-15 -3.772705128801306e-16 -3.447852693996477e-15 3.845881946240563e-15 -9.88876745788345e-15 1.292470633556387e-15 1.345088320239837e-17 2.975987243789682e-14 -5.581906471352577e-14 1.277481926020801e-12 -5.825419634830343e-14 -1.793460141069102e-15 1.612286127451125e-14 -2.693162412651143e-14 2.331576578055568e-11 -2.694463457294943e-14 6.410093380947505e-16 -1.529629694392236e-15 2.408973560452536e-15 1.753988393329178e-15 1 1.325991962443997e-16 1.703932134278199e-15 1.718553617013729e-15 9.323325532690933e-16 3.77968191685792e-14 3.704867901493031e-15 0.8317070419883864 8.651076139818695e-15 -3.196228004572062e-15 7.17149592821367e-15 -4.811446306991333e-15 4.536429407939774e-14 2.398635172043671e-15 0.4919070487319677 4.235284196224617e-15 3.885780965576358e-16 1.941508343277215e-15 -8.268701749778311e-16 1.416835399004032e-15 2.933849384679845e-15 1.357768064647064e-14 -8.709585786956577e-15 2.875756477025428e-15 6.173921508582903e-16 -4.374098468411934e-15 -1.670731830877592e-15 -2.819698147063922e-15 -9.839351560823587e-15 -8.413029391260874e-15 5.807507264170947e-14 1.290011291107008e-12 5.697201890180459e-14 3.625924438791983e-15 1.134904887668097e-14 -5.602614747005263e-15 2.023763304831931e-15 -3.300026809975587e-15 2.674130448326861e-15 -3.705303276116611e-15 -5.979158140823178e-15 7.3747431772466e-15 1.547410610021033e-15 -4.838143774499338e-15 -3.602336256982431e-15 2.059116765984469e-15 -4.644823750881466e-16 0.004872835146231522 0.02417952330090187 0.04668936147858458 0.06715427412369876 0.04897351775761768 -2.751075793264256e-16 -5.33185865800196e-16 -0.001272351733400582 -3.680026975369749e-16 2.212699772084967e-16 -0.00610987416685126 2.537883047368498e-16 -2.07361151472467e-17 -0.03419360775777425 6.231570852214707e-17 -2.145534455395204e-16 -0.1207164678114155 2.570662709723587e-16 1.070725712352655e-15 0.002232361690786089 5.823824191310332e-16 -4.336905730930562e-18 -9.311492673978431e-17 -1.946829280934343e-16 0.01386592140556721 -8.743382997429623e-16 -1.77563603829327e-17 4.713948651235783e-16 1.389574384750615e-15 0.07539287365277186 7.776799234668961e-16 1.611691940388265e-17 -8.08609145211312e-17 -3.570876548539162e-16 9.112463510939559e-16 -0.002320086056192257 3.448554583190084e-16 -8.044099536040674e-18 9.710567800738379e-17 1.013747693244512e-16 -1.115022956900746e-15 2.988239831604538e-15 -0.02723201552692218 2.807318572922666e-15 -4.463445905823628e-19 -1.298714493545926e-16 -9.089664948348197e-18 1.762391696196117e-17 1.353951245398162e-16 -5.813530523313774e-16 0.001751025590138657 5.484531120918935e-17 1.140671255858079e-16 1.165730527781769e-17 7.332568474371729e-18 
-8.584820663255491e-15 7.612252236397875e-15 -2.369027827187317e-14 -5.488498183778246e-15 -3.950287987516806e-15 -3.88923600250712e-15 1.990540978575425e-14 1.60943502110069e-14 1.428227145112442e-15 1.355038146492677e-12 1.591357849507716e-14 -3.182229341678976e-14 5.7711504146211e-12 8.350746770561096e-15 -9.340361691310851e-15 8.231484250757766e-12 7.653335774441208e-15 -5.862233779850012e-16 1.056070451919837e-11 2.37201107406484e-15 -1.359218326821911e-15 -5.944097753070505e-15 -3.885619077519479e-15 3.590934708390835e-15 -1.197387653083256e-14 2.071860538803473e-16 -2.237196972815283e-14 8.299370271699648e-15 8.126442725105922e-15 1.404947926864025e-15 -2.450786071344253e-15 -3.487661551806529e-15 2.509289708209539e-14 4.604628521145795e-14 1.395006294323281e-13 -5.836192572198222e-16 -1.778093330522302e-17 4.545240120735268e-15 8.015843189545584e-15 2.340968607747128e-12 -6.640161766999582e-15 8.861385102532421e-15 9.199972123637344e-16 -3.742085258334596e-15 1.325991962443997e-16 1 6.307752714248927e-16 8.974591902965892e-15 7.493817375664919e-15 -2.483594452611022e-14 -4.751108429062692e-14 8.701295030456005e-15 0.8317070418685266 4.790276248711084e-16 7.118264312044548e-14 1.369677635684468e-14 -4.743032269093446e-15 -1.146165241156646e-14 4.224178965704514e-15 0.4919069243953066 1.25776951057561e-15 2.41305377118477e-12 -2.191172590593094e-15 -2.134273152361322e-15 7.479368686891036e-15 -7.304045572303791e-16 1.986567547019235e-15 -1.118828625259371e-14 5.233451509883948e-15 -8.425707776881492e-16 -3.288609652879409e-15 6.152196817487227e-15 4.222384705344596e-15 4.352421203053885e-14 -1.743932929791101e-14 -2.595494635196854e-14 1.702262469949294e-13 -8.524715783520678e-15 -2.367436760008047e-15 5.377358192312442e-15 -4.647338591701802e-15 -1.33856108434826e-15 -1.371679225552954e-14 -4.745203084361805e-15 1.441235030082669e-15 -7.894444477199092e-16 4.872296142932657e-15 1.332192243617866e-15 6.728558682444898e-16 -2.799740352206953e-16 -7.992738415562823e-16 -1.656559753133916e-16 4.049659723175735e-17 3.545554645673304e-16 -1.582216963990236e-16 -1.273432631871494e-15 0.0001854174756010796 2.961557893491177e-18 2.022020793232414e-17 0.0009966407605340156 1.410114082896564e-16 1.227944362564909e-16 0.007254689701687604 -3.329520535965883e-17 -5.400746408835206e-16 0.04451126417141157 1.989164893108656e-16 4.15429230521441e-16 -2.159005199658322e-16 -4.322758731588834e-17 2.452121407272628e-17 -0.0006211327560503179 7.56773792882294e-18 -1.714300255993421e-16 1.873866795501529e-16 -8.355508233429342e-16 -0.004509525817077469 -1.004858947722186e-18 1.940263432166349e-16 -1.278760100584455e-15 -1.48040348792519e-17 -0.03427014890827315 -1.123212396880524e-16 3.225938413560857e-17 2.912499484041055e-16 4.134641768830679e-17 -9.253595777430476e-17 0.000981749042000822 -3.66479474193518e-17 1.55690188335308e-17 1.423584538152933e-16 -9.447294450124255e-16 1.141773734972276e-15 2.30683710339493e-16 0.01462086884555855 -1.534862007612262e-17 5.729571564788866e-18 1.68123534783804e-17 2.136721746178026e-17 1.768249523294906e-16 5.866764810290052e-17 1.165101033738071e-16 -0.001004512974607767 -4.22993338203393e-18 -2.408918744240094e-17 9.824007418072511e-18 
8.873990175273281e-16 4.872644379353247e-16 4.771451791816669e-15 -5.859573323435646e-16 4.6325296972616e-16 -9.426142856891869e-16 -4.239428700129291e-15 -5.93766030267299e-15 1.337688640413297e-15 -9.408802035123154e-15 -1.964433539461143e-14 4.126040332330132e-15 -1.051381968350777e-14 -6.967922931860449e-15 -6.305766009664954e-16 -3.458760393872605e-15 -3.829478358740748e-15 9.757966296363215e-16 -2.43377866636986e-15 -7.962632107752011e-16 6.422916806567136e-16 5.174159388864759e-16 -1.494301644228262e-15 7.972046624889884e-17 4.296163794115917e-15 3.320452331872459e-14 4.777028653289055e-16 -2.060851489460353e-15 4.518611606575845e-16 4.490368987015446e-15 -7.658248492823941e-15 1.605418815925142e-15 -1.505046089517613e-14 -4.413189925399574e-16 -1.491650771660892e-14 -6.563656998394062e-14 1.242578240108719e-15 -8.519240327555056e-15 -2.539317971215189e-16 -3.344660518030272e-15 5.231020007564839e-14 3.641909636278038e-15 -6.894712665378291e-16 -3.120435496366859e-15 1.703932134278199e-15 6.307752714248927e-16 1 -1.652927198326292e-15 3.078724883850636e-14 3.156790150476833e-15 6.715737992319496e-15 -3.344546862447142e-15 5.80312436608031e-16 0.8317070418207418 2.769446727348792e-14 -1.568065668517822e-14 1.532357182538832e-15 3.252986660537861e-15 4.111296527025205e-16 1.267602008210531e-15 0.4919068707585625 1.158844314548605e-14 4.084992570986589e-15 9.732666061967305e-15 -5.295649986233607e-17 2.700964452095814e-15 -2.039214879855779e-15 -1.113091078184528e-15 3.407399416874834e-14 6.62234752712265e-15 8.490929313819643e-16 -2.932764170804052e-14 4.325532989582619e-14 -1.847751553234458e-15 7.43675955597701e-15 3.894671066792159e-15 2.046174106530224e-15 3.161810013754311e-14 5.008667094775181e-14 -5.309880159353103e-16 1.680282974390778e-15 -1.327442929882569e-15 -1.523778390792528e-15 -2.713894833552116e-15 -8.540531563211261e-16 -4.863297264900912e-15 -6.937979108324098e-16 -6.845218836204235e-15 -1.719409120290372e-15 -8.552186736565308e-16 -8.779733667515499e-16 4.003682879090782e-19 -6.32018927549776e-19 2.737610470203138e-17 -6.53096283650963e-17 -1.497283219857704e-16 -1.0381165510162e-19 4.756595325365997e-19 5.051044982979885e-20 4.981296854888096e-18 -3.000661763195369e-18 1.479748478524475e-19 9.77634684066763e-18 4.92463632044818e-19 -4.246043815690132e-18 1.546513664995574e-16 7.714776083592075e-17 -1.918021405762622e-16 -3.956347460098585e-19 3.613169782277853e-20 -2.221189698240337e-19 -2.382684286429092e-18 5.713205454295928e-05 8.93161361157023e-20 2.823548786757613e-18 -6.715941124907672e-19 -2.514569018312163e-18 0.0004760268269474088 -4.432646118532642e-18 1.117363512370553e-17 -6.802098082926697e-18 3.36727365180499e-17 0.004818791904542021 -3.998944377931858e-17 -3.57627639244033e-21 -3.413358599837698e-18 -8.442395827238481e-19 -1.488332731649817e-18 -0.0001547467130809247 -2.776852614678155e-17 -8.150706883855916e-20 -2.940112115755665e-18 -9.216067536351537e-18 -1.530213822871904e-18 2.385401491098574e-17 -0.002860376230359825 8.456961455134675e-18 6.915503179674606e-17 4.167933165291432e-17 -2.278035153017958e-19 -1.552842068889082e-18 1.16484711731879e-18 1.062078947281635e-18 0.0002286432561603516 2.105539199934869e-17 -1.02946733667718e-18 
-1.158804317328583e-15 6.337545033526319e-15 -6.666799821018676e-15 1.516962164027219e-15 8.036250466869264e-16 -1.877774610929686e-15 -5.695097171633704e-15 2.612746987079726e-14 -3.485682879488414e-15 -1.885292412710222e-12 4.307882503166268e-14 -4.795630129929251e-15 -8.020463049396497e-12 2.686945141029717e-14 -5.053462672768815e-15 -1.144642720405034e-11 1.8365081206439e-14 -1.347033036289093e-15 -1.46730245201129e-11 6.349044394168331e-15 -5.772791639427145e-16 -4.439198032606224e-15 1.735487393816272e-15 -3.734142055498148e-15 9.31285567512296e-16 -2.248762943012332e-15 -1.342198921450184e-14 1.520566441856561e-15 3.985123574857319e-15 1.436255323385715e-15 1.463253482139922e-14 -3.014602459452541e-14 1.715571046606218e-14 3.022443975775405e-15 2.342893134845422e-15 2.407638991984345e-14 -1.170419092783792e-14 8.451965477432397e-15 1.814860010358607e-15 3.077851498214189e-15 1.460636094946146e-14 6.268421586376167e-15 2.704745607172412e-17 5.515807401752351e-15 1.718553617013729e-15 8.974591902965892e-15 -1.652927198326292e-15 1 1.017571172825801e-14 -2.0949360952671e-14 -8.949506175951985e-15 7.212668506634376e-15 7.115185177751111e-14 2.763415852557011e-14 0.8317070418828733 1.202534960774712e-14 -9.418247690436566e-15 -7.824417645420353e-16 1.93245573506241e-15 2.413029476741383e-12 1.161080351393096e-14 0.4919069260885255 -8.956377306467722e-15 2.382571543486471e-15 -2.302845414359125e-15 9.52607133800064e-17 -1.757186789738013e-16 -1.594589498150087e-15 -3.00916586028375e-15 -1.465290088158289e-14 1.347695233541521e-14 5.564992919920724e-15 5.444849760507787e-15 1.075615291731183e-14 -8.328041506129536e-15 -1.238793146498186e-14 -3.830770885912454e-15 7.351934290860293e-15 -4.532924602253715e-14 2.122456034144308e-14 1.242629944390472e-14 -3.572310633068072e-15 -8.429671891074543e-18 -1.030319018578853e-15 8.727034665669629e-15 -7.242131699024276e-18 -4.317293050837284e-16 4.972395955540175e-15 -4.369768435985445e-15 -1.62552398841674e-15 9.093420461069983e-15 1.648762813374574e-19 2.007543122552931e-18 5.946200373201184e-17 9.109114013720604e-17 5.336642215771813e-16 1.702541463342023e-20 -1.469409295720194e-20 -5.84909613947975e-21 2.455741563043401e-19 -1.392024620605411e-18 -1.075226626498569e-19 5.038929933636254e-19 -3.185970778291858e-18 -2.479019118545748e-19 -9.712757399575744e-17 2.238602867712202e-18 1.872618826787625e-18 4.633624430338083e-19 5.636356105912316e-19 4.891032620957029e-20 -4.61277795705352e-20 -7.778433252462406e-19 2.168859964778019e-18 -6.966421007906157e-18 4.486357651223937e-18 -3.330636458377032e-19 -1.072813231969382e-18 9.565225435987496e-18 -9.783134750607031e-19 -3.406307422155051e-18 -1.530707649696786e-18 -2.4290018454658e-18 -2.873771478366553e-20 -3.590717705295426e-19 -8.239417641887185e-19 4.002010662913935e-19 -1.377319834443407e-19 1.07456754547343e-18 8.650610560803506e-06 6.795774588398691e-19 -1.419982390274605e-17 3.076646444908134e-18 1.020609059732881e-18 4.804419835582179e-19 4.104482095866457e-18 0.0001931048659803055 -3.518198563482921e-18 1.049710730579993e-19 -2.645257586862056e-18 -2.021087890669744e-19 -1.236503231331356e-19 -6.595753314549263e-20 -3.853858529989119e-19 -2.083182701280872e-05 -1.119726152759898e-18 
1.110760719835248e-16 1.029070492118971e-15 7.906869610024761e-15 -1.922074491412653e-15 -2.78249937774438e-15 2.844973413732627e-15 -2.825300757523788e-14 8.5037220329584e-12 4.905472729910412e-15 1.845312237909891e-15 4.180397443613249e-09 -1.83674714308099e-15 -7.915248199977197e-16 1.740440524743274e-08 -2.036146589984728e-15 -6.692818592857597e-15 2.512769206328095e-08 -1.847941973023036e-15 -3.542362948458469e-15 3.073834588274797e-08 8.597861289878513e-17 1.742462975011189e-16 5.91749922506092e-17 1.404583914597499e-16 6.530497763144275e-16 3.799044412774507e-16 2.516370900969029e-14 -4.466018484300476e-15 -3.776493007584233e-15 -9.082229462691523e-15 6.217248938530878e-15 -1.088599291078853e-14 -3.848917717214956e-15 -2.359223948651035e-16 3.066882689207314e-15 4.982125857950813e-15 -3.5243110858424e-15 2.4052846013783e-14 -1.307989144663629e-15 -8.08870297166657e-16 1.51268337536541e-15 0.8317070418828894 8.350437041903102e-15 -7.136131963848936e-14 9.323325532690933e-16 7.493817375664919e-15 3.078724883850636e-14 1.017571172825801e-14 1 2.241587991850747e-15 -1.17182263914067e-10 -8.42056459560264e-15 1.419231486068319e-14 -2.251237391236733e-15 3.2436347451366e-15 0.8315822651418263 -9.40247254934689e-16 -5.049454718755963e-09 -2.488461969879947e-15 9.883372207621403e-15 2.222614670825523e-15 1.803895953801917e-15 2.347938738203425e-14 -5.525831529023226e-14 -2.504330835842208e-15 3.9267092185973e-15 6.48786580081089e-16 -3.525656058690691e-16 8.916478667424218e-16 2.032336972530002e-15 -1.841929386978755e-14 -3.061396627571215e-14 1.408898606291206e-12 -5.696831898077908e-15 2.078198728472953e-15 -7.566863847255477e-15 -2.950412272968101e-15 1.484923298983408e-14 7.663140959862901e-16 -4.968248054045143e-15 4.459661806962485e-13 2.27693298266751e-15 5.490469190961931e-13 -6.436328928162743e-15 3.921030167617272e-13 5.658085220542091e-15 -2.649250719242268e-14 -7.074104079928354e-15 -1.300489664006404e-14 -1.537062578066717e-14 8.324260335698161e-15 -6.080011198371261e-18 -5.051069223226686e-18 3.612561618867914e-16 -1.059265522625723e-16 1.268950239463499e-15 4.498035434622164e-19 -1.976894703703338e-19 1.513317590611e-19 1.530878048446511e-17 -1.247919683083152e-18 1.864490969938507e-18 3.334938819131273e-17 1.259961509168867e-20 1.495224910293039e-18 -1.026561712877804e-16 3.192650137641651e-15 1.707076320751452e-16 -1.030952886600405e-17 4.325628191538611e-19 1.25155398284814e-19 6.679662461551713e-19 -2.081475178015769e-17 -1.673826706427186e-17 -1.2519336696251e-18 -4.878502054189292e-18 3.945259758377899e-17 -1.700316650416777e-17 -1.835405253344802e-17 -7.513182242907506e-18 3.997741401561964e-17 -7.302291547929003e-17 -9.679892522203831e-17 0.0001417460113223836 5.437925578202527e-18 2.009036154619065e-19 -5.610763445948037e-18 -1.794936891357402e-18 2.708064262739872e-17 -1.732442008109879e-18 0.001644395989567685 4.629364003681976e-17 -4.613828168834389e-18 -6.63469657995593e-18 -1.610190475191803e-17 -3.437835418014786e-17 -5.889502175687634e-18 -3.299646227504905e-17 -0.0001959865755274558 6.699095010057881e-19 -1.229422291674701e-18 -6.723151364353829e-19 -3.991417834013027e-18 -1.916775506128758e-18 2.060739755161146e-18 1.760719012654769e-17 
-2.823909823845363e-16 -2.481722335097208e-15 -2.578124347830019e-15 8.231266661433836e-15 1.344607262295985e-14 -5.076716277122692e-15 2.672338804249425e-14 2.469297552901667e-14 -7.268960281818111e-14 -2.834321534592405e-15 -3.786467954789407e-15 -1.464020070836803e-14 -5.155401025579354e-15 1.09895152040531e-15 1.940085573889979e-15 -4.19241712819574e-15 -3.129025507389314e-15 1.311470670236987e-15 6.817678471373217e-16 -1.187022008660847e-15 4.156897879217885e-16 6.055991017187541e-15 5.336697308760843e-15 -2.188501591317912e-16 5.706745568747917e-15 -5.888578343294048e-17 -6.675000450406389e-14 1.098422568184608e-13 -1.787995072103352e-15 1.031952301393578e-13 -1.576091145621902e-15 1.256242550435866e-11 4.304889783037508e-14 1.624297499231997e-15 5.729791647877545e-14 1.099381010504933e-16 4.204316342803139e-10 7.535650576880879e-15 5.527294975836043e-16 9.568749673590019e-15 1.520055971944282e-16 8.330033711459735e-15 0.8317070418023313 -1.584405621032194e-14 3.77968191685792e-14 -2.483594452611022e-14 3.156790150476833e-15 -2.0949360952671e-14 2.241587991850747e-15 1 -9.692116901573664e-15 6.513225290483903e-14 -8.734549542749804e-15 -4.276093368414914e-16 -1.326955039045281e-14 -1.006817453982977e-15 0.8315821220860069 3.02861097458178e-15 2.365600123002432e-14 -2.426119702807205e-15 5.63785184740099e-18 9.259088498602351e-16 -8.960930955631457e-16 2.171570215324094e-14 2.048780253531443e-14 -4.212209465792969e-14 -3.710787645059776e-14 -4.877175052730116e-14 -2.962202965569174e-15 -2.666096510240373e-14 2.080852817266154e-14 -2.721130616910513e-15 2.261504786700521e-14 3.735536426043499e-11 -1.695323572333534e-14 -1.625609378857298e-14 -2.301631112412818e-14 -4.557985943575445e-16 -4.146682999135272e-14 1.676610245729406e-15 1.519502568481452e-15 -2.234323837067861e-15 -7.238486069250808e-15 1.857281689562684e-14 2.322333948419808e-14 -4.204996810840537e-15 3.74570166551935e-14 -8.773906080877235e-16 2.233868472155412e-14 7.086689633585912e-14 1.291772678413456e-15 1.649368180810786e-16 -3.225153157823945e-16 -8.62293998569875e-15 -4.621683869574155e-16 -1.469527050961115e-14 -1.468981646098591e-16 -8.483203715775768e-17 -4.969187201368032e-18 -6.129459291419762e-16 -5.774080754928834e-16 -2.96935068167586e-16 3.330533548619551e-17 -7.488476425235416e-19 3.337870724482552e-17 7.101524229811293e-17 2.894917209337934e-16 2.241397409210492e-17 0.001003380845399655 2.340208817507888e-16 -5.934468555728381e-17 3.145542244466856e-16 -2.958336750302688e-18 0.005133353745633888 3.945743061905696e-16 -3.065809509688011e-16 2.314573885427516e-16 9.278517236485072e-19 0.02585474850815894 1.657683711849017e-16 4.027714778706878e-16 -2.493385475855094e-16 -7.67436772878589e-17 -2.049038061200989e-16 -0.001434975299233281 -2.129757492811619e-17 1.640631210758117e-16 4.069463817169922e-17 -1.049064115565774e-18 2.239009796197609e-16 -1.304015880558845e-17 -0.01476708098832268 -1.008968491630153e-15 -1.410121259589993e-16 -1.146433673199921e-15 -2.371673129262692e-18 7.033192493772153e-18 -8.220830509808456e-18 7.998851204079969e-17 0.001165099943420524 -1.031023210028071e-16 -6.978247808235795e-17 -5.63423335037576e-17 1.670922158513329e-18 -4.060208455508597e-17 -2.360258921828464e-16 
4.594288482401516e-18 -9.976286290964265e-16 -1.185163079744486e-14 -4.031499203940118e-15 -2.036567499635493e-15 -3.365395379601047e-15 1.092493608691747e-14 6.128587221560669e-12 -2.63569548153513e-14 1.172022637571121e-16 3.015926592129695e-09 -8.857065557521621e-15 1.268955070624325e-15 1.21035742192737e-08 -9.637760525760811e-15 2.931157470513068e-16 1.760977422093801e-08 4.490832933659272e-15 -9.74552333572043e-16 2.074236065804411e-08 1.394306383176834e-16 5.817774727346957e-15 -2.119359549316501e-15 2.761083462792572e-15 -4.698745987812963e-15 8.685001503425565e-16 -5.550268090645056e-15 1.255426155933453e-13 5.504971479127361e-14 1.532308351513346e-14 9.112502420071743e-15 -2.14742503517969e-15 2.859266021979897e-10 4.919675822248874e-15 -1.128654462972222e-15 2.650657489838792e-15 3.476280881788224e-15 7.506246756892297e-09 3.608245916250973e-16 -5.536270220964511e-15 5.863382808080898e-15 -7.140815717110845e-14 -1.578335444244688e-14 0.8317070418685139 3.704867901493031e-15 -4.751108429062692e-14 6.715737992319496e-15 -8.949506175951985e-15 -1.17182263914067e-10 -9.692116901573664e-15 1 5.663980571051162e-15 -3.617765809757568e-15 -1.704365815335609e-16 -3.351702596642952e-15 -5.04945474993481e-09 2.989579152713556e-15 0.8315822638228253 2.546141551919165e-15 1.461493988670315e-14 4.800847688899991e-16 -4.928892532417886e-15 5.39905576888807e-16 3.4037985106955e-15 6.523232475567658e-14 6.889110051230951e-14 -4.010333732100235e-14 -1.307640824344995e-14 1.802377691691309e-15 -8.80377585143049e-15 1.0876716195288e-15 -2.06963353057383e-15 5.594049532516109e-15 4.696763813574552e-16 4.275437012075713e-10 -1.413452696615541e-14 -4.703536696197132e-15 -3.094746688481921e-15 -3.43431880362781e-15 6.557254763954405e-16 5.13221409857795e-13 4.07833489236407e-15 3.331813991649497e-13 3.464332906122336e-14 1.947747518990423e-14 -2.646952210590527e-14 -3.728571271490978e-16 -3.223427926760304e-15 3.946761537711035e-14 4.601354020415027e-16 4.556359630252998e-17 -3.415008866360103e-15 1.084077658733475e-15 8.197923631510199e-15 -3.035657662997339e-15 1.199376985113975e-14 1.259222842313e-16 0.003764702431206923 3.479431081537304e-16 4.741457739806199e-15 0.01342874144123147 2.626812052939174e-15 2.458227781749729e-16 0.04866817802951295 -1.257704272221856e-15 2.86011768149084e-15 0.1465714393737395 9.542605421933127e-16 -2.566622206527661e-15 -0.005855663917984452 1.303418481900364e-17 -3.389583382389067e-16 1.647614475186373e-17 -2.668950993441599e-15 -0.02737688761212611 -2.125898706330284e-15 -3.090462246357475e-16 -2.379942014275596e-16 2.474385799126119e-16 -0.112700029933337 1.429164810704627e-15 -3.29186194922254e-15 8.541412478194896e-16 -2.98661677983412e-16 2.713803512605614e-15 0.004634498222650781 -1.438025319363464e-15 5.042382868182731e-16 2.532108084615106e-16 -1.664771998174167e-15 -1.086267874177373e-16 -2.230169588323066e-15 0.04090226573701385 1.520178977351431e-15 1.930586204200071e-15 1.819766113430748e-16 -1.082019019111223e-15 -1.461279950960967e-16 7.368643914584627e-17 4.834800240073578e-16 -0.002440508915896806 4.304445971111016e-16 2.093581174214328e-16 -1.417143460852882e-16 2.139852799972074e-15 1.596998293488702e-16 
8.933426267813455e-12 1.78864824078565e-16 4.73888806902284e-10 9.83784159326863e-09 1.29258772416359e-08 3.173482842338533e-08 -1.867275323506593e-14 -3.319366266986601e-14 -1.874731446900988e-11 -1.929446333138512e-15 -3.224851187506834e-15 -7.880988370260168e-09 2.275749054703566e-15 1.46454588999218e-15 -3.669558823741833e-08 -3.388368162814923e-15 1.485365539183566e-15 -5.18206432657176e-08 2.443868841908091e-16 8.656543404522724e-16 -7.024357187417995e-08 3.244610527175665e-16 1.074864481520599e-15 3.060061470127878e-16 1.27803679538051e-15 -1.970917554977831e-16 3.683713762385314e-14 -5.547038524224157e-14 1.030051552914464e-12 -5.767141729684359e-14 -1.800426128040658e-15 2.255357361889181e-15 -4.706998686295524e-14 2.296504785504938e-09 -3.772687462850045e-14 -1.795221970021599e-15 -1.330967910394978e-15 -7.105438482923421e-15 4.69570461793608e-08 -7.569911420863564e-16 1.089409586984168e-15 9.210297457368041e-16 3.79218141350358e-14 3.770489238532592e-15 0.8317070419883864 8.701295030456005e-15 -3.344546862447142e-15 7.212668506634376e-15 -8.42056459560264e-15 6.513225290483903e-14 5.663980571051162e-15 1 1.320124565630804e-15 -6.973588375204541e-16 3.200347973798029e-15 -2.481630874613475e-15 2.362823543929957e-14 2.545707227719344e-15 0.8315824635985545 -2.175777369926396e-15 1.249001024934816e-16 -1.708702983263066e-16 -1.200997851790773e-15 -5.741934706794588e-15 -1.233313852801826e-14 8.38305119957272e-14 6.686465076726825e-13 7.79735569909326e-14 5.778634950341688e-15 7.531139342347538e-15 -8.314556727309962e-15 -3.155028327748689e-15 -1.633068681501224e-14 1.551059628963518e-15 3.661654321050206e-14 2.030914918214307e-09 2.808040264753655e-14 1.155325837907269e-15 9.893127990866257e-15 -1.555016971984058e-16 9.448015560003136e-15 -2.785911692946422e-15 3.669536463723921e-15 -5.672840535205539e-14 -3.149390471355278e-14 -1.815266687381067e-12 -2.636261977549579e-14 3.642919300383356e-15 -1.273102717288425e-14 1.260866411566964e-13 -2.015287893621991e-15 0.05481409969303722 0.1239195685028757 0.1554461697523963 0.1917584875312351 0.1240407763979961 -4.383619323457645e-15 -8.784924491141247e-15 -0.0129661849434996 5.36335051018791e-15 8.342158761450777e-15 -0.04284547917014529 1.893321194226115e-15 1.791672307227181e-15 -0.12835187008423 -9.730384157430782e-16 -4.047326710812915e-16 -0.2458992636895061 7.549358095246205e-15 8.332711726732923e-15 0.01012481281455432 5.859863393311794e-15 -4.793005187380323e-17 -2.20241783147287e-15 -6.053325076865528e-15 0.04227240029395136 -5.772037777657613e-15 1.646081257669764e-16 3.068198762211597e-16 -1.527119936118429e-15 0.1338071447821707 1.623957824868325e-15 -1.236549518661203e-16 -2.736867082541149e-15 -6.89774568990384e-15 7.210970715431874e-15 -0.00517933576436348 4.014712203535631e-15 2.74887889110532e-17 -8.496390218174377e-16 2.832005426002823e-16 -1.585114684876638e-15 1.305539378143761e-14 -0.03859993665389621 1.440079057934946e-14 -9.268277524371107e-17 -9.998972226068637e-16 3.186512149578667e-16 1.058470862846797e-15 7.351232665217339e-16 -2.767126902182812e-15 0.002101306676455206 1.155730445475089e-15 6.134275168958961e-16 -1.260912959836112e-15 4.609027225171125e-16 
-3.469391103467478e-16 2.286116553547841e-15 -1.63394417485841e-14 6.357628924941994e-16 1.69981395119704e-15 -1.621859819878528e-15 6.114803542500276e-12 1.098418773564874e-14 -1.074139421162948e-14 3.015925889566643e-09 1.329231964534861e-16 6.463472105122293e-15 1.210357404580062e-08 1.27470136409178e-15 -2.07761762672559e-15 1.760977383409227e-08 3.436398595447095e-16 4.215658284078693e-15 2.074236116893624e-08 -9.651194769076539e-16 3.14195992831115e-15 -5.749862934352837e-16 -4.69570549687419e-15 4.157793505498369e-15 -5.916159887197559e-15 -5.063429419073955e-16 1.976717401041721e-15 1.531336635316169e-14 4.83902604442377e-14 1.246465682374898e-13 8.374038767802652e-16 3.348016312137364e-16 -1.135322306341363e-15 6.872351057563956e-15 2.859288344076353e-10 -1.830721459643369e-14 1.561252680589787e-15 -5.537462845221396e-15 1.120637914374098e-15 7.506242235762163e-09 -2.420217506164674e-15 7.53683987299563e-15 -2.482072165195912e-14 -4.751240566202457e-14 8.651076139818695e-15 0.8317070418685266 5.80312436608031e-16 7.115185177751111e-14 1.419231486068319e-14 -8.734549542749804e-15 -3.617765809757568e-15 1.320124565630804e-15 1 -5.972707138556965e-15 1.17181552677441e-10 9.898551075090473e-15 -2.424601385077722e-15 1.463597341319828e-14 -2.17255241665577e-15 0.8315822638228322 3.903128202357708e-17 5.049448550031786e-09 1.144050132502772e-15 1.986014434671435e-15 5.085081661731727e-14 -1.306635904456286e-14 -2.746320017333558e-14 6.014647953609583e-14 -1.002622057727413e-14 -4.253799461468432e-15 7.391792257029478e-15 1.940114738828659e-14 -1.789800947414058e-15 2.68292332929802e-14 -4.68863908069057e-15 5.240599652031838e-15 4.27532549022688e-10 -8.194779509839996e-15 -3.869517555924874e-15 8.790548617382213e-15 -4.211532517396818e-16 2.309296417479486e-15 -1.699562799665867e-14 2.593984191075605e-14 -3.742530374462868e-16 -2.833260156673371e-14 1.980837369297471e-14 -8.26251163369419e-15 -3.321206157593001e-13 2.710884902201859e-15 5.17114129338211e-13 -3.801617299515457e-15 6.912503600400406e-16 -6.337637695754204e-15 -1.212180380588049e-15 -9.823478288089856e-15 0.003764702431206904 1.26142512797604e-16 2.142525099455485e-16 0.01342874144123118 4.739289335519174e-15 1.869324401235523e-15 0.04866817802951134 2.406185676283442e-16 -1.926805003585404e-15 0.1465714393737394 2.863558911657991e-15 -1.148782505579555e-15 -3.786166716727914e-15 -3.392090599911655e-16 1.494216444318732e-18 -0.005855663917984618 1.473111758307827e-16 -3.057150370708782e-15 -3.014838888414069e-16 -1.85574255763068e-15 -0.02737688761212713 1.882438129024711e-16 8.448264264976861e-16 -3.309210533942569e-15 8.191878641479228e-16 -0.1127000299333332 -8.634352109548989e-17 7.264156403106365e-16 4.094027306436199e-15 5.043128257232885e-16 -1.556268857144205e-15 0.004634498222650107 -2.709752009935616e-16 3.988466857935532e-16 7.739507467065174e-16 -3.572408257226484e-15 1.915191089473354e-15 1.0249884708082e-15 0.04090226573701398 5.642613024636886e-17 -5.441780375451623e-17 1.098167818970689e-16 -3.37968191807037e-16 1.127004132379711e-15 2.06468041166714e-16 4.71210315253296e-16 -0.002440508915896678 6.960859541724798e-17 -9.860539872240664e-17 1.077809216913916e-16 
1.327083606081975e-17 -3.820298586719737e-16 1.931831432383715e-15 -3.651594588556766e-16 -5.00468248391015e-16 -1.288911735515352e-15 -1.179663463299096e-14 -1.152550277469932e-14 2.478919847237914e-15 -2.95239116020942e-15 -1.477117152021334e-15 -1.259409409859651e-15 1.083664211394459e-15 -4.97086911095681e-15 2.49108115271505e-15 1.041815873221393e-15 -7.147101921402305e-16 3.216225691366678e-15 -6.990072058828929e-16 -6.188821360601142e-16 3.469502664004109e-16 -4.556131989886723e-17 -1.328798182633605e-15 -4.256410043237743e-17 -1.44316531232872e-15 4.54241979701994e-15 -1.582311755621664e-15 -1.781040592832578e-14 -1.028594459525537e-17 -1.412607010568793e-14 -6.933687023157655e-14 1.034328873573631e-16 -9.395262357127405e-15 -1.54010919981987e-16 -3.104829765060215e-15 1.252614123555635e-11 1.249002144400005e-16 -2.650661621024154e-15 8.449779010422119e-16 2.495620467634741e-15 4.20366438796431e-10 3.073642685936661e-14 3.164867456732052e-15 6.684269023876214e-15 -3.196228004572062e-15 4.790276248711084e-16 0.8317070418207418 2.763415852557011e-14 -2.251237391236733e-15 -4.276093368414914e-16 -1.704365815335609e-16 -6.973588375204541e-16 -5.972707138556965e-15 1 1.209470891649111e-14 2.290702831414545e-15 3.469447047266711e-18 5.564126699326207e-16 1.249001476597769e-16 6.819633074583367e-17 0.8315821779726017 -1.663600163064404e-15 -4.70027933687589e-14 4.662589758853938e-14 -2.976460224203297e-15 1.280052452957224e-14 4.89029389912565e-15 8.560982326916925e-15 4.252522813165673e-14 6.250084000860219e-14 -2.086791026492404e-15 -1.092940843789762e-14 -8.978928716532529e-15 -4.618701256850641e-16 5.377642786130303e-15 2.771654450033886e-15 2.990988539132605e-15 3.734925485176697e-11 9.634654190807909e-15 5.412337265174928e-16 1.489349550844759e-14 -1.183420765927527e-13 -1.058289740591141e-14 -8.89882650013592e-16 -5.559246639566856e-15 4.395789288241837e-15 -2.074566646997421e-15 2.079725280934198e-13 -1.502368108431245e-14 -5.228456556732651e-15 -1.045398576759928e-14 1.245407944743267e-18 -8.991254735343882e-18 -2.756041907105376e-16 -1.474514954619438e-17 -4.154662779614049e-16 -8.411642658612906e-18 3.300924121951657e-17 7.514735384012718e-19 6.76986414297043e-17 -4.730058947700871e-17 5.825068836575247e-18 -7.440416818220263e-18 1.017667734505995e-16 -5.971741096982204e-18 -2.778581469258332e-16 -3.550762114984225e-16 -3.828317871147892e-16 -3.199483709889667e-18 1.54852999739997e-17 4.302672552174921e-18 -3.284017638452544e-17 0.001003380845422127 9.976968538923007e-19 -2.861184941187953e-17 -3.277793133222547e-18 -1.224160052950807e-18 0.00513335374574516 -7.588911947337755e-17 -1.237887830468226e-16 1.66255626891512e-17 -6.998691783191333e-17 0.02585474850873368 -6.361340297715945e-16 -1.442086900403442e-18 5.577571208916157e-18 -7.75218528881862e-18 -6.672386775826335e-18 -0.001434975299264974 -4.517087364608914e-16 5.498832014604751e-18 -1.687936026416824e-18 4.196468565586006e-17 -2.071048495652113e-17 4.244814232502252e-17 -0.01476708098864754 3.939553334543371e-17 7.893566162266987e-16 3.992526445795506e-16 2.015857114483761e-18 6.2220084635553e-18 1.251013172787982e-17 9.957596715942805e-18 0.001165099943446057 2.747764243578428e-16 -1.744824304157056e-17 
3.612771772251157e-17 3.269086602568023e-17 -4.253108285734562e-15 8.866609426202964e-16 1.295622956828444e-15 -3.406161766990238e-15 -8.50639610919689e-12 3.913774686679525e-14 -2.129833852901806e-15 -4.180402165530914e-09 8.288509398574272e-15 8.990205602046813e-16 -1.740439421801862e-08 -1.089410504943097e-15 -2.065637105026032e-15 -2.512769424557537e-08 -4.688984586164045e-15 -2.203131946246652e-16 -3.073834285729458e-08 1.867488772301501e-15 2.459010013296897e-16 3.553472620681459e-16 9.438769770667091e-16 -1.617847686322004e-16 -2.57030242046253e-16 2.551669972022093e-15 -2.340662386372775e-14 1.933823652622542e-14 1.914440150655655e-15 2.511622095452923e-15 1.707122399343735e-14 -3.601285939957264e-15 1.292585831679902e-15 -3.606761189696662e-15 -2.324529460763056e-15 1.593527838231271e-14 -8.67362600342678e-15 -2.739132657009354e-15 9.66680306185417e-16 -2.441670483253389e-14 -1.699817227564421e-15 1.025529894399006e-14 -2.0902482763265e-14 -8.968994710159397e-15 7.17149592821367e-15 7.118264312044548e-14 2.769446727348792e-14 0.8317070418828733 3.2436347451366e-15 -1.326955039045281e-14 -3.351702596642952e-15 3.200347973798029e-15 1.17181552677441e-10 1.209470891649111e-14 1 1.762045741146092e-15 9.835882379737053e-16 -4.897125385307289e-15 -1.660998491572004e-16 5.049448480689033e-09 -1.604619372108176e-15 0.8315822651418326 1.619884782031216e-14 2.031049482450003e-15 1.303644692328641e-14 -1.875993663989054e-14 -1.285142782253367e-14 -3.498984685244831e-15 4.325966668655458e-16 -5.722074832768485e-14 3.437528209750427e-14 -1.970645872091845e-15 8.201989439921128e-16 3.264749583490433e-15 -6.409586416416087e-15 -4.867417262131562e-15 -1.345169638155463e-15 2.474583044392317e-15 1.400375042486723e-12 -4.673724532772131e-15 -1.927804975311894e-14 2.525665224093464e-14 -1.299240121002483e-14 9.432396271253809e-15 2.746067262749574e-14 -1.083502523380883e-15 -3.979143404068397e-13 -1.916810487655465e-14 5.5638306467684e-13 2.16120185463289e-14 -4.503515616439587e-13 5.972993549825649e-18 -3.611645917062802e-18 6.371555435984443e-16 -6.589566929215717e-17 1.270180131319177e-15 2.102211885250323e-19 -5.738243870760975e-19 -8.657509762020472e-20 3.935992920014723e-18 -2.531657753496852e-17 -2.281908951512235e-18 3.636233033593559e-18 -9.756798352447109e-18 4.248428215935233e-18 -3.121255424576266e-15 3.959329251492803e-16 1.090692033158794e-16 1.508246212336912e-17 4.7993623111043e-18 1.278212019509744e-19 -4.617675972475403e-19 -1.4489953802531e-17 1.690798612687091e-17 -2.784713811624428e-17 6.601783459199321e-18 2.041781055661999e-19 -1.446354120685905e-17 1.765343717198944e-17 7.562231747470886e-17 -6.385873372482542e-17 4.173754848018718e-18 2.150689445190677e-17 -1.742725517487166e-18 -1.133624151699421e-17 6.694520401880504e-19 5.172178086341704e-18 -1.665904832642663e-19 1.803012397839687e-17 0.0001417460113223791 -5.87678844844547e-18 -4.729196703239801e-17 6.609606567556117e-18 1.535357203642055e-17 2.709596359997025e-18 -2.11158776460246e-17 0.001644395989567677 -5.214028412180843e-17 2.079109782193174e-18 -7.678674711326741e-18 -9.383899380508086e-18 -6.035168517167833e-19 2.254958764515935e-19 -2.154971302326977e-18 -0.0001959865755274562 -1.973132583500753e-17 
8.107091290324596e-17 -8.552730634766997e-16 1.318390119718732e-16 2.595148053295124e-15 2.914339112451274e-16 2.359246741024286e-15 -5.610937156974352e-15 3.707388647927236e-10 1.365823973778637e-15 -2.936454003997901e-15 1.577821037639099e-07 -1.577731541208486e-15 -8.582145306533343e-15 6.31696347794848e-07 4.518988695116146e-16 -2.007954420410905e-15 8.8950625997982e-07 -1.257693698022284e-15 -1.224753692657395e-15 1.165374985254961e-06 1.617655956953686e-16 -1.976954932562496e-16 -5.199610248061075e-16 -3.969264987498774e-16 2.277471697481695e-16 -8.78529204963148e-16 1.234249236236541e-15 -3.022918922396343e-15 -5.6586691676457e-15 -1.186421680226745e-14 1.700029363670361e-16 1.720195529970801e-15 5.349758226008829e-14 -1.769418333102198e-15 1.528047759709868e-15 -9.561797874824603e-15 4.076605077780777e-16 4.210721025395727e-11 -6.175652961472596e-16 2.890054442674983e-15 -1.193493555992154e-15 0.4919069260884918 8.415186007758401e-15 -2.415877034235151e-12 -4.811446306991333e-15 1.369677635684468e-14 -1.568065668517822e-14 1.202534960774712e-14 0.8315822651418263 -1.006817453982977e-15 -5.04945474993481e-09 -2.481630874613475e-15 9.898551075090473e-15 2.290702831414545e-15 1.762045741146092e-15 0.9999999999999999 1.904076307665375e-15 -1.805454670826308e-07 2.2269527534032e-15 3.502408157800089e-15 -2.865764064271813e-15 2.851452911941162e-15 -2.328815256230239e-14 -3.595627156306744e-14 -5.309637309928964e-15 1.913183555569349e-15 -7.075938545317985e-15 8.135507104753157e-15 6.239801654206355e-15 6.598401598105582e-15 -2.714495865582948e-14 -8.36570573422488e-16 1.258907861398621e-10 1.06685516234328e-16 1.564410825269259e-13 6.317864263997316e-15 7.574237983227747e-16 3.573531119563243e-15 -1.212029863921486e-15 -2.470246757964288e-15 1.461973904930795e-11 -2.376674660685551e-14 1.885605262898134e-11 -1.824536456814816e-15 1.346801252351785e-11 6.603009458307045e-15 -2.707147683815064e-14 4.346391451670826e-15 -1.032301631397604e-14 -1.924676101012503e-14 1.009457486823266e-14 -1.862895481032729e-17 3.747105139412223e-17 2.380474776774881e-15 -2.597748951118859e-16 2.648923339186088e-15 4.227622559772768e-18 -9.454967824139446e-19 3.337237111659679e-19 8.185558193343158e-17 -6.10233227809733e-18 1.004959446497631e-17 -7.354188435665989e-18 1.403322130232488e-17 -7.076008849071281e-18 4.693563012886263e-16 3.618927750091759e-13 -1.350916190773804e-16 -1.970034206979721e-17 3.679027880070987e-19 -2.353321273436353e-18 8.893650640542165e-19 -6.976397427128661e-17 -2.857647209286715e-17 -9.508634424792537e-18 6.605892229674897e-18 1.52693009024895e-17 -9.751601616782471e-18 1.773904416479098e-17 4.078633904628763e-17 2.847725367038436e-17 -5.586467887034283e-17 -5.985474876156552e-17 0.0004594908202317382 7.833322788054512e-18 1.140187099797833e-18 -1.136307237844984e-17 -4.983243064274959e-18 5.237082118958996e-17 -1.125304075404068e-17 0.004485596174409911 3.297260844423523e-17 -5.646005175394275e-19 8.753028557895799e-19 -6.514797860648426e-17 -8.167718080444595e-17 1.179553194659745e-17 -6.398647295305342e-17 -0.0003648962587709231 -2.319545901141807e-18 -3.529180905380792e-18 3.060871649593384e-18 2.294169246451184e-18 -1.257032926295053e-17 4.830841829127989e-18 6.222816801069997e-17 
1.134778274817877e-16 4.036802965707151e-16 -2.374402824628251e-15 -2.377439677356873e-15 -2.335807677420098e-15 8.111643930717848e-15 -1.634163769329952e-15 -1.157819531774722e-15 -2.61435845431182e-14 -3.288168688698202e-15 2.196160147661252e-15 -1.09157492132695e-14 2.185759990067867e-16 1.543909834254292e-16 8.803786348654337e-16 2.81720724238054e-15 2.482403672319325e-15 -1.627195135501846e-15 -4.128772317336356e-16 -1.387822627676087e-16 -1.255959998806779e-15 -5.461299075661387e-16 6.652889176695393e-16 -2.430472633614035e-16 1.652120868304171e-15 4.123938835569537e-17 1.297382647106343e-13 3.934613160024593e-14 1.327161751368913e-15 3.906554007030572e-14 6.936454639394334e-16 9.945700136497474e-10 2.891784117202113e-15 1.4404710587718e-15 -3.608224933281587e-16 -4.943962076400691e-16 5.17542587879822e-08 -3.445166311318049e-15 -6.245041179770182e-17 1.908198863267807e-15 2.688829467808936e-17 8.409343331140203e-15 0.4919068362327306 -5.16363496092573e-15 4.536429407939774e-14 -4.743032269093446e-15 1.532357182538832e-15 -9.418247690436566e-15 -9.40247254934689e-16 0.8315821220860069 2.989579152713556e-15 2.362823543929957e-14 -2.424601385077722e-15 3.469447047266711e-18 9.835882379737053e-16 1.904076307665375e-15 1 2.058249886131552e-15 1.83707305553344e-15 -2.840610356966217e-16 -1.699161857251499e-15 -3.025358460829891e-15 -1.632645886246186e-15 2.653595732009474e-14 2.867451905896233e-13 -2.817147634217776e-14 -1.381696444515342e-14 -2.529660578271261e-14 -6.157726407633891e-16 -3.952741020846093e-14 4.500143870735977e-15 -9.26342363091647e-16 -2.894819881481865e-16 2.567180954339835e-09 -1.804979829803366e-15 8.171848886557069e-15 -5.752343215404115e-15 8.331009741085576e-16 -2.775557639173627e-17 -2.341876765489764e-17 -2.148292453632536e-15 -1.089406372812842e-15 -8.158784202201979e-15 -5.362047758643738e-13 9.963818238604945e-15 -9.512973081593925e-15 1.135512071463221e-14 -1.33829854086505e-15 1.354168550600356e-14 2.885721602388664e-14 -3.505496770399137e-15 6.820398174795224e-16 -1.434721460541518e-16 -2.648472184153817e-14 2.860406624460971e-15 -2.830838434687812e-14 -2.982329704375135e-16 -1.736992184989496e-16 -1.241921729639465e-17 -2.728258455710844e-15 -2.490885139876129e-15 -5.774317141468608e-16 1.049438910341838e-16 3.757524242573537e-16 -1.189246243593967e-15 -2.253947958241157e-15 1.470774497451541e-15 2.044435200020527e-15 0.003308252261332847 4.679070539368977e-16 -2.616171596693275e-16 5.590271180767117e-16 -7.005924965535809e-18 0.01494423721010626 1.419616731563934e-15 -4.073135762670927e-16 1.028541698508996e-15 8.857131943980078e-18 0.06143131309526006 -1.805992877725482e-16 -4.79078360722255e-16 -1.867479001054172e-15 2.315466926552524e-17 -8.219520640695852e-16 -0.002491705844612679 6.219534025010224e-17 4.14495679609589e-16 -1.450397481280252e-16 3.683250298155579e-18 8.513392386795534e-16 -1.634443760152393e-16 -0.02253685634762633 -1.563647831135112e-15 7.24677863366125e-17 -1.406832719663177e-15 2.937560299467929e-17 4.683471875225253e-16 -4.607513004000855e-17 1.597750293898323e-16 0.001053100919340604 -2.438634792825763e-16 -8.072001251373401e-17 -1.819544315113322e-16 7.416923493642924e-18 -2.788824009085873e-16 -7.627652939636019e-16 
-2.056588263240081e-16 -1.14884796446173e-16 4.028028746637996e-15 2.206569727556048e-15 1.491864064331663e-15 1.151867522533476e-15 3.545219864003645e-15 2.677831392465141e-10 -4.738506574195913e-15 -6.898184061954953e-15 1.011608222494645e-07 -5.022026163902841e-15 -5.042644611050559e-16 2.695254322524265e-07 -4.248369779742294e-15 2.897547608028449e-15 3.988166028835723e-07 2.425180391421179e-15 -1.747030469354662e-15 3.643629506140392e-07 5.835704686812464e-15 6.65651593557034e-16 3.606885781132068e-15 1.795412063654256e-15 -2.411334686707165e-16 -1.244339090539337e-15 -3.892245946083569e-15 3.806486945978083e-12 9.75782156909748e-15 5.032596474261914e-16 2.392184167784046e-15 -1.652487084316361e-15 1.698691697600597e-08 -2.969847231215039e-15 2.998578571690532e-15 1.915135126533841e-15 3.634683727577151e-15 6.332348581396708e-07 6.42545463216926e-15 -2.135882064999879e-16 -1.401661031861646e-15 -2.415885699534901e-12 -5.180332603324152e-15 0.4919069243953071 2.398635172043671e-15 -1.146165241156646e-14 3.252986660537861e-15 -7.824417645420353e-16 -5.049454718755963e-09 3.02861097458178e-15 0.8315822638228253 2.545707227719344e-15 1.463597341319828e-14 5.564126699326207e-16 -4.897125385307289e-15 -1.805454670826308e-07 2.058249886131552e-15 0.9999999999999997 1.887814080269085e-15 1.391248802814623e-15 4.711510394527224e-15 2.023772618669402e-15 -1.84430959173907e-15 1.037798533993307e-15 1.290970635615523e-14 3.632585801137276e-12 -1.183081655133265e-14 -1.856872787009368e-15 -4.347217929272488e-15 -5.954819032781274e-15 1.920339284798294e-15 -2.760812987075213e-15 2.793599264531972e-13 -6.997875951337276e-15 2.245220373083193e-08 -9.214853062818095e-15 8.398150464958041e-15 5.509482910994737e-15 2.719179611993214e-15 1.783296108456787e-15 1.79325133501379e-11 -1.419220937105369e-16 1.164964546350398e-11 7.275079396140134e-15 -1.949565911962147e-12 -8.06500215721862e-15 -7.30063946763931e-15 1.161370502141983e-15 8.089667761740251e-15 7.492922762670156e-16 -2.692670861992339e-15 -3.410287446880675e-15 1.472106297130586e-15 9.464046034752569e-14 -3.894888689425217e-15 6.627859441503672e-14 6.251705887029513e-16 0.01285155854424029 6.653386087450353e-16 8.855647009022001e-15 0.04144442560774934 6.170988393332361e-15 -3.505481231883951e-15 0.1238576386817275 4.050408629367066e-16 -4.840549501472205e-15 0.2960944643243162 -2.006208114606469e-15 -1.055248123785874e-14 -0.009325991692942678 1.224013219759022e-15 -4.75962779220108e-16 1.258153097756284e-15 -1.923536244978981e-15 -0.0395654285675214 -3.521637647934093e-16 3.221424516920711e-15 8.663332683184631e-17 -2.380156707728829e-15 -0.1402541184403191 -2.296503306287493e-15 1.960023739904899e-15 -2.351634998152661e-15 -1.045544325227614e-15 4.026479098986848e-15 0.003319502243357537 -2.989793855958119e-15 1.697619106055038e-16 6.123952626563499e-16 -7.038453447718583e-15 -1.146985338626185e-15 -5.179049075203289e-15 0.02636592955754651 1.164026586255994e-15 7.831175574064026e-15 1.658059078364554e-15 -8.897350180034037e-16 -9.906118188465674e-16 -2.149436382509968e-17 1.652465974663113e-15 -0.0007205906531502 9.227757931670824e-16 4.316329414518425e-16 5.555898425484741e-17 4.549452265579018e-15 7.980650021152606e-16 
5.476547091762792e-10 -2.767010152862613e-16 2.190892130242172e-08 5.560038053969049e-07 7.666295552556831e-07 1.961924199904882e-06 -4.862432137238739e-15 -3.74602864729163e-15 -7.188503826808242e-10 3.482025561454125e-15 2.923010622020263e-15 -4.001269979486108e-07 1.372172142113157e-15 1.998409997110445e-15 -2.202885925057445e-06 5.019453619089731e-15 -1.245539208054762e-15 -3.063046995349178e-06 -1.602935827450988e-15 4.302252004413912e-16 -4.521122475428033e-06 3.354014313528668e-16 -8.822157130909394e-16 -3.519102156355797e-15 9.688162955282529e-16 -1.790379657168339e-16 1.598743574056219e-14 -2.406929928796417e-14 3.737995480705952e-11 -2.692866699121411e-14 1.711413915587922e-15 6.275798744706505e-15 -2.838008913957664e-15 1.014895078462164e-07 -4.39318922652677e-16 1.602017877195926e-15 2.220449276851216e-15 5.842560498125625e-15 2.618490047128435e-06 7.441978781757421e-16 3.577012101837127e-15 -4.873816265278667e-15 4.534509618492021e-14 2.379580916429837e-15 0.4919070487319677 4.224178965704514e-15 4.111296527025205e-16 1.93245573506241e-15 -2.488461969879947e-15 2.365600123002432e-14 2.546141551919165e-15 0.8315824635985545 -2.17255241665577e-15 1.249001476597769e-16 -1.660998491572004e-16 2.2269527534032e-15 1.83707305553344e-15 1.887814080269085e-15 1 1.889331964321679e-15 -3.247404156128423e-15 -1.286298318713512e-15 -5.112151117349495e-15 -1.59542591388399e-14 -4.165127189621933e-15 4.462925137163713e-14 2.17164217954217e-11 4.142621852686453e-14 2.296503886792855e-15 1.382109038437756e-14 -4.529798757887926e-15 -1.427244397920995e-15 6.730730182742151e-16 8.699642232781388e-16 1.143530242990046e-14 8.112054570712446e-08 -1.516387542144592e-14 -2.844947814238448e-16 2.525758542802213e-15 -1.029240646345734e-13 6.624173385542083e-15 -2.474367334909546e-15 9.01297680093902e-16 -2.579789781588193e-14 -1.985728033283799e-14 -6.189987133056387e-11 -1.271552892113751e-14 1.620232470988018e-15 -7.142401933302776e-15 5.562193888103736e-12 2.870589200890865e-15 0.1613859805800811 0.290179300480144 0.3272996079566642 0.3697007276124187 0.2454593616770778 -1.708108667983303e-14 -3.799063991465246e-14 -0.01849869902541894 -3.299964443786303e-14 5.08046306354532e-14 -0.05615218633470982 -5.166136918570485e-15 -6.715804604846045e-15 -0.1431344502627545 4.379067481604027e-15 -2.367340268278478e-14 -0.2228627891300433 1.640810084374155e-14 1.712919336410864e-14 0.005894573878393532 1.024970986198987e-14 2.506024709796269e-16 -8.184375560749103e-15 -4.177627586655274e-15 0.02261480904585962 -3.630902058902543e-15 -5.529347204613004e-16 2.951179438259526e-15 -3.256639890568723e-16 0.06237823278754169 2.320926398982265e-16 -9.551825528242545e-17 -7.654470696226682e-15 -4.162127026109021e-15 6.664997128663244e-15 -0.001595917657912887 8.415109685757505e-15 -2.485314439921309e-16 5.864743685207735e-15 1.097173609747762e-15 4.74980898039608e-17 1.892813802000971e-14 -0.01186012626486611 1.706522922608403e-14 2.355712933144584e-16 -3.025016384407042e-15 1.69666400073846e-16 1.399792561643727e-15 7.142757248947879e-15 2.645920090089263e-15 0.0005187731915424702 4.422179504966599e-15 1.115661562309748e-15 -3.392434834512965e-15 1.292427902756494e-15 
-3.913822777950426e-17 1.311492498516604e-15 3.967028809257041e-15 5.388949163761679e-15 -5.373421140431797e-15 6.310768167976611e-15 2.677762146626487e-10 3.566646413865781e-15 4.297940930350927e-15 1.0116082036382e-07 -6.948748555065185e-15 4.823617099137248e-16 2.695254271002761e-07 -4.797071830056603e-16 1.129205064720702e-15 3.988166053642385e-07 2.9063296980659e-15 5.173891643357415e-16 3.643629530947722e-07 -1.745295690759139e-15 -3.582262240864368e-15 -2.123396841145377e-15 -2.417834607129605e-16 2.089954136307968e-15 7.469344735443143e-16 1.432407217881435e-15 -3.122502902111283e-17 5.151723212584636e-16 9.220531518949049e-15 3.807886739363498e-12 -6.294242145556379e-15 -1.769418312898534e-16 3.042705609282385e-15 6.37077333915726e-16 1.698691801944238e-08 4.612197026876674e-16 1.193491184619057e-15 -1.940725328096331e-16 1.774199169830213e-15 6.332348573972094e-07 -1.985614181429005e-15 1.373061020071567e-14 -4.719004483585153e-15 -1.145741046968988e-14 4.235284196224617e-15 0.4919069243953066 1.267602008210531e-15 2.413029476741383e-12 9.883372207621403e-15 -2.426119702807205e-15 1.461493988670315e-14 -2.175777369926396e-15 0.8315822638228322 6.819633074583367e-17 5.049448480689033e-09 3.502408157800089e-15 -2.840610356966217e-16 1.391248802814623e-15 1.889331964321679e-15 0.9999999999999998 2.660632940944819e-16 1.805454640156381e-07 8.153202022178799e-15 3.717865543125574e-16 2.014187844245108e-14 -1.849584914024948e-15 -5.7040430184557e-15 3.634312539990537e-12 -1.066616633694056e-14 -2.440187228892003e-15 8.896517632734767e-15 5.172946482851576e-15 -1.932373932398524e-15 6.172147405765499e-15 8.455287931368191e-15 7.283238061792501e-15 2.245220589988732e-08 -4.999257262003449e-16 -2.805996034740719e-13 2.050226739477008e-15 -6.930018430902725e-16 3.04335612716178e-15 -1.072547220803273e-15 2.675811514725819e-15 -7.264833683492651e-15 -4.95544192121641e-15 -1.944443706159822e-12 -4.095415310802472e-15 -1.164878070367248e-11 3.25774359855283e-15 1.793620831190533e-11 -5.221583880437042e-15 2.616136218078601e-15 -9.337806929414932e-14 5.256640123247664e-15 -9.389865083014159e-14 0.01285155854424026 6.23859381429602e-16 3.844488728545692e-16 0.04144442560774663 8.859983818815204e-15 5.038527752308826e-15 0.1238576386817254 -3.50786885281962e-15 -3.011563681903474e-16 0.2960944643243126 -4.841721795313438e-15 2.259403255529617e-15 -1.554325561388517e-14 -4.751496274234854e-16 1.050107494986614e-15 -0.009325991692943085 6.609779142953895e-16 1.599345587000286e-16 3.216220900962715e-15 1.966018959353525e-15 -0.03956542856752288 2.173527960710421e-16 4.521090112356925e-15 1.959993140833385e-15 -2.613692712809363e-15 -0.1402541184403236 8.580806576945169e-16 2.566645054702949e-15 7.651262838730982e-15 1.698161206736324e-16 -3.037489692059473e-15 0.003319502243356982 -5.121145132734022e-16 1.398538735439594e-15 2.944440057369997e-15 -7.208660829105738e-15 7.843110417271962e-15 -8.564673855578741e-16 0.02636592955754689 3.071202937664047e-16 4.564224215321558e-16 -3.568219266845001e-16 -6.412804652966386e-16 6.159119090883472e-16 4.342079254524103e-16 3.531364528240095e-16 -0.0007205906531497434 -4.42039524753313e-16 -1.586584461315323e-17 8.368405709113796e-16 
6.54076311245031e-18 4.278332070561218e-17 -2.715709868755058e-15 -1.205633485398334e-15 -5.759288550572006e-16 -1.807599137953846e-15 -1.735292851543274e-15 -3.152426544507086e-15 1.613292990173168e-15 4.252675339560315e-15 -3.016684648376647e-15 2.539635752069809e-15 -1.301047704455387e-16 -3.32547793258798e-15 1.103292317389009e-15 5.347316461924672e-16 -2.532711122274154e-16 -1.790261724631701e-15 1.36310213279592e-15 1.377414054648376e-15 3.60828312276335e-16 4.55834001443826e-17 -2.404218552222751e-16 2.352965543109883e-16 1.632561932812609e-16 -1.996472309955423e-15 6.903115906201207e-16 -4.760081682830877e-15 -1.979397606379192e-16 -5.986992086059175e-15 1.101672029652511e-13 -5.100087522225231e-16 7.327472686513474e-15 -9.213551043684965e-16 -4.033232480147694e-17 9.944309905600535e-10 4.597022230180651e-17 -1.90126009175876e-15 1.86050198206071e-15 3.930022571057922e-15 5.165119784249669e-08 -1.572467353381335e-14 1.560058658305737e-15 3.259979410517516e-15 3.885780965576358e-16 1.25776951057561e-15 0.4919068707585625 1.161080351393096e-14 2.222614670825523e-15 5.63785184740099e-18 4.800847688899991e-16 1.249001024934816e-16 3.903128202357708e-17 0.8315821779726017 -1.604619372108176e-15 -2.865764064271813e-15 -1.699161857251499e-15 4.711510394527224e-15 -3.247404156128423e-15 2.660632940944819e-16 0.9999999999999999 -1.124968520387572e-15 -1.893309912599498e-14 -3.030562208420347e-15 -5.874750045193813e-16 -1.318389970463386e-16 2.824889036219111e-15 5.466276836828761e-15 2.65497936037097e-13 2.031101180153991e-14 7.950455307078626e-16 -1.84314387615731e-16 -3.608225184184854e-15 8.335347119391213e-16 1.068589767611909e-15 -2.072994768319359e-16 -2.097931412671522e-15 2.566498242806968e-09 -3.198830403671577e-15 -7.446301275143838e-16 3.556508733643837e-15 -6.924041010172848e-14 2.487311814834555e-14 -1.305501515879596e-15 -4.779597323841142e-15 2.371367223188781e-15 -1.593777349162174e-17 7.108394428772994e-12 -7.278791995646205e-15 2.473715918264162e-15 2.771221023441031e-15 3.664096944054693e-18 -7.087972394659074e-17 -1.647987453855278e-17 -1.219944403590016e-15 -4.822531797370186e-16 -1.468578809645236e-17 4.189015967775776e-17 1.119900617713832e-18 4.415850744168762e-16 -3.652584802488878e-16 1.230794553177109e-19 -1.561205355740318e-16 3.762563070710066e-16 -5.526467003940509e-18 1.913183340361639e-15 -1.02825744077919e-15 -3.89228617924642e-16 -6.664849421401359e-18 4.065779294056827e-17 2.439078998522152e-17 -7.020981847069434e-17 0.003308252493537203 9.901218756368391e-18 -6.990520582823412e-18 4.92013528393461e-18 -2.396896550352683e-19 0.01494423825902797 2.074832951934091e-17 -5.843172653837644e-16 1.242766861549283e-16 -2.116248497863866e-16 0.06143131740709343 -2.339789836625548e-15 3.424279538640719e-18 3.325823270363402e-18 -3.149028176400791e-18 5.588995770032749e-17 -0.00249170601950395 -1.617990586199185e-15 8.641994248563301e-16 3.264368389284065e-17 2.466032905167735e-16 -6.993549387648217e-17 -1.478808719520998e-16 -0.02253685792947214 7.408104480317243e-16 1.920753442236857e-15 8.673339001387566e-16 5.01688835740586e-18 -1.87738466358871e-17 1.162648726829508e-17 2.926770580221667e-17 0.001053100993256922 5.745500601127702e-16 -3.675762549804737e-17 
2.853346819119014e-17 2.266505530186244e-16 -1.151856630912154e-15 -3.065258429259678e-15 9.436907602223158e-16 6.609360355369497e-16 -3.707374943608906e-10 5.312591761471674e-17 -6.397336262973474e-16 -1.577821006414073e-07 1.202163712757662e-14 1.114560214652503e-16 -6.316963407171448e-07 2.702710068741011e-15 -1.159671379149765e-15 -8.895062481697438e-07 5.830440438013903e-15 -8.881919632929774e-16 -1.165374983818562e-06 5.57557842521369e-15 3.226638155425041e-16 -5.605326409551107e-17 9.587708763785798e-16 5.681453644031036e-16 2.781737516114614e-16 5.192604384142563e-15 -1.877665084935583e-14 9.065124689148008e-15 5.211754161977035e-15 1.995298334862033e-15 1.836218737678038e-14 2.595146867854596e-15 3.24653567125514e-15 2.160815403108257e-15 -5.344640790673429e-14 -8.605097670186387e-15 -3.053116994423045e-16 -1.266350386046055e-15 3.460794285993767e-15 -4.211263994807831e-11 2.351425167365353e-15 1.207022203458953e-14 -9.430771948649389e-15 -8.033533210322725e-16 1.941508343277215e-15 2.41305377118477e-12 1.158844314548605e-14 0.4919069260885255 1.803895953801917e-15 9.259088498602351e-16 -4.928892532417886e-15 -1.708702983263066e-16 5.049448550031786e-09 -1.663600163064404e-15 0.8315822651418326 2.851452911941162e-15 -3.025358460829891e-15 2.023772618669402e-15 -1.286298318713512e-15 1.805454640156381e-07 -1.124968520387572e-15 0.9999999999999999 5.898061057631619e-17 6.591733753343618e-15 6.909405056631545e-15 -7.360460360216516e-15 -1.037920510337202e-14 -6.561728451915518e-15 7.023164993483076e-15 -3.843936611035497e-14 2.028236742596346e-14 -5.606627461485696e-15 -1.205524649516322e-15 -1.311451223953689e-15 6.479193556794845e-16 -3.411768133228089e-15 -1.48842775250365e-13 -4.30645194384259e-16 1.258949364666526e-10 -8.025699877613597e-15 -1.492252815676834e-14 6.903441943429954e-15 -1.036107181822655e-14 1.232385763360977e-15 1.665052994236704e-14 -1.42480627842049e-15 -1.347259566390447e-11 -4.055608156152086e-15 1.884471447395993e-11 1.119342416533438e-14 -1.463952877888007e-11 9.030850471197268e-18 -1.268187259525845e-17 1.770804053571081e-15 1.719172312300733e-16 2.258068368747077e-15 1.106994889303899e-18 -1.797034537127313e-18 -7.842263326328391e-20 1.042200729290117e-17 -1.155565064485473e-16 -1.02286030626385e-17 4.154962177127519e-18 -4.526711018666265e-17 1.695873640487898e-18 -3.620140972577729e-13 1.254417941981471e-16 -4.243720660736749e-17 2.808334405919375e-17 1.060469692034171e-17 4.330228527312281e-18 -5.447532447560172e-19 -5.640751963540072e-17 4.680005689372902e-17 -1.509479912279619e-17 -6.891008509109503e-18 8.023367371464488e-18 -6.365406735136298e-18 -1.234703245991625e-16 2.382121391061379e-17 -4.010752140577228e-17 -4.605319101899446e-18 -5.308049546336246e-17 -1.122222992411345e-17 -2.060606504158007e-17 -8.181965441359722e-19 9.132073319091351e-18 -4.699196872713326e-20 3.844870041038047e-17 0.0004594908202317341 1.154484692522354e-17 -1.831165179235354e-17 6.037984641028491e-17 1.580221891340335e-17 3.857203563823813e-18 7.452571838519911e-18 0.004485596174409832 -1.083352327638195e-16 4.861758538249224e-18 7.843943051417633e-18 -3.12556572788018e-17 1.797637157838651e-18 5.518241416545558e-19 -5.381851238490824e-18 -0.0003648962587709258 -7.967755836654037e-17 
1.037051675634269e-16 2.2251447660019e-16 5.26236498334603e-15 9.735489444066401e-15 9.407577919759672e-15 1.239756254485677e-14 -1.462805571117862e-15 4.393349833238379e-15 1.118842431896962e-15 -2.360958830120544e-15 1.38146340804961e-15 2.951605278990696e-15 3.570941917512738e-15 -5.05917771514266e-15 8.236202113552055e-16 1.986269830045678e-15 -1.847870624911779e-15 2.304777428277071e-16 3.881566305249392e-15 -1.851821556159415e-15 1.655738829883291e-16 -1.029558382992221e-15 5.121206197725105e-16 -1.285855044849372e-15 -2.38189899932653e-16 2.909275741270265e-16 -4.230990557907367e-15 6.618444399301533e-16 -2.858314586333641e-15 -3.893092174588487e-15 -1.268504344533528e-14 -5.09314813036732e-15 -1.974169528078956e-15 1.133360586740716e-15 -7.105264735584513e-15 -2.649928363649913e-14 -1.043263735586403e-14 -2.849233559712611e-15 -2.508431581332152e-15 -1.20600062205401e-15 -4.150880377006381e-15 1.128278378928764e-14 4.585158750076774e-17 3.835897121858146e-15 -8.268701749778311e-16 -2.191172590593094e-15 4.084992570986589e-15 -8.956377306467722e-15 2.347938738203425e-14 -8.960930955631457e-16 5.39905576888807e-16 -1.200997851790773e-15 1.144050132502772e-15 -4.70027933687589e-14 1.619884782031216e-14 -2.328815256230239e-14 -1.632645886246186e-15 -1.84430959173907e-15 -5.112151117349495e-15 8.153202022178799e-15 -1.893309912599498e-14 5.898061057631619e-17 1 1.854182226593825e-15 1.571659469234869e-15 -1.377231526522166e-15 2.140228641013489e-15 3.050541725691163e-15 -5.141483213569683e-15 9.698730533968453e-16 5.413404506560685e-16 0.7297473850735019 1.038015160473809e-15 -7.278899708255583e-15 2.009243469958055e-15 -2.606909928887088e-15 7.842983005742971e-15 1.577354244754108e-14 1.233448023176136e-14 -2.779792736562759e-15 2.977841480751298e-14 2.793636632788902e-15 -1.906427218780492e-15 -1.720033383572484e-15 -6.000381398349204e-16 1.122208540828764e-16 -1.796739840242913e-15 8.147312611074152e-15 -7.679620828148806e-15 -1.426688086246429e-15 -2.106301244530859e-14 -3.602613970127668e-21 -1.894636627247887e-19 1.045606448646954e-16 3.293507053502816e-17 8.331040307686478e-16 4.522201346716846e-21 -5.510475383564639e-21 -2.016372443665207e-22 5.412424808030541e-20 -4.830701517221799e-20 -1.10579648930653e-20 -1.063120233803963e-18 1.463997063861595e-18 5.670031609680863e-19 -9.258070113489285e-18 3.178136349052111e-17 -4.837281951924451e-17 -2.723285405226901e-20 -1.557595838071713e-20 1.229577116815882e-21 5.184474916649471e-20 3.72048065067799e-19 5.886603727763153e-20 3.302169503504936e-19 -9.954475051393016e-20 5.637177319617388e-20 -2.352571782726376e-18 -1.446202878318242e-18 1.094538352909402e-17 -9.848835247546784e-19 1.000144740382356e-17 2.443685464485532e-18 -7.713099898243006e-19 8.144701800018544e-21 -8.211910468481068e-21 1.85628181771632e-20 -2.038024535359832e-20 -1.32270932636128e-18 -1.151404228239807e-18 -4.056407668703221e-19 -1.378552325511774e-19 -2.473557671249095e-18 -2.320854621446176e-19 3.564108338033747e-18 1.14163679169385e-17 2.517636070483981e-18 5.755585909309373e-06 3.126929746512935e-19 1.624513292417944e-20 1.005639934545449e-19 -1.926387728688189e-21 8.549248473044749e-21 6.494089921318701e-19 9.154228532490198e-19 -2.993264714803266e-22 
3.59479674525349e-16 1.098439102262992e-15 1.392213168674233e-14 1.117585268954425e-14 4.92542722174e-15 2.92921671917007e-15 -1.466598584655691e-15 4.091291107983897e-15 -1.740795008143602e-15 -2.487145064801938e-14 -7.095453236517753e-15 1.482928559214795e-14 -2.808147887301225e-14 -5.62193500269588e-15 1.080480428918787e-14 -1.270787139423418e-14 -5.852611275151926e-15 8.940031877032442e-15 -6.088258434511729e-15 -1.890583007392033e-15 1.2104227418723e-15 -5.203751543668237e-16 -1.218196008477643e-15 1.185503904993115e-16 -5.713613708905801e-15 -4.97772834558084e-15 6.304046098071921e-15 1.895185397504563e-16 -8.074701029308377e-16 -5.482557970440636e-15 2.70061208638972e-15 2.497061262424088e-14 1.038839154803615e-13 -5.646956951572147e-15 -1.92199500897254e-14 7.069973995433948e-15 8.647063022914748e-15 2.482748799225891e-12 -2.494350423329376e-15 -2.758699826072409e-14 -1.038571195491249e-14 -5.598386337845913e-15 1.824905379805025e-15 1.316424725304695e-15 1.416835399004032e-15 -2.134273152361322e-15 9.732666061967305e-15 2.382571543486471e-15 -5.525831529023226e-14 2.171570215324094e-14 3.4037985106955e-15 -5.741934706794588e-15 1.986014434671435e-15 4.662589758853938e-14 2.031049482450003e-15 -3.595627156306744e-14 2.653595732009474e-14 1.037798533993307e-15 -1.59542591388399e-14 3.717865543125574e-16 -3.030562208420347e-15 6.591733753343618e-15 1.854182226593825e-15 1 -1.359304921226464e-15 -6.408935881996093e-15 3.490561789262738e-15 -2.747312400903654e-15 -2.110806104557609e-16 7.464874259097472e-15 2.728516739803971e-15 1.044764320148553e-15 0.7297473842723391 -5.394556331684499e-15 -1.470837343671972e-13 5.00126202061469e-15 1.755848142283256e-14 -5.747138889057624e-15 6.8548682390806e-15 -1.127277528960524e-14 -1.932651358827486e-15 1.744946147210541e-14 6.411456652047011e-15 1.101466228609811e-14 3.006763674845342e-15 2.62203453393889e-15 6.728524801127013e-16 -1.932481952238081e-15 -5.255697136177523e-15 -4.149458554536325e-15 8.755542406541859e-16 -2.889608037683717e-18 9.95311358627173e-18 6.185373359409424e-17 -2.171928002031596e-16 -2.458970559476647e-16 8.033549944307601e-20 -5.741884699466611e-20 8.609345814784451e-20 6.040194839787685e-18 -4.585772438395609e-19 2.479519450062202e-19 -8.010527331369312e-18 4.491855423960277e-18 -9.577097132144153e-19 -2.773096850717974e-16 -1.540922337644995e-17 -6.217899459204275e-17 -2.265304194538648e-18 1.830065685205788e-19 -8.004092929469747e-20 2.176685130672037e-19 -4.699817503215492e-18 -1.019670338836044e-17 6.601710826579657e-19 -2.41935323049349e-17 2.167945612551235e-17 -3.658254603847163e-18 2.100071083814907e-17 3.16366805799491e-18 1.409939280264192e-17 4.376058179463445e-17 -3.686922661161314e-17 4.508297458982993e-05 2.64920187265568e-18 1.555588198527604e-19 -1.835386929890898e-18 -2.553765873118534e-18 1.146890966878024e-17 -6.06895154381465e-19 0.0008685030031485836 3.669974370972251e-17 8.354639992076949e-19 -1.135939011078885e-18 -1.04716983789543e-16 1.580594416132352e-17 4.497990562301644e-18 -9.521505504717434e-18 -0.0001039268482886845 -1.849989566429047e-20 -3.444715946816585e-19 -6.626021517656815e-19 -1.932998321669972e-18 1.464901061159319e-18 -9.32761759217196e-19 7.891336738587006e-18 
5.128605704187668e-15 -3.773372398857633e-15 6.796181054486669e-14 3.712483410338678e-14 2.685853494315901e-14 1.406819837124458e-14 -3.480961179026484e-14 -3.098536645362763e-14 3.392349335469897e-14 -1.890024738712081e-14 -1.322691514320873e-14 3.578808187060575e-14 -1.696262463197459e-14 -8.52945107635214e-15 9.441166126446213e-15 -7.911252017400449e-15 -6.957094395167022e-15 7.140473153749581e-15 -2.427388448098471e-15 -3.399758755837402e-15 2.184634694958197e-15 -7.527717327520591e-15 3.764296063633582e-15 -1.843923614528172e-15 5.371290200477549e-15 -7.195325717150568e-16 -4.77265796328122e-15 2.650528722284457e-15 -5.58835572074508e-15 2.460114021675807e-15 -1.420094781785042e-15 1.229355160520483e-13 -3.562089321252892e-14 -1.222424238467973e-14 -3.10051870608442e-14 -4.849365300507197e-16 2.521147257633707e-12 -1.036943423141535e-14 -1.598072519104449e-15 -4.645989765338871e-15 4.083117539455758e-15 1.030269890667891e-15 2.062470000016013e-14 3.665009918815575e-15 2.933849384679845e-15 7.479368686891036e-15 -5.295649986233607e-17 -2.302845414359125e-15 -2.504330835842208e-15 2.048780253531443e-14 6.523232475567658e-14 -1.233313852801826e-14 5.085081661731727e-14 -2.976460224203297e-15 1.303644692328641e-14 -5.309637309928964e-15 2.867451905896233e-13 1.290970635615523e-14 -4.165127189621933e-15 2.014187844245108e-14 -5.874750045193813e-16 6.909405056631545e-15 1.571659469234869e-15 -1.359304921226464e-15 1 3.704864513049791e-15 1.138552888579021e-14 2.399411405510869e-15 8.026314801591939e-16 -4.367640689221887e-15 4.425611624131851e-16 -7.3309414213169e-15 -5.379919602869436e-15 0.7297473842019422 6.449390188101189e-15 3.273146746767119e-14 6.59021788618562e-15 8.213915677539393e-16 1.659317215737599e-14 -9.424773008571232e-15 -1.933251058154153e-15 -1.9736274246839e-15 8.028774585270758e-15 -4.555837967589702e-15 -7.297805480581241e-15 6.592864004294807e-16 -1.235665215981712e-14 1.688265148187945e-15 -1.684243022825805e-14 -1.002700662300654e-15 -2.270753030053495e-15 6.414787951865789e-17 -6.197616429895632e-17 -9.423277219663243e-17 -5.724117954219044e-16 -3.859076811454205e-15 -1.916718928675187e-17 -1.12511303816227e-17 3.673386695921648e-19 -1.732846937827018e-16 -1.162562165077794e-16 -1.261231418776444e-16 1.111956307152835e-16 5.501433999932238e-17 1.567486584991719e-16 5.245624220369038e-16 4.11164011831962e-17 9.373850052364924e-16 0.0001973564641158735 5.269537890610427e-17 -1.734649714153701e-18 7.042965476571943e-17 -5.341225608906068e-19 0.001489091766340362 2.627140501422313e-16 -4.016116867406952e-16 1.092096384641204e-16 2.424143461931912e-19 0.01211552100368815 -4.293279092667735e-16 2.248710614358508e-16 1.466598902292635e-16 3.054132930936487e-18 -4.584930126893133e-17 -0.000507148284670439 -7.422793353127655e-18 3.82801935505566e-19 6.341764239523514e-17 1.209859604052163e-19 5.082508012805519e-17 8.114715309639005e-17 -0.007970609273159157 3.449956271701415e-16 2.710232309994526e-16 2.535443076010347e-16 -2.104421399762563e-18 -7.142006448961372e-17 -7.455913764878586e-19 2.41638366305374e-17 0.0007135219067098417 -1.172383216886602e-17 3.458136827365162e-17 1.025020017961279e-17 -1.390296644601468e-18 -2.02755579361193e-17 -2.779079511431432e-17 
-1.16254935277055e-15 1.876742565332412e-15 -1.434842642874536e-14 -1.120198197386226e-14 -8.967255850062513e-15 -1.52997823745478e-14 1.152997510835525e-14 1.781266242363123e-14 -1.269383903546706e-15 5.272705958223798e-15 7.468721304609038e-13 -4.505077461871605e-15 1.382527037221878e-14 3.256946878335279e-12 -1.166089659338895e-14 5.783249041321723e-15 4.625332118674022e-12 -6.10892058891447e-15 3.052464284566463e-15 6.059102152212499e-12 -4.874217554963524e-15 -5.93297742808292e-16 -7.846371122278394e-15 9.053229786663255e-16 2.346669846876593e-15 6.87446116640132e-17 2.884321674188117e-15 -2.969846590872231e-15 2.331754225332532e-15 3.016819649995168e-15 2.838698785582987e-15 -3.025729084258405e-14 -1.553288749440985e-13 1.774922320262589e-14 1.022742818281561e-14 4.460380663384851e-15 -5.142457331504311e-15 -3.814041863623856e-12 7.519880477757996e-15 1.13903477003418e-14 2.683733628628542e-15 7.860228581294585e-16 5.587930563145255e-15 -8.947581716343915e-16 1.357768064647064e-14 -7.304045572303791e-16 2.700964452095814e-15 9.52607133800064e-17 3.9267092185973e-15 -4.212209465792969e-14 6.889110051230951e-14 8.38305119957272e-14 -1.306635904456286e-14 1.280052452957224e-14 -1.875993663989054e-14 1.913183555569349e-15 -2.817147634217776e-14 3.632585801137276e-12 4.462925137163713e-14 -1.849584914024948e-15 -1.318389970463386e-16 -7.360460360216516e-15 -1.377231526522166e-15 -6.408935881996093e-15 3.704864513049791e-15 1 1.594705541663917e-15 1.657851170255326e-14 9.915570968465984e-16 9.000233284345132e-17 -5.189499817283745e-16 1.973058221729821e-15 -1.470316924527983e-13 6.46660188776145e-15 0.7297473853141884 -5.545504409332911e-15 -4.881781566184303e-14 -3.980919335930044e-16 -1.913589730371159e-14 3.639802231744506e-16 -2.253209283650029e-15 3.157156068696258e-15 -1.142694879691074e-15 2.093030271126624e-15 1.741071479696715e-14 5.76969028109892e-15 5.997972436647535e-15 -4.567526912246879e-15 1.215953065233202e-15 -2.151057110211205e-16 2.047956259871367e-15 -2.885906432489222e-16 -8.800921137901478e-17 -1.189613722047014e-15 -7.641999012764348e-16 -2.958787767553781e-15 1.056841672261606e-17 0.000489238267752528 8.835658975925993e-17 3.568385141454536e-16 0.002440338674628565 3.862590092460059e-16 7.812787671617219e-17 0.01479529914393107 5.607021282881252e-17 -1.166267650379473e-15 0.0618191019958883 1.948091075390197e-15 -4.337240269292219e-16 -0.001534556637683826 1.745435187211389e-16 -2.185867605533589e-16 3.556381632407404e-17 3.455196047800539e-17 -0.009979456994360772 5.614888771331862e-16 -4.749666230859343e-16 4.846390773067489e-17 -1.957691566224001e-17 -0.05933504934339114 -4.128827161282742e-16 -1.107744904719037e-15 1.024382588168113e-16 -2.273693163268917e-17 4.338025296377299e-16 0.002291377065140126 -1.342103282091809e-16 1.871005994851313e-16 5.99240016989214e-17 -3.687715778854026e-16 -1.071770309623796e-17 -1.123044662157811e-15 0.02847626459705666 1.073408092495228e-15 3.015454119125918e-15 6.240674884758098e-17 -2.383085505157532e-16 2.323328804504757e-17 3.105726615653753e-17 3.257936950709773e-16 -0.002231215712128011 2.966924435250314e-16 7.665932668010692e-17 -1.014522587761533e-16 4.861486856848473e-16 1.158357868955513e-18 
3.453311506415931e-13 -3.886905445942353e-15 -8.924284928620266e-13 -1.582523292255066e-11 -1.984496944094388e-11 -4.635028950443708e-11 2.681846579664143e-14 4.276093368284348e-14 2.082299041312449e-14 2.807437384418714e-14 3.326159045461746e-14 1.02143585948022e-11 1.815910051036731e-14 2.363569765660176e-14 4.085137583645041e-11 1.356088592325314e-14 1.210323546220944e-14 5.852443536369729e-11 8.487327983187415e-15 6.729638475816672e-15 7.252716880477475e-11 6.819793858508734e-15 -1.625225197544845e-15 -5.267894410619088e-15 -2.782218986002412e-15 4.407281831154036e-16 -8.83128748081824e-15 -1.587753095232826e-15 2.596013681799364e-15 -4.322617499943743e-15 2.583003255729505e-15 -2.727356646103427e-14 3.517200640754241e-14 -2.429341471937606e-12 3.117772428427147e-14 1.015160185159271e-14 -1.346837935167534e-14 9.489819631824934e-15 -4.128111839326019e-11 4.058934027472706e-15 1.054194595317e-14 7.502679033599795e-16 -3.141313164450963e-15 9.185360805297375e-16 -8.709585786956577e-15 1.986567547019235e-15 -2.039214879855779e-15 -1.757186789738013e-16 6.48786580081089e-16 -3.710787645059776e-14 -4.010333732100235e-14 6.686465076726825e-13 -2.746320017333558e-14 4.89029389912565e-15 -1.285142782253367e-14 -7.075938545317985e-15 -1.381696444515342e-14 -1.183081655133265e-14 2.17164217954217e-11 -5.7040430184557e-15 2.824889036219111e-15 -1.037920510337202e-14 2.140228641013489e-15 3.490561789262738e-15 1.138552888579021e-14 1.594705541663917e-15 1 6.894255267587077e-16 4.335073966466065e-15 1.177884016451839e-15 -3.816391647148903e-17 -2.610325154691709e-15 4.948678188540809e-15 3.276109311426663e-14 -5.512409116289917e-15 0.7297473881622334 -7.159461297297726e-15 7.341349767127447e-15 -1.219347973915766e-14 -9.215432270779286e-13 -1.245097774882341e-15 2.182566735849113e-15 1.68875330386343e-15 1.328867639299935e-17 1.488219270040546e-14 1.405017934137195e-14 1.375535766561882e-14 5.423856893130372e-16 -4.538212796008378e-15 -3.952594545067501e-16 -3.019096474557407e-16 0.008887483904006704 0.03440579545139057 0.04334783653218319 0.06074496705987433 0.02314003520858338 -4.743823719328555e-16 -1.007719843545155e-15 -0.002495985242647973 2.397013561526737e-15 3.130110592373749e-15 -0.01102351081693149 -2.49130672417818e-16 -2.261131026941199e-16 -0.05015303336561541 -3.812418371930727e-16 2.693971348083459e-16 -0.1118082787898436 -2.056149931783251e-17 -1.618359317421249e-15 0.004111873326603911 -6.467811867141217e-16 -1.459569964223522e-17 -8.964236726383173e-16 -1.892987884934097e-16 0.02264277909574218 -1.580052528015133e-15 -7.02221756477274e-18 4.558446011276681e-16 -4.181335792473857e-16 0.09400710314486123 4.25586647172484e-16 -1.51964063484541e-17 2.037924198035639e-16 1.248128787381469e-15 7.410315689778849e-16 -0.004111651386687552 3.332228618344164e-16 -3.497315583071664e-17 -2.491118484055663e-16 1.227436271047393e-17 -1.337968197096377e-15 5.301010906150984e-15 -0.04018413489215595 5.01080012887318e-15 -2.995685542688432e-17 5.739587885940694e-18 -5.314016255744852e-18 -5.879255048513002e-16 -1.759762193744971e-15 2.199006734094133e-15 0.003064520843925705 -9.51674444623078e-16 5.332102721665407e-17 2.85993774286026e-16 -1.3928039538731e-17 
-1.533105752323774e-15 2.56760812751082e-16 -1.301847966850834e-14 -1.224388718602901e-14 -1.127452181121171e-14 -9.975025399024786e-15 1.692710218277084e-14 1.142983209706719e-14 -3.976836628020008e-16 7.564389481984082e-13 5.300922321905756e-15 -4.371429197677802e-15 3.272791625270365e-12 1.380675754939834e-14 -9.04558529087838e-15 4.625927233900801e-12 5.797167566945792e-15 -4.460691659610945e-15 6.062572969111271e-12 3.05180018977262e-15 -3.768510095640862e-15 -2.770359585063479e-15 2.352415807370911e-15 1.594712820026303e-15 -1.043273371067668e-14 4.946269310309393e-16 -1.359746225392107e-15 3.089620437745775e-15 9.710817694126419e-16 5.893723009631083e-16 1.542383469479021e-15 -3.106059656174207e-14 1.015755135271718e-14 3.207123926168418e-14 -1.504018265856933e-13 6.3808754186295e-15 -1.849471851507019e-14 1.145122574763257e-14 8.308316905064856e-15 -3.805468196262045e-12 6.502291497718901e-15 7.882848172634535e-15 -1.928578824417219e-15 -8.296272672211668e-16 2.875756477025428e-15 -1.118828625259371e-14 -1.113091078184528e-15 -1.594589498150087e-15 -3.525656058690691e-16 -4.877175052730116e-14 -1.307640824344995e-14 7.79735569909326e-14 6.014647953609583e-14 8.560982326916925e-15 -3.498984685244831e-15 8.135507104753157e-15 -2.529660578271261e-14 -1.856872787009368e-15 4.142621852686453e-14 3.634312539990537e-12 5.466276836828761e-15 -6.561728451915518e-15 3.050541725691163e-15 -2.747312400903654e-15 2.399411405510869e-15 1.657851170255326e-14 6.894255267587077e-16 1 4.733516570788474e-16 7.529784087911691e-15 9.441649681729871e-16 7.942390790004896e-15 1.745481811748183e-14 6.639694764671461e-15 -4.888710973332661e-14 -7.152576641430553e-15 0.7297473853141816 -3.736689243491849e-15 1.48471512938603e-13 1.178619245401819e-15 3.672697589844836e-15 1.517883041479676e-16 2.824356823720047e-15 9.960348518189766e-15 6.005511029878055e-15 -9.25342731414746e-15 9.45688822796797e-15 3.833091748736996e-15 -7.190903146374176e-16 -5.435607781207462e-15 -2.224808268928585e-15 -9.166650236650426e-17 7.895653698416237e-17 -7.783672376466816e-16 -3.275898153339611e-16 4.503541361376769e-16 0.0004892382677525235 1.05819692497721e-17 5.800634046795129e-17 0.002440338674628453 3.567300939282773e-16 1.424107361768943e-16 0.01479529914393098 7.974994634820156e-17 1.158166126259613e-16 0.06181910199589041 -1.165837680242694e-15 8.405367413890906e-16 -7.81289385551296e-16 -2.186670169251087e-16 5.567324425577764e-17 -0.001534556637683854 2.910905495110322e-17 -1.62595807276199e-16 -4.723624202566427e-16 7.561482849505483e-16 -0.009979456994360938 -3.869266901564009e-18 2.488698207272195e-16 -1.100155842876911e-15 -2.697349269362164e-16 -0.05933504934339017 1.373707929845943e-16 2.218139665210192e-16 8.450017165394654e-16 1.872088079441522e-16 -3.142034282632747e-16 0.002291377065140004 -5.544107848544962e-17 6.294101331396735e-17 3.168109991481001e-16 -1.664634954312392e-15 3.017079786419303e-15 1.253349852537759e-15 0.02847626459705546 1.097019868639827e-16 1.905680801602376e-17 1.46123470691214e-18 -1.5687971449914e-16 7.722916181353226e-16 7.573653722381476e-17 2.271550513520385e-16 -0.002231215712127996 -1.075394734644234e-16 -6.295364939315853e-17 2.577458580274787e-17 
-4.0465991508076e-16 1.232873395387639e-16 -8.656270151387552e-15 -6.605830020358772e-15 -8.040451754699502e-15 -3.833775148604774e-15 -7.052430200159431e-16 2.526624742761011e-15 -4.588072543417908e-15 -3.278071964954218e-15 6.128778506110282e-15 -5.547375357994509e-15 -5.732984834460958e-15 4.699383849668365e-15 -3.777496450184635e-15 -9.63537380348764e-15 5.570229191508224e-15 -2.329497609561261e-15 -2.162888978778487e-15 1.969840688094222e-15 -6.814862185631001e-16 -7.421036704187526e-16 -5.841915827599667e-16 -8.616696765829545e-17 -1.442852168180295e-15 -7.102120540975364e-15 -1.363089464434897e-15 1.811200386718436e-15 -2.432515994188443e-15 5.406357192439826e-16 4.125172425872738e-15 -4.926343625970114e-16 2.144812108206075e-14 -4.336808728698363e-17 5.493516889137151e-15 1.68145012965309e-12 4.085332057362471e-15 7.765827058412121e-15 7.164449823492378e-16 -1.788773754634603e-15 3.023362965370611e-11 9.532305500492289e-16 -9.533864041115365e-17 -1.092875789865364e-16 6.173921508582903e-16 5.233451509883948e-15 3.407399416874834e-14 -3.00916586028375e-15 8.916478667424218e-16 -2.962202965569174e-15 1.802377691691309e-15 5.778634950341688e-15 -1.002622057727413e-14 4.252522813165673e-14 4.325966668655458e-16 6.239801654206355e-15 -6.157726407633891e-16 -4.347217929272488e-15 2.296503886792855e-15 -1.066616633694056e-14 2.65497936037097e-13 7.023164993483076e-15 -5.141483213569683e-15 -2.110806104557609e-16 8.026314801591939e-16 9.915570968465984e-16 4.335073966466065e-15 4.733516570788474e-16 1 1.996246592507398e-15 6.166941957097173e-16 1.579500963998276e-14 -5.744103112795492e-15 8.476292588051696e-16 -3.507936135899785e-16 7.303185876597122e-15 -3.6902650603486e-15 0.7297473855637477 -9.368753607612841e-15 5.1087606556145e-15 -5.689893001203631e-16 -6.275402831927341e-15 3.587408148319903e-15 1.680544072296831e-15 3.24740234702854e-15 1.065194753149112e-15 -4.006167684915383e-15 -2.720923936464912e-16 1.679759846842592e-14 1.282909325647742e-15 5.686938550283589e-15 4.119657374881385e-19 -7.328634938763361e-18 -6.746447980530359e-17 8.744090521095758e-17 -6.636130534354896e-16 -5.226946093781182e-19 2.641838694510588e-18 1.073516847243443e-19 1.321121895300493e-17 -1.368628501266468e-17 4.486930750270304e-19 2.926806886456841e-17 -2.772682943499001e-18 -1.736747090628324e-17 1.196442094735873e-16 -2.660361080736295e-17 -8.012931681025678e-17 -5.734350452017454e-19 -3.647988884693471e-19 -4.519536258479205e-19 -8.396446733144214e-18 0.0001973564641158766 3.127653922838668e-19 -9.371421257774925e-20 7.618445369496039e-19 1.179933419398053e-17 0.001489091766339803 3.405080941180705e-18 3.434231557171673e-16 3.322603202635773e-17 -7.416637061824379e-16 0.01211552100368874 -1.433962260652857e-16 -8.57979974870223e-20 -1.605313151015857e-17 -2.451461481749815e-18 -6.179156350036267e-18 -0.0005071482846705252 -7.140902809897814e-17 -5.285783375889601e-17 -2.603098319190243e-18 -7.938426199769497e-17 -2.578406010879509e-17 6.137946855318965e-17 -0.007970609273157786 3.605223559760019e-17 1.097768387293646e-16 1.762002751431355e-16 -1.473620026945195e-18 2.902554852130427e-20 1.211029989833436e-18 7.537082655855563e-18 0.0007135219067097043 7.19457699390516e-17 -9.897104007974612e-19 
1.128009418482925e-16 5.739079675055683e-17 -1.12343402890976e-14 -1.025216622587507e-14 -1.273114895959865e-14 -6.386336469973628e-15 2.076152292620311e-15 1.773022917720416e-14 -7.156594923882458e-15 5.691763682244201e-15 2.371323803676796e-14 -1.791476275206038e-14 4.142156014319279e-15 1.559695835820168e-14 -1.772683532634509e-14 3.109184493243546e-15 1.013924611524586e-14 -7.150149803660215e-15 5.294868450191624e-16 6.354492682068824e-15 -3.764410390344584e-15 -2.112089888868439e-15 4.013850750203387e-15 -4.699623341498131e-17 3.832891848961733e-16 -2.349379948643636e-15 -5.550742428629083e-15 8.454669527413866e-15 -2.095305401622937e-17 -3.467061707174027e-15 -1.544127510317395e-15 -2.929275748395832e-14 6.087307314647589e-14 5.474882206799765e-16 -1.175001937400986e-13 3.386825348811813e-14 -8.557128363300974e-15 3.064925077576149e-14 5.006942654812627e-16 -2.484817460209569e-12 1.008208023241542e-14 2.483060144216972e-15 -5.550898282691217e-15 2.143630325329672e-15 -4.374098468411934e-15 -8.425707776881492e-16 6.62234752712265e-15 -1.465290088158289e-14 2.032336972530002e-15 -2.666096510240373e-14 -8.80377585143049e-15 7.531139342347538e-15 -4.253799461468432e-15 6.250084000860219e-14 -5.722074832768485e-14 6.598401598105582e-15 -3.952741020846093e-14 -5.954819032781274e-15 1.382109038437756e-14 -2.440187228892003e-15 2.031101180153991e-14 -3.843936611035497e-14 9.698730533968453e-16 7.464874259097472e-15 -4.367640689221887e-15 9.000233284345132e-17 1.177884016451839e-15 7.529784087911691e-15 1.996246592507398e-15 1 5.475512350385329e-15 1.205128663739879e-14 6.822938485084511e-15 1.658926902795094e-14 -1.915541297018809e-14 -1.226986184770724e-14 1.483622255714818e-13 -9.384474555741102e-15 0.7297473842723631 2.320246190168172e-14 2.508049945501518e-15 -1.2160411566597e-15 -5.177593922177187e-15 2.735658921615368e-15 -7.579250812031396e-15 1.580678676057345e-15 2.292952069535272e-16 -3.252679362289892e-15 6.208222954814715e-15 1.522444144494034e-14 2.374240127417255e-15 1.171452576568522e-18 -1.319496050021217e-18 -5.018132847868724e-17 -9.3533002741266e-17 4.269257868442175e-17 5.714659729518034e-20 -1.25621053040946e-19 -1.138167804143764e-20 1.175460767846258e-18 -6.770603386698874e-18 -2.193360462741389e-19 2.97483347749783e-18 3.656886489648511e-18 -4.286971290682642e-18 -1.518357379930182e-16 -4.137544618200377e-17 1.583596668164698e-16 3.192796157881125e-18 2.01429803071083e-18 1.041656569232138e-19 -2.085913910135826e-19 -3.055872127101707e-18 1.139113894575189e-17 -1.60003231487924e-17 1.81054065828849e-17 -1.058003513043493e-18 -5.328900305800037e-18 -5.627983363089024e-17 -1.639771796356074e-17 1.624536638754533e-17 4.590675052146121e-17 -3.57146667309711e-17 -6.06048121434225e-19 -1.277184421866431e-18 -3.307129767949832e-18 2.443375968782274e-18 -5.446697211201002e-19 4.23153020953908e-18 4.508297458982993e-05 4.406438009161955e-18 -2.791203724210084e-17 1.049917407531076e-16 -6.787774118571638e-18 4.037619271841915e-18 1.328889586890358e-17 0.0008685030031486077 -1.657742167031445e-17 -9.335773593012235e-19 -1.038428445668041e-17 -3.710544070956317e-18 -7.377473115936845e-19 -7.900948676835052e-20 -3.602239145442219e-18 -0.0001039268482886825 -7.410374975869156e-18 
3.415840204954443e-13 -7.395343018523803e-16 -4.983765140296091e-13 -9.552616546241826e-12 -1.216832947984645e-11 -2.879780275365778e-11 -2.440996488057102e-16 -1.608609079273757e-14 3.718732136464177e-15 7.275007294313911e-15 -7.223389102587768e-15 4.923850606280314e-15 6.506288212004839e-15 -5.66389378706786e-15 2.924561907934161e-15 7.262976696368624e-16 -4.373263093052596e-15 3.144707929967501e-15 5.239978982536944e-16 -1.405170371956214e-15 2.951042412318403e-16 1.251040604362394e-15 -2.178937199670248e-16 1.239297293259669e-15 -5.907892911309475e-16 7.538457705291997e-16 1.789328132547895e-14 3.455284561075307e-16 -3.781697177629293e-16 5.327938882182894e-16 -5.632647126496404e-15 2.059037824494513e-14 -4.318295942896955e-15 1.277374051291733e-12 -1.125370092620523e-15 4.142519689268928e-15 2.488653035699672e-16 -2.316320252595767e-15 2.319613015812028e-11 -2.384401479346742e-16 1.230963443865219e-14 -8.030034970296217e-15 1.036233002616558e-15 1.612425470920367e-15 -1.670731830877592e-15 -3.288609652879409e-15 8.490929313819643e-16 1.347695233541521e-14 -1.841929386978755e-14 2.080852817266154e-14 1.0876716195288e-15 -8.314556727309962e-15 7.391792257029478e-15 -2.086791026492404e-15 3.437528209750427e-14 -2.714495865582948e-14 4.500143870735977e-15 1.920339284798294e-15 -4.529798757887926e-15 8.896517632734767e-15 7.950455307078626e-16 2.028236742596346e-14 5.413404506560685e-16 2.728516739803971e-15 4.425611624131851e-16 -5.189499817283745e-16 -3.816391647148903e-17 9.441649681729871e-16 6.166941957097173e-16 5.475512350385329e-15 1 -2.781934030082389e-15 -1.117254076290849e-14 -9.364626862186983e-15 3.127923273704414e-16 -9.214764422135185e-13 1.22468428323551e-15 5.060188390999371e-15 2.307525780804528e-14 0.7297473865881038 -4.381911500317079e-15 -1.407097908242336e-15 2.805047860654323e-15 1.8391702616697e-15 -3.668940151690808e-15 1.555662404993095e-15 -4.546678043283077e-16 -3.715086506657165e-18 -3.765095331863022e-15 2.862361497997346e-15 3.222350500580331e-15 4.702435523897586e-20 5.312749463856992e-19 -4.219888304041847e-14 -6.701047052318183e-17 -2.389499220160474e-13 -2.095477523915669e-21 2.039827771610263e-21 3.718179715797628e-22 6.580517411982557e-20 1.442909177892851e-19 3.400553704605824e-21 -1.894868261434347e-19 5.359237014283582e-19 4.874115437357008e-18 1.956985531382002e-17 1.302397859698175e-17 1.845515385477623e-17 -6.715379195795825e-20 1.7729295437619e-20 3.132873819328271e-21 1.699828239717267e-21 -9.847196998185214e-22 1.030423763764464e-18 -4.468318532776155e-19 -5.825548387762441e-20 -3.501996913403787e-19 2.901500626860248e-20 -1.005187344912339e-18 1.141588654662007e-18 -7.051019890300973e-19 -2.195615801851797e-18 -1.472249141446429e-18 2.629266059986907e-19 1.743238556313571e-19 -2.915873495842692e-20 2.653988860561754e-20 2.057865872596765e-20 3.03302439769077e-20 -3.009701237923406e-19 9.049810850670652e-19 1.907884568342011e-18 -4.024734124343736e-19 2.127872494957085e-19 6.716333607567164e-19 -5.335439028061956e-19 -1.506431702925832e-18 -2.060227784257001e-21 -1.892562687920827e-20 6.774926879333316e-20 2.006238518026147e-20 5.253006200367521e-20 6.934823923396117e-21 -1.349191190450297e-21 3.168493333758235e-19 5.755585909309281e-06 
-7.511691326261902e-17 1.16097671130404e-16 -5.685556205809791e-16 -4.076602041206251e-17 -2.324098221306455e-15 -8.868857682758181e-16 1.926063478488192e-14 -3.087699372008973e-15 4.922819972123181e-16 5.218048620479015e-15 -1.016548035771505e-15 1.886295191765044e-15 1.665340901796752e-15 -1.66230512411119e-15 6.869555278844712e-16 -4.232749688330608e-16 4.871998975277297e-15 -7.858415536695665e-16 5.592925045065659e-15 7.333775008689546e-16 9.816524115559544e-16 -3.615272149991528e-16 6.124235624579143e-16 -3.033904269736691e-16 -4.258537293839672e-16 6.956915070491291e-16 -4.461708787417934e-15 -4.923633123751126e-15 -5.78320216001307e-17 6.48895001280496e-17 -3.63547354700283e-14 -1.401656572201274e-15 1.448494106473916e-16 -4.703269073869008e-15 1.768875849335478e-15 -1.019496995525605e-14 -6.578077970955547e-15 2.12417222519615e-15 5.450045128390079e-15 -1.477119354638242e-15 -8.018349475190294e-15 1.483635807752304e-15 -2.37232922491958e-15 2.211176124246494e-15 -2.819698147063922e-15 6.152196817487227e-15 -2.932764170804052e-14 5.564992919920724e-15 -3.061396627571215e-14 -2.721130616910513e-15 -2.06963353057383e-15 -3.155028327748689e-15 1.940114738828659e-14 -1.092940843789762e-14 -1.970645872091845e-15 -8.36570573422488e-16 -9.26342363091647e-16 -2.760812987075213e-15 -1.427244397920995e-15 5.172946482851576e-15 -1.84314387615731e-16 -5.606627461485696e-15 0.7297473850735019 1.044764320148553e-15 -7.3309414213169e-15 1.973058221729821e-15 -2.610325154691709e-15 7.942390790004896e-15 1.579500963998276e-14 1.205128663739879e-14 -2.781934030082389e-15 1 -6.021875719254911e-15 -8.049116944912067e-15 5.379811199025033e-16 -4.809087192183717e-15 -3.469446964304749e-16 9.924569885228073e-15 -6.709043057640964e-16 -2.237793295886532e-15 2.311760101049184e-14 -4.915404029248679e-14 6.855952448783981e-16 -8.327011511315249e-16 -8.75384835478504e-16 6.558948815679298e-16 -1.558475573334443e-14 2.249622610971263e-14 -8.392592190329255e-15 -2.525648964883743e-16 -1.310063171173323e-14 -5.729495138428605e-21 -4.537677519988206e-18 -1.029697715811644e-16 -7.401402029202076e-18 -1.079247045654579e-16 7.768927907056005e-20 -8.665508974450412e-20 5.175571575552036e-22 -6.767026462901221e-20 2.543306923873616e-19 3.055150925007159e-20 -4.382508771503296e-18 4.351400059578593e-18 -2.088430977125561e-18 -1.829591169024034e-18 6.155462553020739e-17 3.151590440319674e-17 -4.914017249334333e-19 -3.403297885263909e-19 -2.322530880726348e-20 2.053679455257026e-19 5.713448893476201e-18 -1.455023624528624e-19 2.519067423361635e-18 -3.284212101329205e-19 3.012298469785462e-19 2.137077085096507e-17 -1.055403053983283e-17 -1.08572286307708e-17 3.51347536609826e-18 2.240402149105872e-17 8.179474907523375e-18 -9.837813057773305e-18 1.153922861556733e-19 2.651165237459361e-19 1.032866170244247e-19 7.282325597108604e-20 -9.035280990252506e-18 -1.782863349420053e-17 6.990327307754266e-18 -9.505297870325954e-19 -2.609299583753245e-18 6.406899234686552e-19 -5.635832985335498e-18 5.077392890804975e-17 1.337454437963215e-17 0.0001014659573900872 6.350976270330724e-18 -4.376575057812725e-20 6.750990115871929e-19 1.301243409461096e-20 -7.468232639001448e-19 -8.425582589175329e-19 1.033677539390852e-17 3.275541961143871e-20 
1.813829159378758e-17 1.615930282332839e-16 2.541369895457756e-16 -2.941225001392988e-15 2.612062618315729e-15 -6.483590328195839e-16 -1.113895760060261e-14 -3.425970446607931e-15 9.782105686091876e-15 -1.9970463443182e-15 3.324684532112623e-14 4.263950869080079e-15 1.967075517455244e-15 6.769740863126209e-13 -8.777765068882722e-16 -2.972248971015528e-15 5.652013204155227e-13 3.434804138094355e-16 1.492993520974817e-16 2.653350687643804e-12 1.283715986310648e-16 5.208770878316221e-17 3.191078045816797e-16 3.380118726733895e-17 -1.008234646703396e-15 1.443032011225849e-15 1.638463942191879e-14 1.849822379563448e-13 -3.565734271107761e-15 -3.413334070279888e-14 1.563961634618267e-15 2.264139400149255e-15 7.749054883064559e-10 1.356445350819393e-15 -1.726922644257565e-14 -6.188626046525147e-16 1.056447647656085e-15 2.018988793960208e-08 8.261668838259024e-17 -2.547587715620311e-15 5.211124841152143e-15 -4.740668580630981e-14 2.220993572494788e-14 1.828073283972181e-15 -9.839351560823587e-15 4.222384705344596e-15 4.325532989582619e-14 5.444849760507787e-15 1.408898606291206e-12 2.261504786700521e-14 5.594049532516109e-15 -1.633068681501224e-14 -1.789800947414058e-15 -8.978928716532529e-15 8.201989439921128e-16 1.258907861398621e-10 -2.894819881481865e-16 2.793599264531972e-13 6.730730182742151e-16 -1.932373932398524e-15 -3.608225184184854e-15 -1.205524649516322e-15 1.038015160473809e-15 0.7297473842723391 -5.379919602869436e-15 -1.470316924527983e-13 4.948678188540809e-15 1.745481811748183e-14 -5.744103112795492e-15 6.822938485084511e-15 -1.117254076290849e-14 -6.021875719254911e-15 1 2.521854255563288e-16 -8.334532459718991e-10 5.414939364744697e-15 1.466800859733758e-14 8.533972163998102e-15 -7.537373510906826e-16 -2.048274752880523e-15 -1.734018745460424e-15 1.320937717530085e-14 4.672239160479165e-14 -1.70840175861684e-14 -4.443060505140898e-15 9.992007226788385e-15 -9.905786048976933e-15 -5.585809595530883e-16 -5.174029610208121e-15 -4.439851266708593e-14 -4.962989657224708e-15 -2.161800607829909e-17 8.441445653403483e-17 -2.240395357841706e-15 -1.792186192044446e-16 -5.692495164085623e-15 1.758710297337802e-18 -1.25236453449404e-18 1.183065863611677e-18 7.15170427958323e-17 -1.179198227684285e-17 1.659587998082326e-17 1.283054833041789e-17 2.680456938795509e-17 3.796613429794096e-18 2.10680069859681e-16 2.297597877031349e-14 -7.203439237715104e-16 -3.760757343667415e-17 2.740502531873834e-18 2.393372588686282e-18 2.758339987063901e-18 -1.44883254943763e-16 -8.372606889219515e-17 -1.043195397261516e-17 1.766308293246248e-17 1.425064695576884e-16 -3.378710989409202e-17 8.905587945002086e-17 -2.152141313495656e-17 -3.372885197709653e-17 -1.070929853315231e-18 2.494478149634856e-16 0.0008176100796061013 2.029499054674928e-17 1.675661945642175e-18 -2.294193262589946e-17 -2.820332152250607e-18 1.186266851392153e-16 -2.160188770924589e-17 0.00818586889865398 1.411613809399545e-16 -5.413334629143362e-18 -4.417631517262607e-17 -1.376337547629423e-16 -1.608277339651321e-17 7.708047394377019e-17 -1.161413510121136e-16 -0.0009320325517620887 -1.693990120618853e-19 -7.890096277341951e-18 -1.812433342805851e-18 -2.223548169721394e-18 -1.782721948155586e-17 7.583916226637251e-18 1.49891318395098e-16 
8.06922736768135e-17 -1.510368906959975e-15 3.045415485777236e-15 -2.231939614893401e-15 2.432301709016911e-15 -2.675619433173303e-15 -7.133182936215072e-15 -8.988036013682926e-15 8.679824440971828e-15 3.195360886780936e-15 -1.741228821990417e-15 -1.366268390627794e-14 -1.082471584874406e-15 1.440259668817272e-15 -1.616513908823787e-14 1.50921812477348e-15 -3.252625268908387e-16 -9.834728968692269e-15 1.304553234759188e-15 -1.827588873429264e-15 -1.524412733596663e-15 -9.029642272066871e-16 9.012660320259091e-16 1.497677502113303e-15 6.741733753376162e-17 -2.329325782851291e-16 2.068440905536691e-13 -2.708616210065814e-14 -1.957130103605528e-14 -2.80151471800154e-14 3.240910687882032e-15 7.865680409548207e-10 1.476249680402807e-15 -1.247710713792422e-14 -1.565804779992463e-14 1.433532122972189e-15 2.019511525053863e-08 5.724596435092756e-16 1.789702985563913e-15 -2.908702143194486e-15 -9.979026513259803e-16 7.064390308339512e-16 4.188408519342278e-14 4.688648559915439e-14 -8.413029391260874e-15 4.352421203053885e-14 -1.847751553234458e-15 1.075615291731183e-14 -5.696831898077908e-15 3.735536426043499e-11 4.696763813574552e-16 1.551059628963518e-15 2.68292332929802e-14 -4.618701256850641e-16 3.264749583490433e-15 1.06685516234328e-16 2.567180954339835e-09 -6.997875951337276e-15 8.699642232781388e-16 6.172147405765499e-15 8.335347119391213e-16 -1.311451223953689e-15 -7.278899708255583e-15 -5.394556331684499e-15 0.7297473842019422 6.46660188776145e-15 3.276109311426663e-14 6.639694764671461e-15 8.476292588051696e-16 1.658926902795094e-14 -9.364626862186983e-15 -8.049116944912067e-15 2.521854255563288e-16 1 -8.140840451578022e-15 -3.897489994094225e-15 3.004134491682039e-15 -2.131541476877709e-16 7.521760998880434e-15 -4.087442207079061e-15 3.684840655724372e-15 -3.434915114202608e-15 1.195137739276175e-14 2.283996425024583e-13 -2.401057869162305e-14 8.525257868687397e-15 -1.681033785101406e-14 1.197586003307958e-15 -4.546016343054132e-14 -1.009465406654624e-14 9.749145939084087e-16 1.000584311838227e-15 1.423902849574302e-16 1.840909634296423e-14 -1.048445524090514e-15 4.496884425366563e-14 -5.511562945197158e-16 -3.482940211494475e-16 4.317499824890624e-18 -2.822659731838376e-15 -2.56190480986978e-15 -4.349529014249218e-16 -2.322104297577883e-16 7.848716428699563e-17 8.26198345704281e-16 1.244880934970757e-15 1.638878310551572e-15 -2.541516324194301e-15 0.003839407161260668 4.307085964196478e-16 -2.54005279253945e-16 6.306760629577888e-16 -9.51367475656917e-18 0.01773968854098992 1.761609993169547e-15 -9.494499290332077e-16 8.14068545573431e-16 1.743696905297187e-17 0.07292870455636588 -7.170031992868169e-16 9.965097266184923e-16 2.156002089462971e-15 7.899530628577366e-17 -8.179077661465037e-16 -0.004400715742457612 -1.671849524427423e-16 7.033605306551601e-16 -2.596750139426927e-16 -7.296814318618855e-18 8.534632265804455e-16 5.892959765966153e-16 -0.03884246829081537 2.176876316847634e-15 -3.295919989057171e-17 2.344802768871461e-15 2.348257913359051e-17 -1.065231811288446e-15 -4.18457372179053e-17 2.619847445860974e-16 0.00284127089815995 -3.679459697601234e-16 -1.446340305426972e-16 -2.485015577738259e-16 -1.826643148957575e-19 -2.403309244934676e-16 -6.751840935153342e-16 
-1.022083076632592e-16 -1.657099791726847e-16 1.189911887478229e-15 -1.742096851588362e-15 7.348730056547217e-16 2.318479862477981e-15 2.333934916195562e-15 7.379018200767281e-12 -8.375244958310516e-15 1.585971061451982e-15 4.787527740527508e-09 -1.485270439105464e-14 1.860064356813495e-15 2.880000547656842e-08 -3.1953840474264e-15 3.484212193368068e-15 3.988407923744604e-08 -2.567429359414663e-15 1.258581613379169e-15 6.059203917328523e-08 1.974147019605746e-15 1.196954965587402e-16 -2.47943484802559e-15 2.090939685383447e-15 5.781271985590046e-16 -1.066630476069416e-16 -1.395047003808683e-14 -2.825049227827227e-13 1.773809645371366e-14 1.364930577903819e-14 6.835379714784054e-15 2.86663055238505e-16 -9.104380125402844e-10 2.628865036231968e-15 2.856655892961962e-15 -1.291067958431809e-15 -3.634249302136223e-16 -2.525033253273837e-08 -4.132135475242685e-15 -8.569547403783214e-16 2.958579703488737e-15 3.079310358701146e-15 -2.753980588434267e-14 1.711657891238006e-13 5.807507264170947e-14 -1.743932929791101e-14 7.43675955597701e-15 -8.328041506129536e-15 2.078198728472953e-15 -1.695323572333534e-14 4.275437012075713e-10 3.661654321050206e-14 -4.68863908069057e-15 5.377642786130303e-15 -6.409586416416087e-15 1.564410825269259e-13 -1.804979829803366e-15 2.245220373083193e-08 1.143530242990046e-14 8.455287931368191e-15 1.068589767611909e-15 6.479193556794845e-16 2.009243469958055e-15 -1.470837343671972e-13 6.449390188101189e-15 0.7297473853141884 -5.512409116289917e-15 -4.888710973332661e-14 -3.507936135899785e-16 -1.915541297018809e-14 3.127923273704414e-16 5.379811199025033e-16 -8.334532459718991e-10 -8.140840451578022e-15 1 -1.260428403428304e-14 8.775966099105525e-15 -2.00924347455432e-15 -1.150511980186839e-14 1.699215864406867e-15 -3.928328752835064e-15 6.785479309698288e-15 -1.112554061459917e-15 5.615191482441299e-14 2.218998643666049e-12 -4.963737763814656e-14 2.005554472059119e-14 -5.946632087214743e-15 5.255670041345756e-15 5.474787300831281e-15 -1.134183894843052e-15 -5.583985518199884e-15 5.95872432959404e-16 2.088921476077177e-14 -2.085842353593316e-15 2.903059780802979e-14 2.563166291691741e-16 0.01102669210656494 6.874042152529495e-16 7.943486578013589e-15 0.03633510102011041 7.636583013471039e-15 1.436559094987659e-15 0.110404536544388 6.405568091460662e-16 2.8751582655987e-15 0.2390867141835177 6.019930930481074e-16 -9.852192349817163e-15 -0.0132293915266898 7.336527153043438e-16 -9.554124275587597e-16 1.21615170325397e-15 2.593993099198691e-15 -0.05548734140960574 6.026358325689946e-15 2.457157838934737e-16 -5.832979500733569e-16 1.226559336251741e-15 -0.1824258963483465 5.489586660515556e-16 -2.643952501402031e-15 1.109613163061435e-15 -7.620430625104379e-16 8.34086988279734e-15 0.008083423883555782 -3.090312142820205e-15 1.135347554736835e-15 3.525399132590076e-16 -6.717123529263348e-15 2.406484135302234e-17 -2.832746802663632e-15 0.05997842580928864 1.764174020891851e-15 7.607315582793428e-15 -3.562500410283509e-16 -7.183712428258106e-16 -2.060983303100731e-16 1.036464425003066e-16 3.411764139120928e-16 -0.003301875696962873 9.473462531688645e-16 3.781688015297524e-16 -4.759494186597015e-16 6.441901453876091e-15 8.489737810210983e-16 
-4.904544772615501e-11 -8.502855587472952e-17 -3.400289915758872e-09 -7.012837776425433e-08 -9.050222026964238e-08 -2.188402494599165e-07 1.952683360643862e-14 2.361999498712142e-14 9.255757949312777e-11 -4.621412138260842e-15 7.979728642252112e-16 4.048316835794968e-08 -5.543763759858504e-15 4.045390624419955e-15 1.950912732910447e-07 8.888340699780838e-16 3.025375199886392e-15 2.75969299269329e-07 5.917762295536471e-16 1.422518162650029e-16 3.754045645133596e-07 4.864464716525321e-16 3.407439924988993e-16 2.381721136344592e-15 9.707351797989104e-16 -2.197677816488098e-16 -2.948016197379835e-14 2.966377161278163e-14 -3.82181094565143e-12 1.688128542239651e-14 5.830405636874862e-15 2.386979519207896e-15 4.190224585641783e-15 -7.980598567465835e-09 -2.532262611836309e-15 -2.220446077592889e-16 1.046906664633542e-15 -6.897271378653254e-15 -1.726029251794465e-07 -1.561253581687109e-16 1.897793144685353e-15 -1.542169179167434e-15 -2.37809990106699e-14 -2.067096506069657e-14 1.290011291107008e-12 -2.595494635196854e-14 3.894671066792159e-15 -1.238793146498186e-14 -7.566863847255477e-15 -1.625609378857298e-14 -1.413452696615541e-14 2.030914918214307e-09 5.240599652031838e-15 2.771654450033886e-15 -4.867417262131562e-15 6.317864263997316e-15 8.171848886557069e-15 -9.214853062818095e-15 8.112054570712446e-08 7.283238061792501e-15 -2.072994768319359e-16 -3.411768133228089e-15 -2.606909928887088e-15 5.00126202061469e-15 3.273146746767119e-14 -5.545504409332911e-15 0.7297473881622334 -7.152576641430553e-15 7.303185876597122e-15 -1.226986184770724e-14 -9.214764422135185e-13 -4.809087192183717e-15 5.414939364744697e-15 -3.897489994094225e-15 -1.260428403428304e-14 1 6.646050948935252e-15 -9.436895786121233e-16 8.630249347943265e-16 -3.478165701869367e-09 -5.871171638798712e-15 2.181414783805436e-15 -1.792142833518404e-14 3.432312200597341e-15 3.839636964194881e-14 9.234364303863925e-12 2.413127762959553e-14 -6.62447531264976e-17 1.335715400274661e-14 3.535583305163791e-16 -5.1688254673528e-15 0.1104350832456337 0.1982952728436876 0.1898917426511455 0.2104913239111415 0.08080420287811216 -9.056166064230916e-15 -1.735931161036385e-14 -0.02261402425450074 5.432002645864016e-14 6.349249302038461e-14 -0.06849140757224548 3.499899800393622e-16 -6.055059528110508e-15 -0.1675741507222901 7.129679646666583e-16 -2.025289670054018e-16 -0.2064017490114095 -4.396021128790591e-15 -1.277267575693829e-14 0.01381537472433537 -5.121244193014506e-15 -3.330677645387148e-16 -7.882315964560648e-15 -8.097497306564499e-15 0.05153754755303699 -5.995862709409151e-15 -2.881406128372483e-16 2.098532986626016e-15 5.304052584107872e-15 0.1289515922546121 -6.295661355766682e-16 -4.174178388494887e-17 5.783244957428034e-15 1.35675312150732e-14 4.88460417305749e-15 -0.006307835767618702 2.406678108839771e-15 1.929269249882534e-16 -4.630607460967538e-15 -1.747590657826304e-15 6.057684478894424e-15 1.201866152024352e-14 -0.04208701949039441 1.573591118747837e-14 -3.057441673972274e-16 9.181891475356847e-16 -2.037392613704524e-16 -6.102925768710735e-15 -5.438263484896765e-15 1.411809649363438e-14 0.00262938127127446 1.60551684678391e-16 6.912077899322805e-16 5.236842868092886e-15 -1.179282960120878e-15 
3.344750441200079e-17 7.396209918191864e-16 -3.371380874449148e-15 -1.993848711769361e-15 2.719615590711582e-15 3.215340385411861e-15 7.382188394373323e-12 2.294307326714126e-15 -1.134345169917177e-14 4.78753185377407e-09 1.555396557806269e-15 4.983861214143909e-15 2.880000996735099e-08 1.840548643114136e-15 -6.771976370869084e-16 3.988407867452485e-08 3.487247976957052e-15 4.249485908483896e-15 6.059204077654575e-08 1.262701711700023e-15 2.294425484891088e-15 -4.120004924103309e-16 5.834851584168584e-16 2.026627636712001e-15 -2.515386314508732e-15 5.07310664758931e-16 -1.641978792457062e-14 1.366634130570654e-14 2.665912878671059e-14 -2.804815846844962e-13 8.068395414105029e-15 1.856587805561338e-15 2.815673050714372e-15 4.121540393444158e-15 -9.104348345268714e-10 -2.219036606081956e-15 2.404329132582732e-15 -7.866983294768605e-16 3.714932040399766e-15 -2.525033104607817e-08 -3.058543441637993e-16 6.12798099454169e-15 -2.678022739334918e-14 -1.744451144549243e-14 5.697201890180459e-14 1.702262469949294e-13 2.046174106530224e-15 -3.830770885912454e-15 -2.950412272968101e-15 -2.301631112412818e-14 -4.703536696197132e-15 2.808040264753655e-14 4.27532549022688e-10 2.990988539132605e-15 -1.345169638155463e-15 7.574237983227747e-16 -5.752343215404115e-15 8.398150464958041e-15 -1.516387542144592e-14 2.245220589988732e-08 -2.097931412671522e-15 -1.48842775250365e-13 7.842983005742971e-15 1.755848142283256e-14 6.59021788618562e-15 -4.881781566184303e-14 -7.159461297297726e-15 0.7297473853141816 -3.6902650603486e-15 1.483622255714818e-13 1.22468428323551e-15 -3.469446964304749e-16 1.466800859733758e-14 3.004134491682039e-15 8.775966099105525e-15 6.646050948935252e-15 1 3.919878761103736e-15 8.33450095714063e-10 -5.953354162678667e-16 -8.091156883507713e-15 5.733261099254561e-15 -1.88233760542186e-15 6.042041878579093e-14 2.005015081477251e-14 -4.548928110452121e-14 2.210095053435559e-12 -7.156195138246518e-15 9.255427388695899e-16 3.398953488562309e-15 -4.744875291839958e-16 -5.618662598030232e-15 2.115478289470117e-16 -1.916147761885383e-14 -6.001533374831064e-16 -2.706802921592482e-14 0.01102669210656484 2.565402458676845e-16 4.334637371721676e-16 0.03633510102011801 7.953108872623432e-15 5.034048153583167e-15 0.1104045365443876 1.436125743335717e-15 4.558990635571026e-16 0.239086714183522 2.864988576255926e-15 1.388930748291237e-16 -1.468072753323732e-14 -9.554124275582477e-16 8.247799557481262e-16 -0.01322939152669045 8.041827864345227e-17 3.005224907359935e-15 2.659905199725055e-16 9.594187429189925e-15 -0.05548734140960874 5.290061023021518e-16 -1.608999225778338e-15 -2.637878480961667e-15 -1.429939530875192e-15 -0.1824258963483405 1.20704429267918e-15 2.442733704959867e-15 9.949571752136168e-15 1.135455974986604e-15 -3.210333446039835e-15 0.008083423883555031 -1.028773752173627e-15 1.554860312652908e-15 2.077413606337652e-15 -8.312999769296867e-15 7.602493828422409e-15 9.77068212107879e-16 0.05997842580928701 -9.888461712704307e-16 4.490480062946924e-16 -4.093174890020712e-16 -3.419146461390419e-16 1.911477279262445e-15 3.758242155162628e-16 9.045065445380452e-16 -0.003301875696962553 -1.271725049074931e-17 -5.395751371198054e-16 1.986821692575647e-17 
2.025417154005483e-17 2.041010594372935e-17 -1.269817588238551e-15 8.257287544337259e-16 1.387780241310425e-16 1.422486709976115e-16 -5.159284469793176e-15 7.620640247400945e-15 -3.028935616203103e-15 -2.725467634429484e-15 1.082467533699731e-15 8.205243143395209e-16 -3.263027331652596e-15 3.039247147823161e-15 -1.080740641817838e-15 1.327071112192912e-15 3.476405893901458e-15 4.53637011970864e-16 5.093742609993485e-16 7.806502084281209e-16 -6.1410197291721e-16 -2.296126860153207e-16 2.434923267394743e-16 2.950656219169357e-16 -1.047819515759515e-15 -4.336808699862869e-18 3.18642953464253e-15 6.845002011427876e-15 9.662409783293732e-16 1.999675386452197e-15 2.645684025138947e-12 1.42876162754419e-15 5.62050408159509e-16 5.82173205072207e-15 7.064661380338285e-16 7.146190885398612e-09 -9.792523779277019e-16 -2.163203566027855e-15 1.505748779907251e-15 -3.152864860670118e-16 1.339967971543157e-07 1.425942700514782e-15 -1.824143054325305e-15 -8.158404526181339e-15 3.625924438791983e-15 -8.524715783520678e-15 3.161810013754311e-14 7.351934290860293e-15 1.484923298983408e-14 -4.557985943575445e-16 -3.094746688481921e-15 1.155325837907269e-15 -8.194779509839996e-15 3.734925485176697e-11 2.474583044392317e-15 3.573531119563243e-15 8.331009741085576e-16 5.509482910994737e-15 -2.844947814238448e-16 -4.999257262003449e-16 2.566498242806968e-09 -4.30645194384259e-16 1.577354244754108e-14 -5.747138889057624e-15 8.213915677539393e-16 -3.980919335930044e-16 7.341349767127447e-15 -3.736689243491849e-15 0.7297473855637477 -9.384474555741102e-15 5.060188390999371e-15 9.924569885228073e-15 8.533972163998102e-15 -2.131541476877709e-16 -2.00924347455432e-15 -9.436895786121233e-16 3.919878761103736e-15 1 1.502270534408449e-15 7.410738733687483e-15 2.437286489322654e-15 2.117587793990582e-14 -2.327998910086156e-15 1.233639115993856e-15 3.053113324703229e-15 2.717444331333888e-15 1.165709783974123e-14 2.241247557258478e-13 1.746248549064859e-14 4.262107170007323e-15 5.191051593517746e-15 3.856717788755275e-18 9.911979571444785e-18 -3.367531936594821e-16 -2.769052354862321e-16 -3.729655530842011e-16 -1.139661749285252e-17 1.149184434442514e-16 1.316757266140193e-18 3.348498189396048e-16 -1.876068570182375e-16 7.206213856789944e-18 2.781310228583294e-16 -3.66731385682244e-16 2.55796539117795e-17 -4.363778228964898e-16 -5.212844057234821e-16 2.323445260951386e-16 -9.628894784428414e-18 4.170494710238519e-18 1.257142717447742e-17 -5.340866914120775e-17 0.003839407168430643 1.697678172813287e-17 7.757398050651342e-17 6.440956832488266e-18 -3.838017213188622e-17 0.01773968857411339 8.41176058516975e-17 -4.881349242239319e-16 9.500321558138028e-18 -3.452963698698909e-16 0.07292870469256868 -2.306065629115974e-15 -7.305767859538372e-18 2.676819672702485e-17 -8.328651685603507e-18 8.784584008407236e-18 -0.004400715750675987 -1.62370676020481e-15 1.808523343226527e-16 2.632490458286752e-17 8.589337621286494e-18 -4.402781978695321e-17 -1.032279409834571e-16 -0.0388424683633462 4.719335796279233e-16 1.90924484491631e-15 1.603886830827392e-15 -2.045604527339767e-18 -2.198978635020273e-17 3.356948729098465e-17 6.397834332399536e-17 0.002841270903465603 9.73683599976689e-16 -3.767806042173721e-17 
6.29355689201368e-17 1.822164805645688e-16 3.196011168016375e-15 1.802378517515375e-15 -1.084203311603741e-15 -1.573409077638431e-15 4.210390718806706e-15 1.591131741075332e-14 -1.526263925062304e-14 -3.888079392104234e-14 3.820728747999302e-15 -6.340415145031616e-16 -6.776436921328151e-13 -8.977228288887995e-16 -1.5872836043533e-16 -5.709346145567353e-13 3.905752423282423e-15 -8.404861640943016e-16 -2.655510486549965e-12 1.577780807351168e-15 -8.795189257560803e-16 1.294765034721187e-16 1.383771468622985e-15 7.453739061945712e-17 -1.204379207664223e-15 1.727458687038988e-15 -1.319414413477025e-14 2.849890463980695e-14 9.292358011994822e-16 -1.93264675196675e-13 1.333481936672237e-14 -2.029192789024255e-15 1.870205382603977e-14 -1.695963264342768e-15 -7.749043746139848e-10 -2.038300099416134e-15 -3.380979417539758e-15 2.159734109811772e-15 -1.707411559906867e-15 -2.018988468178638e-08 1.546510584516359e-15 5.430524739296437e-15 -2.841130110422552e-14 -6.42327445904567e-15 1.134904887668097e-14 -2.367436760008047e-15 5.008667094775181e-14 -4.532924602253715e-14 7.663140959862901e-16 -4.146682999135272e-14 -3.43431880362781e-15 9.893127990866257e-15 -3.869517555924874e-15 9.634654190807909e-15 1.400375042486723e-12 -1.212029863921486e-15 -2.775557639173627e-17 2.719179611993214e-15 2.525758542802213e-15 -2.805996034740719e-13 -3.198830403671577e-15 1.258949364666526e-10 1.233448023176136e-14 6.8548682390806e-15 1.659317215737599e-14 -1.913589730371159e-14 -1.219347973915766e-14 1.48471512938603e-13 -9.368753607612841e-15 0.7297473842723631 2.307525780804528e-14 -6.709043057640964e-16 -7.537373510906826e-16 7.521760998880434e-15 -1.150511980186839e-14 8.630249347943265e-16 8.33450095714063e-10 1.502270534408449e-15 1 3.085964656533898e-15 -1.305643690626542e-14 6.594377824984769e-14 -5.169367540864032e-15 8.723924365194098e-15 1.494420907239145e-14 -1.078609045085417e-14 3.916571929909984e-15 -1.050295105336307e-14 5.030231875997092e-14 3.353976711811089e-14 -2.24419007798701e-15 2.187296727655751e-17 6.989901172811518e-18 -2.275636163433183e-15 -5.531463961607241e-17 -4.376361800157573e-15 2.19498285885723e-18 -2.011549632223863e-18 -1.655675351967128e-19 2.057163973488255e-17 -1.372609744619436e-16 -1.858633783521307e-17 -1.900900753298878e-18 -1.558002827431272e-16 -3.408611200763941e-17 -2.30349051584188e-14 -1.753190912715041e-16 4.844594356411932e-16 5.024132652061449e-17 4.031936970660331e-17 4.704439994193832e-18 -4.524717366213255e-18 -1.187469566141182e-16 1.565516108616407e-16 -1.101643777317063e-16 1.156865399690694e-17 9.739930212774952e-18 -2.284760417875752e-17 5.880441536056094e-17 -2.155162677538534e-16 -1.423617804306654e-16 1.294664449558667e-16 4.532579182218039e-17 -2.156811227045599e-17 -2.257761464206581e-17 3.318307865752332e-18 1.230255421333896e-17 3.04113110525504e-18 7.004754548498888e-17 0.0008176100796061139 7.659074846024576e-17 -2.273873050621193e-16 2.408255889212252e-16 1.526086109685616e-17 1.468894097641715e-18 -9.941685677660104e-18 0.008185868898654159 -2.103874032034155e-16 7.638126335340048e-18 -2.670038615455462e-17 -5.178921014758393e-17 -1.666246278317186e-18 7.612492921080642e-18 -1.826942695247985e-17 -0.0009320325517620802 -1.749569970668384e-16 
-2.157404716092545e-11 -2.942524706990436e-16 -2.293382990178091e-09 -4.47131198662297e-08 -5.490814069756339e-08 -1.268363920865333e-07 5.819455182304866e-15 -6.068062741373776e-15 3.573882739415916e-15 -1.968043940236331e-15 1.366962207938494e-15 -2.370239743071259e-14 -1.683989253934838e-15 -6.591974416639098e-16 -4.798362959090998e-13 2.386125905079172e-15 -2.428626875398667e-16 -4.034717074988472e-13 -1.183986151112524e-15 -1.516196184721387e-15 -1.877245791994955e-12 -2.9552714941024e-18 -3.312796690920469e-16 4.643095820813334e-16 -9.956016034365228e-17 2.250803718390652e-16 1.434029495501825e-14 -2.814778585545408e-15 2.022534924790814e-12 -1.246705448019386e-15 6.421946331777611e-15 -3.328500685022256e-15 2.004472986236507e-15 5.489945047119773e-09 -2.385244791064649e-16 1.505739993116368e-15 3.877110837454202e-16 1.983117305623375e-15 1.03402725773918e-07 -2.851456188174233e-16 8.465475800792469e-16 -2.314815014890339e-14 1.871046320669035e-14 1.037364642464351e-15 -5.602614747005263e-15 5.377358192312442e-15 -5.309880159353103e-16 2.122456034144308e-14 -4.968248054045143e-15 1.676610245729406e-15 6.557254763954405e-16 -1.555016971984058e-16 8.790548617382213e-15 5.412337265174928e-16 -4.673724532772131e-15 -2.470246757964288e-15 -2.341876765489764e-17 1.783296108456787e-15 -1.029240646345734e-13 2.050226739477008e-15 -7.446301275143838e-16 -8.025699877613597e-15 -2.779792736562759e-15 -1.127277528960524e-14 -9.424773008571232e-15 3.639802231744506e-16 -9.215432270779286e-13 1.178619245401819e-15 5.1087606556145e-15 2.320246190168172e-14 0.7297473865881038 -2.237793295886532e-15 -2.048274752880523e-15 -4.087442207079061e-15 1.699215864406867e-15 -3.478165701869367e-09 -5.953354162678667e-16 7.410738733687483e-15 3.085964656533898e-15 1 7.840950140365767e-16 -2.260561537978827e-16 1.838459946628266e-14 -3.687236076965874e-15 -2.206568269589744e-15 2.044073468388519e-15 -7.788278243379587e-15 2.859537077193032e-15 -1.126795058992002e-14 -8.910352957145493e-14 -1.225457457052446e-14 2.084434736450294e-19 5.709002085573817e-19 -2.783389495568142e-10 -4.53860420975052e-13 -1.576407075682792e-09 -6.11705394644952e-20 1.298827067623798e-20 3.611298764614198e-21 1.424434826105661e-18 1.086869057886785e-18 -2.784945351156733e-19 3.047753595650627e-18 -2.15845171581105e-18 5.16645101107688e-18 1.127316153663126e-17 1.360673731493295e-17 9.955334119899993e-15 -1.589453921177992e-18 5.952419014301758e-21 1.390536666676462e-19 -1.370718895902641e-20 -1.803698246317581e-20 -4.362864502231456e-18 -2.299378968431807e-18 -6.736851031665347e-19 -1.713128399624648e-18 7.343874941488083e-20 6.457737027499226e-19 -1.167719625396383e-17 2.430815161006038e-17 -7.658818997792939e-18 -2.859583240489072e-17 9.616683169383614e-18 1.95533607844719e-18 3.568875687128097e-20 1.956155047275139e-19 -7.204798928009958e-20 2.412548295984444e-19 -7.962501014053831e-18 2.05233436899624e-18 6.227425326344016e-18 -3.540730081496791e-19 -2.815259594383834e-18 3.661550305260329e-18 6.122592393380486e-19 2.080833972378199e-18 -2.068571609498641e-21 -4.935369912491756e-18 1.056105010261847e-18 3.316280833681152e-19 1.349383388157796e-19 4.241820671770652e-19 4.203963543320924e-20 6.963611330861699e-18 0.0001014659576008653 
-1.079759436824092e-15 -3.812596939545403e-16 -1.488045798769564e-14 -1.536098341131198e-14 -1.348748918938245e-14 -3.209268789555983e-16 1.39667465960711e-14 -3.829749017915137e-14 -3.809391766874778e-15 2.543262018259183e-14 -1.411408423806716e-11 -5.245126857456971e-15 1.65801708545265e-14 -6.06030927954227e-11 -5.966726731422165e-15 1.034204730067685e-14 -8.639946243018623e-11 -2.298217906488994e-15 1.216459026864419e-15 -1.111436792763909e-10 -1.706866559569284e-16 -7.207205652020451e-16 -5.242957390074542e-16 4.57966997657923e-16 6.517589873721162e-16 4.978005854750179e-15 8.448297298551964e-15 -3.565161674993161e-16 2.187486303206689e-15 1.635984210040578e-15 1.141448047192691e-14 7.682250025807746e-16 4.12736794009901e-15 6.887719622918633e-15 1.157283498901671e-14 1.21014310520688e-14 -8.338146411817756e-15 2.694436352198059e-15 -1.379113222681925e-16 6.602042624539393e-15 5.821749320196888e-15 -1.22488824638717e-14 9.171878158358999e-16 1.316655118266347e-15 2.023763304831931e-15 -4.647338591701802e-15 1.680282974390778e-15 1.242629944390472e-14 4.459661806962485e-13 1.519502568481452e-15 5.13221409857795e-13 9.448015560003136e-15 -4.211532517396818e-16 1.489349550844759e-14 -1.927804975311894e-14 1.461973904930795e-11 -2.148292453632536e-15 1.79325133501379e-11 6.624173385542083e-15 -6.930018430902725e-16 3.556508733643837e-15 -1.492252815676834e-14 2.977841480751298e-14 -1.932651358827486e-15 -1.933251058154153e-15 -2.253209283650029e-15 -1.245097774882341e-15 3.672697589844836e-15 -5.689893001203631e-16 2.508049945501518e-15 -4.381911500317079e-15 2.311760101049184e-14 -1.734018745460424e-15 3.684840655724372e-15 -3.928328752835064e-15 -5.871171638798712e-15 -8.091156883507713e-15 2.437286489322654e-15 -1.305643690626542e-14 7.840950140365767e-16 1 6.923527032177783e-15 4.406197628980857e-16 7.821502234945909e-16 -2.292437073503285e-15 -8.525284970160679e-16 1.25104733430384e-15 -8.165066156950926e-15 1.115609815356456e-14 3.29949826141635e-16 5.671783436791227e-15 3.90408751363489e-20 1.34609417186481e-18 -3.187554369266203e-17 6.146071065277224e-18 1.290200602194535e-16 -1.40913534218736e-22 -2.888568600327734e-22 3.890328061678601e-22 2.862089876738228e-21 -3.998623234422297e-20 -9.600034084758426e-21 -2.284359114127725e-19 -1.517618343684133e-18 5.211353664372654e-19 2.79022681421139e-17 -4.050172740591082e-17 3.735076484212503e-17 -3.127123528888882e-21 1.431782552679742e-21 1.995157319739238e-21 2.628461931998277e-21 -4.232817355717522e-20 8.643956553236554e-20 2.355482581923496e-20 1.072089542210109e-19 -2.835589391847409e-19 -1.101779372761946e-19 -8.421208385842031e-19 -1.640491060594815e-18 3.952705718142367e-18 2.17088176372936e-18 3.16578564036308e-20 -2.277422022464653e-20 -6.519167070051852e-21 -1.587697527559498e-21 -1.171820144175952e-20 1.36879606656208e-20 1.090908117154175e-19 2.578442905247703e-19 -8.571245507277985e-21 7.295503791297454e-21 -2.113076301750285e-19 -1.564955408599139e-19 3.45147063057205e-19 -5.460144777210571e-19 -3.211893683836356e-18 -2.503686211517083e-19 -2.899966939976018e-21 -1.903384160267898e-20 1.980971660359734e-21 4.270897525587503e-20 -5.016559195261674e-20 7.605489770296889e-21 -1.636740431661279e-19 -2.286866339465015e-19 
2.145864756699455e-17 9.726479333321605e-17 1.637904223158965e-15 2.832045791127093e-15 1.36175935867079e-16 2.239982878115799e-16 -1.259233060706533e-15 -1.144239867787248e-14 7.828346261164078e-16 -9.211436567159378e-15 -6.661772334585343e-15 3.480289433145846e-15 1.139500836563639e-15 -7.676939651242802e-15 -9.426122711146415e-16 -3.281194159475394e-15 -2.834120816451748e-15 1.951593259272658e-18 5.926165092993718e-16 -2.733902077845432e-15 -9.904887995677674e-16 -4.642111127868069e-16 -1.044852462827507e-15 4.131770832384773e-16 1.538482882757026e-16 -3.98728716170268e-15 1.994843905946843e-15 -1.227601462323823e-15 -1.811291019243834e-16 -2.766233422879416e-15 -2.2175322559117e-15 -4.006940182817949e-15 -1.368328195407312e-14 -1.157609446171449e-15 -3.196228008225253e-15 -4.263267286053446e-14 -3.725322368094227e-16 -2.824784762448091e-15 -9.331579342684172e-16 -8.101171315349732e-16 -1.146861630924308e-14 1.894060537750656e-15 -3.244800261814572e-15 -1.154444920735384e-15 -3.300026809975587e-15 -1.33856108434826e-15 -1.327442929882569e-15 -3.572310633068072e-15 2.27693298266751e-15 -2.234323837067861e-15 4.07833489236407e-15 -2.785911692946422e-15 2.309296417479486e-15 -1.183420765927527e-13 2.525665224093464e-14 -2.376674660685551e-14 -1.089406372812842e-15 -1.419220937105369e-16 -2.474367334909546e-15 3.04335612716178e-15 -6.924041010172848e-14 6.903441943429954e-15 2.793636632788902e-15 1.744946147210541e-14 -1.9736274246839e-15 3.157156068696258e-15 2.182566735849113e-15 1.517883041479676e-16 -6.275402831927341e-15 -1.2160411566597e-15 -1.407097908242336e-15 -4.915404029248679e-14 1.320937717530085e-14 -3.434915114202608e-15 6.785479309698288e-15 2.181414783805436e-15 5.733261099254561e-15 2.117587793990582e-14 6.594377824984769e-14 -2.260561537978827e-16 6.923527032177783e-15 1 -4.83743904308702e-16 1.984523656517422e-15 -3.956497672888364e-15 4.529715361481475e-15 1.527966121683813e-15 -7.455936367438201e-15 -6.261782542135487e-15 -1.808042647891079e-15 -1.230489505860759e-14 -1.691859957899052e-20 -4.373324019250608e-19 -1.601952640715148e-16 2.140133922422796e-17 3.423016885884721e-16 8.756878630064227e-21 -1.878644355727072e-20 1.547735948618939e-22 1.541403940504386e-19 -2.520153692466988e-20 -2.691439792224347e-20 -7.093889352728351e-18 -4.091857389898855e-18 1.249310966289654e-18 -1.366094737331745e-17 -8.651233872508316e-20 1.057073069060279e-16 -6.064067173544469e-20 -1.463081724381466e-19 2.703509666317282e-20 8.933876781231133e-20 1.620199651755023e-18 -5.092912289712879e-19 1.470797293747888e-18 2.037925730442099e-19 -4.649655764690912e-19 2.547755034333864e-18 -1.187751950287322e-18 1.494726951289374e-17 3.049624617925954e-18 -3.369698234502683e-17 -4.676438146969709e-17 -2.559237051372589e-18 9.673338761796643e-20 -1.882094712878948e-19 1.233707908386207e-19 5.217908856230893e-20 -4.657323932231865e-18 -5.794779094786166e-18 4.303026083619763e-18 1.025657637452082e-18 5.584236843971337e-18 1.150694122431757e-18 -1.434010473904675e-17 6.510289008278232e-17 7.388694868682004e-18 3.499010711086816e-05 2.851117902495681e-18 8.092009392155733e-20 3.750162603154619e-19 1.135127745230077e-19 2.577130602936039e-20 4.775581122525309e-18 5.992127551792196e-18 2.377340460450747e-20 
-2.418608283839748e-16 1.761286429202786e-16 -1.868297184978835e-15 -1.647988056549587e-16 -4.675952039868929e-15 -3.682852778501325e-15 7.178821068416963e-15 -2.652652403290763e-14 -4.632795883032954e-15 2.303935212527762e-14 -8.815416081069726e-12 -7.13730384373803e-15 2.555607098604161e-14 -3.706021013826642e-11 -1.421941561498563e-15 1.468782571021894e-14 -5.290927040414437e-11 -5.2673502067769e-15 6.400247458069227e-15 -6.730683592965254e-11 -7.48686148284746e-15 -4.803502138659941e-16 -3.83354194674883e-16 1.701655309716195e-16 -2.500463825781957e-15 -1.845799988548061e-15 1.338108768754472e-15 6.527168128905608e-16 2.796374243274571e-15 7.980049862012971e-15 -1.367655988460077e-14 -1.283427033419793e-14 4.958056540574639e-15 2.11289321262184e-15 1.924317912129833e-14 1.52829139290034e-14 -1.255431469641253e-14 2.595584064366594e-15 -9.575729546168981e-16 6.089810506239574e-15 1.266351908147733e-14 -8.989337052511556e-15 -6.660253945578352e-16 -1.681814409959476e-15 2.674130448326861e-15 -1.371679225552954e-14 -1.523778390792528e-15 -8.429671891074543e-18 5.490469190961931e-13 -7.238486069250808e-15 3.331813991649497e-13 3.669536463723921e-15 -1.699562799665867e-14 -1.058289740591141e-14 -1.299240121002483e-14 1.885605262898134e-11 -8.158784202201979e-15 1.164964546350398e-11 9.01297680093902e-16 -1.072547220803273e-15 2.487311814834555e-14 -1.036107181822655e-14 -1.906427218780492e-15 6.411456652047011e-15 8.028774585270758e-15 -1.142694879691074e-15 1.68875330386343e-15 2.824356823720047e-15 3.587408148319903e-15 -5.177593922177187e-15 2.805047860654323e-15 6.855952448783981e-16 4.672239160479165e-14 1.195137739276175e-14 -1.112554061459917e-15 -1.792142833518404e-14 -1.88233760542186e-15 -2.327998910086156e-15 -5.169367540864032e-15 1.838459946628266e-14 4.406197628980857e-16 -4.83743904308702e-16 1 1.905311014644552e-15 1.04083408558607e-17 9.388174374187698e-16 1.45522970843719e-15 3.078017780434262e-15 -5.773457883648027e-15 1.037310428525471e-15 -1.051391504240603e-14 -1.045510300541612e-17 -2.060746457375196e-17 -7.062492912040935e-16 -5.01091139068497e-16 -3.962867412673375e-15 3.506344801773522e-19 -2.124407907860269e-19 3.436388982611915e-19 2.901827854281878e-17 -2.015568433655944e-18 5.197668609809992e-18 6.073421662484129e-17 5.165471610154328e-18 -3.085997783711269e-17 -6.870296048352793e-17 -1.889222285555982e-16 -2.472523054353189e-16 -8.640432473684663e-18 5.564280905977116e-19 -3.401895226563921e-19 1.104415315781545e-18 -3.225430473418544e-17 -4.428409507719716e-17 4.243317247446623e-18 -2.598380754094837e-17 1.159035026571722e-16 -2.224268592516849e-17 -3.565633064544864e-17 -1.258775662914672e-17 6.051203375185687e-17 -3.340425486445415e-16 -9.842861660274426e-17 0.0001840328555373266 7.172834049854297e-18 9.022542071154687e-19 -6.732414916385017e-18 -9.563891884097868e-18 4.429790975698563e-17 -6.793100465950853e-19 0.002924881933354173 -1.618264283751314e-17 5.71584450252494e-18 -6.895261780960249e-18 -9.446621179822608e-18 -1.158650412849436e-17 1.327633163142161e-17 -3.273839802723315e-17 -0.0003949512128974279 -3.67633590931353e-21 -1.571843092933034e-18 -7.769376881849449e-19 -1.376157699069637e-17 1.068645294311438e-17 -3.112808432909019e-19 3.369747223816856e-17 
-1.214677485864911e-17 -5.175142972787807e-16 1.048836514817469e-14 6.345025068383198e-15 2.135128356708928e-14 9.118565343467344e-15 -1.334504474157738e-14 -6.318122091591455e-15 1.476696318530134e-14 -1.944039695047818e-14 -3.256658970421328e-15 1.399788537520723e-14 -1.81110159603177e-14 -9.25315879129642e-16 1.098449178626336e-14 -9.636864590068726e-15 -4.177807419684039e-15 1.727317923772093e-14 -1.119147454838189e-14 -2.42528774007718e-15 3.632258253623246e-14 -1.67823339123223e-15 8.469447188467601e-15 4.934458627000264e-15 2.665287424357738e-15 3.88720293979524e-16 1.074283416673187e-15 6.569363922206121e-15 -9.937660317181146e-15 -5.663655308629649e-15 -3.526299803373276e-16 8.915646549930308e-14 1.285999303343359e-16 -1.794758476811832e-14 -4.392753527179649e-15 -1.152357839519411e-15 1.652602333734511e-12 -4.526903522786801e-15 -7.25958912010438e-16 -8.48151003288527e-15 -9.289810688340091e-16 5.017805815358984e-15 -3.301395615218358e-15 -1.503289510831449e-15 -3.705303276116611e-15 -4.745203084361805e-15 -2.713894833552116e-15 -1.030319018578853e-15 -6.436328928162743e-15 1.857281689562684e-14 3.464332906122336e-14 -5.672840535205539e-14 2.593984191075605e-14 -8.89882650013592e-16 9.432396271253809e-15 -1.824536456814816e-15 -5.362047758643738e-13 7.275079396140134e-15 -2.579789781588193e-14 2.675811514725819e-15 -1.305501515879596e-15 1.232385763360977e-15 -1.720033383572484e-15 1.101466228609811e-14 -4.555837967589702e-15 2.093030271126624e-15 1.328867639299935e-17 9.960348518189766e-15 1.680544072296831e-15 2.735658921615368e-15 1.8391702616697e-15 -8.327011511315249e-16 -1.70840175861684e-14 2.283996425024583e-13 5.615191482441299e-14 3.432312200597341e-15 6.042041878579093e-14 1.233639115993856e-15 8.723924365194098e-15 -3.687236076965874e-15 7.821502234945909e-16 1.984523656517422e-15 1.905311014644552e-15 1 -2.101180422145119e-15 4.611328680015382e-15 -1.111910144849506e-14 1.295755427325825e-15 -3.498426490177942e-15 -3.073208327359781e-15 -3.591567927123852e-16 2.882115110323556e-16 2.85860723614548e-16 8.560201976144692e-15 6.165161140016113e-15 3.618140044038325e-14 -7.23424973397854e-17 -4.361260884168387e-17 2.103096499007532e-18 -5.223799510139604e-16 -2.958949410162736e-16 -2.572214196187935e-16 -2.281940790114211e-16 -1.22414485793293e-16 2.215805697954634e-16 -5.026157983735559e-16 -5.889042060719269e-16 4.420875603602995e-15 0.0006261411528593251 1.158514662060132e-16 -5.185435321283789e-18 2.345329581365893e-16 -5.707133890424688e-18 0.004133743742129065 -7.329314365088644e-16 3.188520687532301e-16 -9.343952732555205e-16 1.128495677655986e-18 0.02585431488239295 -3.454982685647078e-17 6.628019471749165e-16 1.299487083914589e-15 -1.993585048391516e-17 -1.836072560481213e-16 -0.0014774499267694 -2.145952096950466e-17 5.148793010521465e-17 1.323935454709577e-16 -1.882807269305339e-18 2.053381308487363e-16 2.303307608225105e-16 -0.01890937663924667 1.000407634794948e-15 2.106277303045037e-16 1.244262483351162e-15 -2.864993907075613e-17 -2.849360419069857e-16 -2.93358689176813e-18 9.26935198457056e-17 0.001922650720514601 -2.313401487531011e-18 5.877630899948454e-17 -2.031542147631692e-17 -1.789893543443367e-19 -3.249508420395889e-17 -1.314434284167228e-16 
6.487501253387665e-16 4.283276207675854e-16 2.701745079615001e-14 1.222113248251802e-14 9.285984518426631e-15 -1.175026061949097e-14 -2.962150788327729e-14 -7.338921137469949e-14 1.259899845042893e-14 -3.071002886809698e-14 -1.17412859193243e-11 1.220182970047068e-14 -1.846262406811769e-14 -5.046952118003864e-11 -1.940259047499375e-14 -5.743485697426059e-15 -7.19544998402967e-11 -3.059014012062226e-14 9.169739595682981e-15 -9.262955779143933e-11 -1.103437916681659e-13 1.963817909652135e-15 -5.190348120781215e-15 4.354752235897259e-15 -1.181024655801672e-16 -5.07487931886196e-16 7.529248763089449e-15 -2.742137029595987e-15 -1.565674673242881e-14 -1.607990406408598e-15 -5.04370850640255e-15 1.755925051148988e-14 1.279559576112145e-12 -1.385176707946289e-14 -1.663491395189999e-14 -6.460110269195238e-15 1.59200068463765e-14 2.651755300765535e-11 -1.973779905367995e-14 -4.537935297162351e-16 -4.07487757840972e-15 -6.670011765130792e-16 -4.836016027735855e-15 6.456640777585683e-15 -5.979158140823178e-15 1.441235030082669e-15 -8.540531563211261e-16 8.727034665669629e-15 3.921030167617272e-13 2.322333948419808e-14 1.947747518990423e-14 -3.149390471355278e-14 -3.742530374462868e-16 -5.559246639566856e-15 2.746067262749574e-14 1.346801252351785e-11 9.963818238604945e-15 -1.949565911962147e-12 -1.985728033283799e-14 -7.264833683492651e-15 -4.779597323841142e-15 1.665052994236704e-14 -6.000381398349204e-16 3.006763674845342e-15 -7.297805480581241e-15 1.741071479696715e-14 1.488219270040546e-14 6.005511029878055e-15 3.24740234702854e-15 -7.579250812031396e-15 -3.668940151690808e-15 -8.75384835478504e-16 -4.443060505140898e-15 -2.401057869162305e-14 2.218998643666049e-12 3.839636964194881e-14 2.005015081477251e-14 3.053113324703229e-15 1.494420907239145e-14 -2.206568269589744e-15 -2.292437073503285e-15 -3.956497672888364e-15 1.04083408558607e-17 -2.101180422145119e-15 1 -2.488454050025195e-15 -1.481617834062807e-14 -8.028855900434023e-16 -7.206339474804989e-15 -5.393932913169643e-15 -1.276105957015398e-15 -5.264991914447984e-16 -4.94861582318409e-16 -3.316536479994139e-14 -2.193704202666051e-14 -1.394851049863181e-13 2.225238261752676e-17 0.001289050992882344 1.706823893550832e-16 1.951266960067616e-17 0.00579251135169891 -4.906069254401665e-16 1.742920464408898e-16 0.0279265965375591 -3.625510423294384e-16 6.129124372049732e-15 0.07629308300828314 -3.421190468509078e-14 -1.141170738103009e-15 -0.003635844518422801 3.566319357012602e-16 -3.418315064070828e-16 1.288731182641311e-16 1.023137012742571e-15 -0.02048946920772143 2.569909761909871e-15 -1.070840593361057e-15 -8.305256502359452e-17 -2.049723676006786e-17 -0.09114360956445851 -1.420019528201945e-15 -1.226482917173073e-15 1.401604476063117e-16 -6.739291090354779e-17 1.050896117147941e-15 0.00496440227525995 -2.243973082100631e-16 6.366843657886615e-16 1.119640834763397e-16 -6.840616031080565e-16 3.072288836701028e-17 -2.319260292295918e-15 0.04940589326322184 2.085359593903908e-15 3.075555255943851e-15 2.185056706658553e-16 -4.872727527215715e-16 -1.272845885536603e-16 3.927539101971502e-17 6.361694895738094e-16 -0.004481330756042616 2.278520639215577e-16 1.811119168896611e-16 -3.409703600228772e-16 3.231153962193464e-16 1.521897179322944e-17 
1.102321308665105e-14 1.292723989051952e-15 1.860106938802894e-12 3.304393536003652e-11 4.088664773434862e-11 9.488411552464676e-11 1.274431584637397e-14 1.240246986600443e-14 -1.023330725714039e-13 1.192022272722444e-14 1.304780493071111e-14 -3.266773134321289e-11 3.29848764696279e-15 -4.07076102850807e-15 -1.304908617368955e-10 -5.338018852616396e-15 -5.318475995800622e-15 -1.867920901413346e-10 -2.368232849041317e-14 -2.049285399575121e-14 -2.319052994808238e-10 -9.062036745557111e-16 1.49164534890573e-15 4.390335522565548e-15 -2.540897039472174e-15 -5.423697677406496e-16 -4.606690751112864e-15 5.460042140636962e-15 1.574780955052234e-14 -1.265339321222882e-15 1.644993887742376e-15 -1.69990059789781e-14 1.069630496538261e-14 9.47053154004662e-12 2.660554207359876e-15 1.544961001417587e-15 -2.711463579910574e-15 -1.85962647752787e-15 1.618295103561177e-10 6.385655860944717e-16 8.928160424332078e-16 1.557910430435159e-15 -5.686762367430966e-15 1.404394179074798e-15 7.3747431772466e-15 -7.894444477199092e-16 -4.863297264900912e-15 -7.242131699024276e-18 5.658085220542091e-15 -4.204996810840537e-15 -2.646952210590527e-14 -1.815266687381067e-12 -2.833260156673371e-14 4.395789288241837e-15 -1.083502523380883e-15 6.603009458307045e-15 -9.512973081593925e-15 -8.06500215721862e-15 -6.189987133056387e-11 -4.95544192121641e-15 2.371367223188781e-15 -1.42480627842049e-15 1.122208540828764e-16 2.62203453393889e-15 6.592864004294807e-16 5.76969028109892e-15 1.405017934137195e-14 -9.25342731414746e-15 1.065194753149112e-15 1.580678676057345e-15 1.555662404993095e-15 6.558948815679298e-16 9.992007226788385e-15 8.525257868687397e-15 -4.963737763814656e-14 9.234364303863925e-12 -4.548928110452121e-14 2.717444331333888e-15 -1.078609045085417e-14 2.044073468388519e-15 -8.525284970160679e-16 4.529715361481475e-15 9.388174374187698e-16 4.611328680015382e-15 -2.488454050025195e-15 1 2.356411777943631e-15 6.031633525971372e-15 1.957967479555137e-15 -5.144322468009206e-15 5.69111272864783e-16 0.0163579621407653 0.04698925919225352 0.04220218896147256 0.05110966764866796 0.01012145054846863 -6.651255055193692e-16 -1.492227344008412e-15 -0.004990240960239742 6.744073144521309e-15 8.103648234219533e-15 -0.01969605408768273 -2.392980310961638e-16 4.61990562976169e-16 -0.06954300808754663 -1.657320457460953e-14 -1.77689894048654e-14 -0.09232188457536207 -8.978854817937172e-16 -6.873409651243259e-15 0.007454532214274995 -4.060857078684619e-15 1.390335135951566e-17 -8.736793307345893e-16 5.683641387661846e-16 0.03534403997447538 -1.125001371609396e-16 8.949670853527103e-18 9.511843233730048e-16 -5.186077804177463e-16 0.1082915436731065 -7.889714319312864e-17 -2.931369272210577e-17 4.288416494246337e-16 2.187813180654436e-15 -3.280879872701436e-15 -0.007044185797344987 -1.897453283490149e-15 -6.608156210179507e-17 -4.243762658866656e-16 -1.518668796887875e-16 3.002133082917009e-15 -6.547536597844276e-15 -0.05600120945758205 -6.190081796424459e-15 -1.895074092082622e-17 4.854870582804739e-17 2.861575122987255e-17 -5.732972543268059e-16 -1.848211733447668e-15 6.712055355637178e-16 0.005156961346529133 -6.249533615583581e-16 1.042508933136415e-16 3.771329992990305e-16 -4.124445433365807e-17 
2.772914142827349e-16 -6.336886412470416e-17 1.824481864651618e-14 2.416741958849982e-14 1.349212415853778e-14 -5.052429918693097e-15 -5.727937655438434e-14 -2.966217901727276e-14 1.205451889567008e-14 -1.170405549809578e-11 -3.069761475227923e-14 4.492771765589361e-15 -5.04724038677879e-11 -1.846026591938379e-14 -2.764974311067464e-14 -7.195639590398594e-11 -5.736655184364306e-15 -3.614131161931405e-14 -9.262954022681026e-11 9.170173290242299e-15 -1.040603597108844e-13 4.724363532760763e-15 -1.235231852750233e-16 2.306097981172336e-15 -8.281270951092999e-15 3.742819821188693e-16 1.057498272977234e-14 -1.545506479955552e-15 -6.112733436660149e-15 1.083133216906063e-15 9.361950234140806e-16 2.431041481572614e-14 -1.657848122875621e-14 -6.238773794910148e-15 1.281209569190283e-12 1.219960555946659e-14 7.866978784310981e-16 -4.612203262245545e-16 -2.772740016213307e-14 2.651990499821552e-11 8.199709920661887e-15 -1.941087806982272e-15 3.660405447714471e-15 1.43777574752609e-15 1.547410610021033e-15 4.872296142932657e-15 -6.937979108324098e-16 -4.317293050837284e-16 -2.649250719242268e-14 3.74570166551935e-14 -3.728571271490978e-16 -2.636261977549579e-14 1.980837369297471e-14 -2.074566646997421e-15 -3.979143404068397e-13 -2.707147683815064e-14 1.135512071463221e-14 -7.30063946763931e-15 -1.271552892113751e-14 -1.944443706159822e-12 -1.593777349162174e-17 -1.347259566390447e-11 -1.796739840242913e-15 6.728524801127013e-16 -1.235665215981712e-14 5.997972436647535e-15 1.375535766561882e-14 9.45688822796797e-15 -4.006167684915383e-15 2.292952069535272e-16 -4.546678043283077e-16 -1.558475573334443e-14 -9.905786048976933e-15 -1.681033785101406e-14 2.005554472059119e-14 2.413127762959553e-14 2.210095053435559e-12 1.165709783974123e-14 3.916571929909984e-15 -7.788278243379587e-15 1.25104733430384e-15 1.527966121683813e-15 1.45522970843719e-15 -1.111910144849506e-14 -1.481617834062807e-14 2.356411777943631e-15 1 5.086204149366326e-16 7.448035244106371e-15 1.120607648558491e-15 -2.527925785367139e-15 -9.203495892792236e-17 -3.826690415939091e-16 -3.331249078246153e-14 -2.411917669629743e-14 -1.345584633565754e-13 0.001289050992882583 2.222511874453711e-17 1.103329859291033e-16 0.005792511351698222 1.864869599455167e-17 -4.632242622904113e-17 0.02792659653755893 1.738566739487706e-16 4.526591910120367e-16 0.0762930830082877 6.117408012145579e-15 -3.109274703718659e-14 -1.708362210903991e-15 -3.416189011373203e-16 1.118923535415571e-16 -0.003635844518422904 2.563183207317336e-17 1.835523918499533e-16 -1.074531962877671e-15 1.670479534024039e-15 -0.02048946920772138 -2.215064766053454e-17 1.095224400469902e-15 -1.224094293561162e-15 -1.110673022562523e-15 -0.09114360956445595 -1.713075671309883e-16 3.087861340099684e-16 1.736442727695025e-15 6.368978180913833e-16 -5.467622634898006e-16 0.004964402275259769 -1.16870584369456e-16 1.378624276690388e-16 2.908709096447023e-16 -3.041609120700242e-15 3.075558645045853e-15 1.892008180565424e-15 0.04940589326322178 8.798549342256054e-17 -5.221118557352791e-17 1.180594230766614e-16 -2.574096835257424e-16 1.621178972863697e-15 1.804113147636178e-16 1.100069996460154e-16 -0.004481330756042554 -1.864509048665634e-16 -2.505213158880854e-16 -3.817644650258627e-17 
-6.428718574614356e-17 3.706873413811921e-16 2.751230777308436e-16 -1.500502612261765e-15 -1.693793234542565e-15 -3.824694869512734e-16 2.485039236699104e-15 4.468770917411516e-15 -3.866264947085342e-15 8.126244977770619e-15 -1.134787066283265e-15 -3.792106019118694e-15 7.583931690180433e-15 3.192465821981311e-15 -3.741825937509635e-15 3.236575594737647e-15 2.173776900416938e-15 -6.062949725473774e-16 -2.985648216532639e-16 2.320130362415047e-15 -2.746545046319401e-15 3.895864943559126e-16 -5.296056562049063e-16 -2.386101506972439e-16 5.501677846636323e-17 1.979473315213832e-16 -3.500088368820618e-16 -1.93074722876213e-15 7.068015606386632e-16 -1.856047393143777e-15 3.252936436789409e-15 -1.133577418137354e-15 1.41900380500856e-15 6.846194679341509e-16 2.827456967613787e-15 9.084870403896226e-14 -9.324147952738829e-16 1.809319417967841e-15 -1.673638463988211e-15 3.086767380974976e-15 1.657337829394713e-12 -5.628564004174342e-15 -2.702583979091022e-15 -4.332283839937725e-15 -4.838143774499338e-15 1.332192243617866e-15 -6.845218836204235e-15 4.972395955540175e-15 -7.074104079928354e-15 -8.773906080877235e-16 -3.223427926760304e-15 3.642919300383356e-15 -8.26251163369419e-15 2.079725280934198e-13 -1.916810487655465e-14 4.346391451670826e-15 -1.33829854086505e-15 1.161370502141983e-15 1.620232470988018e-15 -4.095415310802472e-15 7.108394428772994e-12 -4.055608156152086e-15 8.147312611074152e-15 -1.932481952238081e-15 1.688265148187945e-15 -4.567526912246879e-15 5.423856893130372e-16 3.833091748736996e-15 -2.720923936464912e-16 -3.252679362289892e-15 -3.715086506657165e-18 2.249622610971263e-14 -5.585809595530883e-16 1.197586003307958e-15 -5.946632087214743e-15 -6.62447531264976e-17 -7.156195138246518e-15 2.241247557258478e-13 -1.050295105336307e-14 2.859537077193032e-15 -8.165066156950926e-15 -7.455936367438201e-15 3.078017780434262e-15 1.295755427325825e-15 -8.028855900434023e-16 6.031633525971372e-15 5.086204149366326e-16 1 4.575442011622418e-15 4.100886297209069e-15 5.245170210709071e-15 1.632120895102107e-18 1.158698720196648e-17 -3.113828621949916e-16 -1.249373597200127e-16 -1.148603796609179e-15 -3.797795009412161e-18 1.068081120858097e-17 3.916214140709361e-19 3.931328971256003e-17 -6.548131557935715e-17 6.558347001372566e-18 -6.009636365503559e-17 -1.053261117713822e-16 1.724459818937224e-17 -1.638416028397365e-16 1.699486905371035e-17 4.494018004952451e-17 -5.695723276443515e-18 1.111807179747368e-17 3.108042296020923e-18 -2.259886240661253e-17 0.0006261411528593657 1.609279522894618e-18 -4.650341073488587e-17 -3.723461180449853e-18 6.511283350331011e-18 0.004133743742127679 -2.148247617124571e-17 7.224115308236557e-16 -4.483366565641449e-17 -1.111665453905563e-16 0.02585431488239754 -3.415784759691499e-16 -1.130977487823095e-18 -2.999089442217341e-17 -8.768906262833688e-18 -2.940474615207781e-18 -0.001477449926769486 -2.127102625289281e-16 4.698079491604344e-17 -2.895369309450638e-17 2.681638879245441e-16 1.119856965609645e-18 -3.495055954132153e-16 -0.01890937663924407 3.116488755811449e-17 4.313457250863358e-16 3.536301777794053e-16 -9.870580874783058e-20 -1.763327540149961e-17 4.80490525425015e-18 4.654935317917377e-18 0.001922650720514021 2.49144560035667e-16 -6.731727218084374e-18 
7.626820634436083e-16 5.352582776388247e-16 2.521154944624221e-14 1.159446333996137e-14 1.86376175473365e-14 7.072046620633985e-15 2.733013468315424e-14 -1.752542338682154e-14 6.263707000995117e-15 8.822933505823867e-12 -2.549132973469119e-14 1.323740554223651e-14 3.705846066295718e-11 -2.674314137465503e-14 6.486937519330579e-15 5.291303043895323e-11 -9.450069031474771e-15 5.643357174730098e-15 6.730921127475347e-11 -7.642023404829641e-15 1.448246307287662e-15 1.161045001460433e-15 9.966295536513345e-17 3.409552292724144e-17 6.028562713900573e-16 2.672435217762226e-15 3.807718029769144e-16 -1.226849297066659e-14 -8.184222918784059e-17 -3.782625525739489e-15 -9.38494887272436e-15 2.367377129942945e-14 -3.253538935129852e-14 1.426013860764226e-15 -5.063251256483079e-15 1.557402221432813e-15 5.152133845513315e-15 -1.48336436654294e-14 8.443273759147525e-18 -2.994191617108614e-15 4.036388286680817e-15 2.507217523872657e-19 -4.172816335089943e-15 1.624781309928593e-14 -3.602336256982431e-15 6.728558682444898e-16 -1.719409120290372e-15 -4.369768435985445e-15 -1.300489664006404e-14 2.233868472155412e-14 3.946761537711035e-14 -1.273102717288425e-14 -3.321206157593001e-13 -1.502368108431245e-14 5.5638306467684e-13 -1.032301631397604e-14 1.354168550600356e-14 8.089667761740251e-15 -7.142401933302776e-15 -1.164878070367248e-11 -7.278791995646205e-15 1.884471447395993e-11 -7.679620828148806e-15 -5.255697136177523e-15 -1.684243022825805e-14 1.215953065233202e-15 -4.538212796008378e-15 -7.190903146374176e-16 1.679759846842592e-14 6.208222954814715e-15 -3.765095331863022e-15 -8.392592190329255e-15 -5.174029610208121e-15 -4.546016343054132e-14 5.255670041345756e-15 1.335715400274661e-14 9.255427388695899e-16 1.746248549064859e-14 5.030231875997092e-14 -1.126795058992002e-14 1.115609815356456e-14 -6.261782542135487e-15 -5.773457883648027e-15 -3.498426490177942e-15 -7.206339474804989e-15 1.957967479555137e-15 7.448035244106371e-15 4.575442011622418e-15 1 -1.469663149858363e-15 -8.394326900251296e-15 5.540913999161507e-18 2.551650238749672e-17 2.137422779472785e-16 2.594654882133265e-16 1.978807057132771e-15 2.458793284074022e-19 -4.647184030800641e-19 -1.013026893336553e-19 5.103129811238943e-18 -3.734879283212602e-17 -6.050884786311446e-18 1.495163037031289e-17 -8.109396667680161e-17 3.389866972252388e-17 -6.56145602261075e-17 -1.759817379182266e-16 4.825870161214475e-16 1.208384299718098e-17 8.143516787294783e-18 4.933925021355106e-19 -7.469661887625734e-19 -1.528483999450904e-17 5.759493153901493e-17 -1.228153727102748e-16 8.179973027442478e-18 -6.910032933376492e-18 -1.984905517501746e-17 -6.450177069165061e-17 1.343025807485657e-16 -6.129252146639747e-17 2.970195144930176e-17 1.467444297422327e-17 -6.843690832214598e-19 -1.911066650393511e-17 -1.562839867443027e-17 9.20959501700372e-18 -2.086016725913384e-18 2.132556285230853e-17 0.0001840328555373255 1.366931765202266e-17 1.225379734608642e-17 -1.968551425781129e-17 -7.421509437007017e-18 1.110514394860775e-17 -5.781382565294313e-18 0.002924881933354165 -5.481669509771484e-17 -3.213592118742369e-19 -4.065642736104908e-17 -1.458968064516808e-17 -1.322253213609636e-18 -3.233780547577965e-19 -1.017808534760468e-18 -0.0003949512128974118 -4.353241284166145e-17 
6.142617804469517e-16 -1.754449020433878e-16 8.184100104928498e-15 1.140619154652731e-14 6.574012566347471e-15 4.573153814495915e-15 -4.311784795582664e-15 -9.330399950924392e-15 3.900525735735882e-15 -1.418861609577249e-15 -4.42105153452554e-15 -1.793471857988174e-12 -5.671754282848291e-18 5.237258602303227e-16 -8.602984322764851e-12 -3.461470914928928e-16 -1.686269359536119e-15 -1.218567805354118e-11 6.577113520511663e-16 2.914210590851864e-15 -1.647587406849618e-11 1.69746080256123e-15 -4.015884846886663e-16 1.217672479250572e-17 -6.691311467381151e-17 2.347993329239204e-16 6.797935763022972e-15 5.282232984349196e-16 -1.437390347535061e-15 -1.424680618161479e-15 -2.930069923669163e-15 1.884717935562172e-14 -7.761152840596903e-15 -4.705173196355833e-15 -3.266629998751585e-15 1.603372393863988e-15 3.104372061555597e-15 -3.781703097957692e-15 -1.087190081795854e-15 9.487597013891445e-16 1.501841321203978e-15 -1.324827292141473e-16 1.195731678276822e-14 -1.821324124504052e-16 2.059116765984469e-15 -2.799740352206953e-16 -8.552186736565308e-16 -1.62552398841674e-15 -1.537062578066717e-14 7.086689633585912e-14 4.601354020415027e-16 1.260866411566964e-13 2.710884902201859e-15 -5.228456556732651e-15 2.16120185463289e-14 -1.924676101012503e-14 2.885721602388664e-14 7.492922762670156e-16 5.562193888103736e-12 3.25774359855283e-15 2.473715918264162e-15 1.119342416533438e-14 -1.426688086246429e-15 -4.149458554536325e-15 -1.002700662300654e-15 -2.151057110211205e-16 -3.952594545067501e-16 -5.435607781207462e-15 1.282909325647742e-15 1.522444144494034e-14 2.862361497997346e-15 -2.525648964883743e-16 -4.439851266708593e-14 -1.009465406654624e-14 5.474787300831281e-15 3.535583305163791e-16 3.398953488562309e-15 4.262107170007323e-15 3.353976711811089e-14 -8.910352957145493e-14 3.29949826141635e-16 -1.808042647891079e-15 1.037310428525471e-15 -3.073208327359781e-15 -5.393932913169643e-15 -5.144322468009206e-15 1.120607648558491e-15 4.100886297209069e-15 -1.469663149858363e-15 1 -2.44316828053302e-15 1.805292831502086e-19 -7.584650647071022e-19 -6.217422375448822e-14 -1.395232670717314e-16 -3.518949500939151e-13 -1.15644394843951e-20 7.864243033933282e-21 -3.354247305772352e-22 3.081720540600136e-19 4.516288690678315e-19 -5.973854166629307e-20 -1.104360576938458e-18 -9.674307397729198e-19 -4.638001694587425e-18 -3.66544408937564e-19 3.896351557369777e-17 1.594183769368378e-16 -3.683329335081061e-19 3.342450018252182e-20 3.632395556599872e-20 -9.558900677655594e-21 4.458141487004339e-20 5.78358463637762e-19 -1.705507715236812e-18 2.36596719312277e-19 -2.427041476360079e-18 -1.51585202873341e-19 -4.719762455839745e-19 -1.600256995600265e-17 -1.48684987187492e-17 -2.353419599936276e-17 -3.770143648229119e-18 2.423443979816088e-18 3.821587652479594e-19 -1.162318024719478e-19 1.529644314801407e-19 9.765720080379649e-20 9.179459989653944e-20 -2.504940729051124e-18 3.141976073612567e-18 4.411738335929133e-18 1.851916770803371e-18 1.254882620080423e-18 2.782171204342444e-18 -1.185025562989077e-18 -1.082416664036563e-17 2.370698177115088e-20 -8.290259463734192e-19 -7.840879134934955e-20 6.878257742781693e-20 2.852806826381048e-19 -5.487389257814392e-20 -2.792023128101195e-20 2.579512547568751e-18 3.499010711087267e-05 
-6.462599112911551e-16 -1.105978992512751e-16 -4.615218258648413e-15 -9.579228734428216e-15 -6.662673292107915e-15 -1.840857177725454e-15 -3.975986206940026e-14 -1.890943456505368e-15 2.563101369602056e-15 -1.411162613471503e-11 5.080029665011884e-15 -2.821799156752916e-15 -6.060069539841962e-11 3.911491120904448e-15 -3.624270456148131e-15 -8.639673369442747e-11 1.476258188095113e-15 -2.716482289597817e-15 -1.111431753233125e-10 -6.314592782618081e-16 -7.421483042024232e-17 -5.958233038894077e-16 1.962860153616858e-16 1.168264081290241e-15 3.201739343472722e-16 1.352263615745417e-15 -7.901665433074321e-16 -2.294090481816261e-15 1.569463112802705e-15 1.872444256936674e-15 -1.081119650183807e-14 -8.368306056162202e-15 -1.656281450734465e-15 2.75833740639533e-15 1.534430678931752e-15 -5.120578475829232e-15 -9.33282157874112e-15 3.415133769568999e-15 -3.198198258071643e-15 1.535517283191285e-15 1.148200624594288e-14 7.863155927160016e-15 3.744902066400587e-16 1.051174663806121e-15 -4.644823750881466e-16 -7.992738415562823e-16 -8.779733667515499e-16 9.093420461069983e-15 8.324260335698161e-15 1.291772678413456e-15 4.556359630252998e-17 -2.015287893621991e-15 5.17114129338211e-13 -1.045398576759928e-14 -4.503515616439587e-13 1.009457486823266e-14 -3.505496770399137e-15 -2.692670861992339e-15 2.870589200890865e-15 1.793620831190533e-11 2.771221023441031e-15 -1.463952877888007e-11 -2.106301244530859e-14 8.755542406541859e-16 -2.270753030053495e-15 2.047956259871367e-15 -3.019096474557407e-16 -2.224808268928585e-15 5.686938550283589e-15 2.374240127417255e-15 3.222350500580331e-15 -1.310063171173323e-14 -4.962989657224708e-15 9.749145939084087e-16 -1.134183894843052e-15 -5.1688254673528e-15 -4.744875291839958e-16 5.191051593517746e-15 -2.24419007798701e-15 -1.225457457052446e-14 5.671783436791227e-15 -1.230489505860759e-14 -1.051391504240603e-14 -3.591567927123852e-16 -1.276105957015398e-15 5.69111272864783e-16 -2.527925785367139e-15 5.245170210709071e-15 -8.394326900251296e-15 -2.44316828053302e-15 1 2.120019281248644e-20 -1.301476831567864e-18 -9.176905776932384e-17 -9.197071540373156e-18 -1.913144109287542e-16 -6.864368969697124e-22 1.62731624731793e-22 3.930439051245312e-22 -1.088742339358574e-20 -7.675786249666288e-20 -4.064427419924622e-21 -1.297782688188904e-18 -5.684805287375436e-19 -1.029741867373932e-18 -3.195008277043181e-18 -3.431015057604706e-17 -2.077565246766409e-17 -3.3398981943193e-21 -5.359482689056771e-21 1.180209371906752e-21 5.041470606303351e-21 2.911925724516455e-20 5.813723057345498e-20 -2.738488832397187e-19 1.021649141275859e-19 8.528192311400893e-20 2.026344095446272e-19 -6.935082255644331e-21 4.73018317804022e-18 -5.906827930230101e-19 -9.895197708502458e-19 -1.655554316817453e-18 -3.881199819925471e-19 -9.848178142112801e-22 1.08471560697491e-20 2.24321366128558e-21 -7.614694398921533e-21 -5.605565187376651e-20 1.206006950951702e-20 1.936233055787586e-18 -1.396653105265991e-20 1.229816952614681e-18 3.86109896345374e-19 4.753486189364066e-19 2.462688069093913e-19 1.229901765581094e-19 2.872010235795698e-19 4.888547082538437e-19 -5.650198630798682e-20 -4.726732518115367e-21 2.76005317340124e-21 6.285947860617874e-21 -4.804484322825958e-21 3.428846353293104e-20 -2.704796539331385e-19 
3.161162558434334e-05 6.714963028550205e-06 0.01458528659869963 0.04557154724136201 0.04423812173233516 0.05990137599595818 -1.597646954851112e-16 -1.592367009340189e-16 0.008685400862892234 -1.688517546705088e-15 -1.355124931696477e-15 0.0773500483915617 -1.385279208960101e-15 -1.295409437153994e-15 0.093426756255356 -2.714056710854144e-15 -3.047148762059653e-15 0.1162629148030578 -1.357655083058557e-15 -1.350294197488757e-15 0.08242658153889307 1.445712072537252e-20 -5.089466179285355e-19 2.477070134010839e-05 3.332845577102686e-19 2.19361643776388e-21 6.266286544557054e-18 -1.851639350298864e-16 0.0050453282215162 -1.605958039664651e-16 -1.318593195711853e-21 1.112775230710134e-16 -3.064322433371326e-15 0.07163409359504246 -3.487706300864548e-15 1.48259823129088e-18 3.01799976622111e-16 -5.157787819315646e-15 0.1575995473517404 -5.15472146149737e-15 1.278683883795367e-18 -6.22977380980441e-19 1.056564773800544e-18 -2.86279834377756e-16 0.004872835146231522 -1.656559753133916e-16 4.003682879090782e-19 1.648762813374574e-19 -6.080011198371261e-18 1.649368180810786e-16 -3.415008866360103e-15 0.05481409969303722 -3.801617299515457e-15 1.245407944743267e-18 5.972993549825649e-18 -1.862895481032729e-17 6.820398174795224e-16 -3.410287446880675e-15 0.1613859805800811 -5.221583880437042e-15 3.664096944054693e-18 9.030850471197268e-18 -3.602613970127668e-21 -2.889608037683717e-18 6.414787951865789e-17 -2.885906432489222e-16 0.008887483904006704 -9.166650236650426e-17 4.119657374881385e-19 1.171452576568522e-18 4.702435523897586e-20 -5.729495138428605e-21 -2.161800607829909e-17 1.000584311838227e-15 -5.583985518199884e-15 0.1104350832456337 -5.618662598030232e-15 3.856717788755275e-18 2.187296727655751e-17 2.084434736450294e-19 3.90408751363489e-20 -1.691859957899052e-20 -1.045510300541612e-17 2.882115110323556e-16 -5.264991914447984e-16 0.0163579621407653 -9.203495892792236e-17 1.632120895102107e-18 5.540913999161507e-18 1.805292831502086e-19 2.120019281248644e-20 1 0.8311057649505523 0.7448834075739877 0.5343154258309458 0.3026775023118432 -9.172017956595706e-14 -2.286202194814555e-13 -9.874046025266903e-15 -3.147120313612085e-13 -4.840374018076596e-13 -4.307665335550279e-14 -3.977056427459301e-13 -5.137830245998558e-13 -1.186550857569531e-13 -6.090029926965269e-14 -8.394047356525714e-14 -5.391520563339249e-14 4.176854458795203e-14 1.695522919363008e-14 5.605238495580764e-14 6.227699218218248e-15 -5.856943913916163e-15 2.115263440298125e-13 5.228841467360094e-14 1.333794186210926e-13 4.425585128768173e-14 -4.822570924031282e-15 1.603082095611318e-13 2.476403727891032e-14 5.846712003436785e-14 5.749186698574176e-14 -4.158853228438655e-15 -2.545866911962786e-14 4.674788576042714e-15 1.043310818761284e-14 1.16573417585757e-15 1.215568713069189e-14 6.825630607078349e-16 -1.36042659207768e-14 -2.676619660954701e-14 -5.108607337031645e-15 7.47669242070102e-15 -3.150257832377647e-15 2.457114786974974e-14 -5.834341981506867e-16 8.275647493978623e-15 -8.332784412771449e-16 2.719684259766506e-15 -4.714860639394691e-15 5.760217170356293e-15 -3.04747546642487e-15 7.147997630400469e-15 7.766162082395415e-15 -5.122278157974591e-15 -1.838636508693853e-15 
0.000141755830330054 0.0003015518323167098 0.03721280638239136 0.09756325819558674 0.09589030344189545 0.1254352543974434 -6.414847688897592e-17 7.863292722984918e-17 0.03056077187989713 -1.40184492813291e-17 -1.275801122052426e-16 0.1636130298306114 -5.997110145282569e-17 -1.975237557100817e-16 0.1937922616358204 1.697302212562772e-16 -3.262688076964084e-16 0.2345750394837573 5.382822363278654e-16 -1.379080933626811e-16 0.1696198404448214 5.103325381860361e-18 3.063511137251925e-17 0.001240249435761308 2.467571336205942e-17 3.654680401655491e-19 -4.010304000157069e-18 1.031010091584814e-16 0.02370109197067669 1.130584921195441e-16 1.912441576222814e-19 1.90467214714995e-16 7.984996543764768e-16 0.1551026357554256 1.242527719555013e-16 -1.722865026625309e-18 -2.327115668418473e-16 -8.344981660578281e-16 0.3002343374751714 7.894784267808965e-16 -4.912636315333531e-17 6.230853769342126e-19 2.758836841541972e-18 7.753596662356917e-17 0.02417952330090187 4.049659723175735e-17 -6.32018927549776e-19 2.007543122552931e-18 -5.051069223226686e-18 -3.225153157823945e-16 1.084077658733475e-15 0.1239195685028757 6.912503600400406e-16 -8.991254735343882e-18 -3.611645917062802e-18 3.747105139412223e-17 -1.434721460541518e-16 1.472106297130586e-15 0.290179300480144 2.616136218078601e-15 -7.087972394659074e-17 -1.268187259525845e-17 -1.894636627247887e-19 9.95311358627173e-18 -6.197616429895632e-17 -8.800921137901478e-17 0.03440579545139057 7.895653698416237e-17 -7.328634938763361e-18 -1.319496050021217e-18 5.312749463856992e-19 -4.537677519988206e-18 8.441445653403483e-17 1.423902849574302e-16 5.95872432959404e-16 0.1982952728436876 2.115478289470117e-16 9.911979571444785e-18 6.989901172811518e-18 5.709002085573817e-19 1.34609417186481e-18 -4.373324019250608e-19 -2.060746457375196e-17 2.85860723614548e-16 -4.94861582318409e-16 0.04698925919225352 -3.826690415939091e-16 1.158698720196648e-17 2.551650238749672e-17 -7.584650647071022e-19 -1.301476831567864e-18 0.8311057649505523 1 0.9446321058133769 0.8510793335063781 0.5656061004041707 -6.680674913045685e-14 -1.493739487356758e-13 -4.302114220423429e-16 -3.865959932366832e-13 -5.584200188084882e-13 -7.596701046002223e-14 -3.53059393254785e-14 -1.095950835778277e-13 -2.221556272276483e-13 -2.642695718103598e-15 8.593582930765024e-15 8.326672684689823e-17 8.878095949487819e-14 2.028904148817659e-14 6.478151348689884e-14 1.519242379757184e-14 -2.828769195725296e-15 2.937773969175708e-13 1.426101798173267e-13 1.698641227678067e-14 1.559086181784816e-13 -5.096054842951975e-15 2.838358558486017e-15 3.887798679243288e-14 -7.682743330408378e-14 3.903169937598995e-14 -1.817552286790319e-15 -5.159661784986472e-14 4.286492584931404e-15 1.33012311886069e-14 -1.804112415016801e-15 3.143642342488733e-14 -3.974035189234263e-16 -1.24786233767082e-14 -2.628001343717306e-14 1.007413651415078e-13 2.72554368791053e-14 3.200564813179497e-15 4.521337327649335e-14 -1.660359078641671e-16 1.727025354170131e-14 -4.507283539640545e-16 4.602405910796203e-15 3.614182625299406e-14 5.882214365225535e-15 9.641593079482734e-15 7.004661311171409e-15 5.50830848207126e-15 -1.811605551892656e-14 5.225244048163854e-16 
0.006142122030260289 0.01479517024559966 0.09607704323285259 0.1869689792075666 0.186991003643965 0.2313911541214514 -3.396683361702671e-16 5.945764680633415e-16 0.09100215560324759 -2.625468929031194e-14 2.44613374556893e-14 0.2770280052729906 -3.34586066789081e-15 4.134729177922369e-15 0.3293865725891044 -1.345459276472384e-14 1.231487287735628e-14 0.3814279279522362 4.965802675569875e-17 -6.592157263638617e-17 0.2950608017093256 3.788074627960242e-18 9.714324356156956e-17 0.01406923081595276 -1.194200652706125e-16 3.58294934683184e-19 1.440129114630401e-16 -4.566659524948789e-16 0.06348571419971211 5.967798919141849e-16 4.336808665668413e-19 6.199749631990657e-15 -2.44032223902563e-14 0.2292592397219083 2.467251787991869e-14 -9.497611043469176e-17 2.662335605229117e-15 -6.029908208681693e-14 0.4094338280318027 7.442018688995899e-14 1.25767825790191e-17 3.182133358434194e-17 1.759909461417433e-18 3.883070059022873e-16 0.04668936147858458 3.545554645673304e-16 2.737610470203138e-17 5.946200373201184e-17 3.612561618867914e-16 -8.62293998569875e-15 8.197923631510199e-15 0.1554461697523963 -6.337637695754204e-15 -2.756041907105376e-16 6.371555435984443e-16 2.380474776774881e-15 -2.648472184153817e-14 9.464046034752569e-14 0.3272996079566642 -9.337806929414932e-14 -1.647987453855278e-17 1.770804053571081e-15 1.045606448646954e-16 6.185373359409424e-17 -9.423277219663243e-17 -1.189613722047014e-15 0.04334783653218319 -7.783672376466816e-16 -6.746447980530359e-17 -5.018132847868724e-17 -4.219888304041847e-14 -1.029697715811644e-16 -2.240395357841706e-15 1.840909634296423e-14 2.088921476077177e-14 0.1898917426511455 -1.916147761885383e-14 -3.367531936594821e-16 -2.275636163433183e-15 -2.783389495568142e-10 -3.187554369266203e-17 -1.601952640715148e-16 -7.062492912040935e-16 8.560201976144692e-15 -3.316536479994139e-14 0.04220218896147256 -3.331249078246153e-14 -3.113828621949916e-16 2.137422779472785e-16 -6.217422375448822e-14 -9.176905776932384e-17 0.7448834075739877 0.9446321058133769 1 0.9588950917523046 0.7888537182052431 -6.721486686402127e-14 -1.483921188297462e-13 2.725581467476964e-09 -4.275292364477721e-13 -5.101751646139824e-13 7.827960735772691e-10 -1.077518007349414e-14 -1.171185673350078e-15 2.297595434372957e-10 3.552345030179101e-14 -5.688982239537295e-14 6.772304901157051e-11 9.869302533734495e-14 2.908870025365887e-14 1.650952559858645e-10 1.734461957332002e-14 -1.693184491175134e-15 2.142116378885552e-13 8.996728469214671e-14 3.387876071817287e-11 1.19545224986985e-13 1.411099145021659e-16 -1.441038604010106e-14 -3.320999327161849e-15 7.032319132070071e-12 8.418228031793411e-16 4.290865598866849e-16 -4.604168919269239e-14 1.391029358929554e-15 2.575302662861653e-14 -6.151709662770339e-11 1.150307356359682e-14 -4.135554654664537e-16 -8.963895480306565e-15 -1.473885600851639e-15 5.868004845754228e-14 3.403067290172976e-15 -5.693970436867854e-12 7.125879578248444e-15 -2.973739431776253e-16 -6.870446182479917e-15 -4.838519115423769e-16 4.408677014054385e-15 3.430562909255647e-14 2.834081800626558e-15 1.877339592710717e-11 1.923659502716987e-14 3.227632574813947e-15 -1.312276056333124e-14 1.864780014478216e-11 
0.002761968749062628 0.008640937419767061 0.09687291668623584 0.195034647816199 0.1954337516718749 0.2416842201504151 -2.806785813444631e-16 -3.751339516801227e-16 0.1016798582584068 2.330438536647244e-15 -1.058181400715392e-16 0.3054866995330634 -7.192082587388503e-16 -1.437657573057539e-15 0.3581851950813082 -1.006958572409979e-15 -1.183088230647405e-15 0.4133462881074237 5.371578175358504e-16 -1.708756563428372e-16 0.3137132542378315 9.370027765485491e-17 -5.894714038180318e-18 0.01774517458000426 1.379413790507465e-16 -2.610979059911688e-19 4.321915104489956e-16 -1.688238307831521e-16 0.08250003005168292 2.877378664233446e-16 -4.676299495201675e-17 -2.778537002627943e-16 -1.660130368451414e-15 0.269841208074427 -2.315313742050679e-16 3.686287411933491e-18 1.817683689834784e-15 -4.931392881522839e-15 0.4587373945124441 4.450440044867427e-15 -7.1991238613882e-17 -6.211800821984307e-17 1.548380951040716e-16 -1.247686307569204e-15 0.06715427412369876 -1.582216963990236e-16 -6.53096283650963e-17 9.109114013720604e-17 -1.059265522625723e-16 -4.621683869574155e-16 -3.035657662997339e-15 0.1917584875312351 -1.212180380588049e-15 -1.474514954619438e-17 -6.589566929215717e-17 -2.597748951118859e-16 2.860406624460971e-15 -3.894888689425217e-15 0.3697007276124187 5.256640123247664e-15 -1.219944403590016e-15 1.719172312300733e-16 3.293507053502816e-17 -2.171928002031596e-16 -5.724117954219044e-16 -7.641999012764348e-16 0.06074496705987433 -3.275898153339611e-16 8.744090521095758e-17 -9.3533002741266e-17 -6.701047052318183e-17 -7.401402029202076e-18 -1.792186192044446e-16 -1.048445524090514e-15 -2.085842353593316e-15 0.2104913239111415 -6.001533374831064e-16 -2.769052354862321e-16 -5.531463961607241e-17 -4.53860420975052e-13 6.146071065277224e-18 2.140133922422796e-17 -5.01091139068497e-16 6.165161140016113e-15 -2.193704202666051e-14 0.05110966764866796 -2.411917669629743e-14 -1.249373597200127e-16 2.594654882133265e-16 -1.395232670717314e-16 -9.197071540373156e-18 0.5343154258309458 0.8510793335063781 0.9588950917523046 1 0.8601401752258067 -6.232140434651001e-14 -8.758938649759215e-14 -5.891120924418045e-15 -1.901362788798101e-13 -2.385547948374835e-13 -8.133771434164291e-14 1.135146475411284e-14 8.031252156644763e-15 -5.917488721255708e-14 3.743487182565851e-14 -1.504460618584412e-14 -6.700195953613187e-14 5.449516239154497e-14 1.897038162451404e-14 5.925815393938198e-14 1.4820919895516e-14 -2.513264437672908e-15 1.570301421497656e-13 5.126253202517465e-14 -4.662936703429599e-15 1.137410913251815e-13 1.288663094727826e-15 -9.407963508154691e-16 -2.854216429177002e-15 -7.688294445530867e-15 -1.099679891710724e-14 -3.553066044506959e-16 -2.873975824209175e-14 -9.440622440651162e-16 1.169272235418479e-14 -3.344546861684715e-15 1.16462988590239e-14 -5.877639623950541e-16 2.578662899615348e-14 -1.633415370870662e-15 5.671465325275568e-14 -6.444565475894396e-17 -1.672273430842699e-15 2.774361371361027e-15 -1.078556168497164e-16 -7.323887937255948e-15 2.912976501608396e-15 6.399097158316685e-15 3.125386535190758e-14 6.840511720704235e-15 1.539393612582272e-14 3.436911770305181e-14 2.616368066429324e-16 -9.048819483431074e-15 5.62923099957627e-15 
0.02768766989845294 0.06191691382336513 0.2218052362819456 0.3521173045538831 0.3556594449572392 0.4228812442753649 -5.020953032187736e-16 4.900593883967588e-16 0.199230179816309 -2.262410295867067e-14 1.413279341770219e-14 0.4360342878342336 -2.871412041076519e-15 1.942897741130168e-15 0.5308071520288731 -5.351652843782109e-15 5.943196966871198e-15 0.5914573808996496 -3.556295432499755e-16 -1.099849416685291e-15 0.5017482225545699 7.23915038076922e-16 1.216137734380439e-15 0.03351566256698397 1.842144461514402e-16 -1.691626461827104e-16 -3.090802195160317e-15 -3.081194194434205e-15 0.1069335445689218 -1.223193518923543e-15 -5.178149643765763e-16 9.643571884314994e-15 -4.748285166328992e-14 0.2749270304578034 5.014399882864726e-14 1.058181341551915e-16 5.262424490233398e-15 -3.258162776066351e-14 0.47584701338475 3.360077941167999e-14 7.389944108940636e-16 -2.617264078737549e-16 -5.399379829416225e-16 -4.329165121456155e-15 0.04897351775761768 -1.273432631871494e-15 -1.497283219857704e-16 5.336642215771813e-16 1.268950239463499e-15 -1.469527050961115e-14 1.199376985113975e-14 0.1240407763979961 -9.823478288089856e-15 -4.154662779614049e-16 1.270180131319177e-15 2.648923339186088e-15 -2.830838434687812e-14 6.627859441503672e-14 0.2454593616770778 -9.389865083014159e-14 -4.822531797370186e-16 2.258068368747077e-15 8.331040307686478e-16 -2.458970559476647e-16 -3.859076811454205e-15 -2.958787767553781e-15 0.02314003520858338 4.503541361376769e-16 -6.636130534354896e-16 4.269257868442175e-17 -2.389499220160474e-13 -1.079247045654579e-16 -5.692495164085623e-15 4.496884425366563e-14 2.903059780802979e-14 0.08080420287811216 -2.706802921592482e-14 -3.729655530842011e-16 -4.376361800157573e-15 -1.576407075682792e-09 1.290200602194535e-16 3.423016885884721e-16 -3.962867412673375e-15 3.618140044038325e-14 -1.394851049863181e-13 0.01012145054846863 -1.345584633565754e-13 -1.148603796609179e-15 1.978807057132771e-15 -3.518949500939151e-13 -1.913144109287542e-16 0.3026775023118432 0.5656061004041707 0.7888537182052431 0.8601401752258067 1 -3.280619497058048e-14 -7.285445534357967e-14 -2.909131307402388e-15 -8.175676485736436e-14 -1.118233601115588e-13 -5.749567564256515e-14 5.315518756897204e-15 9.968719028640052e-15 3.330669117600023e-15 5.856164290372904e-14 -5.788208530188447e-14 -1.065147983807893e-12 3.076410233290713e-14 6.389648897506046e-15 3.297362426422796e-14 8.934481013574342e-15 4.21380971104485e-16 7.933862988607338e-14 3.922670608456511e-14 -3.992639604723958e-14 4.532217650085755e-14 1.116522575512676e-15 7.661783685407983e-18 -4.791238540908412e-15 -7.757683486406976e-15 8.576021615127848e-15 1.076341720864508e-15 -2.275780510680739e-14 -4.018412572836554e-17 7.162658817203411e-15 -1.779826309717184e-15 4.154666895443316e-15 -6.010374917553322e-16 1.51477714811787e-14 -4.458867890242056e-15 3.509135358755293e-14 -1.84643808270713e-14 -3.476385891495091e-15 6.662845123480795e-15 3.020727052636705e-16 -5.684363478432017e-15 1.215554697194856e-15 4.213701258082459e-15 2.732455806992033e-14 5.016097110254752e-15 1.812439111493436e-14 1.101677852285134e-14 4.000796385568744e-16 -7.393977462407158e-15 3.4031816094216e-15 
-2.561516743084365e-18 -6.729007303685491e-20 -1.22048318845305e-15 -4.314348879738329e-15 -4.246239547095428e-15 -4.745886518142091e-15 0.0001954499646480157 1.007346845311854e-17 -6.390310998661337e-16 0.002353972907819307 6.419325809112438e-17 -8.213320732325167e-15 0.00287933323453364 6.065626588584681e-17 -9.058343808026716e-15 0.003628657430218453 1.407146167035806e-16 -9.930312369731665e-15 0.002552130402970497 6.522080238289476e-17 -9.215206622043595e-15 -1.143792385487913e-21 1.506990698901177e-21 -1.117812814907553e-19 8.171345074900376e-08 1.168170945317024e-23 -2.5881508761983e-18 2.480560831531249e-18 -2.779967178931291e-16 0.0001530760506827998 -7.241445935385771e-20 -7.559973090827067e-17 1.179573951343765e-16 -5.01973449475622e-15 0.003676284321833638 -3.780772286958018e-18 -1.533851824528718e-16 2.083105482555313e-16 -1.695287375185922e-14 0.008717698795006197 -6.116581891682095e-18 4.707089856011449e-20 -4.627296472387e-18 2.968320922179413e-18 -2.751075793264256e-16 0.0001854174756010796 -1.0381165510162e-19 1.702541463342023e-20 4.498035434622164e-19 -1.468981646098591e-16 1.259222842313e-16 -4.383619323457645e-15 0.003764702431206904 -8.411642658612906e-18 2.102211885250323e-19 4.227622559772768e-18 -2.982329704375135e-16 6.251705887029513e-16 -1.708108667983303e-14 0.01285155854424026 -1.468578809645236e-17 1.106994889303899e-18 4.522201346716846e-21 8.033549944307601e-20 -1.916718928675187e-17 1.056841672261606e-17 -4.743823719328555e-16 0.0004892382677525235 -5.226946093781182e-19 5.714659729518034e-20 -2.095477523915669e-21 7.768927907056005e-20 1.758710297337802e-18 -5.511562945197158e-16 2.563166291691741e-16 -9.056166064230916e-15 0.01102669210656484 -1.139661749285252e-17 2.19498285885723e-18 -6.11705394644952e-20 -1.40913534218736e-22 8.756878630064227e-21 3.506344801773522e-19 -7.23424973397854e-17 2.225238261752676e-17 -6.651255055193692e-16 0.001289050992882583 -3.797795009412161e-18 2.458793284074022e-19 -1.15644394843951e-20 -6.864368969697124e-22 -9.172017956595706e-14 -6.680674913045685e-14 -6.721486686402127e-14 -6.232140434651001e-14 -3.280619497058048e-14 1 1.137295552874119e-14 2.516216402131276e-15 0.7533999662503167 6.413157122649012e-15 -1.026065820483451e-15 0.3578058707911941 2.66770798066374e-15 6.849855939138449e-16 0.1303805509571135 3.299958324363374e-15 2.770047415045947e-16 -1.909002467582377e-13 -3.8467309105064e-16 5.584954765990707e-15 -4.600486658292037e-15 -1.234787000177566e-14 -1.15804784971353e-13 1.361294293065974e-17 4.737604276510778e-15 -4.26048085700332e-15 -8.699888426838343e-15 -3.497511786965769e-14 -2.344079387973661e-16 3.816902368837462e-15 -9.636388909052834e-16 -2.269371823478482e-15 8.037843000541829e-15 1.449820447435422e-15 -1.872950432421278e-15 1.011484486226329e-16 1.609823385707072e-15 -3.347889795970539e-16 7.769748975890267e-15 2.622701194176558e-15 1.111068926876209e-15 -6.552874371562393e-16 2.872275739143922e-16 3.642919299554278e-16 -1.75000779027402e-16 1.847245993531619e-15 5.042408967243558e-15 2.613239130705506e-16 2.899841257008644e-16 4.051517393011016e-16 -4.714153389829111e-16 -6.418476861117962e-16 -8.138934996942233e-17 -1.343787142924216e-16 2.330353285763068e-16 
-4.518353612520211e-18 -1.445679451179956e-19 -2.308534279438292e-15 -8.669306397038177e-15 -9.468901106558833e-15 -9.563747077842303e-15 1.0086597463801e-17 0.000195449964648012 -1.176753449288407e-15 6.386969148069829e-17 0.002353972907818877 -1.103365621595242e-14 6.010569236675272e-17 0.002879333234533619 -1.855754228070324e-14 1.401674302653415e-16 0.003628657430218539 -1.826963299937648e-14 6.505647280380531e-17 0.002552130402970072 -1.93901737157166e-14 -6.318694219494827e-22 8.171345074898902e-08 -2.510132689297769e-19 1.50864516110044e-21 1.07017596154337e-22 -1.463241077817349e-18 0.0001530760506827687 -6.070788646594775e-16 2.470429523388696e-18 3.511751529648722e-19 -4.442717141386638e-17 0.003676284321833681 -9.869763878914871e-15 1.180692034835447e-16 9.597903441338407e-18 -8.608877140897404e-17 0.008717698795004487 -3.641116385207645e-14 2.067655577410271e-16 2.040067040907334e-17 -1.177262921963167e-20 -2.648538999275151e-18 0.0001854174756010806 -5.33185865800196e-16 2.961557893491177e-18 4.756595325365997e-19 -1.469409295720194e-20 -1.976894703703338e-19 -8.483203715775768e-17 0.003764702431206923 -8.784924491141247e-15 1.26142512797604e-16 3.300924121951657e-17 -5.738243870760975e-19 -9.454967824139446e-19 -1.736992184989496e-16 0.01285155854424029 -3.799063991465246e-14 6.23859381429602e-16 4.189015967775776e-17 -1.797034537127313e-18 -5.510475383564639e-21 -5.741884699466611e-20 -1.12511303816227e-17 0.000489238267752528 -1.007719843545155e-15 1.05819692497721e-17 2.641838694510588e-18 -1.25621053040946e-19 2.039827771610263e-21 -8.665508974450412e-20 -1.25236453449404e-18 -3.482940211494475e-16 0.01102669210656494 -1.735931161036385e-14 2.565402458676845e-16 1.149184434442514e-16 -2.011549632223863e-18 1.298827067623798e-20 -2.888568600327734e-22 -1.878644355727072e-20 -2.124407907860269e-19 -4.361260884168387e-17 0.001289050992882344 -1.492227344008412e-15 2.222511874453711e-17 1.068081120858097e-17 -4.647184030800641e-19 7.864243033933282e-21 1.62731624731793e-22 -2.286202194814555e-13 -1.493739487356758e-13 -1.483921188297462e-13 -8.758938649759215e-14 -7.285445534357967e-14 1.137295552874119e-14 1 7.441963714205673e-16 6.510518477738258e-15 0.7533999662503071 4.575356283449059e-15 2.674646874567634e-15 0.3578058707911791 1.590511248374394e-15 3.289224722855795e-15 0.1303805509570901 1.092324775213845e-15 -3.797743345693676e-14 -1.242062008799794e-15 1.578946561342759e-14 -3.590859197799769e-16 3.357687379970059e-14 -5.242948170213789e-14 -1.124100812434072e-15 9.881493063655776e-15 3.399594377340778e-17 2.151504968540874e-14 -1.871295264411102e-14 -8.092485015433311e-16 5.286646833859231e-15 -2.29203768369431e-16 6.452657485797373e-15 -4.284218870407051e-15 -3.759760110309276e-16 2.071259830317057e-15 -1.726816414188866e-15 -1.868179942862345e-15 9.149401209119274e-17 -1.106988164110954e-16 -1.617206980007528e-15 1.090492790643437e-16 1.543903893620635e-16 -7.012546213710311e-17 -6.559379584597241e-16 3.372923595243555e-17 -1.296396676574283e-15 -7.614787041682574e-15 5.371748950227421e-17 1.676861206444452e-16 -1.276756478319672e-15 -2.336498025567485e-16 4.103559097290361e-16 6.837720770026348e-16 -6.102721667348849e-18 1.922479811325924e-15 
-7.594092250898955e-06 -5.960375381559914e-07 -0.002741741927702462 -0.004426621273806313 -0.004014920953251827 -0.002731345316926443 1.574289877923525e-17 2.356800090421061e-17 -0.002197781104721036 7.7308704839729e-17 1.857797523035641e-16 -0.009806070465798164 7.876282661620094e-17 1.04143418810238e-16 -0.005982467087310199 7.956141201315066e-17 1.022959073727454e-16 -0.004735257707599401 2.64239291107082e-17 4.734630335557171e-17 -0.0001222858336261017 -2.811723040527701e-23 3.231277423024421e-20 -1.524582785875601e-06 1.313526462023932e-20 4.664454450367717e-23 8.620664327610367e-20 2.437655042629525e-17 -0.001324407966713515 1.486818207689135e-17 1.326465735220826e-20 -2.854462647519497e-18 3.517157862992712e-16 -0.01307741519705826 1.526020570894224e-16 4.402080281609449e-19 1.187684518726742e-18 3.597754151904841e-16 -0.009402599831881082 1.900297468206236e-16 1.618192717096255e-19 2.040954287194574e-20 1.574903095128489e-19 4.412666731228476e-17 -0.001272351733400582 2.022020793232414e-17 5.051044982979885e-20 -5.84909613947975e-21 1.513317590611e-19 -4.969187201368032e-18 3.479431081537304e-16 -0.0129661849434996 2.142525099455485e-16 7.514735384012718e-19 -8.657509762020472e-20 3.337237111659679e-19 -1.241921729639465e-17 6.653386087450353e-16 -0.01849869902541894 3.844488728545692e-16 1.119900617713832e-18 -7.842263326328391e-20 -2.016372443665207e-22 8.609345814784451e-20 3.673386695921648e-19 8.835658975925993e-17 -0.002495985242647973 5.800634046795129e-17 1.073516847243443e-19 -1.138167804143764e-20 3.718179715797628e-22 5.175571575552036e-22 1.183065863611677e-18 4.317499824890624e-18 6.874042152529495e-16 -0.02261402425450074 4.334637371721676e-16 1.316757266140193e-18 -1.655675351967128e-19 3.611298764614198e-21 3.890328061678601e-22 1.547735948618939e-22 3.436388982611915e-19 2.103096499007532e-18 1.706823893550832e-16 -0.004990240960239742 1.103329859291033e-16 3.916214140709361e-19 -1.013026893336553e-19 -3.354247305772352e-22 3.930439051245312e-22 -9.874046025266903e-15 -4.302114220423429e-16 2.725581467476964e-09 -5.891120924418045e-15 -2.909131307402388e-15 2.516216402131276e-15 7.441963714205673e-16 1 -1.213415955888957e-15 4.173767798759833e-15 0.7533999662504359 6.411838261452603e-16 1.67724742217288e-15 0.3578058707913162 3.054108384238612e-16 1.169086289025941e-15 0.1303805509571332 -3.998519214654107e-16 -1.738990675000808e-13 -2.733924198140278e-15 -3.187552179834133e-14 5.328265884125318e-17 -1.934680311292709e-17 -1.099870396107634e-13 -2.407796184657995e-15 -4.815282130951199e-14 -1.02696290687642e-17 -2.226985553344796e-16 -3.419990722233833e-14 -2.397387843800616e-15 -1.782238288563829e-14 3.158024333916261e-17 2.696462450955864e-16 4.662256889048678e-15 -1.015178726463782e-15 2.713801405819449e-14 -6.959896068839447e-16 -1.824626069353718e-15 -3.155544801768617e-17 5.217455398516206e-17 2.563065417909095e-15 6.239706116086262e-16 1.455432996345552e-14 -4.905892217073546e-16 -1.02117858691558e-15 7.435183954396506e-17 -1.101022391090174e-16 1.249958109395819e-15 2.997964741425552e-15 2.889086338584608e-15 6.245004513518738e-16 4.884018335959075e-15 -1.993403323412342e-16 -5.219439103301399e-15 -6.879416807185135e-17 
-1.091271535805412e-17 -3.726982396158622e-20 -5.759728696124842e-15 -2.457951626981936e-14 -2.473610001872372e-14 -2.000865201390782e-14 0.0008069201506997403 2.930654025581411e-16 -2.703216160595774e-15 0.007923575724387386 2.141677474991781e-15 -3.301489175106634e-14 0.009609252491842678 2.196561727831458e-15 -5.021026742185504e-14 0.01200994306739031 2.17825586045551e-15 -4.203296774067495e-14 0.008490990969674693 2.260680155487609e-15 -4.88516335644877e-14 -3.959034607852449e-20 3.133318657737845e-19 5.010528506753148e-19 1.961164924211268e-06 1.777907793885742e-22 -2.078688396246133e-17 1.066458239137262e-16 -1.390874913541853e-15 0.0007532293631218047 1.848867987574211e-18 -3.042213343185913e-16 2.055623455108562e-15 -2.193731698584858e-14 0.01260926969324149 2.503074496250138e-17 -6.630251692712931e-16 9.361748780557358e-15 -1.017758963014875e-13 0.02842673300491354 4.434240644540641e-17 1.457655915979753e-18 -5.080895384427021e-17 1.410386721626356e-16 -3.680026975369749e-16 0.0009966407605340156 4.981296854888096e-18 2.455741563043401e-19 1.530878048446511e-17 -6.129459291419762e-16 4.741457739806199e-15 5.36335051018791e-15 0.01342874144123118 6.76986414297043e-17 3.935992920014723e-18 8.185558193343158e-17 -2.728258455710844e-15 8.855647009022001e-15 -3.299964443786303e-14 0.04144442560774663 4.415850744168762e-16 1.042200729290117e-17 5.412424808030541e-20 6.040194839787685e-18 -1.732846937827018e-16 3.568385141454536e-16 2.397013561526737e-15 0.002440338674628453 1.321121895300493e-17 1.175460767846258e-18 6.580517411982557e-20 -6.767026462901221e-20 7.15170427958323e-17 -2.822659731838376e-15 7.943486578013589e-15 5.432002645864016e-14 0.03633510102011801 3.348498189396048e-16 2.057163973488255e-17 1.424434826105661e-18 2.862089876738228e-21 1.541403940504386e-19 2.901827854281878e-17 -5.223799510139604e-16 1.951266960067616e-17 6.744073144521309e-15 0.005792511351698222 3.931328971256003e-17 5.103129811238943e-18 3.081720540600136e-19 -1.088742339358574e-20 -3.147120313612085e-13 -3.865959932366832e-13 -4.275292364477721e-13 -1.901362788798101e-13 -8.175676485736436e-14 0.7533999662503167 6.510518477738258e-15 -1.213415955888957e-15 1 7.718590932128618e-14 1.259543774933917e-14 0.7533912863514269 1.400875768930524e-13 4.938328833168607e-14 0.3577600600751671 7.906095750441482e-14 3.391393179754024e-14 -3.045931719903207e-13 2.393252500089789e-15 2.406366196724953e-14 -1.544597783010729e-14 -1.590871360161729e-14 -5.328751821357141e-13 -1.309403168948475e-14 8.216612272155004e-14 -5.348499421138665e-14 1.686261289777528e-14 -2.72585704065265e-13 4.140066765723398e-15 6.342522337063134e-14 -5.287437154779805e-14 2.888925030707044e-14 3.461803056753951e-14 1.541372872428979e-14 -2.445267200818905e-15 3.303903301358751e-15 -1.304512053935431e-15 -3.968610878771806e-15 1.955065658661253e-14 4.626013223077757e-14 2.433040829062765e-14 -9.063038729285029e-15 -2.536821187451954e-15 2.775557561565994e-16 -6.038333433181361e-15 2.378164828273657e-14 1.489826803024759e-14 5.19105363768359e-15 2.554261263319151e-15 7.200799043535013e-15 5.680482294452016e-15 -2.386979502946204e-15 -2.793544954458487e-16 1.797281074571537e-16 -8.652821275163165e-15 
-1.325007333135426e-17 -1.002673984209619e-18 -6.706166411280028e-15 -2.634984897363929e-14 -2.574568506835228e-14 -2.541426356862415e-14 2.928220923429316e-16 0.0008069201506997661 -3.336098464152421e-15 2.140024067225274e-15 0.007923575724387807 -4.804062295033947e-14 2.19448818656359e-15 0.009609252491841315 -5.224087312168213e-14 2.177063232844922e-15 0.01200994306739124 -4.924284891807782e-14 2.261845712510677e-15 0.0084909909696752 -5.743738487266041e-14 -6.612306917929478e-21 1.961164924210813e-06 -3.042592609041449e-18 3.133318690049509e-19 2.205602484270775e-22 -1.791175015994218e-17 0.0007532293631218375 -1.736086354171561e-15 1.066323772656725e-16 -1.16239806895395e-18 -2.979941678586013e-16 0.01260926969324207 -2.56674216391673e-14 2.055867400597644e-15 -2.986130396793922e-17 -5.518051291740047e-16 0.02842673300491493 -1.068327150914076e-13 9.361044044733141e-15 -1.089747096295487e-16 -2.511972683425549e-20 -3.986987944290412e-17 0.0009966407605337989 2.212699772084967e-16 1.410114082896564e-16 -3.000661763195369e-18 -1.392024620605411e-18 -1.247919683083152e-18 -5.774080754928834e-16 0.01342874144123147 8.342158761450777e-15 4.739289335519174e-15 -4.730058947700871e-17 -2.531657753496852e-17 -6.10233227809733e-18 -2.490885139876129e-15 0.04144442560774934 5.08046306354532e-14 8.859983818815204e-15 -3.652584802488878e-16 -1.155565064485473e-16 -4.830701517221799e-20 -4.585772438395609e-19 -1.162562165077794e-16 0.002440338674628565 3.130110592373749e-15 3.567300939282773e-16 -1.368628501266468e-17 -6.770603386698874e-18 1.442909177892851e-19 2.543306923873616e-19 -1.179198227684285e-17 -2.56190480986978e-15 0.03633510102011041 6.349249302038461e-14 7.953108872623432e-15 -1.876068570182375e-16 -1.372609744619436e-16 1.086869057886785e-18 -3.998623234422297e-20 -2.520153692466988e-20 -2.015568433655944e-18 -2.958949410162736e-16 0.00579251135169891 8.103648234219533e-15 1.864869599455167e-17 -6.548131557935715e-17 -3.734879283212602e-17 4.516288690678315e-19 -7.675786249666288e-20 -4.840374018076596e-13 -5.584200188084882e-13 -5.101751646139824e-13 -2.385547948374835e-13 -1.118233601115588e-13 6.413157122649012e-15 0.7533999662503071 4.173767798759833e-15 7.718590932128618e-14 1 2.065496400817949e-14 1.400615560508382e-13 0.7533912863514464 5.359952711896992e-14 7.903927358669786e-14 0.3577600600751669 3.476293623754499e-14 -1.737802767520489e-13 -7.896461262651337e-15 5.493306622227694e-14 2.415803905277569e-15 5.407046166878598e-14 -3.55007674336795e-13 -5.061229213516409e-14 8.535560759669836e-14 -1.300035662591806e-14 4.552246913911341e-14 -2.225658994357961e-13 -2.881028748903681e-14 5.549320714454367e-14 4.148740409572997e-15 -1.393438307557963e-14 -1.622110025653199e-14 1.529229808128822e-14 -3.094746681144671e-15 2.571416312166746e-15 -2.410572731296124e-15 -1.271988743626234e-15 -3.175053266213356e-14 -8.462762408549525e-15 3.046451805741148e-14 -1.221245327089048e-15 -3.932581279613566e-15 -9.068242942726253e-15 2.605833884314028e-15 -1.079110171645555e-13 -2.970500021197739e-14 -7.296628135604043e-16 5.020833691873814e-16 -3.913536161807123e-15 -1.742440943368869e-15 7.219881001735256e-15 4.765781853231418e-15 6.301489377942882e-15 4.842133129466851e-15 
-2.819282722296097e-05 -8.598697371039797e-06 -0.00947394414799123 -0.01466585358804022 -0.01342406469201551 -0.009062819348579203 1.320122561974549e-16 1.93805590363202e-16 -0.008501257878875667 1.078688219145817e-15 1.068958981580838e-15 -0.03197274649356469 1.148045342917593e-15 1.311497960419978e-15 -0.01967042646538373 1.634791818138064e-15 1.261517546343659e-15 -0.01535576768147549 1.091409403457737e-15 6.241933137926045e-16 -0.0003602713682458911 9.570619866563784e-21 1.197663711881498e-18 -3.087940724306434e-05 5.664283697675362e-19 -1.301017679121327e-21 -1.845295854055215e-17 1.714834727111236e-16 -0.005936385678912289 1.117614486904901e-16 1.569275071134776e-19 -1.287936784814945e-16 2.161909340747365e-15 -0.04251508551560317 1.909959850869572e-15 -1.508593449580258e-19 6.514117998094397e-18 3.462833005241255e-15 -0.02945043559407436 3.181571075497705e-15 -1.559750991623152e-18 6.537455010152751e-20 -2.295908160153374e-17 2.674561919064448e-16 -0.00610987416685126 1.227944362564909e-16 1.479748478524475e-19 -1.075226626498569e-19 1.864490969938507e-18 -2.96935068167586e-16 2.626812052939174e-15 -0.04284547917014529 1.869324401235523e-15 5.825068836575247e-18 -2.281908951512235e-18 1.004959446497631e-17 -5.774317141468608e-16 6.170988393332361e-15 -0.05615218633470982 5.038527752308826e-15 1.230794553177109e-19 -1.02286030626385e-17 -1.10579648930653e-20 2.479519450062202e-19 -1.261231418776444e-16 3.862590092460059e-16 -0.01102351081693149 1.424107361768943e-16 4.486930750270304e-19 -2.193360462741389e-19 3.400553704605824e-21 3.055150925007159e-20 1.659587998082326e-17 -4.349529014249218e-16 7.636583013471039e-15 -0.06849140757224548 5.034048153583167e-15 7.206213856789944e-18 -1.858633783521307e-17 -2.784945351156733e-19 -9.600034084758426e-21 -2.691439792224347e-20 5.197668609809992e-18 -2.572214196187935e-16 -4.906069254401665e-16 -0.01969605408768273 -4.632242622904113e-17 6.558347001372566e-18 -6.050884786311446e-18 -5.973854166629307e-20 -4.064427419924622e-21 -4.307665335550279e-14 -7.596701046002223e-14 7.827960735772691e-10 -8.133771434164291e-14 -5.749567564256515e-14 -1.026065820483451e-15 4.575356283449059e-15 0.7533999662504359 1.259543774933917e-14 2.065496400817949e-14 1 4.941451331453951e-14 5.357524091088687e-14 0.7533912863517002 3.386882774308757e-14 3.476293446407034e-14 0.3577600600753537 2.408865011375417e-15 -2.980452925766266e-13 -6.689093723371166e-15 -1.617897024324559e-13 4.097110048935281e-17 -1.31807678816869e-14 -4.437960763932419e-13 -2.658984143980686e-14 -1.937834695302159e-13 -7.258010408282693e-16 4.179964757161279e-15 -1.100906934359365e-13 -3.895495037656099e-14 -6.582081824056076e-14 -7.817900123936478e-16 -9.448424727383006e-17 4.846383335389473e-14 3.236774208341297e-14 1.729449916611351e-13 2.61435542520589e-14 -5.832979957176271e-15 -2.281219553731379e-15 2.506452932200604e-15 1.191647237628816e-13 -1.048105434283747e-14 2.22030727137463e-13 4.56462174770654e-14 -7.474420582737359e-16 -4.462532253340702e-15 1.715010640211716e-16 -2.413175875079425e-14 2.22089171001246e-14 2.559488530180339e-14 2.227384943155872e-15 2.204997784676049e-14 -1.027517463325749e-15 -2.600034639569087e-17 -3.953641596339568e-16 
-1.838615030872462e-18 -2.076177554799832e-18 1.260784149344438e-16 -4.560825837662018e-16 2.193055554891943e-16 -1.747000903406889e-15 0.004083561250551233 -5.784608794532955e-17 -3.472514520238975e-16 0.02653119857309515 7.448810412562582e-17 -1.303731612400699e-15 0.03164508619141307 -2.131461410777851e-16 -2.08866719435736e-16 0.03875477853284806 1.153912936944127e-15 -3.488583093360351e-15 0.02777956406246618 1.132468975230763e-16 -2.011084373974184e-16 -6.426012942916848e-19 1.237749676437462e-18 5.266728313891302e-17 0.0001250300612521304 -7.742876400131032e-20 5.507785417408743e-18 7.711765590000678e-17 5.113183795974521e-16 0.005020072385864762 9.061281642105134e-18 -7.6588838278446e-17 -8.32816288111355e-16 -1.021742947635906e-15 0.04337540682189874 3.538779352846484e-17 -8.099300035669094e-17 -2.359565636353072e-16 4.24109392979863e-15 0.08814337467975435 -9.352835785197554e-18 3.108929737484196e-18 -4.788247679123224e-17 -3.313299479886607e-17 2.537883047368498e-16 0.007254689701687604 9.77634684066763e-18 5.038929933636254e-19 3.334938819131273e-17 3.330533548619551e-17 2.458227781749729e-16 1.893321194226115e-15 0.04866817802951134 -7.440416818220263e-18 3.636233033593559e-18 -7.354188435665989e-18 1.049438910341838e-16 -3.505481231883951e-15 -5.166136918570485e-15 0.1238576386817254 -1.561205355740318e-16 4.154962177127519e-18 -1.063120233803963e-18 -8.010527331369312e-18 1.111956307152835e-16 7.812787671617219e-17 -2.49130672417818e-16 0.01479529914393098 2.926806886456841e-17 2.97483347749783e-18 -1.894868261434347e-19 -4.382508771503296e-18 1.283054833041789e-17 -2.322104297577883e-16 1.436559094987659e-15 3.499899800393622e-16 0.1104045365443876 2.781310228583294e-16 -1.900900753298878e-18 3.047753595650627e-18 -2.284359114127725e-19 -7.093889352728351e-18 6.073421662484129e-17 -2.281940790114211e-16 1.742920464408898e-16 -2.392980310961638e-16 0.02792659653755893 -6.009636365503559e-17 1.495163037031289e-17 -1.104360576938458e-18 -1.297782688188904e-18 -3.977056427459301e-13 -3.53059393254785e-14 -1.077518007349414e-14 1.135146475411284e-14 5.315518756897204e-15 0.3578058707911941 2.674646874567634e-15 6.411838261452603e-16 0.7533912863514269 1.400615560508382e-13 4.941451331453951e-14 1 1.641221249964651e-13 1.072804173293763e-13 0.7533419567083509 -9.461547951876047e-15 3.96820388284317e-14 -2.285339711895792e-13 3.116368418897763e-15 2.432342769670641e-14 -1.824929096728575e-14 -4.70459050877322e-15 -3.810385570687167e-13 3.294601119239796e-14 1.091156390981793e-13 -1.62897473288322e-13 4.820062356744962e-14 -4.38007788971673e-14 7.388518384257122e-14 4.464145393554631e-14 -1.248445791191452e-13 -1.483415031460497e-15 3.224071681756275e-14 3.965113341726767e-14 1.395530342365148e-15 1.070369050792871e-15 2.775557561564467e-17 -6.57662387792971e-15 1.319725552348998e-14 1.398285899736045e-13 8.43421569318045e-14 4.216392408619667e-14 -2.177553737569723e-14 -2.045863478630087e-13 -2.094815753822591e-15 2.558825554936419e-14 5.192353011717339e-15 1.657937252070459e-14 -3.272400044822188e-15 1.150414203384514e-14 1.106657865794477e-15 -5.037636974240608e-15 4.104126161698013e-15 7.403236391813107e-17 -1.79177159990106e-15 
-1.15137749242382e-18 -1.799079303781574e-18 3.742198975216762e-16 1.557507955706875e-16 1.545522502521012e-15 -1.085322052562146e-16 -5.751913829419612e-17 0.004083561250551255 -6.97298009789753e-16 7.091087692252472e-17 0.02653119857309435 -7.687290879331595e-16 -2.121646279742722e-16 0.03164508619141308 -3.180818355992947e-16 1.154127685849612e-15 0.03875477853284942 -5.15463722559883e-15 1.114000873705486e-16 0.02777956406246536 5.292685655565317e-16 -7.062923971418993e-19 0.0001250300612521363 4.995331900867033e-17 1.238861411291069e-18 2.249772292371176e-20 1.474588316938537e-18 0.005020072385864705 5.051833537601875e-16 7.690292618486398e-17 -3.174143473273192e-18 1.076860263161393e-17 0.04337540682189973 1.395109863407958e-15 -8.318949735168397e-16 -9.476181162917707e-19 5.913886808807653e-17 0.08814337467975447 5.851392004186581e-15 -2.413936832530952e-16 -1.033383272648737e-19 2.733848468100873e-19 -1.53519152021911e-17 0.007254689701687553 -2.07361151472467e-17 -3.329520535965883e-17 4.92463632044818e-19 -3.185970778291858e-18 1.259961509168867e-20 -7.488476425235416e-19 0.04866817802951295 1.791672307227181e-15 2.406185676283442e-16 1.017667734505995e-16 -9.756798352447109e-18 1.403322130232488e-17 3.757524242573537e-16 0.1238576386817275 -6.715804604846045e-15 -3.50786885281962e-15 3.762563070710066e-16 -4.526711018666265e-17 1.463997063861595e-18 4.491855423960277e-18 5.501433999932238e-17 0.01479529914393107 -2.261131026941199e-16 7.974994634820156e-17 -2.772682943499001e-18 3.656886489648511e-18 5.359237014283582e-19 4.351400059578593e-18 2.680456938795509e-17 7.848716428699563e-17 0.110404536544388 -6.055059528110508e-15 1.436125743335717e-15 -3.66731385682244e-16 -1.558002827431272e-16 -2.15845171581105e-18 -1.517618343684133e-18 -4.091857389898855e-18 5.165471610154328e-18 -1.22414485793293e-16 0.0279265965375591 4.61990562976169e-16 1.738566739487706e-16 -1.053261117713822e-16 -8.109396667680161e-17 -9.674307397729198e-19 -5.684805287375436e-19 -5.137830245998558e-13 -1.095950835778277e-13 -1.171185673350078e-15 8.031252156644763e-15 9.968719028640052e-15 2.66770798066374e-15 0.3578058707911791 1.67724742217288e-15 1.400875768930524e-13 0.7533912863514464 5.357524091088687e-14 1.641221249964651e-13 1 8.327204688430047e-14 -9.610626435912133e-15 0.7533419567083215 2.366646424106502e-14 -2.650689822517051e-13 -1.069977439983058e-14 3.835387114861039e-14 3.145858717970044e-15 5.552938613365592e-14 -3.083001667938133e-13 -1.113831249456507e-13 9.3988186356478e-14 3.290090393510118e-14 -3.932292490311007e-14 -2.539910024512475e-14 -1.008082506360035e-13 1.425354041119049e-14 7.385738760687881e-14 1.203736520793699e-15 -1.137287421545618e-14 3.000268861138434e-14 -6.813993813640753e-15 1.033482927269212e-15 1.39206089479282e-15 2.094230749835703e-15 -6.055515531788784e-14 -1.787853884277739e-14 1.508577374174015e-13 -1.904587598746419e-13 -3.772224379290621e-15 4.221939119072203e-14 3.69630749174391e-15 -1.425731871134383e-13 -2.338066538118763e-14 -3.211236081272583e-15 3.0124436264457e-15 -1.124100812433853e-15 8.464824290723662e-15 1.150327463405695e-14 5.158385954179646e-15 2.605746202406087e-14 2.220005571256868e-15 
-0.0001494632327686983 -0.0003158163599194469 -0.03357876468907859 -0.04741039407574484 -0.04430500578464162 -0.02944292842204688 8.753439936772098e-17 1.31113096790894e-16 -0.03677823211364114 3.60983367270924e-17 2.302172198018802e-17 -0.09870415186395802 4.168394511893775e-17 4.843363483613249e-17 -0.06215013217709857 -7.06131101809284e-18 8.061470788420345e-18 -0.04696410281984652 -1.510289200958688e-16 3.18298559393897e-17 -0.0007842616296563415 -1.854266453628233e-18 4.465920012729524e-17 -0.001378252863527092 3.931438679025227e-17 4.570353280817846e-19 -1.161451573728453e-17 -1.773980574494499e-16 -0.03177511316406285 -1.333049262703824e-16 1.096166512866093e-18 1.553644478121593e-16 -9.388439082969103e-17 -0.12777852656953 2.020345386978724e-17 3.785707904806782e-18 -1.429007365747436e-16 3.757619795984235e-16 -0.08207644210376429 2.312614596765699e-16 -1.604285179014094e-18 8.44286790339163e-18 5.708169156193527e-17 -5.985689975842227e-16 -0.03419360775777425 -5.400746408835206e-16 -4.246043815690132e-18 -2.479019118545748e-19 1.495224910293039e-18 3.337870724482552e-17 -1.257704272221856e-15 -0.12835187008423 -1.926805003585404e-15 -5.971741096982204e-18 4.248428215935233e-18 -7.076008849071281e-18 -1.189246243593967e-15 4.050408629367066e-16 -0.1431344502627545 -3.011563681903474e-16 -5.526467003940509e-18 1.695873640487898e-18 5.670031609680863e-19 -9.577097132144153e-19 1.567486584991719e-16 5.607021282881252e-17 -0.05015303336561541 1.158166126259613e-16 -1.736747090628324e-17 -4.286971290682642e-18 4.874115437357008e-18 -2.088430977125561e-18 3.796613429794096e-18 8.26198345704281e-16 6.405568091460662e-16 -0.1675741507222901 4.558990635571026e-16 2.55796539117795e-17 -3.408611200763941e-17 5.16645101107688e-18 5.211353664372654e-19 1.249310966289654e-18 -3.085997783711269e-17 2.215805697954634e-16 -3.625510423294384e-16 -0.06954300808754663 4.526591910120367e-16 1.724459818937224e-17 3.389866972252388e-17 -4.638001694587425e-18 -1.029741867373932e-18 -1.186550857569531e-13 -2.221556272276483e-13 2.297595434372957e-10 -5.917488721255708e-14 3.330669117600023e-15 6.849855939138449e-16 1.590511248374394e-15 0.3578058707913162 4.938328833168607e-14 5.359952711896992e-14 0.7533912863517002 1.072804173293763e-13 8.327204688430047e-14 1 3.974308151840918e-14 2.372040107569052e-14 0.7533419567084823 3.293310214123461e-15 -1.878523286021957e-13 -3.413935800725015e-15 -1.20218929753331e-13 2.186498649893264e-16 3.293559141660068e-14 -2.886817756362374e-13 -1.197375532059888e-13 -3.433415310469387e-15 -9.393698875291539e-17 7.379438864562162e-14 -5.964760613602622e-14 -1.950106742755558e-13 5.090340616832048e-14 4.252980221435192e-17 1.717692238449242e-15 6.833713882458823e-14 3.125914897335728e-14 2.183392355805558e-13 2.51740891981823e-14 -8.851944404282019e-16 -6.998012898580571e-15 1.136037653711619e-14 2.725147447245862e-13 -4.344633994359568e-14 1.584704589776187e-13 1.781334351839107e-13 -9.455107897900065e-16 -1.30104990101858e-14 4.249368384718157e-16 -3.801166812825742e-14 2.908812580807145e-14 3.299568140245929e-14 9.698730533977156e-15 2.898525509070176e-14 1.776256833634165e-15 1.465724473597923e-14 1.337227806851517e-16 
5.675151174877342e-18 -6.355829408319731e-18 2.070487337766611e-17 5.975339063395214e-15 4.066006362158743e-15 8.19117068974912e-15 0.02371748217077457 6.966436305155316e-16 5.88135209343985e-17 0.085065924338601 5.069094468832612e-16 5.980405762854097e-15 0.09975136849997997 -9.940604887237111e-16 8.643553405145912e-15 0.1171066871083705 1.538652688735231e-15 1.359574733526162e-14 0.08705127696274134 1.249033554150342e-15 4.466700072146561e-15 -8.50241084542077e-18 5.503350325115646e-17 2.020954308438454e-16 0.005344079141175223 1.683273001856714e-17 6.031552210808771e-17 9.169788952422102e-17 -6.622687240274529e-16 0.03443819405489823 9.795759845525671e-17 3.520133406903804e-16 -1.829636907988274e-15 -6.627151957224279e-16 0.1360047549736949 1.137209502186031e-16 -1.508451982168138e-15 7.91934016196873e-15 2.085562141399006e-14 0.2393506688333712 1.472838826732332e-15 -5.740521814370264e-17 -1.023317444236895e-16 2.020636052263112e-16 6.231570852214707e-17 0.04451126417141157 1.546513664995574e-16 -9.712757399575744e-17 -1.026561712877804e-16 7.101524229811293e-17 2.86011768149084e-15 -9.730384157430782e-16 0.1465714393737394 -2.778581469258332e-16 -3.121255424576266e-15 4.693563012886263e-16 -2.253947958241157e-15 -4.840549501472205e-15 4.379067481604027e-15 0.2960944643243126 1.913183340361639e-15 -3.620140972577729e-13 -9.258070113489285e-18 -2.773096850717974e-16 5.245624220369038e-16 -1.166267650379473e-15 -3.812418371930727e-16 0.06181910199589041 1.196442094735873e-16 -1.518357379930182e-16 1.956985531382002e-17 -1.829591169024034e-18 2.10680069859681e-16 1.244880934970757e-15 2.8751582655987e-15 7.129679646666583e-16 0.239086714183522 -4.363778228964898e-16 -2.30349051584188e-14 1.127316153663126e-17 2.79022681421139e-17 -1.366094737331745e-17 -6.870296048352793e-17 -5.026157983735559e-16 6.129124372049732e-15 -1.657320457460953e-14 0.0762930830082877 -1.638416028397365e-16 -6.56145602261075e-17 -3.66544408937564e-19 -3.195008277043181e-18 -6.090029926965269e-14 -2.642695718103598e-15 3.552345030179101e-14 3.743487182565851e-14 5.856164290372904e-14 0.1303805509571135 3.289224722855795e-15 3.054108384238612e-16 0.3577600600751671 7.903927358669786e-14 3.386882774308757e-14 0.7533419567083509 -9.610626435912133e-15 3.974308151840918e-14 1 2.247286760461568e-14 2.437097976565106e-14 -1.183573618359558e-13 1.33883527485639e-15 1.656027877671925e-14 -1.279532035880795e-14 1.358652821417194e-15 -1.013243001616786e-13 2.992809905791022e-14 3.829113475358879e-14 -1.193212195716967e-13 6.865997097190363e-15 -1.258027224602454e-14 -6.568914632129514e-16 1.393401507908334e-15 1.870725796493526e-14 -5.349758106797893e-15 2.542788628707621e-14 2.161391417091481e-14 4.462624306635184e-15 -4.119807019084314e-16 6.1756155744791e-16 -4.512793171677557e-15 9.969541048353743e-15 2.706898078717541e-14 3.727246771054435e-14 1.455678715214406e-14 -1.921663046803731e-14 -1.116329251261398e-13 -6.75647418531971e-17 7.49299014135691e-15 3.818583267403378e-15 1.050339933698138e-14 -1.15479987369669e-14 6.586926534427784e-15 1.736936281260323e-15 -4.999473057767599e-15 -8.578110660266203e-16 1.427974526578207e-15 3.69392279588222e-15 
6.763001861834988e-18 2.319472671114001e-17 2.91108283523e-16 -2.515133351042012e-15 -5.386972571251514e-15 -1.072979988140654e-14 6.904460459504201e-16 0.02371748217077388 -1.635383451923722e-16 5.076815174733197e-16 0.08506592433860113 -9.368809049751042e-15 -9.973876468513897e-16 0.09975136849998149 -1.128012200215901e-14 1.538650994659543e-15 0.1171066871083707 -1.402371547374282e-14 1.246436469152969e-15 0.08705127696274145 -1.218445966782653e-14 8.756995117239278e-18 0.005344079141175176 7.527637388787245e-17 5.495177118918922e-17 -8.290123213015435e-18 7.494108739350472e-17 0.03443819405489776 -5.112275823482894e-16 9.094909358048839e-17 5.782863337494591e-17 -1.119138047471646e-16 0.1360047549736937 -2.124223125425635e-15 -1.844177710852541e-15 2.574980177453482e-16 1.368569434066092e-15 0.2393506688333689 -2.018796242636688e-14 7.911503400872069e-15 -6.967103905614383e-16 -1.332213419441569e-17 -6.331558728260212e-17 0.04451126417141026 -2.145534455395204e-16 1.989164893108656e-16 7.714776083592075e-17 2.238602867712202e-18 3.192650137641651e-15 2.894917209337934e-16 0.1465714393737395 -4.047326710812915e-16 2.863558911657991e-15 -3.550762114984225e-16 3.959329251492803e-16 3.618927750091759e-13 1.470774497451541e-15 0.2960944643243162 -2.367340268278478e-14 -4.841721795313438e-15 -1.02825744077919e-15 1.254417941981471e-16 3.178136349052111e-17 -1.540922337644995e-17 4.11164011831962e-17 0.0618191019958883 2.693971348083459e-16 -1.165837680242694e-15 -2.660361080736295e-17 -4.137544618200377e-17 1.302397859698175e-17 6.155462553020739e-17 2.297597877031349e-14 1.638878310551572e-15 0.2390867141835177 -2.025289670054018e-16 2.864988576255926e-15 -5.212844057234821e-16 -1.753190912715041e-16 1.360673731493295e-17 -4.050172740591082e-17 -8.651233872508316e-20 -1.889222285555982e-16 -5.889042060719269e-16 0.07629308300828314 -1.77689894048654e-14 6.117408012145579e-15 1.699486905371035e-17 -1.759817379182266e-16 3.896351557369777e-17 -3.431015057604706e-17 -8.394047356525714e-14 8.593582930765024e-15 -5.688982239537295e-14 -1.504460618584412e-14 -5.788208530188447e-14 3.299958324363374e-15 0.1303805509570901 1.169086289025941e-15 7.906095750441482e-14 0.3577600600751669 3.476293446407034e-14 -9.461547951876047e-15 0.7533419567083215 2.372040107569052e-14 2.247286760461568e-14 1 -6.827763181227681e-16 -7.924801583946497e-14 -1.163652507685491e-14 1.674936186124647e-14 1.352713062379865e-15 7.049540994340637e-15 -6.968707315223071e-14 -1.214028877428667e-13 1.95525045710037e-14 2.992459657691811e-14 -1.290543591912252e-14 -2.024610785449402e-14 2.198241588757981e-14 -3.997995511041068e-15 -7.174945265368357e-16 1.979048435546593e-15 -9.672144118610289e-15 1.901618267695093e-14 -3.268219028741132e-15 -4.091265836512681e-16 4.473032637564857e-15 1.776268491944884e-15 -4.340896421864923e-14 -3.532550906525676e-15 8.762463763798524e-14 -1.362243651216046e-13 2.805102494281302e-15 1.46393762716839e-14 6.666867155318326e-16 -1.787575791799459e-14 -9.332589816368984e-15 -3.485544527981905e-15 2.140445284702966e-14 -6.744604874601013e-15 7.519644034533817e-15 6.592564054852425e-15 3.647515710059376e-16 1.58524652400574e-14 4.759303701254094e-15 
-0.003463380969844173 -0.01238926406446001 -0.1181599001290664 -0.1432725774935238 -0.1378656963905561 -0.09061945800433514 3.057823350302586e-17 -8.047490625276466e-17 -0.1521165560284868 2.800128505968315e-15 1.146110203582191e-15 -0.2596090616388022 4.743131574459523e-16 -1.174087017996967e-15 -0.1727828883601595 2.27003427942831e-15 -1.878824775374679e-15 -0.1233269415702129 3.437300441122262e-16 -1.526713272184926e-15 0.000647397569149213 -4.086114189544818e-17 1.454224280328986e-16 -0.03129221313250482 -5.232253160821695e-16 -2.590120873585498e-18 3.553039344667529e-16 8.275511894674501e-16 -0.1376158644510933 -5.539652997182919e-16 4.403216073006796e-17 -7.428336017756632e-16 -4.00721123419299e-16 -0.289747245029611 -5.094259438652617e-16 -6.472687014483093e-17 9.905535005046594e-16 -7.123436265539691e-15 -0.1669039564404059 5.808947493761021e-15 -4.109138469075415e-16 -6.55264687995932e-18 6.481795039307552e-16 -8.562960995654852e-16 -0.1207164678114155 4.15429230521441e-16 -1.918021405762622e-16 1.872618826787625e-18 1.707076320751452e-16 2.241397409210492e-17 9.542605421933127e-16 -0.2458992636895061 -1.148782505579555e-15 -3.828317871147892e-16 1.090692033158794e-16 -1.350916190773804e-16 2.044435200020527e-15 -2.006208114606469e-15 -0.2228627891300433 2.259403255529617e-15 -3.89228617924642e-16 -4.243720660736749e-17 -4.837281951924451e-17 -6.217899459204275e-17 9.373850052364924e-16 1.948091075390197e-15 -0.1118082787898436 8.405367413890906e-16 -8.012931681025678e-17 1.583596668164698e-16 1.845515385477623e-17 3.151590440319674e-17 -7.203439237715104e-16 -2.541516324194301e-15 6.019930930481074e-16 -0.2064017490114095 1.388930748291237e-16 2.323445260951386e-16 4.844594356411932e-16 9.955334119899993e-15 3.735076484212503e-17 1.057073069060279e-16 -2.472523054353189e-16 4.420875603602995e-15 -3.421190468509078e-14 -0.09232188457536207 -3.109274703718659e-14 4.494018004952451e-17 4.825870161214475e-16 1.594183769368378e-16 -2.077565246766409e-17 -5.391520563339249e-14 8.326672684689823e-17 6.772304901157051e-11 -6.700195953613187e-14 -1.065147983807893e-12 2.770047415045947e-16 1.092324775213845e-15 0.1303805509571332 3.391393179754024e-14 3.476293623754499e-14 0.3577600600753537 3.96820388284317e-14 2.366646424106502e-14 0.7533419567084823 2.437097976565106e-14 -6.827763181227681e-16 1 1.280722041965368e-15 -1.151445685795086e-13 -9.492406860547188e-15 -7.535521880505913e-14 -2.171777228301967e-16 2.992112035393232e-14 7.125489476685588e-15 -1.79134485023417e-13 3.522065910522332e-14 9.067473516283155e-16 -7.358279194054133e-16 -4.228386778627918e-15 2.997602166488511e-14 6.402570244109666e-15 4.790310129902417e-16 1.688806010091385e-15 6.76194540729479e-14 2.233087598483138e-14 1.24296406500741e-13 2.200510248337691e-14 -2.433322595116721e-16 -4.693924959470839e-15 2.765160761532212e-15 7.309891927672696e-14 1.020026168019125e-14 5.040412531801297e-14 1.219316779702434e-13 1.220054160536586e-15 -1.289125193079925e-14 4.944640887227098e-16 -2.032453398914964e-14 2.061151589387497e-14 1.133042054937411e-14 2.89351875793011e-15 1.33465671666557e-14 1.135056788443231e-15 1.3280768673484e-14 -7.522550194540703e-17 
4.314434338532321e-18 1.041350524982352e-19 1.816423634672831e-15 4.620900787265935e-15 4.545129865234225e-15 7.790444333969467e-15 -2.278011139561513e-16 -1.587066242248505e-16 1.021373318302057e-15 -3.630575732880728e-15 -2.643890469028994e-15 8.522066747182728e-15 -4.019563379722371e-15 -2.704311751628311e-15 9.052344521971965e-15 -3.846968464045601e-15 -2.632640120858331e-15 1.46111971311936e-14 -3.992480209366649e-15 -2.743817650773104e-15 8.92127877834688e-15 2.762350411670223e-08 -4.458299291448208e-20 2.001655525602934e-19 -1.303779059389719e-19 -1.121190318569415e-22 2.884738829040236e-05 -1.557020572730986e-16 5.579928358355256e-16 -2.24639527792677e-16 -1.347702076579698e-19 0.0006109574603872765 -2.568698076138024e-15 8.939945866721959e-15 -3.733551443534753e-15 -6.755139351994317e-19 0.001424114651183889 -1.111151506528047e-14 1.54132747437323e-14 -9.57354677163199e-15 -4.915415424775332e-18 -2.223384552116316e-19 5.713205454295915e-05 -1.496719931888313e-16 2.570662709723587e-16 -2.159005199658322e-16 -3.956347460098585e-19 4.633624430338083e-19 -1.030952886600405e-17 0.001003380845399655 -2.566622206527661e-15 7.549358095246205e-15 -3.786166716727914e-15 -3.199483709889667e-18 1.508246212336912e-17 -1.970034206979721e-17 0.003308252261332847 -1.055248123785874e-14 1.640810084374155e-14 -1.554325561388517e-14 -6.664849421401359e-18 2.808334405919375e-17 -2.723285405226901e-20 -2.265304194538648e-18 0.0001973564641158735 -4.337240269292219e-16 -2.056149931783251e-17 -7.81289385551296e-16 -5.734350452017454e-19 3.192796157881125e-18 -6.715379195795825e-20 -4.914017249334333e-19 -3.760757343667415e-17 0.003839407161260668 -9.852192349817163e-15 -4.396021128790591e-15 -1.468072753323732e-14 -9.628894784428414e-18 5.024132652061449e-17 -1.589453921177992e-18 -3.127123528888882e-21 -6.064067173544469e-20 -8.640432473684663e-18 0.0006261411528593251 -1.141170738103009e-15 -8.978854817937172e-16 -1.708362210903991e-15 -5.695723276443515e-18 1.208384299718098e-17 -3.683329335081061e-19 -3.3398981943193e-21 4.176854458795203e-14 8.878095949487819e-14 9.869302533734495e-14 5.449516239154497e-14 3.076410233290713e-14 -1.909002467582377e-13 -3.797743345693676e-14 -3.998519214654107e-16 -3.045931719903207e-13 -1.737802767520489e-13 2.408865011375417e-15 -2.285339711895792e-13 -2.650689822517051e-13 3.293310214123461e-15 -1.183573618359558e-13 -7.924801583946497e-14 1.280722041965368e-15 1 5.891859681753642e-16 -3.211548554664299e-14 3.317038634149874e-15 -2.688032285666495e-15 0.7125033577489427 7.566488726705566e-15 -6.154041244986445e-14 1.385139187995816e-14 5.215899262292349e-16 0.2877372191663246 6.469978818202904e-15 -1.951746952999389e-14 1.021437852962399e-14 1.734841224348932e-17 -4.543816414583657e-14 -8.659739592080015e-15 2.77604677203102e-16 1.021423251607543e-15 6.895574738057246e-15 -7.001474183237561e-16 9.476199041917323e-14 -3.332459104601689e-14 -4.718447854660591e-15 4.921272128793911e-15 1.234383146746951e-15 3.268080658601877e-15 -2.031075789577915e-17 5.518102254557519e-14 -8.232289168039324e-15 -3.98961307088177e-16 -1.081079670229246e-14 3.841854918848143e-16 1.023852093216855e-15 -3.582761558335741e-16 -2.997064340195314e-16 -2.474608130868735e-15 -1.275419981770085e-14 
4.683484031097833e-18 3.991553871063042e-19 2.559097750450175e-15 4.720555907968068e-15 5.068046786646489e-15 5.120331296891449e-15 -5.263249742873454e-17 -0.0004153092510508888 2.09844836762314e-15 -1.556098945611393e-16 -0.001990623257167525 9.74746870433029e-15 -1.106794344617059e-16 -0.00145390223100111 1.008865948907749e-14 -1.181482686933471e-16 -0.001367773727092327 8.446707663992847e-15 -3.043937743166704e-17 -0.000438989761632561 3.753084944693347e-15 3.065421793119723e-21 -8.701633721732194e-07 1.374299596111836e-18 -1.00730581484398e-19 3.805099985069164e-22 6.38492550111063e-18 -0.0004479624532429968 1.056105936056971e-15 -4.800129468298697e-17 7.045388497578158e-19 1.120249915304112e-16 -0.004309895732575088 9.056549956044214e-15 -3.404153284843634e-16 4.093186073549449e-18 1.153039098171072e-16 -0.004050071586542314 8.968560457994797e-15 -3.643875747741685e-16 9.917509588225184e-18 3.358665971969293e-20 1.35169358464206e-17 -0.0006211327560502816 1.070725712352655e-15 -4.322758731588834e-17 3.613169782277853e-20 5.636356105912316e-19 4.325628191538611e-19 2.340208817507888e-16 -0.005855663917984452 8.332711726732923e-15 -3.392090599911655e-16 1.54852999739997e-17 4.7993623111043e-18 3.679027880070987e-19 4.679070539368977e-16 -0.009325991692942678 1.712919336410864e-14 -4.751496274234854e-16 4.065779294056827e-17 1.060469692034171e-17 -1.557595838071713e-20 1.830065685205788e-19 5.269537890610427e-17 -0.001534556637683826 -1.618359317421249e-15 -2.186670169251087e-16 -3.647988884693471e-19 2.01429803071083e-18 1.7729295437619e-20 -3.403297885263909e-19 2.740502531873834e-18 4.307085964196478e-16 -0.0132293915266898 -1.277267575693829e-14 -9.554124275582477e-16 4.170494710238519e-18 4.031936970660331e-17 5.952419014301758e-21 1.431782552679742e-21 -1.463081724381466e-19 5.564280905977116e-19 1.158514662060132e-16 -0.003635844518422801 -6.873409651243259e-15 -3.416189011373203e-16 1.111807179747368e-17 8.143516787294783e-18 3.342450018252182e-20 -5.359482689056771e-21 1.695522919363008e-14 2.028904148817659e-14 2.908870025365887e-14 1.897038162451404e-14 6.389648897506046e-15 -3.8467309105064e-16 -1.242062008799794e-15 -1.738990675000808e-13 2.393252500089789e-15 -7.896461262651337e-15 -2.980452925766266e-13 3.116368418897763e-15 -1.069977439983058e-14 -1.878523286021957e-13 1.33883527485639e-15 -1.163652507685491e-14 -1.151445685795086e-13 5.891859681753642e-16 1 3.848277489135564e-15 1.697485390036683e-14 1.291377886283235e-15 7.510977575429482e-15 0.7125033577490451 5.306564739548127e-15 2.806036337964237e-14 -5.65302887253245e-16 6.618297674177507e-15 0.2877372191664875 3.292964626560395e-15 3.305165644799204e-14 -1.851827710786367e-16 -2.037519609762885e-16 -1.446810678152952e-13 -1.423861029082389e-14 9.437241521854901e-14 5.200886178859945e-15 4.116754658866786e-14 1.881673377602534e-15 -3.837439051856515e-16 -6.351152197634068e-14 -1.193489751473122e-14 6.37626834839697e-14 6.500074015303903e-15 5.617562725706875e-15 4.807996817359761e-15 -7.495319018862793e-16 -1.333108906862742e-14 4.765215862946906e-15 4.751754545398798e-14 -3.954572028261162e-15 -1.128718669247715e-14 2.389545159197487e-15 -7.83252461056356e-15 4.937116282464792e-16 
7.258178659001027e-06 2.608977200489596e-06 0.001762483104850527 0.001333347301641124 0.001398702530058831 0.0003833706898409093 -1.545162385852579e-17 -1.020723712165034e-18 0.00239910053873709 2.487958990406473e-16 3.532722628464347e-16 0.003588860005876738 3.162171462653912e-16 4.038749079378677e-16 0.001729423766259514 5.748038859875736e-16 7.578720285150884e-16 0.0002340131330439474 2.958380740892864e-16 3.923074330001396e-16 -0.0002417549814779435 2.108458491258889e-21 1.290661461214892e-19 8.556847920643135e-06 -3.597332834126592e-20 -4.466136893573556e-22 -6.599611199749327e-19 4.891183497611599e-17 0.002020116623143872 1.099583447430157e-17 3.987478212418896e-20 -3.067842661442066e-17 2.67683776808091e-16 0.007261212269531755 1.825671647290214e-16 4.970070011286336e-18 -1.277645359463384e-16 1.433392248272158e-15 0.001139318086709742 9.297802231682964e-16 8.494297519495016e-18 -2.186462127065868e-20 1.463008770880302e-18 4.68140095093057e-17 0.002232361690786089 2.452121407272628e-17 -2.221189698240337e-19 4.891032620957029e-20 1.25155398284814e-19 -5.934468555728381e-17 1.303418481900364e-17 0.01012481281455432 1.494216444318732e-18 4.302672552174921e-18 1.278212019509744e-19 -2.353321273436353e-18 -2.616171596693275e-16 1.224013219759022e-15 0.005894573878393532 1.050107494986614e-15 2.439078998522152e-17 4.330228527312281e-18 1.229577116815882e-21 -8.004092929469747e-20 -1.734649714153701e-18 1.745435187211389e-16 0.004111873326603911 5.567324425577764e-17 -4.519536258479205e-19 1.041656569232138e-19 3.132873819328271e-21 -2.322530880726348e-20 2.393372588686282e-18 -2.54005279253945e-16 7.336527153043438e-16 0.01381537472433537 8.247799557481262e-16 1.257142717447742e-17 4.704439994193832e-18 1.390536666676462e-19 1.995157319739238e-21 2.703509666317282e-20 -3.401895226563921e-19 -5.185435321283789e-18 3.566319357012602e-16 0.007454532214274995 1.118923535415571e-16 3.108042296020923e-18 4.933925021355106e-19 3.632395556599872e-20 1.180209371906752e-21 5.605238495580764e-14 6.478151348689884e-14 1.650952559858645e-10 5.925815393938198e-14 3.297362426422796e-14 5.584954765990707e-15 1.578946561342759e-14 -2.733924198140278e-15 2.406366196724953e-14 5.493306622227694e-14 -6.689093723371166e-15 2.432342769670641e-14 3.835387114861039e-14 -3.413935800725015e-15 1.656027877671925e-14 1.674936186124647e-14 -9.492406860547188e-15 -3.211548554664299e-14 3.848277489135564e-15 1 -2.754080060434831e-15 4.677723540407059e-15 -6.15785763664098e-14 5.521670451083517e-15 0.7125033577491084 4.338589041483997e-15 1.657887597045574e-15 -1.949405076532767e-14 3.364088299311456e-15 0.2877372191665014 4.73625487496963e-15 1.624608398540026e-15 -2.963819498827216e-15 3.067004194530016e-15 -2.12799185224423e-13 -1.670885652061853e-14 -9.9500925561374e-14 -9.320991187842857e-16 7.602470073591276e-15 4.907076344215042e-16 5.729394425342498e-15 -7.443355951749273e-14 -1.769417945497755e-14 -3.788293585980948e-14 2.476001802457252e-16 7.724725939554733e-15 -2.845380734749257e-15 9.89668122525315e-16 7.341630732840772e-15 1.749536348155652e-14 4.320155344574631e-14 5.456382558276807e-15 -3.37842036489981e-15 1.726343995813308e-18 -1.830211530036526e-15 
3.190011677830473e-18 2.422918865831653e-19 1.915759253690358e-15 3.686334358789859e-15 3.051102582132563e-15 2.663070394487353e-15 -0.0004153092510508976 -5.278051643626522e-17 8.536487471219218e-16 -0.001990623257168029 -1.558538400694871e-16 7.560198425146964e-15 -0.001453902231001575 -1.107471973628276e-16 5.665296856551444e-15 -0.001367773727092762 -1.182160317205643e-16 6.062724897415027e-15 -0.00043898976163273 -3.0412271524138e-17 2.973743901858887e-15 9.681299271103143e-21 -1.009291092742789e-19 5.738451374513471e-19 -8.701633721732219e-07 -5.327525549063813e-22 8.586807491115534e-18 -4.800145350166503e-17 6.185439620481078e-16 -0.0004479624532430009 -1.03116602199475e-18 1.473420082340356e-16 -3.400426339869621e-16 6.236756793462549e-15 -0.004309895732575945 -1.421612275890432e-17 1.530845816307166e-16 -3.628154791499969e-16 6.909429218829283e-15 -0.004050071586542502 -1.897828083467105e-17 5.410369576331002e-20 1.726893445617678e-17 -4.326813901823859e-17 5.823824191310332e-16 -0.0006211327560503179 -2.382684286429092e-18 -4.61277795705352e-20 6.679662461551713e-19 3.145542244466856e-16 -3.389583382389067e-16 5.859863393311794e-15 -0.005855663917984618 -3.284017638452544e-17 -4.617675972475403e-19 8.893650640542165e-19 5.590271180767117e-16 -4.75962779220108e-16 1.024970986198987e-14 -0.009325991692943085 -7.020981847069434e-17 -5.447532447560172e-19 5.184474916649471e-20 2.176685130672037e-19 7.042965476571943e-17 -2.185867605533589e-16 -6.467811867141217e-16 -0.001534556637683854 -8.396446733144214e-18 -2.085913910135826e-19 1.699828239717267e-21 2.053679455257026e-19 2.758339987063901e-18 6.306760629577888e-16 -9.554124275587597e-16 -5.121244193014506e-15 -0.01322939152669045 -5.340866914120775e-17 -4.524717366213255e-18 -1.370718895902641e-20 2.628461931998277e-21 8.933876781231133e-20 1.104415315781545e-18 2.345329581365893e-16 -3.418315064070828e-16 -4.060857078684619e-15 -0.003635844518422904 -2.259886240661253e-17 -7.469661887625734e-19 -9.558900677655594e-21 5.041470606303351e-21 6.227699218218248e-15 1.519242379757184e-14 1.734461957332002e-14 1.4820919895516e-14 8.934481013574342e-15 -4.600486658292037e-15 -3.590859197799769e-16 -3.187552179834133e-14 -1.544597783010729e-14 2.415803905277569e-15 -1.617897024324559e-13 -1.824929096728575e-14 3.145858717970044e-15 -1.20218929753331e-13 -1.279532035880795e-14 1.352713062379865e-15 -7.535521880505913e-14 3.317038634149874e-15 1.697485390036683e-14 -2.754080060434831e-15 1 -5.905496019883248e-16 1.430241998367053e-14 2.812281342479262e-14 4.172055587350335e-15 0.712503357749193 -2.467861110971901e-15 1.004003881904768e-14 3.305859534187097e-14 4.732785418712544e-15 0.2877372191664914 -1.171372883272684e-15 1.99369886773141e-15 -2.67152545219321e-13 5.166191709340416e-15 4.205315518305719e-14 -2.253752739990095e-14 -1.860573306010143e-14 -5.608622783306983e-16 1.995588566282826e-15 -9.793190522410307e-14 6.48793095112729e-15 4.971012231018669e-14 -1.901256929672301e-14 -8.687572886435742e-16 -1.10226100835943e-16 -1.577284760496424e-16 1.543061343534613e-14 6.496469891973406e-15 -1.128024779857298e-14 -6.056883578877236e-16 5.39013278455877e-14 -2.916901095895219e-15 1.879420476421407e-14 2.195168988246743e-16 
-5.444095197319701e-20 -6.613033775171407e-22 2.090676221900889e-17 3.481042092589796e-17 1.123421949493416e-16 -1.197494761563283e-16 1.134954920610841e-17 1.405741472325962e-17 -8.263157733405569e-18 1.181818302399173e-16 3.795071934594994e-16 1.343499514260578e-16 1.046174514964201e-16 3.542065261424042e-16 -2.719733898138584e-17 1.566199756733061e-16 2.640907288285538e-16 -5.139493111110642e-16 6.142685775056885e-17 3.635834782941003e-16 1.359608679043364e-16 -1.181123553049139e-22 -2.766085506029654e-21 -6.554565362026167e-21 1.356148679842051e-21 2.762350411670394e-08 -1.357548934946208e-19 2.204552742278334e-17 -3.128086328626645e-18 6.796579619929615e-18 2.884738829040089e-05 -6.240464182059265e-19 3.046335078566513e-16 -3.166842502546629e-16 1.454457024443111e-16 0.0006109574640229618 -4.578102589033072e-18 1.293560540529837e-15 1.394201728663047e-17 1.35781920181973e-16 0.001424117475883718 -1.221100672518693e-18 -3.828016691132276e-19 1.762777322089776e-17 -4.336905730930562e-18 7.56773792882294e-18 5.713205454295928e-05 -7.778433252462406e-19 -2.081475178015769e-17 -2.958336750302688e-18 1.647614475186373e-17 -4.793005187380323e-17 1.473111758307827e-16 0.001003380845422127 -1.4489953802531e-17 -6.976397427128661e-17 -7.005924965535809e-18 1.258153097756284e-15 2.506024709796269e-16 6.609779142953895e-16 0.003308252493537203 -5.640751963540072e-17 3.72048065067799e-19 -4.699817503215492e-18 -5.341225608906068e-19 3.556381632407404e-17 -1.459569964223522e-17 2.910905495110322e-17 0.0001973564641158766 -3.055872127101707e-18 -9.847196998185214e-22 5.713448893476201e-18 -1.44883254943763e-16 -9.51367475656917e-18 1.21615170325397e-15 -3.330677645387148e-16 8.041827864345227e-17 0.003839407168430643 -1.187469566141182e-16 -1.803698246317581e-20 -4.232817355717522e-20 1.620199651755023e-18 -3.225430473418544e-17 -5.707133890424688e-18 1.288731182641311e-16 1.390335135951566e-17 2.563183207317336e-17 0.0006261411528593657 -1.528483999450904e-17 4.458141487004339e-20 2.911925724516455e-20 -5.856943913916163e-15 -2.828769195725296e-15 -1.693184491175134e-15 -2.513264437672908e-15 4.21380971104485e-16 -1.234787000177566e-14 3.357687379970059e-14 5.328265884125318e-17 -1.590871360161729e-14 5.407046166878598e-14 4.097110048935281e-17 -4.70459050877322e-15 5.552938613365592e-14 2.186498649893264e-16 1.358652821417194e-15 7.049540994340637e-15 -2.171777228301967e-16 -2.688032285666495e-15 1.291377886283235e-15 4.677723540407059e-15 -5.905496019883248e-16 1 3.156371240144891e-16 -5.054549273302248e-16 1.811239446028254e-15 -2.582352860390815e-15 0.7125033577489089 9.593233899505146e-18 -1.4138100320035e-16 1.658099478521994e-15 -1.174842330313462e-15 0.2877372191664013 -1.512468146458613e-13 -6.784796152080137e-16 -1.266611198842178e-14 -1.823944247134771e-16 6.991831498499122e-15 -3.719247132496326e-15 -8.700393279824436e-14 -6.204245549114298e-14 4.087243726902782e-17 -9.81013559892013e-15 2.081370709059761e-17 3.440230999358663e-15 -7.049916206375544e-15 -7.982857523085203e-14 2.555436867297994e-14 3.645555293284607e-15 -2.814421852135967e-16 3.386993712882616e-16 -1.528325472596625e-15 7.50706971625715e-16 -1.146999162316472e-14 1.191788936514011e-15 2.063570877775041e-15 
2.830285913368952e-18 1.707459441421201e-18 3.113680877938518e-15 6.972762938233106e-15 5.69597794867628e-15 1.284727295632058e-14 -1.794025278982248e-16 -1.712079513766777e-16 4.252938066698359e-16 -1.034462959238867e-15 -1.120116387689736e-15 1.307711100768628e-14 -8.611779111807411e-16 -4.650802838216916e-16 1.783411137800086e-14 -2.978175367681773e-15 -1.184112463503491e-15 3.059972967757477e-14 -1.289151110303196e-15 6.537966506678241e-16 2.071943704106175e-14 1.240440809003735e-06 -4.889597787842881e-19 9.104564843693778e-18 -2.131498636100378e-19 4.228487932033556e-22 0.0002189537847933736 -1.40059158066495e-16 6.992906940354554e-16 -1.647519932341549e-16 1.729284440489935e-19 0.002989464095586288 -2.152851288727321e-15 1.85508917736746e-14 -1.247518676276676e-15 1.370014732613223e-18 0.006538081097820023 -3.563804837686891e-15 3.763614171892922e-14 -4.835777209880579e-15 -3.592162675818454e-18 -1.987116240989168e-18 0.0004760268269475198 -2.236628297195903e-16 -9.311492673978431e-17 -1.714300255993421e-16 8.93161361157023e-20 2.168859964778019e-18 -1.673826706427186e-17 0.005133353745633888 -2.668950993441599e-15 -2.20241783147287e-15 -3.057150370708782e-15 9.976968538923007e-19 1.690798612687091e-17 -2.857647209286715e-17 0.01494423721010626 -1.923536244978981e-15 -8.184375560749103e-15 1.599345587000286e-16 9.901218756368391e-18 4.680005689372902e-17 5.886603727763153e-20 -1.019670338836044e-17 0.001489091766340362 3.455196047800539e-17 -8.964236726383173e-16 -1.62595807276199e-16 3.127653922838668e-19 1.139113894575189e-17 1.030423763764464e-18 -1.455023624528624e-19 -8.372606889219515e-17 0.01773968854098992 2.593993099198691e-15 -7.882315964560648e-15 3.005224907359935e-15 1.697678172813287e-17 1.565516108616407e-16 -4.362864502231456e-18 8.643956553236554e-20 -5.092912289712879e-19 -4.428409507719716e-17 0.004133743742129065 1.023137012742571e-15 -8.736793307345893e-16 1.835523918499533e-16 1.609279522894618e-18 5.759493153901493e-17 5.78358463637762e-19 5.813723057345498e-20 2.115263440298125e-13 2.937773969175708e-13 2.142116378885552e-13 1.570301421497656e-13 7.933862988607338e-14 -1.15804784971353e-13 -5.242948170213789e-14 -1.934680311292709e-17 -5.328751821357141e-13 -3.55007674336795e-13 -1.31807678816869e-14 -3.810385570687167e-13 -3.083001667938133e-13 3.293559141660068e-14 -1.013243001616786e-13 -6.968707315223071e-14 2.992112035393232e-14 0.7125033577489427 7.510977575429482e-15 -6.15785763664098e-14 1.430241998367053e-14 3.156371240144891e-16 1 4.773733291168948e-14 -6.721755119271562e-14 5.176899653330598e-14 4.328402622062173e-15 0.7124724180727938 7.75467750094743e-14 -4.201081589341352e-14 6.798639138163875e-14 1.792570867890904e-15 -6.480094048738797e-14 -3.180788965554157e-14 1.464197983635579e-14 2.647588414889271e-15 1.587363621085905e-14 1.564369525462277e-16 9.9115514867324e-14 -8.660308943046092e-14 -5.428990590424129e-14 3.848730603893265e-14 3.781336341849892e-15 1.3310998582321e-14 1.710261351439243e-15 6.313088471102214e-14 -1.803994338026568e-14 -8.579757516325612e-16 -3.05588887528378e-14 -1.498808101237886e-16 6.817870196750925e-15 8.05958161714658e-16 -8.01946450161493e-16 -6.94658758069912e-15 -3.718605017943408e-14 
3.518546592490012e-18 4.009904892847067e-18 2.066592951330786e-15 3.746396091254035e-15 3.362784869395176e-15 2.997776001273899e-15 1.025250575908376e-16 -0.002374391375417064 1.193494135543877e-15 8.182668193459057e-16 -0.009209679923877351 9.102653859333932e-15 1.19771923765488e-15 -0.00679287591245899 1.210207973665088e-14 1.537061647829909e-15 -0.006309417361738298 3.086880080078676e-15 1.516557625582098e-15 -0.002056515822690683 2.083700628824635e-15 7.326199003259429e-19 -3.178890908629816e-05 -2.539545267203671e-17 2.592811448188863e-18 1.197172631999854e-19 3.761790175348393e-17 -0.003035021305888505 -1.294126489110239e-15 3.319284402272861e-16 -3.912774976403752e-18 2.71420054045176e-16 -0.0198406169253392 -1.700681035814776e-15 1.651916113730154e-15 1.642445710077326e-17 6.558116531869907e-16 -0.0179547830654346 1.309335064755073e-14 1.778848717901345e-15 8.363432182315227e-18 -1.506298900452409e-19 9.117528681723076e-17 -0.004509525817077379 -1.946829280934343e-16 1.873866795501529e-16 2.823548786757613e-18 -6.966421007906157e-18 -1.2519336696251e-18 3.945743061905696e-16 -0.02737688761212611 -6.053325076865528e-15 -3.014838888414069e-16 -2.861184941187953e-17 -2.784713811624428e-17 -9.508634424792537e-18 1.419616731563934e-15 -0.0395654285675214 -4.177627586655274e-15 3.216220900962715e-15 -6.990520582823412e-18 -1.509479912279619e-17 3.302169503504936e-19 6.601710826579657e-19 2.627140501422313e-16 -0.009979456994360772 -1.892987884934097e-16 -4.723624202566427e-16 -9.371421257774925e-20 -1.60003231487924e-17 -4.468318532776155e-19 2.519067423361635e-18 -1.043195397261516e-17 1.761609993169547e-15 -0.05548734140960574 -8.097497306564499e-15 2.659905199725055e-16 7.757398050651342e-17 -1.101643777317063e-16 -2.299378968431807e-18 2.355482581923496e-20 1.470797293747888e-18 4.243317247446623e-18 -7.329314365088644e-16 -0.02048946920772143 5.683641387661846e-16 -1.074531962877671e-15 -4.650341073488587e-17 -1.228153727102748e-16 -1.705507715236812e-18 -2.738488832397187e-19 5.228841467360094e-14 1.426101798173267e-13 8.996728469214671e-14 5.126253202517465e-14 3.922670608456511e-14 1.361294293065974e-17 -1.124100812434072e-15 -1.099870396107634e-13 -1.309403168948475e-14 -5.061229213516409e-14 -4.437960763932419e-13 3.294601119239796e-14 -1.113831249456507e-13 -2.886817756362374e-13 2.992809905791022e-14 -1.214028877428667e-13 7.125489476685588e-15 7.566488726705566e-15 0.7125033577490451 5.521670451083517e-15 2.812281342479262e-14 -5.054549273302248e-16 4.773733291168948e-14 1 1.419177326235034e-14 1.936626286723196e-13 5.035585521443605e-15 7.756065195023888e-14 0.7124724180729725 3.480361732690381e-14 1.967917304604234e-13 5.629995280997461e-15 -1.093462478853335e-15 -2.594169506722662e-13 -3.505529200257777e-14 1.330241673270026e-13 2.247945870662925e-14 4.093407736659306e-14 7.624171313984472e-15 -8.815805422616547e-15 -1.03340906687843e-13 -1.127986593020921e-13 1.570402072263777e-13 6.274499979516568e-14 -2.066005536388152e-14 1.38522466150843e-14 -3.031743397721991e-15 -1.523714384334244e-14 4.589077104683805e-14 1.836863994244739e-13 -2.360172604401491e-14 -2.287527688907597e-14 1.219255236488993e-14 -4.682915960495546e-14 1.549267205336996e-15 
4.130691616866203e-05 5.813348718341055e-05 0.0083467470570127 0.006122199088431363 0.006500883508260892 0.00178424280204292 -3.881700669579227e-16 -4.161789715194904e-16 0.01247604361844663 -8.796976558094924e-17 -2.628800597036214e-16 0.01568874031605959 5.358138987832884e-16 3.1194242408459e-17 0.007829739616504183 1.122668654789672e-15 4.249750591021079e-16 0.0009511062283417923 4.685452609748937e-16 7.261850960381573e-17 -0.001141295906579831 -2.932500578586389e-18 -2.736675744498344e-17 0.0002503599833025477 -2.8501810304783e-17 -2.082822110940495e-20 -4.883557849641246e-17 -4.921661363051092e-16 0.01199993799443283 -4.279111315159798e-16 -3.585653988997665e-19 -1.210958963865927e-16 -1.044770046669034e-15 0.03066597104293609 -3.656808181720322e-16 -3.606160493395885e-18 -3.132289210877176e-16 3.230356114826357e-16 0.004465875569015732 1.69123903040669e-15 -1.139066581215094e-17 -5.578625140836474e-18 -1.205497822663407e-16 -9.698330979406946e-16 0.01386592140556721 -8.355508233429342e-16 -6.715941124907672e-19 4.486357651223937e-18 -4.878502054189292e-18 -3.065809509688011e-16 -2.125898706330284e-15 0.04227240029395136 -1.85574255763068e-15 -3.277793133222547e-18 6.601783459199321e-18 6.605892229674897e-18 -4.073135762670927e-16 -3.521637647934093e-16 0.02261480904585962 1.966018959353525e-15 4.92013528393461e-18 -6.891008509109503e-18 -9.954475051393016e-20 -2.41935323049349e-17 -4.016116867406952e-16 5.614888771331862e-16 0.02264277909574218 7.561482849505483e-16 7.618445369496039e-19 1.81054065828849e-17 -5.825548387762441e-20 -3.284212101329205e-19 1.766308293246248e-17 -9.494499290332077e-16 6.026358325689946e-15 0.05153754755303699 9.594187429189925e-15 6.440956832488266e-18 1.156865399690694e-17 -6.736851031665347e-19 1.072089542210109e-19 2.037925730442099e-19 -2.598380754094837e-17 3.188520687532301e-16 2.569909761909871e-15 0.03534403997447538 1.670479534024039e-15 -3.723461180449853e-18 8.179973027442478e-18 2.36596719312277e-19 1.021649141275859e-19 1.333794186210926e-13 1.698641227678067e-14 3.387876071817287e-11 -4.662936703429599e-15 -3.992639604723958e-14 4.737604276510778e-15 9.881493063655776e-15 -2.407796184657995e-15 8.216612272155004e-14 8.535560759669836e-14 -2.658984143980686e-14 1.091156390981793e-13 9.3988186356478e-14 -1.197375532059888e-13 3.829113475358879e-14 1.95525045710037e-14 -1.79134485023417e-13 -6.154041244986445e-14 5.306564739548127e-15 0.7125033577491084 4.172055587350335e-15 1.811239446028254e-15 -6.721755119271562e-14 1.419177326235034e-14 1 3.504992396081835e-14 -4.782213627974964e-15 -4.219992192836009e-14 3.489369419944231e-14 0.712472418073154 3.407485025182961e-14 -1.378077259969965e-15 -1.57266144278819e-14 1.68301136598135e-14 -2.115670109874058e-13 -2.93653990013706e-14 -8.710399537072454e-14 6.6615968924908e-16 3.815472910607269e-15 3.420621239409417e-14 3.499587264145536e-14 -3.049563739864645e-14 -1.23762111670263e-13 -2.601244442848612e-14 2.605776731228215e-15 -3.6845635621819e-14 -4.862998638787343e-15 1.960992394779915e-15 5.141433106862102e-14 4.703074301991839e-14 1.037780972269471e-13 3.70109015009316e-14 -7.052906463874561e-15 -3.849160697514763e-16 2.246241363698605e-15 
3.746174284577072e-18 4.555439590627517e-18 2.71289041676258e-15 8.008636735608963e-15 7.60052422609264e-15 1.321080142354057e-14 -0.002374391375417065 1.026055257474954e-16 1.211084251884354e-15 -0.009209679923877495 8.233351869162343e-16 1.13803601374071e-14 -0.006792875912459136 1.198964698615295e-15 1.581238795481473e-14 -0.006309417361738201 1.531964014777466e-15 2.484758692256784e-14 -0.002056515822691203 1.515363165553381e-15 2.287919090147797e-14 6.514309587246124e-19 2.602287624440416e-18 -2.06717251488918e-17 -3.178890908630121e-05 -8.765442985423867e-20 2.779117950930122e-17 3.318473368191352e-16 -1.014016009117651e-15 -0.00303502130588856 -3.986756305542324e-19 2.038069763060435e-16 1.653677895913465e-15 1.808935295989722e-15 -0.01984061692533889 -1.634397426515394e-17 1.787621865341493e-16 1.777763772809516e-15 2.396048959801873e-14 -0.01795478306543512 -2.272159564207074e-17 7.418013432808833e-18 6.883036338093794e-17 1.861940571575629e-16 -8.743382997429623e-16 -0.004509525817077469 -2.514569018312163e-18 -3.330636458377032e-19 3.945259758377899e-17 2.314573885427516e-16 -3.090462246357475e-16 -5.772037777657613e-15 -0.02737688761212713 -1.224160052950807e-18 2.041781055661999e-19 1.52693009024895e-17 1.028541698508996e-15 3.221424516920711e-15 -3.630902058902543e-15 -0.03956542856752288 -2.396896550352683e-19 8.023367371464488e-18 5.637177319617388e-20 2.167945612551235e-17 1.092096384641204e-16 -4.749666230859343e-16 -1.580052528015133e-15 -0.009979456994360938 1.179933419398053e-17 -1.058003513043493e-18 -3.501996913403787e-19 3.012298469785462e-19 1.425064695576884e-16 8.14068545573431e-16 2.457157838934737e-16 -5.995862709409151e-15 -0.05548734140960874 -3.838017213188622e-17 9.739930212774952e-18 -1.713128399624648e-18 -2.835589391847409e-19 -4.649655764690912e-19 1.159035026571722e-16 -9.343952732555205e-16 -1.070840593361057e-15 -1.125001371609396e-16 -0.02048946920772138 6.511283350331011e-18 -6.910032933376492e-18 -2.427041476360079e-18 8.528192311400893e-20 4.425585128768173e-14 1.559086181784816e-13 1.19545224986985e-13 1.137410913251815e-13 4.532217650085755e-14 -4.26048085700332e-15 3.399594377340778e-17 -4.815282130951199e-14 -5.348499421138665e-14 -1.300035662591806e-14 -1.937834695302159e-13 -1.62897473288322e-13 3.290090393510118e-14 -3.433415310469387e-15 -1.193212195716967e-13 2.992459657691811e-14 3.522065910522332e-14 1.385139187995816e-14 2.806036337964237e-14 4.338589041483997e-15 0.712503357749193 -2.582352860390815e-15 5.176899653330598e-14 1.936626286723196e-13 3.504992396081835e-14 1 -9.548700540884639e-15 6.803495347440682e-14 1.968680328823923e-13 3.405580556304717e-14 0.7124724180729461 -2.218450639933638e-15 4.80165199565564e-15 -4.350334170307289e-13 2.23614975090223e-14 9.689854572536245e-14 -3.733124920306289e-14 -2.641785140380227e-15 -6.704390703143448e-16 2.625272341232069e-14 -1.646340875827492e-13 6.274846458343886e-14 1.778187919190775e-13 -1.259548021439223e-13 2.162937700045247e-14 7.536103209656547e-15 -1.441277475295377e-15 4.118086813917472e-14 4.183151460335313e-14 -2.290650191826144e-14 -9.845395843856359e-15 1.780520175744987e-13 -1.135983962388079e-14 1.701277678367732e-14 -5.96018204885055e-16 
1.111817815711536e-20 1.360096638530129e-20 2.92240972956027e-17 1.025952624742147e-16 1.385491741307137e-16 -2.795735137505408e-16 6.042786507919353e-18 -9.922665481522136e-18 -6.035827871212294e-18 -2.4638605148439e-16 1.530351854926577e-16 -8.865147258017953e-18 9.639741227395575e-17 -5.630207654374932e-17 -1.489815619213304e-16 -1.871836384122324e-16 2.511054102923878e-16 4.396559263160987e-16 3.43686995214611e-17 -1.721894988571888e-17 -3.25604167266155e-16 4.40850032014015e-22 4.79151213568675e-20 1.796776765688866e-20 1.746774998993607e-20 1.240440809003723e-06 1.431691825977607e-19 1.835601121774066e-17 1.600552805081694e-17 -3.647429519877282e-18 0.0002189537847932807 1.181273414554312e-18 -1.189486292997689e-16 -1.143565175732826e-16 -3.594884723444443e-16 0.002989464113374813 -2.883276965732384e-18 -7.151801736053163e-16 -2.196591482502299e-16 -5.70687815875086e-17 0.006538094065955791 -2.097348680555068e-18 1.040838230137189e-19 -2.030955146303217e-17 -1.77563603829327e-17 -1.004858947722186e-18 0.0004760268269474088 -1.072813231969382e-18 -1.700316650416777e-17 9.278517236485072e-19 -2.379942014275596e-16 1.646081257669764e-16 1.882438129024711e-16 0.00513335374574516 -1.446354120685905e-17 -9.751601616782471e-18 8.857131943980078e-18 8.663332683184631e-17 -5.529347204613004e-16 2.173527960710421e-16 0.01494423825902797 -6.365406735136298e-18 -2.352571782726376e-18 -3.658254603847163e-18 2.424143461931912e-19 4.846390773067489e-17 -7.02221756477274e-18 -3.869266901564009e-18 0.001489091766339803 -5.328900305800037e-18 2.901500626860248e-20 2.137077085096507e-17 -3.378710989409202e-17 1.743696905297187e-17 -5.832979500733569e-16 -2.881406128372483e-16 5.290061023021518e-16 0.01773968857411339 -2.284760417875752e-17 7.343874941488083e-20 -1.101779372761946e-19 2.547755034333864e-18 -2.224268592516849e-17 1.128495677655986e-18 -8.305256502359452e-17 8.949670853527103e-18 -2.215064766053454e-17 0.004133743742127679 -1.984905517501746e-17 -1.51585202873341e-19 2.026344095446272e-19 -4.822570924031282e-15 -5.096054842951975e-15 1.411099145021659e-16 1.288663094727826e-15 1.116522575512676e-15 -8.699888426838343e-15 2.151504968540874e-14 -1.02696290687642e-17 1.686261289777528e-14 4.552246913911341e-14 -7.258010408282693e-16 4.820062356744962e-14 -3.932292490311007e-14 -9.393698875291539e-17 6.865997097190363e-15 -1.290543591912252e-14 9.067473516283155e-16 5.215899262292349e-16 -5.65302887253245e-16 1.657887597045574e-15 -2.467861110971901e-15 0.7125033577489089 4.328402622062173e-15 5.035585521443605e-15 -4.782213627974964e-15 -9.548700540884639e-15 1 1.789573896719807e-15 5.633468540449083e-15 -1.401542474741254e-15 -2.23232842768621e-15 0.7124724180727843 -2.296334531793874e-13 -9.802439607733203e-18 -2.144822931946862e-14 4.275736414453298e-17 1.30728540657207e-14 -1.246225345142889e-14 -1.959302101845554e-13 -2.273184055729083e-13 1.703800409797008e-15 2.238375312848874e-16 -7.129672350815453e-16 -1.448840742814262e-15 -6.75848266241371e-14 -1.080740054120214e-13 8.721469924348318e-14 2.10447118413523e-14 -7.469296387862288e-16 -1.936386288767461e-15 -3.079734430213934e-16 1.593507074270736e-15 -4.525546604132369e-14 1.85882350804293e-14 -1.855563449223063e-16 
1.333175452054586e-18 9.542401270215568e-19 7.90622129111509e-16 -6.55717373229597e-16 -1.74261380320093e-15 8.10202440654078e-16 4.973385713540818e-17 8.483258305520025e-18 3.543007141552879e-18 -6.93982616723313e-16 6.11472111978032e-16 5.829891305250218e-15 -2.38244173182228e-16 -1.289188806163687e-16 3.295964950656285e-15 -1.918303514559426e-15 1.158036795653223e-15 1.902094887310089e-15 -1.682565477936357e-16 5.11566622360586e-16 3.812963131610003e-15 9.762646972436043e-05 2.006742763552641e-17 3.338331481073916e-18 1.581583416536385e-17 1.915191979258883e-19 0.002107194229197658 5.032624749415407e-19 4.877793245932005e-16 1.184063386499826e-16 2.229260306650307e-18 0.01447496534408485 4.171449864066427e-16 2.21572245829931e-16 -6.82615382661099e-16 -2.535191735333366e-18 0.02826427593540709 1.142047575652962e-15 2.950883097484106e-16 2.643641400896749e-15 -7.313127870692794e-18 4.597192134834894e-18 0.004818791904541722 5.717862647439755e-17 4.713948651235783e-16 1.940263432166349e-16 -4.432646118532642e-18 9.565225435987496e-18 -1.835405253344802e-17 0.02585474850815894 2.474385799126119e-16 3.068198762211597e-16 8.448264264976861e-16 -7.588911947337755e-17 1.765343717198944e-17 1.773904416479098e-17 0.06143131309526006 -2.380156707728829e-15 2.951179438259526e-15 4.521090112356925e-15 2.074832951934091e-17 -1.234703245991625e-16 -1.446202878318242e-18 2.100071083814907e-17 0.01211552100368815 -1.957691566224001e-17 4.558446011276681e-16 2.488698207272195e-16 3.405080941180705e-18 -5.627983363089024e-17 -1.005187344912339e-18 -1.055403053983283e-17 8.905587945002086e-17 0.07292870455636588 1.226559336251741e-15 2.098532986626016e-15 -1.608999225778338e-15 8.41176058516975e-17 5.880441536056094e-17 6.457737027499226e-19 -8.421208385842031e-19 -1.187751950287322e-18 -3.565633064544864e-17 0.02585431488239295 -2.049723676006786e-17 9.511843233730048e-16 1.095224400469902e-15 -2.148247617124571e-17 -6.450177069165061e-17 -4.719762455839745e-19 -6.935082255644331e-21 1.603082095611318e-13 2.838358558486017e-15 -1.441038604010106e-14 -9.407963508154691e-16 7.661783685407983e-18 -3.497511786965769e-14 -1.871295264411102e-14 -2.226985553344796e-16 -2.72585704065265e-13 -2.225658994357961e-13 4.179964757161279e-15 -4.38007788971673e-14 -2.539910024512475e-14 7.379438864562162e-14 -1.258027224602454e-14 -2.024610785449402e-14 -7.358279194054133e-16 0.2877372191663246 6.618297674177507e-15 -1.949405076532767e-14 1.004003881904768e-14 9.593233899505146e-18 0.7124724180727938 7.756065195023888e-14 -4.219992192836009e-14 6.803495347440682e-14 1.789573896719807e-15 1 4.345329241129971e-14 -9.361798377514476e-15 2.938075721744801e-14 8.391501376559977e-16 -3.935730382788777e-14 -1.908889712965438e-14 1.581346628647159e-14 1.620266297860751e-15 1.606772665080792e-14 4.016767820591927e-16 5.897029825703097e-14 -3.336324727222367e-14 -1.438849039915115e-13 1.348364975175543e-14 -1.061654475350668e-14 -4.622880535205549e-15 1.89704343837833e-15 4.162424746959504e-14 -1.479831099624797e-14 -8.51811910169111e-17 -3.996802888651831e-14 9.452366852930926e-16 -3.338026015582716e-15 1.95333247156847e-15 -1.054546436423018e-15 -7.866453690564119e-15 -3.209465832105443e-14 
3.805879297747829e-18 2.857406586867019e-17 3.972652288133205e-16 2.029085294626847e-15 5.323099443689919e-16 -2.994364333492131e-15 8.475828769591442e-18 -0.01490892379510636 1.073959003055002e-15 -7.117695266265843e-16 -0.04033642238990222 1.70204178144343e-15 9.047725343878966e-16 -0.0305374361011028 5.011964530743755e-16 -8.002815486645936e-17 -0.02764455252395953 1.402192651325585e-15 8.83413265046742e-16 -0.009350588009957585 -2.606802694883665e-15 1.170843627486247e-17 -0.001704938963045939 3.494463618204052e-17 6.537423537229942e-17 -9.142827310549934e-19 -1.580376750015742e-17 -0.02301071046507349 -4.140540568151636e-17 2.373848745401702e-16 6.041716606175807e-17 6.908705126918179e-17 -0.08362839500522731 -3.036342092498383e-15 7.289364072078306e-17 1.016100730550444e-16 -1.343374414003093e-16 -0.07141850122910286 2.226747434547496e-15 -4.250988457707103e-16 -1.151697187012021e-16 3.087011576268464e-18 1.460981005577756e-16 -0.03427014890827353 1.389574384750615e-15 -1.278760100584455e-15 1.117363512370553e-17 -9.783134750607031e-19 -7.513182242907506e-18 1.657683711849017e-16 -0.112700029933337 -1.527119936118429e-15 -3.309210533942569e-15 -1.237887830468226e-16 7.562231747470886e-17 4.078633904628763e-17 -1.805992877725482e-16 -0.1402541184403191 -3.256639890568723e-16 1.959993140833385e-15 -5.843172653837644e-16 2.382121391061379e-17 1.094538352909402e-17 3.16366805799491e-18 -4.293279092667735e-16 -0.05933504934339114 -4.181335792473857e-16 -1.100155842876911e-15 3.434231557171673e-16 -1.639771796356074e-17 1.141588654662007e-18 -1.08572286307708e-17 -2.152141313495656e-17 -7.170031992868169e-16 -0.1824258963483465 5.304052584107872e-15 -2.637878480961667e-15 -4.881349242239319e-16 -2.155162677538534e-16 -1.167719625396383e-17 -1.640491060594815e-18 1.494726951289374e-17 -1.258775662914672e-17 -3.454982685647078e-17 -0.09114360956445851 -5.186077804177463e-16 -1.224094293561162e-15 7.224115308236557e-16 1.343025807485657e-16 -1.600256995600265e-17 4.73018317804022e-18 2.476403727891032e-14 3.887798679243288e-14 -3.320999327161849e-15 -2.854216429177002e-15 -4.791238540908412e-15 -2.344079387973661e-16 -8.092485015433311e-16 -3.419990722233833e-14 4.140066765723398e-15 -2.881028748903681e-14 -1.100906934359365e-13 7.388518384257122e-14 -1.008082506360035e-13 -5.964760613602622e-14 -6.568914632129514e-16 2.198241588757981e-14 -4.228386778627918e-15 6.469978818202904e-15 0.2877372191664875 3.364088299311456e-15 3.305859534187097e-14 -1.4138100320035e-16 7.75467750094743e-14 0.7124724180729725 3.489369419944231e-14 1.968680328823923e-13 5.633468540449083e-15 4.345329241129971e-14 1 5.461009664022324e-14 1.843407390157779e-14 5.094891319274064e-15 -1.885208332307626e-15 -1.640447620186581e-13 -2.8851920852455e-14 1.014392212584988e-13 9.363095895395361e-15 1.801085099792571e-14 6.751002755738039e-15 -1.10290384667746e-14 1.534854947622104e-13 -2.186584247000925e-13 4.174429585441418e-14 8.411557669549342e-14 2.634377286289881e-16 -9.18197912993796e-15 -5.225831413521369e-15 -1.498311825259155e-14 5.858742702913687e-14 1.409428129762372e-13 -1.266739663806594e-14 7.542858631714217e-15 7.275962926305163e-15 -4.096379794632262e-14 2.683478656479472e-16 
0.0005050246273707932 0.002164627417058292 0.03813315869825237 0.02651004986930671 0.02860896432902535 0.007986383445348492 -2.631437858623711e-16 -8.655829687996108e-17 0.06346645014586015 4.579651266165506e-16 4.270875969704049e-16 0.05995640080439545 -6.073552778529371e-16 6.675322752729929e-16 0.03214269407851567 6.245124158667875e-16 -1.043279554564357e-16 0.002861386121401866 9.328271262987881e-17 -3.711341190746284e-16 -0.005284335554359657 3.169193703427185e-17 -1.019843883302423e-16 0.008788335550335823 -2.238654252941249e-16 1.030271650908539e-18 -1.002587585208676e-16 -2.624637466186274e-17 0.0684190565683547 3.043698082255818e-16 -3.946326501258456e-18 -9.942398711772618e-18 -6.867065518012427e-17 0.1053007068308263 -6.082326019759274e-16 9.842522915136311e-18 7.869398852492673e-17 -2.943044299550084e-15 0.01254138503488833 -2.055804829779848e-15 4.587544102184207e-18 3.181971910589922e-18 -1.413053110706488e-16 -2.071144316198487e-16 0.07539287365277186 -1.48040348792519e-17 -6.802098082926697e-18 -3.406307422155051e-18 3.997741401561964e-17 4.027714778706878e-16 1.429164810704627e-15 0.1338071447821707 8.191878641479228e-16 1.66255626891512e-17 -6.385873372482542e-17 2.847725367038436e-17 -4.79078360722255e-16 -2.296503306287493e-15 0.06237823278754169 -2.613692712809363e-15 1.242766861549283e-16 -4.010752140577228e-17 -9.848835247546784e-19 1.409939280264192e-17 2.248710614358508e-16 -4.128827161282742e-16 0.09400710314486123 -2.697349269362164e-16 3.322603202635773e-17 1.624536638754533e-17 -7.051019890300973e-19 3.51347536609826e-18 -3.372885197709653e-17 9.965097266184923e-16 5.489586660515556e-16 0.1289515922546121 -1.429939530875192e-15 9.500321558138028e-18 -1.423617804306654e-16 2.430815161006038e-17 3.952705718142367e-18 3.049624617925954e-18 6.051203375185687e-17 6.628019471749165e-16 -1.420019528201945e-15 0.1082915436731065 -1.110673022562523e-15 -4.483366565641449e-17 -6.129252146639747e-17 -1.48684987187492e-17 -5.906827930230101e-19 5.846712003436785e-14 -7.682743330408378e-14 7.032319132070071e-12 -7.688294445530867e-15 -7.757683486406976e-15 3.816902368837462e-15 5.286646833859231e-15 -2.397387843800616e-15 6.342522337063134e-14 5.549320714454367e-14 -3.895495037656099e-14 4.464145393554631e-14 1.425354041119049e-14 -1.950106742755558e-13 1.393401507908334e-15 -3.997995511041068e-15 2.997602166488511e-14 -1.951746952999389e-14 3.292964626560395e-15 0.2877372191665014 4.732785418712544e-15 1.658099478521994e-15 -4.201081589341352e-14 3.480361732690381e-14 0.712472418073154 3.405580556304717e-14 -1.401542474741254e-15 -9.361798377514476e-15 5.461009664022324e-14 1 3.621775948993791e-14 3.025029093320785e-15 -4.453681177907158e-15 8.129778284269993e-15 -7.400871033521739e-14 -2.847722058165148e-14 -4.329840044716016e-14 1.111497864786914e-15 1.047140832845103e-15 8.763976260664174e-15 4.026827439164612e-14 2.044490116349793e-14 6.414313524776801e-14 1.729811586295576e-14 8.142562265024418e-16 -1.471038316337712e-14 -2.526474127301954e-15 1.092972230638495e-15 9.288535373704559e-14 2.357469462607073e-14 7.792377854091214e-14 3.822273566667766e-14 -3.708078211354672e-15 6.6800531166728e-16 -1.14550079686556e-15 
-8.869944533663614e-19 3.558394789666552e-17 -1.281102393540088e-16 -2.872491209356219e-16 2.078094286224353e-15 3.098689498059786e-15 -0.01490892379510611 1.155774246405733e-17 7.737873348579334e-16 -0.04033642238990243 -7.169905322308658e-16 -1.07746713225256e-15 -0.03053743610110269 9.038482061529457e-16 4.163369158297695e-15 -0.02764455252396036 -7.634015215425054e-17 5.239509720949364e-15 -0.009350588009957913 8.825467229879239e-16 7.25397979875998e-15 1.285472586312627e-17 6.517179443489864e-17 -5.018127572240753e-18 -0.001704938963045934 -1.613528377689578e-18 2.143213055724249e-17 2.380358130900377e-16 9.415376138321712e-16 -0.02301071046507298 1.486489252146936e-17 1.842241604908877e-16 7.614862952220941e-17 1.191732406984628e-15 -0.08362839500522537 1.181513560798462e-16 -3.828592727687316e-19 -4.209848003052718e-16 2.249264057678813e-15 -0.0714185012290986 7.948411437605347e-17 1.476603113956376e-17 -1.668927544820957e-16 -1.279301995732188e-15 7.776799234668961e-16 -0.03427014890827315 3.36727365180499e-17 -1.530707649696786e-18 -7.302291547929003e-17 -2.493385475855094e-16 -3.29186194922254e-15 1.623957824868325e-15 -0.1127000299333332 -6.998691783191333e-17 4.173754848018718e-18 -5.586467887034283e-17 -1.867479001054172e-15 1.960023739904899e-15 2.320926398982265e-16 -0.1402541184403236 -2.116248497863866e-16 -4.605319101899446e-18 1.000144740382356e-17 4.376058179463445e-17 1.466598902292635e-16 -1.107744904719037e-15 4.25586647172484e-16 -0.05933504934339017 -7.416637061824379e-16 4.590675052146121e-17 -2.195615801851797e-18 2.240402149105872e-17 -1.070929853315231e-18 2.156002089462971e-15 -2.643952501402031e-15 -6.295661355766682e-16 -0.1824258963483405 -3.452963698698909e-16 1.294664449558667e-16 -7.658818997792939e-18 2.17088176372936e-18 -3.369698234502683e-17 -3.340425486445415e-16 1.299487083914589e-15 -1.226482917173073e-15 -7.889714319312864e-17 -0.09114360956445595 -1.111665453905563e-16 2.970195144930176e-17 -2.353419599936276e-17 -9.895197708502458e-19 5.749186698574176e-14 3.903169937598995e-14 8.418228031793411e-16 -1.099679891710724e-14 8.576021615127848e-15 -9.636388909052834e-16 -2.29203768369431e-16 -1.782238288563829e-14 -5.287437154779805e-14 4.148740409572997e-15 -6.582081824056076e-14 -1.248445791191452e-13 7.385738760687881e-14 5.090340616832048e-14 1.870725796493526e-14 -7.174945265368357e-16 6.402570244109666e-15 1.021437852962399e-14 3.305165644799204e-14 4.73625487496963e-15 0.2877372191664914 -1.174842330313462e-15 6.798639138163875e-14 1.967917304604234e-13 3.407485025182961e-14 0.7124724180729461 -2.23232842768621e-15 2.938075721744801e-14 1.843407390157779e-14 3.621775948993791e-14 1 -2.959510228171777e-15 3.437379412498106e-15 -2.114329717505969e-13 9.363095897049528e-15 7.128407597121207e-14 -3.295974604356901e-14 6.635853602835516e-15 2.386569248493148e-16 3.595533869015516e-14 -7.361878923342971e-14 8.409508528036547e-14 4.672245046657625e-14 -1.556532680525626e-13 -6.67395797140077e-15 1.369316604494814e-14 -6.22530059137437e-16 3.646923047589282e-14 1.309822656339751e-14 7.528981095369151e-15 -1.907582936472269e-14 1.422889583935945e-13 -7.229078887769365e-15 1.113669410372541e-14 -7.374701572123327e-16 
-2.946736525513998e-20 -2.555043038939377e-19 -6.890104811131393e-17 -4.86671472949846e-17 -1.889088744079808e-16 -1.004549920690433e-15 1.680807843651291e-17 6.772028413300886e-18 2.516450182999339e-17 2.338319331787139e-17 3.72287949252727e-17 -7.82251970721172e-17 2.696063231431462e-16 2.686121144230912e-16 -3.796361706128624e-16 5.054619900057901e-16 -3.855716202565979e-16 -6.132881817264903e-16 7.712847971063363e-16 6.502707797691657e-17 -2.738467610430215e-15 1.921998517279606e-19 -7.896361253203059e-19 -2.429000359125989e-19 1.608502983158636e-18 9.762646972435391e-05 2.284071247069596e-18 -5.222847504417672e-17 2.27978917753513e-18 7.059734817080096e-17 0.002107194229197779 -1.840118480016669e-18 2.135471706479389e-16 1.473634053484565e-16 -2.092946417312754e-16 0.01447496543022285 -7.843012421238072e-18 5.863374528026677e-16 1.513284025596311e-16 3.474843756597318e-16 0.02826433199696998 -2.82645365378122e-17 -4.380647138166876e-18 -1.020812344295434e-16 1.611691940388265e-17 -1.123212396880524e-16 0.004818791904542021 -2.4290018454658e-18 -9.679892522203831e-17 -7.67436772878589e-17 8.541412478194896e-16 -1.236549518661203e-16 -8.634352109548989e-17 0.02585474850873368 2.150689445190677e-17 -5.985474876156552e-17 2.315466926552524e-17 -2.351634998152661e-15 -9.551825528242545e-17 8.580806576945169e-16 0.06143131740709343 -5.308049546336246e-17 2.443685464485532e-18 -3.686922661161314e-17 3.054132930936487e-18 1.024382588168113e-16 -1.51964063484541e-17 1.373707929845943e-16 0.01211552100368874 -3.57146667309711e-17 -1.472249141446429e-18 8.179474907523375e-18 2.494478149634856e-16 7.899530628577366e-17 1.109613163061435e-15 -4.174178388494887e-17 1.20704429267918e-15 0.07292870469256868 4.532579182218039e-17 -2.859583240489072e-17 3.16578564036308e-20 -4.676438146969709e-17 -9.842861660274426e-17 -1.993585048391516e-17 1.401604476063117e-16 -2.931369272210577e-17 -1.713075671309883e-16 0.02585431488239754 1.467444297422327e-17 -3.770143648229119e-18 -1.655554316817453e-18 -4.158853228438655e-15 -1.817552286790319e-15 4.290865598866849e-16 -3.553066044506959e-16 1.076341720864508e-15 -2.269371823478482e-15 6.452657485797373e-15 3.158024333916261e-17 2.888925030707044e-14 -1.393438307557963e-14 -7.817900123936478e-16 -1.483415031460497e-15 1.203736520793699e-15 4.252980221435192e-17 -5.349758106797893e-15 1.979048435546593e-15 4.790310129902417e-16 1.734841224348932e-17 -1.851827710786367e-16 1.624608398540026e-15 -1.171372883272684e-15 0.2877372191664013 1.792570867890904e-15 5.629995280997461e-15 -1.378077259969965e-15 -2.218450639933638e-15 0.7124724180727843 8.391501376559977e-16 5.094891319274064e-15 3.025029093320785e-15 -2.959510228171777e-15 1 -1.598733369100306e-13 4.471462216439606e-16 -8.924893974657506e-15 2.023607947393301e-16 7.092183407659309e-15 -1.929012505287016e-14 -1.238309441180763e-13 3.109300189485724e-15 1.929111957705942e-15 3.250484170530584e-15 -6.83594565185142e-17 -1.492514299896647e-15 -1.045274977685305e-13 2.734904894622535e-14 1.045076012474378e-13 1.466692316046018e-14 -1.068922714255657e-15 -1.517756975674524e-15 -1.3089735361765e-15 5.684064745773168e-16 -4.359013150436245e-14 1.152278826029503e-14 1.493428139599117e-15 
-1.718854402766364e-18 -4.03158888131562e-20 -8.70039266435751e-16 -2.649433687697869e-15 -2.891568093537829e-15 -4.340650297569602e-15 4.421431987085036e-17 -1.604635234711814e-17 -3.867108992555358e-16 6.955128977670301e-16 -1.411666509975267e-16 -5.17732987071415e-15 6.714106295886878e-16 -1.290348135678582e-16 -6.156436823490564e-15 7.090069592784412e-16 -2.899433253039195e-16 -8.350390557841473e-15 6.336604740115983e-16 -1.459624503302755e-16 -5.275023800113819e-15 -1.696863422454888e-21 -7.019309341948806e-21 -1.365360732131328e-19 1.574978211450702e-20 -1.191478028325751e-20 -5.500405403991096e-18 -6.779488473045786e-18 -1.723610693048554e-16 3.181274745428349e-17 -1.867612233093054e-17 -1.958571271288837e-16 -2.845295316533445e-16 -4.167168539428096e-15 7.286629978000693e-16 -3.306160545369456e-16 -3.598304250104883e-16 -6.044294626974498e-16 -1.195089874001126e-14 2.636067740223672e-15 -6.468474167707361e-16 8.650610560800757e-06 -1.054583542717107e-17 -1.484033885084316e-17 -8.08609145211312e-17 3.225938413560857e-17 -3.998944377931858e-17 -2.873771478366553e-20 0.0001417460113223836 -2.049038061200989e-16 -2.98661677983412e-16 -2.736867082541149e-15 7.264156403106365e-16 -6.361340297715945e-16 -1.742725517487166e-18 0.0004594908202317382 -8.219520640695852e-16 -1.045544325227614e-15 -7.654470696226682e-15 2.566645054702949e-15 -2.339789836625548e-15 -1.122222992411345e-17 -7.713099898243006e-19 4.508297458982993e-05 -4.584930126893133e-17 -2.273693163268917e-17 2.037924198035639e-16 2.218139665210192e-16 -1.433962260652857e-16 -6.06048121434225e-19 2.629266059986907e-19 -9.837813057773305e-18 0.0008176100796061013 -8.179077661465037e-16 -7.620430625104379e-16 5.783244957428034e-15 2.442733704959867e-15 -2.306065629115974e-15 -2.156811227045599e-17 9.616683169383614e-18 -2.277422022464653e-20 -2.559237051372589e-18 0.0001840328555373266 -1.836072560481213e-16 -6.739291090354779e-17 4.288416494246337e-16 3.087861340099684e-16 -3.415784759691499e-16 -6.843690832214598e-19 2.423443979816088e-18 -3.881199819925471e-19 -2.545866911962786e-14 -5.159661784986472e-14 -4.604168919269239e-14 -2.873975824209175e-14 -2.275780510680739e-14 8.037843000541829e-15 -4.284218870407051e-15 2.696462450955864e-16 3.461803056753951e-14 -1.622110025653199e-14 -9.448424727383006e-17 3.224071681756275e-14 -1.137287421545618e-14 1.717692238449242e-15 2.542788628707621e-14 -9.672144118610289e-15 1.688806010091385e-15 -4.543816414583657e-14 -2.037519609762885e-16 -2.963819498827216e-15 1.99369886773141e-15 -1.512468146458613e-13 -6.480094048738797e-14 -1.093462478853335e-15 -1.57266144278819e-14 4.80165199565564e-15 -2.296334531793874e-13 -3.935730382788777e-14 -1.885208332307626e-15 -4.453681177907158e-15 3.437379412498106e-15 -1.598733369100306e-13 1 -1.165925878305695e-15 6.560064461138752e-15 7.73609011699667e-16 -2.29130369803212e-14 2.255697724776549e-15 -2.278626019134872e-16 0.5510071460993785 -6.876960129323449e-16 2.795484097427863e-15 4.899701537576167e-16 -1.572933415919275e-14 9.905568282581222e-15 -4.210445658372599e-15 -1.435725529438094e-13 -4.857225732737833e-15 6.404062219122075e-15 -1.212959438185384e-16 2.458157130161034e-15 -9.244676847968714e-17 -7.96170778853113e-15 -3.908012062721688e-16 1.642212025866175e-13 
-3.642113763268583e-18 -4.279402647769748e-19 -9.159483280967708e-16 -5.603523648308237e-15 -2.007280863931912e-15 -7.706815385651659e-16 2.74774543437299e-16 1.470543005323025e-16 -1.043503315983194e-15 1.388045285314871e-15 1.166214902910036e-15 -3.75908568799123e-15 1.327723115841828e-15 1.185230122760802e-15 -2.286491571094836e-15 1.250920504766084e-15 1.308069289228279e-15 -2.129760755921699e-15 5.769418685326462e-16 7.01273367656919e-16 9.646241559756968e-16 -1.707776401676417e-07 -1.067726863796568e-20 -1.694532256445297e-18 2.2953944351624e-19 2.500101192203721e-22 -7.014307898444956e-05 1.374019559043865e-16 -4.374576706090766e-16 2.765992191781339e-16 -1.396775508350884e-19 -0.0006859396042614582 1.999574631499362e-15 -8.715287648777675e-15 2.450084470160712e-15 -5.1517107094472e-19 -0.0007592715284785616 2.759270524906772e-15 -7.698293142425384e-15 4.037334335833541e-15 3.297122616743562e-18 1.862016365045045e-19 -0.0001547467130809172 2.18567579617809e-16 -3.570876548539162e-16 2.912499484041055e-16 -3.57627639244033e-21 -3.590717705295426e-19 5.437925578202527e-18 -0.001434975299233281 2.713803512605614e-15 -6.89774568990384e-15 4.094027306436199e-15 -1.442086900403442e-18 -1.133624151699421e-17 7.833322788054512e-18 -0.002491705844612679 4.026479098986848e-15 -4.162127026109021e-15 7.651262838730982e-15 3.424279538640719e-18 -2.060606504158007e-17 8.144701800018544e-21 2.64920187265568e-18 -0.000507148284670439 4.338025296377299e-16 1.248128787381469e-15 8.450017165394654e-16 -8.57979974870223e-20 -1.277184421866431e-18 1.743238556313571e-19 1.153922861556733e-19 2.029499054674928e-17 -0.004400715742457612 8.34086988279734e-15 1.35675312150732e-14 9.949571752136168e-15 -7.305767859538372e-18 -2.257761464206581e-17 1.95533607844719e-18 -6.519167070051852e-21 9.673338761796643e-20 7.172834049854297e-18 -0.0014774499267694 1.050896117147941e-15 2.187813180654436e-15 1.736442727695025e-15 -1.130977487823095e-18 -1.911066650393511e-17 3.821587652479594e-19 -9.848178142112801e-22 4.674788576042714e-15 4.286492584931404e-15 1.391029358929554e-15 -9.440622440651162e-16 -4.018412572836554e-17 1.449820447435422e-15 -3.759760110309276e-16 4.662256889048678e-15 1.541372872428979e-14 1.529229808128822e-14 4.846383335389473e-14 3.965113341726767e-14 3.000268861138434e-14 6.833713882458823e-14 2.161391417091481e-14 1.901618267695093e-14 6.76194540729479e-14 -8.659739592080015e-15 -1.446810678152952e-13 3.067004194530016e-15 -2.67152545219321e-13 -6.784796152080137e-16 -3.180788965554157e-14 -2.594169506722662e-13 1.68301136598135e-14 -4.350334170307289e-13 -9.802439607733203e-18 -1.908889712965438e-14 -1.640447620186581e-13 8.129778284269993e-15 -2.114329717505969e-13 4.471462216439606e-16 -1.165925878305695e-15 1 1.087490281295643e-15 -1.434497827927157e-14 5.046231933662585e-16 -5.12047999102535e-15 -1.345953714910464e-15 -6.373890323292123e-16 0.551007146099845 2.127636023645684e-14 -7.957515362131875e-14 1.715465043743726e-14 -1.078238269269546e-15 -3.750814575431396e-15 4.152707015837282e-16 -5.533908831107047e-14 -2.423061751245878e-14 4.962604964296566e-14 3.725466535022023e-15 5.806374463016905e-14 -1.743791531966228e-15 8.911415438835203e-14 9.549718838832172e-16 
5.194493635636226e-18 1.070234463012024e-18 1.010591814864582e-15 2.606681172693799e-15 2.679495871902625e-15 1.909229724339196e-15 1.677611592411442e-17 0.0004474977083034181 9.079433118975981e-16 5.752105320581353e-17 0.000894505016194591 4.290643344203346e-15 1.784856620214369e-16 0.0005196704712352946 4.717096777127491e-15 -9.273605286428234e-18 0.0002760302144984606 2.344586626877606e-15 -7.62906482539137e-17 4.047845807518641e-05 -1.673634017615287e-15 -4.316070611734742e-20 3.201994938872834e-06 1.449878739689766e-18 1.303482033133184e-19 -8.052962444815615e-21 -8.101741567526863e-19 0.0006345859883531382 7.144570694097171e-16 7.911766263124676e-17 -1.365252295683687e-18 -3.558566827303459e-17 0.002603280345859886 3.687508266127753e-15 2.191792832637602e-16 6.260699517772829e-18 4.30184316527769e-17 0.0008795798736217663 7.021150812211459e-15 2.718922307044978e-16 -7.82122576292757e-18 5.64891530536478e-20 -2.075728714884396e-18 0.0009817490420008376 9.112463510939559e-16 4.134641768830679e-17 -3.413358599837698e-18 -8.239417641887185e-19 2.009036154619065e-19 -2.129757492811619e-17 0.004634498222650781 7.210970715431874e-15 5.043128257232885e-16 5.577571208916157e-18 6.694520401880504e-19 1.140187099797833e-18 6.219534025010224e-17 0.003319502243357537 6.664997128663244e-15 1.698161206736324e-16 3.325823270363402e-18 -8.181965441359722e-19 -8.211910468481068e-21 1.555588198527604e-19 -7.422793353127655e-18 0.002291377065140126 7.410315689778849e-16 1.872088079441522e-16 -1.605313151015857e-17 -3.307129767949832e-18 -2.915873495842692e-20 2.651165237459361e-19 1.675661945642175e-18 -1.671849524427423e-16 0.008083423883555782 4.88460417305749e-15 1.135455974986604e-15 2.676819672702485e-17 3.318307865752332e-18 3.568875687128097e-20 -1.587697527559498e-21 -1.882094712878948e-19 9.022542071154687e-19 -2.145952096950466e-17 0.00496440227525995 -3.280879872701436e-15 6.368978180913833e-16 -2.999089442217341e-17 -1.562839867443027e-17 -1.162318024719478e-19 1.08471560697491e-20 1.043310818761284e-14 1.33012311886069e-14 2.575302662861653e-14 1.169272235418479e-14 7.162658817203411e-15 -1.872950432421278e-15 2.071259830317057e-15 -1.015178726463782e-15 -2.445267200818905e-15 -3.094746681144671e-15 3.236774208341297e-14 1.395530342365148e-15 -6.813993813640753e-15 3.125914897335728e-14 4.462624306635184e-15 -3.268219028741132e-15 2.233087598483138e-14 2.77604677203102e-16 -1.423861029082389e-14 -2.12799185224423e-13 5.166191709340416e-15 -1.266611198842178e-14 1.464197983635579e-14 -3.505529200257777e-14 -2.115670109874058e-13 2.23614975090223e-14 -2.144822931946862e-14 1.581346628647159e-14 -2.8851920852455e-14 -7.400871033521739e-14 9.363095897049528e-15 -8.924893974657506e-15 6.560064461138752e-15 1.087490281295643e-15 1 6.177486370352612e-15 1.867050882080545e-14 6.852722092472251e-15 -7.304111247733758e-15 2.909947267431321e-15 2.128329920439078e-14 0.5510071460997816 6.529312169475221e-15 4.389548041001623e-14 5.028649891124801e-15 -3.912063640550306e-15 1.204301049157804e-14 -1.103714978402392e-15 -1.921576923131066e-13 -3.791411629097556e-14 1.00900390929086e-13 8.976107842963309e-15 5.277578250641571e-14 3.585066448886525e-15 -3.475346262222181e-16 
-4.149112916378433e-06 -5.450452838981664e-06 -0.0007321935617414419 -0.0002629185542865955 -0.0003844486694485376 -3.531814315728736e-05 -9.983169552169398e-17 -6.498895192426035e-17 -0.001623530889908361 -4.485010804010281e-16 -5.543367972239624e-16 -0.000767226983335911 -4.145173226782623e-16 -4.319611918812915e-16 -0.0004878544987465352 -4.193516192456697e-16 -5.878468409912507e-16 7.978917513285102e-05 -2.090211852629475e-16 -2.079544017736913e-16 3.230270868747937e-05 1.400168408868505e-20 -5.235123376821276e-19 -2.089004334252449e-05 -2.116162225127414e-19 -7.284860482862601e-22 4.08716624513054e-18 -4.401306886164548e-17 -0.001850896278819791 -8.41432771668113e-17 -4.564026795597929e-19 8.555981811523857e-17 -1.151719562693351e-15 -0.002557106333562647 -9.351772316306203e-16 -5.651385629037556e-18 1.189667064718293e-16 -1.552764458100903e-15 -7.828852045621708e-05 -1.462753400117328e-15 -3.484470362676778e-18 -3.24214976875428e-19 2.912735407648448e-18 -1.842471491713881e-17 -0.002320086056192257 -9.253595777430476e-17 -8.442395827238481e-19 4.002010662913935e-19 -5.610763445948037e-18 1.640631210758117e-16 -1.438025319363464e-15 -0.00517933576436348 -1.556268857144205e-15 -7.75218528881862e-18 5.172178086341704e-18 -1.136307237844984e-17 4.14495679609589e-16 -2.989793855958119e-15 -0.001595917657912887 -3.037489692059473e-15 -3.149028176400791e-18 9.132073319091351e-18 1.85628181771632e-20 -1.835386929890898e-18 3.82801935505566e-19 -1.342103282091809e-16 -0.004111651386687552 -3.142034282632747e-16 -2.451461481749815e-18 2.443375968782274e-18 2.653988860561754e-20 1.032866170244247e-19 -2.294193262589946e-17 7.033605306551601e-16 -3.090312142820205e-15 -0.006307835767618702 -3.210333446039835e-15 -8.328651685603507e-18 1.230255421333896e-17 1.956155047275139e-19 -1.171820144175952e-20 1.233707908386207e-19 -6.732414916385017e-18 5.148793010521465e-17 -2.243973082100631e-16 -0.007044185797344987 -5.467622634898006e-16 -8.768906262833688e-18 9.20959501700372e-18 1.529644314801407e-19 2.24321366128558e-21 1.16573417585757e-15 -1.804112415016801e-15 -6.151709662770339e-11 -3.344546861684715e-15 -1.779826309717184e-15 1.011484486226329e-16 -1.726816414188866e-15 2.713801405819449e-14 3.303903301358751e-15 2.571416312166746e-15 1.729449916611351e-13 1.070369050792871e-15 1.033482927269212e-15 2.183392355805558e-13 -4.119807019084314e-16 -4.091265836512681e-16 1.24296406500741e-13 1.021423251607543e-15 9.437241521854901e-14 -1.670885652061853e-14 4.205315518305719e-14 -1.823944247134771e-16 2.647588414889271e-15 1.330241673270026e-13 -2.93653990013706e-14 9.689854572536245e-14 4.275736414453298e-17 1.620266297860751e-15 1.014392212584988e-13 -2.847722058165148e-14 7.128407597121207e-14 2.023607947393301e-16 7.73609011699667e-16 -1.434497827927157e-14 6.177486370352612e-15 1 8.824674394640178e-15 3.069958328387565e-15 4.255185910704396e-16 5.554559528265755e-16 -7.921519878420063e-14 6.723598922385494e-15 0.5510071460997833 4.81504861884305e-15 2.634059739597285e-15 3.468321250229681e-16 2.097930892648134e-16 1.166425983458733e-14 7.426327144283579e-15 -2.094884842653589e-13 -1.934563620410589e-14 -1.424795858356374e-13 3.824310523918268e-16 -1.518512744922791e-15 -2.141473025234886e-16 
8.784988294287581e-19 -4.616067038049036e-19 7.520777740962837e-16 2.594184446122284e-15 1.852921881351272e-15 3.351711302183049e-15 0.0004474977083034008 1.676806911140583e-17 3.706282843344635e-16 0.0008945050161943984 5.748717180780187e-17 3.082308765965206e-15 0.0005196704712352822 1.7929881629204e-16 1.739434902932501e-15 0.0002760302144983861 -9.327815707554099e-18 5.69754373341144e-15 4.047845807522693e-05 -7.637196603547321e-17 3.462384115294197e-15 -1.082708451553509e-20 1.305070268376938e-19 -2.991594265514943e-18 3.201994938872675e-06 -5.835753975663599e-22 9.102855012504954e-18 7.92259769693828e-17 3.541930194096995e-16 0.0006345859883531267 -9.515734612722261e-19 -2.260497474248713e-17 2.198569096320506e-16 2.231659466512306e-15 0.002603280345859464 -2.034287116767657e-18 -8.908481602100926e-17 2.731932764856668e-16 3.719829375862693e-15 0.0008795798736218781 2.984771739626007e-17 -7.518006145352661e-19 1.661635326911166e-17 4.149560136614096e-17 3.448554583190084e-16 0.000981749042000822 -1.488332731649817e-18 -1.377319834443407e-19 -1.794936891357402e-18 4.069463817169922e-17 5.042382868182731e-16 4.014712203535631e-15 0.004634498222650107 -6.672386775826335e-18 -1.665904832642663e-19 -4.983243064274959e-18 -1.450397481280252e-16 1.697619106055038e-16 8.415109685757505e-15 0.003319502243356982 5.588995770032749e-17 -4.699196872713326e-20 -2.038024535359832e-20 -2.553765873118534e-18 6.341764239523514e-17 1.871005994851313e-16 3.332228618344164e-16 0.002291377065140004 -6.179156350036267e-18 -5.446697211201002e-19 2.057865872596765e-20 7.282325597108604e-20 -2.820332152250607e-18 -2.596750139426927e-16 1.135347554736835e-15 2.406678108839771e-15 0.008083423883555031 8.784584008407236e-18 3.04113110525504e-18 -7.204798928009958e-20 1.36879606656208e-20 5.217908856230893e-20 -9.563891884097868e-18 1.323935454709577e-16 6.366843657886615e-16 -1.897453283490149e-15 0.004964402275259769 -2.940474615207781e-18 -2.086016725913384e-18 9.765720080379649e-20 -7.614694398921533e-21 1.215568713069189e-14 3.143642342488733e-14 1.150307356359682e-14 1.16462988590239e-14 4.154666895443316e-15 1.609823385707072e-15 -1.868179942862345e-15 -6.959896068839447e-16 -1.304512053935431e-15 -2.410572731296124e-15 2.61435542520589e-14 2.775557561564467e-17 1.39206089479282e-15 2.51740891981823e-14 6.1756155744791e-16 4.473032637564857e-15 2.200510248337691e-14 6.895574738057246e-15 5.200886178859945e-15 -9.9500925561374e-14 -2.253752739990095e-14 6.991831498499122e-15 1.587363621085905e-14 2.247945870662925e-14 -8.710399537072454e-14 -3.733124920306289e-14 1.30728540657207e-14 1.606772665080792e-14 9.363095895395361e-15 -4.329840044716016e-14 -3.295974604356901e-14 7.092183407659309e-15 -2.29130369803212e-14 5.046231933662585e-16 1.867050882080545e-14 8.824674394640178e-15 1 5.823027255668085e-16 5.878936798793748e-16 -1.583948909270135e-14 1.690485033733784e-14 4.383649982424137e-14 4.913930232635348e-15 0.5510071460997958 -3.881531242726767e-15 1.033906515987818e-15 -2.200026410910045e-16 9.293520636767099e-15 -2.771313870603697e-13 8.983046736881767e-15 5.634878893754664e-14 -3.699818229565955e-14 -1.412614346084406e-14 4.08584039794071e-16 2.822784147145401e-16 
1.174823784456945e-19 5.913508679496607e-22 1.417949436855786e-17 -5.825641517948284e-18 -1.020783856499401e-16 -6.688919259953837e-17 -1.473541439314927e-17 1.918645289205228e-17 2.716154258977599e-17 -2.32613461117105e-16 1.027064035931546e-16 7.101078328415757e-18 -2.509380306470736e-16 1.363677107395049e-16 6.197999373183263e-17 -2.460820014187601e-16 9.939101631971889e-17 -4.864643807142743e-17 -1.680681769445335e-16 2.706408846538658e-17 -8.379492711879145e-17 2.775503188481339e-22 2.128421414841074e-20 6.712778971825892e-21 1.030697315083107e-20 -1.707776401676453e-07 -1.312306271545819e-19 7.147087706402663e-18 1.108783456581114e-17 -2.312832691992677e-17 -7.014307898444466e-05 -4.042133090900846e-19 1.376292189298175e-16 8.063035736132779e-17 -4.393287695456078e-16 -0.0006859396083435251 3.108568146143784e-18 4.220239878165277e-16 -9.4820036871248e-17 -4.004025604998266e-16 -0.0007592730344766643 2.648932913236561e-18 -2.115453934589394e-20 1.595885800387644e-17 -8.044099536040674e-18 -3.66479474193518e-17 -0.0001547467130809247 1.07456754547343e-18 2.708064262739872e-17 -1.049064115565774e-18 2.532108084615106e-16 2.74887889110532e-17 -2.709752009935616e-16 -0.001434975299264974 1.803012397839687e-17 5.237082118958996e-17 3.683250298155579e-18 6.123952626563499e-16 -2.485314439921309e-16 -5.121145132734022e-16 -0.00249170601950395 3.844870041038047e-17 -1.32270932636128e-18 1.146890966878024e-17 1.209859604052163e-19 5.99240016989214e-17 -3.497315583071664e-17 -5.544107848544962e-17 -0.0005071482846705252 4.23153020953908e-18 3.03302439769077e-20 -9.035280990252506e-18 1.186266851392153e-16 -7.296814318618855e-18 3.525399132590076e-16 1.929269249882534e-16 -1.028773752173627e-15 -0.004400715750675987 7.004754548498888e-17 2.412548295984444e-19 1.090908117154175e-19 -4.657323932231865e-18 4.429790975698563e-17 -1.882807269305339e-18 1.119640834763397e-16 -6.608156210179507e-17 -1.16870584369456e-16 -0.001477449926769486 2.132556285230853e-17 9.179459989653944e-20 -5.605565187376651e-20 6.825630607078349e-16 -3.974035189234263e-16 -4.135554654664537e-16 -5.877639623950541e-16 -6.010374917553322e-16 -3.347889795970539e-16 9.149401209119274e-17 -1.824626069353718e-15 -3.968610878771806e-15 -1.271988743626234e-15 -5.832979957176271e-15 -6.57662387792971e-15 2.094230749835703e-15 -8.851944404282019e-16 -4.512793171677557e-15 1.776268491944884e-15 -2.433322595116721e-16 -7.001474183237561e-16 4.116754658866786e-14 -9.320991187842857e-16 -1.860573306010143e-14 -3.719247132496326e-15 1.564369525462277e-16 4.093407736659306e-14 6.6615968924908e-16 -2.641785140380227e-15 -1.246225345142889e-14 4.016767820591927e-16 1.801085099792571e-14 1.111497864786914e-15 6.635853602835516e-15 -1.929012505287016e-14 2.255697724776549e-15 -5.12047999102535e-15 6.852722092472251e-15 3.069958328387565e-15 5.823027255668085e-16 1 1.593033356952613e-15 9.928119682766317e-15 -9.980230914339322e-16 5.122325066051909e-15 2.639951154906856e-15 -3.895409135587225e-15 0.5510071460998112 1.168132029513207e-14 -2.60347045424365e-16 -1.411899181538523e-13 -1.683662097875431e-15 -2.246744531654644e-14 7.890293904939298e-16 1.574435771772388e-15 -3.236300116784476e-14 -1.182742210361302e-13 3.793193707166075e-16 
-1.570717494425102e-19 1.388149331716109e-20 -1.509539975408206e-16 -4.598389487027304e-16 2.122185541549948e-15 -6.91917111341459e-16 1.99657495342598e-17 -1.048845006870628e-16 -1.084263177804964e-17 3.727369690984869e-16 -1.74863353443285e-15 4.046201265120954e-15 3.578776575065723e-16 -1.762421151502817e-15 -3.418554605412695e-16 3.666087191431583e-16 -1.799721560202409e-15 -1.385084655659352e-15 3.784528105777897e-16 -1.769231309699915e-15 3.987455016326841e-15 4.536266676426119e-21 -3.267004332836827e-21 9.758967138490952e-21 1.475343378476358e-20 -4.822581626837842e-21 6.392250191273926e-18 -1.044913159822641e-16 -2.039701599113514e-17 1.915102792026727e-17 -1.468717387561713e-17 2.150361710157224e-16 -1.861781093523932e-15 3.640970590067405e-15 3.591038391373284e-16 -2.0216855903105e-16 3.793020581444153e-16 -6.851986667100338e-15 7.810403464104757e-15 1.643070288724659e-15 -4.384738317981322e-16 -2.794413838349726e-20 1.130405334087188e-17 -1.047817108938665e-16 9.710567800738379e-17 1.55690188335308e-17 -2.776852614678155e-17 8.650610560803506e-06 -1.732442008109879e-18 2.239009796197609e-16 -1.664771998174167e-15 -8.496390218174377e-16 3.988466857935532e-16 -4.517087364608914e-16 0.0001417460113223791 -1.125304075404068e-17 8.513392386795534e-16 -7.038453447718583e-15 5.864743685207735e-15 1.398538735439594e-15 -1.617990586199185e-15 0.0004594908202317341 -1.151404228239807e-18 -6.06895154381465e-19 5.082508012805519e-17 -3.687715778854026e-16 -2.491118484055663e-16 6.294101331396735e-17 -7.140902809897814e-17 4.508297458982993e-05 -3.009701237923406e-19 -1.782863349420053e-17 -2.160188770924589e-17 8.534632265804455e-16 -6.717123529263348e-15 -4.630607460967538e-15 1.554860312652908e-15 -1.62370676020481e-15 0.0008176100796061139 -7.962501014053831e-18 2.578442905247703e-19 -5.794779094786166e-18 -6.793100465950853e-19 2.053381308487363e-16 -6.840616031080565e-16 -4.243762658866656e-16 1.378624276690388e-16 -2.127102625289281e-16 0.0001840328555373255 -2.504940729051124e-18 1.206006950951702e-20 -1.36042659207768e-14 -1.24786233767082e-14 -8.963895480306565e-15 2.578662899615348e-14 1.51477714811787e-14 7.769748975890267e-15 -1.106988164110954e-16 -3.155544801768617e-17 1.955065658661253e-14 -3.175053266213356e-14 -2.281219553731379e-15 1.319725552348998e-14 -6.055515531788784e-14 -6.998012898580571e-15 9.969541048353743e-15 -4.340896421864923e-14 -4.693924959470839e-15 9.476199041917323e-14 1.881673377602534e-15 7.602470073591276e-15 -5.608622783306983e-16 -8.700393279824436e-14 9.9115514867324e-14 7.624171313984472e-15 3.815472910607269e-15 -6.704390703143448e-16 -1.959302101845554e-13 5.897029825703097e-14 6.751002755738039e-15 1.047140832845103e-15 2.386569248493148e-16 -1.238309441180763e-13 -2.278626019134872e-16 -1.345953714910464e-15 -7.304111247733758e-15 4.255185910704396e-16 5.878936798793748e-16 1.593033356952613e-15 1 -4.213047743584935e-15 -3.702242318434119e-15 -3.962370614065198e-15 2.1390892569974e-16 1.194168191114767e-15 1.187040515919737e-14 0.5510071460995317 -2.0002999583134e-13 -3.955716958311037e-16 -7.892454961562575e-15 -7.237406269627758e-16 -1.73781320606277e-15 -1.188617652178976e-16 2.0077480268762e-15 -6.501743587964731e-15 -7.080894548902705e-14 
-7.559761814855683e-19 -1.494891360868514e-19 -1.832492784635981e-16 -6.204235422611207e-16 -1.259399342910516e-15 -7.059823819583276e-16 -6.332512540413964e-17 4.395849533347008e-18 -2.066502774172543e-16 1.414319929512953e-18 -9.897326630494494e-17 -1.565984131713662e-16 2.980258489991064e-16 -5.798894413952451e-17 -4.526873680064788e-16 -1.363870703616912e-16 -1.481481870393985e-16 -2.120324759814919e-17 -3.073718312565849e-16 -1.026513515810562e-16 -4.563509869258136e-16 -1.29489659483229e-19 -1.317591901254336e-19 5.746359965552589e-18 4.513405052468089e-19 1.424435282842014e-19 -1.176938414797341e-17 -3.540035236707941e-19 1.90309691684344e-16 -3.816350008452608e-17 4.882967924272079e-18 -2.234928522919375e-17 -2.841372024888838e-18 1.145235141734956e-15 6.049593715785929e-17 -2.188256694800275e-18 -2.925350425714337e-17 6.441187427905197e-17 -2.522344602313617e-15 -2.943705626430755e-16 3.778773460130548e-16 0.0001931048659803044 -1.724064482341976e-17 4.686775572225462e-18 1.013747693244512e-16 1.423584538152933e-16 -8.150706883855916e-20 6.795774588398691e-19 0.001644395989567685 -1.304015880558845e-17 -1.086267874177373e-16 2.832005426002823e-16 7.739507467065174e-16 5.498832014604751e-18 -5.87678844844547e-18 0.004485596174409911 -1.634443760152393e-16 -1.146985338626185e-15 1.097173609747762e-15 2.944440057369997e-15 8.641994248563301e-16 1.154484692522354e-17 -4.056407668703221e-19 0.0008685030031485836 8.114715309639005e-17 -1.071770309623796e-17 1.227436271047393e-17 3.168109991481001e-16 -5.285783375889601e-17 4.406438009161955e-18 9.049810850670652e-19 6.990327307754266e-18 0.00818586889865398 5.892959765966153e-16 2.406484135302234e-17 -1.747590657826304e-15 2.077413606337652e-15 1.808523343226527e-16 7.659074846024576e-17 2.05233436899624e-18 -8.571245507277985e-21 4.303026083619763e-18 0.002924881933354173 2.303307608225105e-16 3.072288836701028e-17 -1.518668796887875e-16 2.908709096447023e-16 4.698079491604344e-17 1.366931765202266e-17 3.141976073612567e-18 1.936233055787586e-18 -2.676619660954701e-14 -2.628001343717306e-14 -1.473885600851639e-15 -1.633415370870662e-15 -4.458867890242056e-15 2.622701194176558e-15 -1.617206980007528e-15 5.217455398516206e-17 4.626013223077757e-14 -8.462762408549525e-15 2.506452932200604e-15 1.398285899736045e-13 -1.787853884277739e-14 1.136037653711619e-14 2.706898078717541e-14 -3.532550906525676e-15 2.765160761532212e-15 -3.332459104601689e-14 -3.837439051856515e-16 4.907076344215042e-16 1.995588566282826e-15 -6.204245549114298e-14 -8.660308943046092e-14 -8.815805422616547e-15 3.420621239409417e-14 2.625272341232069e-14 -2.273184055729083e-13 -3.336324727222367e-14 -1.10290384667746e-14 8.763976260664174e-15 3.595533869015516e-14 3.109300189485724e-15 0.5510071460993785 -6.373890323292123e-16 2.909947267431321e-15 5.554559528265755e-16 -1.583948909270135e-14 9.928119682766317e-15 -4.213047743584935e-15 1 1.99705295130516e-14 -3.830032882812691e-15 -1.195211862636948e-14 -3.216072617463077e-14 -1.802914039028544e-14 -3.10100636288617e-14 -1.115096345975699e-13 -6.494804694062134e-15 1.443298797137192e-14 8.557788457858938e-17 2.481716431383302e-15 -1.245795588073952e-15 -3.432655239096182e-15 -2.494908150554462e-17 1.196140477800048e-13 
2.049316209693791e-18 5.197825244292188e-18 1.791973390621158e-15 5.164576546239961e-15 2.794899873296119e-15 2.019991573377477e-15 8.509192072090207e-17 2.281230974218215e-16 2.238570202680919e-15 8.969306013343971e-16 1.437256692783248e-15 1.022833279560453e-14 4.901048434407854e-16 1.520381580164738e-15 1.067531981559045e-14 1.323233478536661e-15 1.481780854449933e-15 8.121461503114765e-15 9.790653814684305e-16 8.767608254528023e-16 5.245304827567596e-15 -2.502564554534168e-05 1.198874158346806e-17 -6.796350483219952e-17 1.641705927927773e-17 -3.3132962684213e-20 -0.001201860188455879 5.41236889828032e-16 -1.995951601637492e-15 4.949317195831751e-16 9.605707077197103e-19 -0.006950077409296527 3.178492216482223e-15 -4.479322112457289e-15 2.740227787452167e-15 2.5439689349346e-18 -0.007320415897888457 4.024976908044871e-15 -3.836782469976091e-15 3.283942824917496e-15 -3.765961292980619e-17 9.03928808970556e-18 -0.002860376230360123 -6.888881329873047e-16 -1.115022956900746e-15 -9.447294450124255e-16 -2.940112115755665e-18 -1.419982390274605e-17 4.629364003681976e-17 -0.01476708098832268 -2.230169588323066e-15 -1.585114684876638e-15 -3.572408257226484e-15 -1.687936026416824e-18 -4.729196703239801e-17 3.297260844423523e-17 -0.02253685634762633 -5.179049075203289e-15 4.74980898039608e-17 -7.208660829105738e-15 3.264368389284065e-17 -1.831165179235354e-17 -1.378552325511774e-19 3.669974370972251e-17 -0.007970609273159157 -1.123044662157811e-15 -1.337968197096377e-15 -1.664634954312392e-15 -2.603098319190243e-18 -2.791203724210084e-17 1.907884568342011e-18 -9.505297870325954e-19 1.411613809399545e-16 -0.03884246829081537 -2.832746802663632e-15 6.057684478894424e-15 -8.312999769296867e-15 2.632490458286752e-17 -2.273873050621193e-16 6.227425326344016e-18 7.295503791297454e-21 1.025657637452082e-18 -1.618264283751314e-17 -0.01890937663924667 -2.319260292295918e-15 3.002133082917009e-15 -3.041609120700242e-15 -2.895369309450638e-17 1.225379734608642e-17 4.411738335929133e-18 -1.396653105265991e-20 -5.108607337031645e-15 1.007413651415078e-13 5.868004845754228e-14 5.671465325275568e-14 3.509135358755293e-14 1.111068926876209e-15 1.090492790643437e-16 2.563065417909095e-15 2.433040829062765e-14 3.046451805741148e-14 1.191647237628816e-13 8.43421569318045e-14 1.508577374174015e-13 2.725147447245862e-13 3.727246771054435e-14 8.762463763798524e-14 7.309891927672696e-14 -4.718447854660591e-15 -6.351152197634068e-14 5.729394425342498e-15 -9.793190522410307e-14 4.087243726902782e-17 -5.428990590424129e-14 -1.03340906687843e-13 3.499587264145536e-14 -1.646340875827492e-13 1.703800409797008e-15 -1.438849039915115e-13 1.534854947622104e-13 4.026827439164612e-14 -7.361878923342971e-14 1.929111957705942e-15 -6.876960129323449e-16 0.551007146099845 2.128329920439078e-14 -7.921519878420063e-14 1.690485033733784e-14 -9.980230914339322e-16 -3.702242318434119e-15 1.99705295130516e-14 1 7.647131197423567e-14 -1.160719267557831e-13 6.613774025079597e-14 2.818750749466793e-15 -2.598044045871619e-14 1.644865730675755e-16 -8.583197244830446e-14 -5.292988269905457e-14 5.34287121839773e-14 -2.938062126507851e-15 7.451360501153814e-14 3.480661227116293e-16 1.14448730016523e-13 2.141085499961768e-15 
-1.531236014643491e-17 -7.368504336706577e-17 -3.554867765569417e-15 -5.993795072735306e-15 -5.040228470498793e-15 -1.869129287371954e-15 -2.463508501495074e-16 0.00543006376654487 -3.775187650025133e-15 -6.322377800995303e-16 0.008609847352409088 -1.503631529487659e-14 -4.529238400517702e-17 0.005214410228070268 -5.036230084789962e-15 -2.284751544305085e-18 0.002722879035791948 -6.62246278834142e-15 2.891919336277495e-16 0.0004139096908334446 -3.407148179270661e-15 -1.673553046398656e-17 0.0003461035125022185 -3.265898740559975e-17 -5.105138661938386e-17 -3.895103970695788e-19 -1.601370629272022e-16 0.009091388783809969 3.918457780572024e-15 -6.955956130887922e-16 -5.636472800437726e-18 -1.705685783563252e-16 0.02369978437382036 2.036442209818679e-14 -2.048369800792425e-15 -4.392167617366361e-17 -1.763309360950433e-16 0.007806884187861919 2.533975660847595e-14 -2.020164986174138e-15 -5.694682988332404e-17 -1.919263127940505e-18 -3.549593704756267e-16 0.01462086884555904 2.988239831604538e-15 1.141773734972276e-15 -9.216067536351537e-18 3.076646444908134e-18 -4.613828168834389e-18 -1.008968491630153e-15 0.04090226573701385 1.305539378143761e-14 1.915191089473354e-15 4.196468565586006e-17 6.609606567556117e-18 -5.646005175394275e-19 -1.563647831135112e-15 0.02636592955754651 1.892813802000971e-14 7.843110417271962e-15 2.466032905167735e-16 6.037984641028491e-17 -2.473557671249095e-18 8.354639992076949e-19 3.449956271701415e-16 0.02847626459705666 5.301010906150984e-15 3.017079786419303e-15 -7.938426199769497e-17 1.049917407531076e-16 -4.024734124343736e-19 -2.609299583753245e-18 -5.413334629143362e-18 2.176876316847634e-15 0.05997842580928864 1.201866152024352e-14 7.602493828422409e-15 8.589337621286494e-18 2.408255889212252e-16 -3.540730081496791e-19 -2.113076301750285e-19 5.584236843971337e-18 5.71584450252494e-18 1.000407634794948e-15 0.04940589326322184 -6.547536597844276e-15 3.075558645045853e-15 2.681638879245441e-16 -1.968551425781129e-17 1.851916770803371e-18 1.229816952614681e-18 7.47669242070102e-15 2.72554368791053e-14 3.403067290172976e-15 -6.444565475894396e-17 -1.84643808270713e-14 -6.552874371562393e-16 1.543903893620635e-16 6.239706116086262e-16 -9.063038729285029e-15 -1.221245327089048e-15 -1.048105434283747e-14 4.216392408619667e-14 -1.904587598746419e-13 -4.344633994359568e-14 1.455678715214406e-14 -1.362243651216046e-13 1.020026168019125e-14 4.921272128793911e-15 -1.193489751473122e-14 -7.443355951749273e-14 6.48793095112729e-15 -9.81013559892013e-15 3.848730603893265e-14 -1.127986593020921e-13 -3.049563739864645e-14 6.274846458343886e-14 2.238375312848874e-16 1.348364975175543e-14 -2.186584247000925e-13 2.044490116349793e-14 8.409508528036547e-14 3.250484170530584e-15 2.795484097427863e-15 2.127636023645684e-14 0.5510071460997816 6.723598922385494e-15 4.383649982424137e-14 5.122325066051909e-15 -3.962370614065198e-15 -3.830032882812691e-15 7.647131197423567e-14 1 -2.112044960452774e-14 1.635852780632406e-13 2.639048388445551e-15 -1.952691661751004e-14 1.350985273664882e-14 -4.431325185349587e-15 -1.292474248467832e-13 -5.612177389486692e-14 5.883147350825652e-14 2.077178821707861e-14 2.225528953896214e-14 2.887782969800645e-15 7.465533767016013e-16 
-8.351887154406563e-05 -0.0003464444010486387 -0.007176305764350707 -0.002552679940892625 -0.003725471425717833 -0.0003560205926404435 4.701918153778673e-17 -6.913625521433606e-17 -0.01682638061292034 -5.181826830089465e-16 -7.216843019720572e-17 -0.006489872266741822 -2.398302395949253e-16 -2.002779467996819e-16 -0.004565124443035394 -5.274739387803036e-16 -1.81532171397557e-16 0.000845826007420426 -4.466659157729537e-17 1.879527502018572e-16 0.0003321900616626173 -7.978444041593884e-18 -5.341185711887574e-17 -0.001624434647638103 -5.993901058653201e-17 7.200761468343673e-19 -4.943551505947385e-17 -3.769768372930757e-16 -0.02152294859408431 -5.273207287884558e-16 2.343803030780577e-18 2.692450175604348e-18 -2.466669530178348e-16 -0.01998234055624771 -7.036088064766124e-16 1.69062483484837e-18 -1.459173073030431e-16 -5.534716759645382e-16 -0.0005138614857998644 -7.075005206159921e-16 8.137099176358439e-18 -5.627437920196484e-19 -1.116108126067509e-16 3.980514206849198e-16 -0.02723201552692218 2.30683710339493e-16 -1.530213822871904e-18 1.020609059732881e-18 -6.63469657995593e-18 -1.410121259589993e-16 1.520178977351431e-15 -0.03859993665389621 1.0249884708082e-15 -2.071048495652113e-17 1.535357203642055e-17 8.753028557895799e-19 7.24677863366125e-17 1.164026586255994e-15 -0.01186012626486611 -8.564673855578741e-16 -6.993549387648217e-17 1.580221891340335e-17 -2.320854621446176e-19 -1.135939011078885e-18 2.710232309994526e-16 1.073408092495228e-15 -0.04018413489215595 1.253349852537759e-15 -2.578406010879509e-17 -6.787774118571638e-18 2.127872494957085e-19 6.406899234686552e-19 -4.417631517262607e-17 -3.295919989057171e-17 1.764174020891851e-15 -0.04208701949039441 9.77068212107879e-16 -4.402781978695321e-17 1.526086109685616e-17 -2.815259594383834e-18 -1.564955408599139e-19 1.150694122431757e-18 -6.895261780960249e-18 2.106277303045037e-16 2.085359593903908e-15 -0.05600120945758205 1.892008180565424e-15 1.119856965609645e-18 -7.421509437007017e-18 1.254882620080423e-18 3.86109896345374e-19 -3.150257832377647e-15 3.200564813179497e-15 -5.693970436867854e-12 -1.672273430842699e-15 -3.476385891495091e-15 2.872275739143922e-16 -7.012546213710311e-17 1.455432996345552e-14 -2.536821187451954e-15 -3.932581279613566e-15 2.22030727137463e-13 -2.177553737569723e-14 -3.772224379290621e-15 1.584704589776187e-13 -1.921663046803731e-14 2.805102494281302e-15 5.040412531801297e-14 1.234383146746951e-15 6.37626834839697e-14 -1.769417945497755e-14 4.971012231018669e-14 2.081370709059761e-17 3.781336341849892e-15 1.570402072263777e-13 -1.23762111670263e-13 1.778187919190775e-13 -7.129672350815453e-16 -1.061654475350668e-14 4.174429585441418e-14 6.414313524776801e-14 4.672245046657625e-14 -6.83594565185142e-17 4.899701537576167e-16 -7.957515362131875e-14 6.529312169475221e-15 0.5510071460997833 4.913930232635348e-15 2.639951154906856e-15 2.1390892569974e-16 -1.195211862636948e-14 -1.160719267557831e-13 -2.112044960452774e-14 1 -8.81051466433396e-15 -8.046005050262262e-17 2.657873890725749e-15 -1.680779335160921e-16 1.992238164676443e-14 -1.217937200781751e-15 -1.690585016264061e-13 -3.122502256760913e-14 -1.243407628168785e-13 5.806551061302288e-16 6.703193956416368e-15 -1.06660293725627e-17 
-1.687469738436594e-17 -7.265742029233597e-17 -3.261666153335873e-15 -6.86972319394351e-15 -6.875397987107527e-15 -1.480976454400065e-15 0.005430063766544849 -2.471584912696491e-16 -3.983613635055244e-15 0.008609847352409168 -6.29206000383256e-16 -1.440376993018238e-14 0.005214410228070374 -4.869007330142241e-17 -7.901402914619026e-15 0.002722879035791509 -9.791003821041261e-18 -7.733508554310835e-15 0.0004139096908334243 2.94360757594821e-16 -3.851329449179511e-15 -1.577872422772444e-17 -5.107505060371577e-17 -1.504301928653766e-17 0.0003461035125022082 5.24182814326259e-19 -1.353879836448886e-16 -6.947553571466619e-16 4.00577232857503e-15 0.009091388783809844 2.214883809869079e-17 -2.2330977457819e-16 -2.050322265815039e-15 1.956999860727413e-14 0.02369978437382076 1.367026183171697e-16 2.268999704061026e-17 -2.021247390096109e-15 2.359646323292716e-14 0.007806884187862163 3.404550480732841e-17 -1.046971387666757e-17 -3.681238115728017e-16 1.142262154415703e-15 2.807318572922666e-15 0.01462086884555855 2.385401491098574e-17 4.804419835582179e-19 -1.610190475191803e-17 -1.146433673199921e-15 1.930586204200071e-15 1.440079057934946e-14 0.04090226573701398 4.244814232502252e-17 2.709596359997025e-18 -6.514797860648426e-17 -1.406832719663177e-15 7.831175574064026e-15 1.706522922608403e-14 0.02636592955754689 -1.478808719520998e-16 3.857203563823813e-18 3.564108338033747e-18 -1.04716983789543e-16 2.535443076010347e-16 3.015454119125918e-15 5.01080012887318e-15 0.02847626459705546 6.137946855318965e-17 4.037619271841915e-18 6.716333607567164e-19 -5.635832985335498e-18 -1.376337547629423e-16 2.344802768871461e-15 7.607315582793428e-15 1.573591118747837e-14 0.05997842580928701 -1.032279409834571e-16 1.468894097641715e-18 3.661550305260329e-18 3.45147063057205e-19 -1.434010473904675e-17 -9.446621179822608e-18 1.244262483351162e-15 3.075555255943851e-15 -6.190081796424459e-15 0.04940589326322178 -3.495055954132153e-16 1.110514394860775e-17 2.782171204342444e-18 4.753486189364066e-19 2.457114786974974e-14 4.521337327649335e-14 7.125879578248444e-15 2.774361371361027e-15 6.662845123480795e-15 3.642919299554278e-16 -6.559379584597241e-16 -4.905892217073546e-16 2.775557561565994e-16 -9.068242942726253e-15 4.56462174770654e-14 -2.045863478630087e-13 4.221939119072203e-14 1.781334351839107e-13 -1.116329251261398e-13 1.46393762716839e-14 1.219316779702434e-13 3.268080658601877e-15 6.500074015303903e-15 -3.788293585980948e-14 -1.901256929672301e-14 3.440230999358663e-15 1.3310998582321e-14 6.274499979516568e-14 -2.601244442848612e-14 -1.259548021439223e-13 -1.448840742814262e-15 -4.622880535205549e-15 8.411557669549342e-14 1.729811586295576e-14 -1.556532680525626e-13 -1.492514299896647e-15 -1.572933415919275e-14 1.715465043743726e-14 4.389548041001623e-14 4.81504861884305e-15 0.5510071460997958 -3.895409135587225e-15 1.194168191114767e-15 -3.216072617463077e-14 6.613774025079597e-14 1.635852780632406e-13 -8.81051466433396e-15 1 -1.921587220758523e-15 7.540793094663466e-16 -7.41649373587321e-15 1.248909390582465e-14 -1.963906230175832e-13 2.076484930993949e-14 1.026343937279484e-13 -5.534461777762812e-14 1.951289786161348e-15 2.913153557945999e-15 -2.036075263408515e-16 
6.172368812971371e-20 3.222254498130136e-19 9.956739953286825e-19 -1.27005660556281e-16 -3.609010007869859e-17 -4.944167495985676e-17 4.955934043095843e-18 8.63332508138249e-17 -1.244196770055921e-17 -2.185111408636836e-17 -1.274503043962798e-16 1.878493802487535e-16 1.318128436363704e-17 1.347806092332678e-16 -1.755984155797938e-16 -6.602368767993708e-17 -2.87004792601679e-16 1.841979194734184e-16 5.496100945536245e-17 1.856511302112331e-17 -1.267095873552487e-16 -3.256960947623485e-20 1.707388068021169e-18 -1.357995549583894e-18 -1.832438891926593e-18 -2.50256455453373e-05 8.132386157864372e-19 -3.967039434670715e-17 -3.808416881583765e-17 2.028452347862556e-17 -0.001201860188455576 1.731691903900706e-18 3.066421267699837e-16 -1.812177773056378e-16 -1.133362996201058e-16 -0.0069500774506542 -3.765542341890378e-17 2.752564926239504e-17 6.005392811313597e-17 1.315148157355508e-16 -0.00732043041776846 1.179125697270045e-18 -2.992880986225207e-18 -2.078337776591174e-17 -4.463445905823628e-19 -1.534862007612262e-17 -0.002860376230359825 4.104482095866457e-18 -3.437835418014786e-17 -2.371673129262692e-18 1.819766113430748e-16 -9.268277524371107e-17 5.642613024636886e-17 -0.01476708098864754 -2.11158776460246e-17 -8.167718080444595e-17 2.937560299467929e-17 1.658059078364554e-15 2.355712933144584e-16 3.071202937664047e-16 -0.02253685792947214 7.452571838519911e-18 1.14163679169385e-17 1.580594416132352e-17 -2.104421399762563e-18 6.240674884758098e-17 -2.995685542688432e-17 1.097019868639827e-16 -0.007970609273157786 1.328889586890358e-17 -5.335439028061956e-19 5.077392890804975e-17 -1.608277339651321e-17 2.348257913359051e-17 -3.562500410283509e-16 -3.057441673972274e-16 -9.888461712704307e-16 -0.0388424683633462 -9.941685677660104e-18 6.122592393380486e-19 -5.460144777210571e-19 6.510289008278232e-17 -1.158650412849436e-17 -2.864993907075613e-17 2.185056706658553e-16 -1.895074092082622e-17 8.798549342256054e-17 -0.01890937663924407 -5.781382565294313e-18 -1.185025562989077e-18 2.462688069093913e-19 -5.834341981506867e-16 -1.660359078641671e-16 -2.973739431776253e-16 -1.078556168497164e-16 3.020727052636705e-16 -1.75000779027402e-16 3.372923595243555e-17 -1.02117858691558e-15 -6.038333433181361e-15 2.605833884314028e-15 -7.474420582737359e-16 -2.094815753822591e-15 3.69630749174391e-15 -9.455107897900065e-16 -6.75647418531971e-17 6.666867155318326e-16 1.220054160536586e-15 -2.031075789577915e-17 5.617562725706875e-15 2.476001802457252e-16 -8.687572886435742e-16 -7.049916206375544e-15 1.710261351439243e-15 -2.066005536388152e-14 2.605776731228215e-15 2.162937700045247e-14 -6.75848266241371e-14 1.89704343837833e-15 2.634377286289881e-16 8.142562265024418e-16 -6.67395797140077e-15 -1.045274977685305e-13 9.905568282581222e-15 -1.078238269269546e-15 5.028649891124801e-15 2.634059739597285e-15 -3.881531242726767e-15 0.5510071460998112 1.187040515919737e-14 -1.802914039028544e-14 2.818750749466793e-15 2.639048388445551e-15 -8.046005050262262e-17 -1.921587220758523e-15 1 6.599770142150819e-14 -3.903119608279906e-16 -1.574364779956135e-13 4.705697527128588e-16 -1.008091212957299e-14 2.051317568714827e-15 8.932203429490115e-15 -4.182765245279182e-14 -1.031438721188554e-13 1.235006224782199e-15 
5.796175704003948e-19 1.769841706600737e-19 -2.475254254792022e-17 -5.354319883511076e-17 8.505233772602921e-16 -2.395013696784251e-16 -2.146198681428693e-18 8.12244420612422e-17 9.968416225987573e-17 3.88097291018511e-17 2.915937759573142e-17 -7.539060900753208e-16 8.84237482990931e-17 2.913885034257344e-16 -6.309520979352207e-16 1.324251531980898e-16 -2.344639336818987e-16 -3.624465108350637e-15 -9.246556473903907e-18 4.473011065925e-16 -4.33215212202767e-16 4.697027968219986e-20 -7.608581049511456e-19 -5.98689321229674e-18 2.68288641784216e-19 -9.798083744616505e-20 8.445139754943251e-18 7.2103225046522e-17 -2.111586208383848e-16 1.367248240696521e-17 7.588683558072089e-18 4.117605831578468e-17 6.810035544409178e-16 -6.957706245279099e-16 1.222636474254855e-16 1.018572938706343e-16 5.163401512498014e-17 1.510063754268582e-16 1.259968038219445e-15 1.982060199528982e-18 8.692777724306995e-17 6.79579834717339e-19 1.390549091371568e-17 -1.605132813163627e-16 -1.298714493545926e-16 5.729571564788866e-18 8.456961455134675e-18 0.0001931048659803055 -5.889502175687634e-18 7.033192493772153e-18 -1.082019019111223e-15 -9.998972226068637e-16 -5.441780375451623e-17 3.939553334543371e-17 0.001644395989567677 1.179553194659745e-17 4.683471875225253e-16 -8.897350180034037e-16 -3.025016384407042e-15 4.564224215321558e-16 7.408104480317243e-16 0.004485596174409832 2.517636070483981e-18 4.497990562301644e-18 -7.142006448961372e-17 -2.383085505157532e-16 5.739587885940694e-18 1.905680801602376e-17 3.605223559760019e-17 0.0008685030031486077 -1.506431702925832e-18 1.337454437963215e-17 7.708047394377019e-17 -1.065231811288446e-15 -7.183712428258106e-16 9.181891475356847e-16 4.490480062946924e-16 4.719335796279233e-16 0.008185868898654159 2.080833972378199e-18 -3.211893683836356e-18 7.388694868682004e-18 1.327633163142161e-17 -2.849360419069857e-16 -4.872727527215715e-16 4.854870582804739e-17 -5.221118557352791e-17 3.116488755811449e-17 0.002924881933354165 -1.082416664036563e-17 1.229901765581094e-19 8.275647493978623e-15 1.727025354170131e-14 -6.870446182479917e-15 -7.323887937255948e-15 -5.684363478432017e-15 1.847245993531619e-15 -1.296396676574283e-15 7.435183954396506e-17 2.378164828273657e-14 -1.079110171645555e-13 -4.462532253340702e-15 2.558825554936419e-14 -1.425731871134383e-13 -1.30104990101858e-14 7.49299014135691e-15 -1.787575791799459e-14 -1.289125193079925e-14 5.518102254557519e-14 4.807996817359761e-15 7.724725939554733e-15 -1.10226100835943e-16 -7.982857523085203e-14 6.313088471102214e-14 1.38522466150843e-14 -3.6845635621819e-14 7.536103209656547e-15 -1.080740054120214e-13 4.162424746959504e-14 -9.18197912993796e-15 -1.471038316337712e-14 1.369316604494814e-14 2.734904894622535e-14 -4.210445658372599e-15 -3.750814575431396e-15 -3.912063640550306e-15 3.468321250229681e-16 1.033906515987818e-15 1.168132029513207e-14 0.5510071460995317 -3.10100636288617e-14 -2.598044045871619e-14 -1.952691661751004e-14 2.657873890725749e-15 7.540793094663466e-16 6.599770142150819e-14 1 -1.56200861661079e-13 -2.841852851566211e-17 -1.960826580347244e-14 1.456183799881389e-15 -7.704269512108497e-15 -5.168905059140266e-16 -3.448602401609197e-15 -3.219646771415402e-15 -8.202296457497573e-14 
1.287592794526433e-19 -1.526041545820701e-21 5.864934922379215e-17 2.068742161876098e-16 1.179164508495478e-16 1.845852198775136e-16 1.947307397950657e-17 -1.505719041372336e-17 2.462030168466926e-17 -1.519463636579988e-16 1.96344259745811e-17 2.803346697786514e-16 -1.233238432238829e-16 3.613425121788537e-17 3.736134566984959e-16 -1.077898353397006e-16 -2.185961661014486e-17 2.951766392206481e-16 -2.50574560732852e-16 9.831435734141515e-17 3.559071131394155e-16 -8.560592075224311e-22 1.472584067565502e-20 -5.526269025545239e-21 -1.156831454744106e-20 1.335537917361211e-20 -7.392598052138567e-19 -2.507233353678953e-18 5.634642781590762e-18 -5.104539422695916e-18 3.264239549128033e-17 -1.016775385893553e-18 5.902439348107571e-17 2.08192949875023e-16 -2.489201161783311e-16 4.698002301270475e-16 -1.250875233108304e-17 9.721980188820329e-18 8.7951039235147e-16 9.431708090546753e-18 9.163545352341905e-16 -1.485113460910846e-18 -1.631207718646472e-18 -1.213815488818104e-17 -9.089664948348197e-18 1.68123534783804e-17 6.915503179674606e-17 -3.518198563482921e-18 -3.299646227504905e-17 -8.220830509808456e-18 -1.461279950960967e-16 3.186512149578667e-16 1.098167818970689e-16 7.893566162266987e-16 -5.214028412180843e-17 -6.398647295305342e-17 -4.607513004000855e-17 -9.906118188465674e-16 1.69666400073846e-16 -3.568219266845001e-16 1.920753442236857e-15 -1.083352327638195e-16 5.755585909309373e-06 -9.521505504717434e-18 -7.455913764878586e-19 2.323328804504757e-17 -5.314016255744852e-18 1.46123470691214e-18 1.097768387293646e-16 -1.657742167031445e-17 -2.060227784257001e-21 0.0001014659573900872 -1.161413510121136e-16 -4.18457372179053e-17 -2.060983303100731e-16 -2.037392613704524e-16 -4.093174890020712e-16 1.90924484491631e-15 -2.103874032034155e-16 -2.068571609498641e-21 -2.503686211517083e-19 3.499010711086816e-05 -3.273839802723315e-17 -2.93358689176813e-18 -1.272845885536603e-16 2.861575122987255e-17 1.180594230766614e-16 4.313457250863358e-16 -5.481669509771484e-17 2.370698177115088e-20 2.872010235795698e-19 -8.332784412771449e-16 -4.507283539640545e-16 -4.838519115423769e-16 2.912976501608396e-15 1.215554697194856e-15 5.042408967243558e-15 -7.614787041682574e-15 -1.101022391090174e-16 1.489826803024759e-14 -2.970500021197739e-14 1.715010640211716e-16 5.192353011717339e-15 -2.338066538118763e-14 4.249368384718157e-16 3.818583267403378e-15 -9.332589816368984e-15 4.944640887227098e-16 -8.232289168039324e-15 -7.495319018862793e-16 -2.845380734749257e-15 -1.577284760496424e-16 2.555436867297994e-14 -1.803994338026568e-14 -3.031743397721991e-15 -4.862998638787343e-15 -1.441277475295377e-15 8.721469924348318e-14 -1.479831099624797e-14 -5.225831413521369e-15 -2.526474127301954e-15 -6.22530059137437e-16 1.045076012474378e-13 -1.435725529438094e-13 4.152707015837282e-16 1.204301049157804e-14 2.097930892648134e-16 -2.200026410910045e-16 -2.60347045424365e-16 -2.0002999583134e-13 -1.115096345975699e-13 1.644865730675755e-16 1.350985273664882e-14 -1.680779335160921e-16 -7.41649373587321e-15 -3.903119608279906e-16 -1.56200861661079e-13 1 3.85749104497635e-15 7.806308806697703e-15 1.345746762557788e-15 1.789004468274849e-15 -3.104963179229805e-16 -1.624796233638534e-14 1.117455466694481e-14 4.458343658254462e-16 
1.284871310288924e-18 4.525747109247684e-20 5.308584756147431e-16 1.181356100750071e-15 1.239745503993232e-15 1.133678255379974e-15 -9.084991228351114e-18 7.417892005912701e-18 6.035049131293934e-16 1.364550613882895e-16 -1.017654416886807e-17 1.895197160260927e-15 2.062467844005663e-16 -5.580202484616602e-17 2.628346997744365e-15 3.590988403956353e-16 -7.715882582973679e-17 2.374948677713089e-15 3.935214051858749e-16 -7.296249156799714e-17 1.192559631165194e-15 -3.883331283144658e-21 1.300087216244251e-20 1.939206919420025e-19 -9.797345866481513e-20 2.280281488405604e-20 4.119560604332412e-18 1.231736494544673e-17 1.826704006547016e-16 -3.495371041048094e-17 1.771926840463522e-17 5.445236244309864e-17 1.077510359573618e-16 1.619620377424559e-15 3.566663932186957e-16 1.99337356512301e-16 7.640363641044055e-17 -5.408458742823362e-17 2.654532558830224e-15 1.064002978671411e-16 2.523833007974355e-16 -2.083182701280903e-05 1.021088520124504e-17 1.404098724111901e-17 1.762391696196117e-17 2.136721746178026e-17 4.167933165291432e-17 1.049710730579993e-19 -0.0001959865755274558 7.998851204079969e-17 7.368643914584627e-17 1.058470862846797e-15 -3.37968191807037e-16 3.992526445795506e-16 2.079109782193174e-18 -0.0003648962587709231 1.597750293898323e-16 -2.149436382509968e-17 1.399792561643727e-15 -6.412804652966386e-16 8.673339001387566e-16 4.861758538249224e-18 3.126929746512935e-19 -0.0001039268482886845 2.41638366305374e-17 3.105726615653753e-17 -5.879255048513002e-16 -1.5687971449914e-16 1.762002751431355e-16 -9.335773593012235e-19 -1.892562687920827e-20 6.350976270330724e-18 -0.0009320325517620887 2.619847445860974e-16 1.036464425003066e-16 -6.102925768710735e-15 -3.419146461390419e-16 1.603886830827392e-15 7.638126335340048e-18 -4.935369912491756e-18 -2.899966939976018e-21 2.851117902495681e-18 -0.0003949512128974279 9.26935198457056e-17 3.927539101971502e-17 -5.732972543268059e-16 -2.574096835257424e-16 3.536301777794053e-16 -3.213592118742369e-19 -8.290259463734192e-19 4.888547082538437e-19 2.719684259766506e-15 4.602405910796203e-15 4.408677014054385e-15 6.399097158316685e-15 4.213701258082459e-15 2.613239130705506e-16 5.371748950227421e-17 1.249958109395819e-15 5.19105363768359e-15 -7.296628135604043e-16 -2.413175875079425e-14 1.657937252070459e-14 -3.211236081272583e-15 -3.801166812825742e-14 1.050339933698138e-14 -3.485544527981905e-15 -2.032453398914964e-14 -3.98961307088177e-16 -1.333108906862742e-14 9.89668122525315e-16 1.543061343534613e-14 3.645555293284607e-15 -8.579757516325612e-16 -1.523714384334244e-14 1.960992394779915e-15 4.118086813917472e-14 2.10447118413523e-14 -8.51811910169111e-17 -1.498311825259155e-14 1.092972230638495e-15 3.646923047589282e-14 1.466692316046018e-14 -4.857225732737833e-15 -5.533908831107047e-14 -1.103714978402392e-15 1.166425983458733e-14 9.293520636767099e-15 -1.411899181538523e-13 -3.955716958311037e-16 -6.494804694062134e-15 -8.583197244830446e-14 -4.431325185349587e-15 1.992238164676443e-14 1.248909390582465e-14 -1.574364779956135e-13 -2.841852851566211e-17 3.85749104497635e-15 1 -5.014942576405365e-15 4.806763465917233e-15 -9.894668340463489e-16 -3.239665729050881e-14 1.648513088060427e-14 -6.562409732738579e-16 -6.343156845645214e-15 
2.676133324474244e-18 1.50181673655816e-18 1.292698562558573e-15 2.693009447634192e-15 3.053791827004008e-15 3.843989699885915e-15 1.536571547488731e-16 1.757776414107349e-17 1.400784214791864e-15 2.266239034025954e-16 1.779054720654278e-16 4.641621823116704e-15 4.640840576148493e-17 2.566639733472717e-16 7.168478770950469e-15 -3.256633893913505e-17 1.928500123146978e-16 8.230235127933088e-15 6.656812794691997e-17 3.582692971945456e-16 7.963338996525486e-15 4.916586415733199e-07 -8.56887779605243e-19 9.874565354163712e-19 -7.689548304057741e-21 2.325693609806876e-21 9.443453305954109e-05 7.238402281753317e-17 5.400959086361634e-16 2.413533137187873e-16 -1.301794952090129e-19 0.0004446339869348455 1.263617369273732e-16 3.351262664772474e-15 1.044126425389713e-15 7.410616285381079e-19 0.0002355675381774499 5.18993476452372e-16 9.365889956073351e-15 -9.685942487429725e-17 2.935838899733112e-18 3.457031676576322e-21 0.0002286432561604276 -6.853594400236413e-17 1.353951245398162e-16 1.768249523294906e-16 -2.278035153017958e-19 -2.645257586862056e-18 6.699095010057881e-19 0.001165099943420524 4.834800240073578e-16 7.351232665217339e-16 1.127004132379711e-15 2.015857114483761e-18 -7.678674711326741e-18 -2.319545901141807e-18 0.001053100919340604 1.652465974663113e-15 7.142757248947879e-15 6.159119090883472e-16 5.01688835740586e-18 7.843943051417633e-18 1.624513292417944e-20 -1.849989566429047e-20 0.0007135219067098417 3.257936950709773e-16 -1.759762193744971e-15 7.722916181353226e-16 -1.473620026945195e-18 -1.038428445668041e-17 6.774926879333316e-20 -4.376575057812725e-20 -1.693990120618853e-19 0.00284127089815995 3.411764139120928e-16 -5.438263484896765e-15 1.911477279262445e-15 -2.045604527339767e-18 -2.670038615455462e-17 1.056105010261847e-18 -1.903384160267898e-20 8.092009392155733e-20 -3.67633590931353e-21 0.001922650720514601 6.361694895738094e-16 -1.848211733447668e-15 1.621178972863697e-15 -9.870580874783058e-20 -4.065642736104908e-17 -7.840879134934955e-20 -5.650198630798682e-20 -4.714860639394691e-15 3.614182625299406e-14 3.430562909255647e-14 3.125386535190758e-14 2.732455806992033e-14 2.899841257008644e-16 1.676861206444452e-16 2.997964741425552e-15 2.554261263319151e-15 5.020833691873814e-16 2.22089171001246e-14 -3.272400044822188e-15 3.0124436264457e-15 2.908812580807145e-14 -1.15479987369669e-14 2.140445284702966e-14 2.061151589387497e-14 -1.081079670229246e-14 4.765215862946906e-15 7.341630732840772e-15 6.496469891973406e-15 -2.814421852135967e-16 -3.05588887528378e-14 4.589077104683805e-14 5.141433106862102e-14 4.183151460335313e-14 -7.469296387862288e-16 -3.996802888651831e-14 5.858742702913687e-14 9.288535373704559e-14 1.309822656339751e-14 -1.068922714255657e-15 6.404062219122075e-15 -2.423061751245878e-14 -1.921576923131066e-13 7.426327144283579e-15 -2.771313870603697e-13 -1.683662097875431e-15 -7.892454961562575e-15 1.443298797137192e-14 -5.292988269905457e-14 -1.292474248467832e-13 -1.217937200781751e-15 -1.963906230175832e-13 4.705697527128588e-16 -1.960826580347244e-14 7.806308806697703e-15 -5.014942576405365e-15 1 1.411604664298754e-14 -4.580349769530728e-14 2.56137938422576e-14 -4.200929681404976e-16 1.191612035273137e-15 -4.47141926381375e-16 
-2.19431393286838e-19 -1.245954837699491e-18 -4.17284482716644e-16 4.173818511765284e-16 1.986712951202156e-16 5.474076738901413e-16 3.320229288414624e-17 -0.0003231375247927524 -6.872687666312204e-16 4.052561063788709e-17 -0.0002752516475824499 -1.182712783434088e-15 1.559817852494463e-16 -0.0001665260988887184 -2.415242917722808e-16 1.396917670828231e-16 -3.823157003521807e-05 1.606152641711224e-15 1.365470975498485e-16 -2.561006125344644e-06 1.314687814736008e-15 1.895863947046405e-22 -6.559568617926396e-06 -4.304990744373888e-18 8.576943580639008e-19 3.379023687091296e-21 -3.100957639793482e-18 -0.0005881981500598598 -6.756541329740746e-16 4.988318351801984e-17 -6.286709561370011e-19 -5.776142615882754e-17 -0.001043528302055614 -2.041036496158717e-15 1.707009641936728e-16 2.976464870667669e-18 -1.038210705362215e-16 -9.179070586750801e-05 2.808702555562066e-15 1.979114496888945e-16 -1.117069274211438e-17 -3.327315561903763e-20 -3.985784209529814e-18 -0.001004512974607929 -5.813530523313774e-16 5.866764810290052e-17 -1.552842068889082e-18 -2.021087890669744e-19 -1.229422291674701e-18 -1.031023210028071e-16 -0.002440508915896806 -2.767126902182812e-15 2.06468041166714e-16 6.2220084635553e-18 -9.383899380508086e-18 -3.529180905380792e-18 -2.438634792825763e-16 -0.0007205906531502 2.645920090089263e-15 4.342079254524103e-16 -1.87738466358871e-17 -3.12556572788018e-17 1.005639934545449e-19 -3.444715946816585e-19 -1.172383216886602e-17 -0.002231215712128011 2.199006734094133e-15 7.573653722381476e-17 2.902554852130427e-20 -3.710544070956317e-18 2.006238518026147e-20 6.750990115871929e-19 -7.890096277341951e-18 -3.679459697601234e-16 -0.003301875696962873 1.411809649363438e-14 3.758242155162628e-16 -2.198978635020273e-17 -5.178921014758393e-17 3.316280833681152e-19 1.980971660359734e-21 3.750162603154619e-19 -1.571843092933034e-18 -2.313401487531011e-18 -0.004481330756042616 6.712055355637178e-16 1.804113147636178e-16 -1.763327540149961e-17 -1.458968064516808e-17 6.878257742781693e-20 -4.726732518115367e-21 5.760217170356293e-15 5.882214365225535e-15 2.834081800626558e-15 6.840511720704235e-15 5.016097110254752e-15 4.051517393011016e-16 -1.276756478319672e-15 2.889086338584608e-15 7.200799043535013e-15 -3.913536161807123e-15 2.559488530180339e-14 1.150414203384514e-14 -1.124100812433853e-15 3.299568140245929e-14 6.586926534427784e-15 -6.744604874601013e-15 1.133042054937411e-14 3.841854918848143e-16 4.751754545398798e-14 1.749536348155652e-14 -1.128024779857298e-14 3.386993712882616e-16 -1.498808101237886e-16 1.836863994244739e-13 4.703074301991839e-14 -2.290650191826144e-14 -1.936386288767461e-15 9.452366852930926e-16 1.409428129762372e-13 2.357469462607073e-14 7.528981095369151e-15 -1.517756975674524e-15 -1.212959438185384e-16 4.962604964296566e-14 -3.791411629097556e-14 -2.094884842653589e-13 8.983046736881767e-15 -2.246744531654644e-14 -7.237406269627758e-16 8.557788457858938e-17 5.34287121839773e-14 -5.612177389486692e-14 -1.690585016264061e-13 2.076484930993949e-14 -1.008091212957299e-14 1.456183799881389e-15 1.345746762557788e-15 4.806763465917233e-15 1.411604664298754e-14 1 1.642128067124069e-15 3.149512768785715e-14 -2.557218218919378e-16 1.870101544786658e-14 -6.63764979947951e-16 
2.178609438489084e-06 7.341221521309929e-06 0.0002275173783670389 3.896643049045477e-05 9.222755096188759e-05 2.446011502992717e-06 4.348189083497532e-17 7.562781070178211e-17 0.0008009266446106173 8.123556192587755e-17 1.508737400000137e-16 9.504553231736281e-05 1.478081584457058e-17 1.084199135533093e-16 0.0001496754804168102 -1.134506509126776e-16 1.696406001336187e-16 -2.067222615572617e-05 -7.42154579929091e-17 2.817950713581906e-16 -2.393229406766e-06 1.096875892429865e-22 1.073979919778108e-18 3.162648589185704e-05 1.390942852193297e-18 -1.488138435421248e-21 3.655127411124241e-18 1.005130451077134e-16 0.001228536986392937 9.921980381467364e-17 5.674609907954057e-19 -7.791172765072347e-18 8.738460423805648e-16 0.0006822921472740447 6.860614843516522e-16 1.1793393269887e-18 -1.95499698286365e-17 3.990591515543231e-16 4.115873531601775e-05 -1.984863788366141e-16 4.363240601251398e-18 -1.442327628455487e-19 5.647700069460962e-18 1.177196382724124e-16 0.001751025590138657 1.165101033738071e-16 1.16484711731879e-18 -1.236503231331356e-19 -6.723151364353829e-19 -6.978247808235795e-17 4.304445971111016e-16 0.002101306676455206 4.71210315253296e-16 1.251013172787982e-17 -6.035168517167833e-19 3.060871649593384e-18 -8.072001251373401e-17 9.227757931670824e-16 0.0005187731915424702 3.531364528240095e-16 1.162648726829508e-17 1.797637157838651e-18 -1.926387728688189e-21 -6.626021517656815e-19 3.458136827365162e-17 2.966924435250314e-16 0.003064520843925705 2.271550513520385e-16 1.211029989833436e-18 -7.377473115936845e-19 5.253006200367521e-20 1.301243409461096e-20 -1.812433342805851e-18 -1.446340305426972e-16 9.473462531688645e-16 0.00262938127127446 9.045065445380452e-16 3.356948729098465e-17 -1.666246278317186e-18 1.349383388157796e-19 4.270897525587503e-20 1.135127745230077e-19 -7.769376881849449e-19 5.877630899948454e-17 2.278520639215577e-16 0.005156961346529133 1.100069996460154e-16 4.80490525425015e-18 -1.322253213609636e-18 2.852806826381048e-19 2.76005317340124e-21 -3.04747546642487e-15 9.641593079482734e-15 1.877339592710717e-11 1.539393612582272e-14 1.812439111493436e-14 -4.714153389829111e-16 -2.336498025567485e-16 6.245004513518738e-16 5.680482294452016e-15 -1.742440943368869e-15 2.227384943155872e-15 1.106657865794477e-15 8.464824290723662e-15 9.698730533977156e-15 1.736936281260323e-15 7.519644034533817e-15 2.89351875793011e-15 1.023852093216855e-15 -3.954572028261162e-15 4.320155344574631e-14 -6.056883578877236e-16 -1.528325472596625e-15 6.817870196750925e-15 -2.360172604401491e-14 1.037780972269471e-13 -9.845395843856359e-15 -3.079734430213934e-16 -3.338026015582716e-15 -1.266739663806594e-14 7.792377854091214e-14 -1.907582936472269e-14 -1.3089735361765e-15 2.458157130161034e-15 3.725466535022023e-15 1.00900390929086e-13 -1.934563620410589e-14 5.634878893754664e-14 7.890293904939298e-16 -1.73781320606277e-15 2.481716431383302e-15 -2.938062126507851e-15 5.883147350825652e-14 -3.122502256760913e-14 1.026343937279484e-13 2.051317568714827e-15 -7.704269512108497e-15 1.789004468274849e-15 -9.894668340463489e-16 -4.580349769530728e-14 1.642128067124069e-15 1 3.673489255649802e-15 2.443442633289584e-15 1.466515789818734e-15 -3.200542383513489e-16 
3.532505766966155e-19 -1.644077305635142e-19 2.930684435213115e-16 1.599709504070791e-15 1.833982325646194e-15 1.378331194686017e-15 -0.0003231375247927487 3.319535780320328e-17 9.543135083829104e-17 -0.0002752516475824402 4.034264938773372e-17 2.941635661274543e-15 -0.0001665260988886034 1.553651354634079e-16 5.430752929245031e-15 -3.823157003499668e-05 1.399560370955143e-16 2.937098407070592e-15 -2.561006125191669e-06 1.364505277824023e-16 1.725357457916693e-15 -9.696170906000629e-21 8.580119974891167e-19 2.417266359438127e-19 -6.559568617926246e-06 6.853146347010726e-23 -1.085206810807436e-18 4.983574967292958e-17 3.786805040607965e-17 -0.0005881981500598359 1.009527249589588e-18 -3.816026551241351e-17 1.718766457190428e-16 9.972692315068057e-16 -0.001043528302055374 1.191658173673774e-17 -5.055523031134325e-17 1.972067188278706e-16 1.057113820830073e-14 -9.179070586725196e-05 1.945105392308158e-17 -1.873054929186177e-19 -5.0995719924337e-18 5.846786744133157e-17 5.484531120918935e-17 -0.001004512974607767 1.062078947281635e-18 -6.595753314549263e-20 -3.991417834013027e-18 -5.63423335037576e-17 2.093581174214328e-16 1.155730445475089e-15 -0.002440508915896678 9.957596715942805e-18 2.254958764515935e-19 2.294169246451184e-18 -1.819544315113322e-16 4.316329414518425e-16 4.422179504966599e-15 -0.0007205906531497434 2.926770580221667e-17 5.518241416545558e-19 8.549248473044749e-21 -1.932998321669972e-18 1.025020017961279e-17 7.665932668010692e-17 -9.51674444623078e-16 -0.002231215712127996 7.537082655855563e-18 -7.900948676835052e-20 6.934823923396117e-21 -7.468232639001448e-19 -2.223548169721394e-18 -2.485015577738259e-16 3.781688015297524e-16 1.60551684678391e-16 -0.003301875696962553 6.397834332399536e-17 7.612492921080642e-18 4.241820671770652e-19 -5.016559195261674e-20 2.577130602936039e-20 -1.376157699069637e-17 -2.031542147631692e-17 1.811119168896611e-16 -6.249533615583581e-16 -0.004481330756042554 4.654935317917377e-18 -3.233780547577965e-19 -5.487389257814392e-20 6.285947860617874e-21 7.147997630400469e-15 7.004661311171409e-15 1.923659502716987e-14 3.436911770305181e-14 1.101677852285134e-14 -6.418476861117962e-16 4.103559097290361e-16 4.884018335959075e-15 -2.386979502946204e-15 7.219881001735256e-15 2.204997784676049e-14 -5.037636974240608e-15 1.150327463405695e-14 2.898525509070176e-14 -4.999473057767599e-15 6.592564054852425e-15 1.33465671666557e-14 -3.582761558335741e-16 -1.128718669247715e-14 5.456382558276807e-15 5.39013278455877e-14 7.50706971625715e-16 8.05958161714658e-16 -2.287527688907597e-14 3.70109015009316e-14 1.780520175744987e-13 1.593507074270736e-15 1.95333247156847e-15 7.542858631714217e-15 3.822273566667766e-14 1.422889583935945e-13 5.684064745773168e-16 -9.244676847968714e-17 5.806374463016905e-14 8.976107842963309e-15 -1.424795858356374e-13 -3.699818229565955e-14 1.574435771772388e-15 -1.188617652178976e-16 -1.245795588073952e-15 7.451360501153814e-14 2.077178821707861e-14 -1.243407628168785e-13 -5.534461777762812e-14 8.932203429490115e-15 -5.168905059140266e-16 -3.104963179229805e-16 -3.239665729050881e-14 2.56137938422576e-14 3.149512768785715e-14 3.673489255649802e-15 1 7.032804780758784e-16 1.19715525338819e-15 1.151529663870182e-16 
-1.534202297592077e-19 -6.245473469357487e-21 -7.328177072311522e-17 -1.880600989395162e-17 -3.685084051778539e-17 -1.876476127038899e-16 -1.256035577703564e-18 -2.325480624242069e-17 -1.964654492202595e-17 -5.323886738463358e-17 9.582003877353045e-18 -3.212230133358026e-16 -7.108959731046301e-17 -2.380081200704223e-17 -1.990841800883393e-16 -8.141820930974403e-17 -2.958964936784144e-17 8.230421111189458e-17 -6.651759557581603e-17 3.337787226170215e-19 1.390937143064471e-16 2.276845344835299e-21 -3.944737191328078e-19 -3.614743875771079e-20 9.723896263949711e-21 4.916586415732506e-07 -1.314974645323211e-19 -2.764778763071361e-17 -2.641578599106482e-17 -2.348291828133856e-17 9.443453305951604e-05 2.502163317981888e-19 -1.036933583078645e-16 -3.719056227940362e-16 6.636199626347528e-18 0.0004446339895807544 2.251013747770061e-18 -1.992449745663931e-17 5.029598373421286e-16 -7.850112578348737e-17 0.0002355680054203434 -1.044744035369983e-19 -3.297919414727441e-19 -7.980138106751508e-17 1.140671255858079e-16 -4.22993338203393e-18 0.0002286432561603516 -3.853858529989119e-19 -1.916775506128758e-18 1.670922158513329e-18 -1.417143460852882e-16 6.134275168958961e-16 6.960859541724798e-17 0.001165099943446057 -2.154971302326977e-18 -1.257032926295053e-17 7.416923493642924e-18 5.555898425484741e-17 1.115661562309748e-15 -4.42039524753313e-16 0.001053100993256922 -5.381851238490824e-18 6.494089921318701e-19 1.464901061159319e-18 -1.390296644601468e-18 -1.014522587761533e-16 5.332102721665407e-17 -1.075394734644234e-16 0.0007135219067097043 -3.602239145442219e-18 -1.349191190450297e-21 -8.425582589175329e-19 -1.782721948155586e-17 -1.826643148957575e-19 -4.759494186597015e-16 6.912077899322805e-16 -1.271725049074931e-17 0.002841270903465603 -1.826942695247985e-17 4.203963543320924e-20 7.605489770296889e-21 4.775581122525309e-18 1.068645294311438e-17 -1.789893543443367e-19 -3.409703600228772e-16 1.042508933136415e-16 -1.864509048665634e-16 0.001922650720514021 -1.017808534760468e-18 -2.792023128101195e-20 -4.804484322825958e-21 7.766162082395415e-15 5.50830848207126e-15 3.227632574813947e-15 2.616368066429324e-16 4.000796385568744e-16 -8.138934996942233e-17 6.837720770026348e-16 -1.993403323412342e-16 -2.793544954458487e-16 4.765781853231418e-15 -1.027517463325749e-15 4.104126161698013e-15 5.158385954179646e-15 1.776256833634165e-15 -8.578110660266203e-16 3.647515710059376e-16 1.135056788443231e-15 -2.997064340195314e-16 2.389545159197487e-15 -3.37842036489981e-15 -2.916901095895219e-15 -1.146999162316472e-14 -8.01946450161493e-16 1.219255236488993e-14 -7.052906463874561e-15 -1.135983962388079e-14 -4.525546604132369e-14 -1.054546436423018e-15 7.275962926305163e-15 -3.708078211354672e-15 -7.229078887769365e-15 -4.359013150436245e-14 -7.96170778853113e-15 -1.743791531966228e-15 5.277578250641571e-14 3.824310523918268e-16 -1.412614346084406e-14 -3.236300116784476e-14 2.0077480268762e-15 -3.432655239096182e-15 3.480661227116293e-16 2.225528953896214e-14 5.806551061302288e-16 1.951289786161348e-15 -4.182765245279182e-14 -3.448602401609197e-15 -1.624796233638534e-14 1.648513088060427e-14 -4.200929681404976e-16 -2.557218218919378e-16 2.443442633289584e-15 7.032804780758784e-16 1 1.647819198704151e-14 3.757716346447642e-16 
-1.01963817070676e-18 2.140997424953658e-20 -6.497898251676004e-16 -1.553240486749099e-15 -1.696791398152401e-15 -1.810841137505861e-15 -2.31075443521013e-17 1.003183073324447e-16 -3.161482936709166e-16 -4.502825738676498e-17 7.98270387862349e-16 -3.246941173533425e-15 1.392529376384176e-18 7.806142280041665e-16 -4.219139568088495e-15 7.345992595645188e-18 8.618207561860147e-16 -4.527595684593571e-15 5.873240644416733e-17 4.035320199340766e-16 -2.558085667802682e-15 5.506162516174134e-21 3.505941862958287e-20 9.620212390264577e-20 -1.967438662201837e-20 8.787155351116193e-21 -2.606124608268864e-18 9.279486541211024e-17 -1.583540410714066e-16 -2.272440217993305e-17 9.018213967752618e-18 -4.61226081365569e-17 1.593477569669227e-15 -2.32690798512831e-15 -9.474577938298321e-17 1.343545070939305e-16 -7.224791222962359e-17 2.007119218524814e-15 -2.844365925827744e-15 7.490258909672973e-17 2.174085163800335e-16 1.012657175040621e-19 -7.073754041996463e-18 1.703622781463709e-16 1.165730527781769e-17 -2.408918744240094e-17 2.105539199934869e-17 -2.083182701280872e-05 2.060739755161146e-18 -4.060208455508597e-17 2.139852799972074e-15 -1.260912959836112e-15 -9.860539872240664e-17 2.747764243578428e-16 -0.0001959865755274562 4.830841829127989e-18 -2.788824009085873e-16 4.549452265579018e-15 -3.392434834512965e-15 -1.586584461315323e-17 5.745500601127702e-16 -0.0003648962587709258 9.154228532490198e-19 -9.32761759217196e-19 -2.02755579361193e-17 4.861486856848473e-16 2.85993774286026e-16 -6.295364939315853e-17 7.19457699390516e-17 -0.0001039268482886825 3.168493333758235e-19 1.033677539390852e-17 7.583916226637251e-18 -2.403309244934676e-16 6.441901453876091e-15 5.236842868092886e-15 -5.395751371198054e-16 9.73683599976689e-16 -0.0009320325517620802 6.963611330861699e-18 -1.636740431661279e-19 5.992127551792196e-18 -3.112808432909019e-19 -3.249508420395889e-17 3.231153962193464e-16 3.771329992990305e-16 -2.505213158880854e-16 2.49144560035667e-16 -0.0003949512128974118 2.579512547568751e-18 3.428846353293104e-20 -5.122278157974591e-15 -1.811605551892656e-14 -1.312276056333124e-14 -9.048819483431074e-15 -7.393977462407158e-15 -1.343787142924216e-16 -6.102721667348849e-18 -5.219439103301399e-15 1.797281074571537e-16 6.301489377942882e-15 -2.600034639569087e-17 7.403236391813107e-17 2.605746202406087e-14 1.465724473597923e-14 1.427974526578207e-15 1.58524652400574e-14 1.3280768673484e-14 -2.474608130868735e-15 -7.83252461056356e-15 1.726343995813308e-18 1.879420476421407e-14 1.191788936514011e-15 -6.94658758069912e-15 -4.682915960495546e-14 -3.849160697514763e-16 1.701277678367732e-14 1.85882350804293e-14 -7.866453690564119e-15 -4.096379794632262e-14 6.6800531166728e-16 1.113669410372541e-14 1.152278826029503e-14 -3.908012062721688e-16 8.911415438835203e-14 3.585066448886525e-15 -1.518512744922791e-15 4.08584039794071e-16 -1.182742210361302e-13 -6.501743587964731e-15 -2.494908150554462e-17 1.14448730016523e-13 2.887782969800645e-15 6.703193956416368e-15 2.913153557945999e-15 -1.031438721188554e-13 -3.219646771415402e-15 1.117455466694481e-14 -6.562409732738579e-16 1.191612035273137e-15 1.870101544786658e-14 1.466515789818734e-15 1.19715525338819e-15 1.647819198704151e-14 1 -4.066521997825424e-16 
2.861726843796764e-19 -2.603934484254844e-21 2.155913352021044e-16 8.14797242504797e-16 9.805770077515441e-16 1.240276175467947e-15 8.379257747236967e-18 3.263831744448788e-18 9.324373578493399e-17 -5.187702317819209e-17 1.2299053486537e-16 9.862982479324464e-16 4.889134164514408e-17 2.442034963187673e-16 1.918658852439349e-15 9.268953914815444e-17 2.474921018569038e-16 1.957576506257531e-15 -1.104974180017929e-16 2.803571132727557e-16 2.204571887495497e-15 5.236955186234456e-22 -1.792984467624304e-21 -1.650499380383844e-20 3.424302662219152e-22 -2.839472726070592e-22 -8.16921813943455e-18 6.045505010546143e-18 2.470232554032227e-17 -1.585034796362614e-18 -5.283641919309678e-19 -1.731655191481292e-16 2.289960003767665e-16 6.229630952048553e-16 2.046248677421753e-16 -4.768885063899479e-18 -3.596698453839069e-16 5.36927659564594e-16 2.025474621815151e-15 2.229668079620786e-16 -1.681999918697011e-17 8.197554919466643e-19 -1.456876814413527e-17 4.250929854784375e-18 7.332568474371729e-18 9.824007418072511e-18 -1.02946733667718e-18 -1.119726152759898e-18 1.760719012654769e-17 -2.360258921828464e-16 1.596998293488702e-16 4.609027225171125e-16 1.077809216913916e-16 -1.744824304157056e-17 -1.973132583500753e-17 6.222816801069997e-17 -7.627652939636019e-16 7.980650021152606e-16 1.292427902756494e-15 8.368405709113796e-16 -3.675762549804737e-17 -7.967755836654037e-17 -2.993264714803266e-22 7.891336738587006e-18 -2.779079511431432e-17 1.158357868955513e-18 -1.3928039538731e-17 2.577458580274787e-17 -9.897104007974612e-19 -7.410374975869156e-18 5.755585909309281e-06 3.275541961143871e-20 1.49891318395098e-16 -6.751840935153342e-16 8.489737810210983e-16 -1.179282960120878e-15 1.986821692575647e-17 -3.767806042173721e-17 -1.749569970668384e-16 0.0001014659576008653 -2.286866339465015e-19 2.377340460450747e-20 3.369747223816856e-17 -1.314434284167228e-16 1.521897179322944e-17 -4.124445433365807e-17 -3.817644650258627e-17 -6.731727218084374e-18 -4.353241284166145e-17 3.499010711087267e-05 -2.704796539331385e-19 -1.838636508693853e-15 5.225244048163854e-16 1.864780014478216e-11 5.62923099957627e-15 3.4031816094216e-15 2.330353285763068e-16 1.922479811325924e-15 -6.879416807185135e-17 -8.652821275163165e-15 4.842133129466851e-15 -3.953641596339568e-16 -1.79177159990106e-15 2.220005571256868e-15 1.337227806851517e-16 3.69392279588222e-15 4.759303701254094e-15 -7.522550194540703e-17 -1.275419981770085e-14 4.937116282464792e-16 -1.830211530036526e-15 2.195168988246743e-16 2.063570877775041e-15 -3.718605017943408e-14 1.549267205336996e-15 2.246241363698605e-15 -5.96018204885055e-16 -1.855563449223063e-16 -3.209465832105443e-14 2.683478656479472e-16 -1.14550079686556e-15 -7.374701572123327e-16 1.493428139599117e-15 1.642212025866175e-13 9.549718838832172e-16 -3.475346262222181e-16 -2.141473025234886e-16 2.822784147145401e-16 3.793193707166075e-16 -7.080894548902705e-14 1.196140477800048e-13 2.141085499961768e-15 7.465533767016013e-16 -1.06660293725627e-17 -2.036075263408515e-16 1.235006224782199e-15 -8.202296457497573e-14 4.458343658254462e-16 -6.343156845645214e-15 -4.47141926381375e-16 -6.63764979947951e-16 -3.200542383513489e-16 1.151529663870182e-16 3.757716346447642e-16 -4.066521997825424e-16 1 
